ciudad,distrito,room_id,fecha_entrada,titulo,precio,viajeros,dormitorios,camas,baños,nota,reseñas,url
Barcelona,Les-Corts,13571420,2026-06-01,Apartamento en Barcelona,120.0,4.0,1.0,1.0,1.0,4.66,760.0,https://www.airbnb.es/rooms/13571420
Barcelona,Les-Corts,1414473753453618431,2026-06-01,Habitación de hotel compartida en Barcelona,96.0,,,4.0,,4.96,295.0,https://www.airbnb.es/rooms/1414473753453618431
Barcelona,Les-Corts,5256656,2026-06-01,Apartamento en Barcelona,190.0,6.0,2.0,3.0,1.0,4.66,700.0,https://www.airbnb.es/rooms/5256656
Barcelona,Les-Corts,1135216684465108261,2026-06-01,Apartamento en Barcelona,317.0,5.0,2.0,4.0,2.0,4.89,91.0,https://www.airbnb.es/rooms/1135216684465108261
Barcelona,Les-Corts,1681696951293486968,2026-06-01,Alojamiento en Barcelona,119.0,2.0,1.0,1.0,1.0,,,https://www.airbnb.es/rooms/1681696951293486968
Barcelona,Les-Corts,20030829,2026-06-01,Habitación en L'Hospitalet de Llobregat,46.0,,,1.0,,4.78,697.0,https://www.airbnb.es/rooms/20030829
Barcelona,Les-Corts,1623845411548133787,2026-06-01,Tres Torres Atiram Hotels,162.0,,,,,4.69,477.0,https://www.airbnb.es/rooms/1623845411548133787
Barcelona,Les-Corts,1629047930699126683,2026-06-01,Hotel Ronda Lesseps,165.0,,,,,4.78,596.0,https://www.airbnb.es/rooms/1629047930699126683
Barcelona,Les-Corts,1644128350843386600,2026-06-01,Sercotel Porta Barcelona,117.0,,,,,4.63,48.0,https://www.airbnb.es/rooms/1644128350843386600
Barcelona,Les-Corts,1600016322754075561,2026-06-01,chic&basic Velvet,156.0,,,,,5.0,3.0,https://www.airbnb.es/rooms/1600016322754075561
Barcelona,Les-Corts,1633928135410732873,2026-06-01,Sercotel Cornellà Barcelona,126.0,,,,,4.57,30.0,https://www.airbnb.es/rooms/1633928135410732873
Barcelona,Les-Corts,1644127533941365878,2026-06-01,Sercotel Sant Boi,112.0,,,,,4.58,65.0,https://www.airbnb.es/rooms/1644127533941365878
Barcelona,Les-Corts,1486820500847214284,2026-06-01,chic&basic Tallers Hostal,152.0,,,,,4.38,56.0,https://www.airbnb.es/rooms/1486820500847214284
Barcelona,Les-Corts,1627488784530128890,2026-06-01,Arenas Atiram Hotel,220.0,,,,,4.77,288.0,https://www.airbnb.es/rooms/1627488784530128890
Barcelona,Les-Corts,1395546731678953844,2026-06-01,chic&basic Born Boutique Hotel,164.0,,,,,4.58,111.0,https://www.airbnb.es/rooms/1395546731678953844
Barcelona,Les-Corts,1644124202990432706,2026-06-01,Sercotel Barcelona El Prat,161.0,,,,,4.71,41.0,https://www.airbnb.es/rooms/1644124202990432706
Barcelona,Les-Corts,52219850,2026-06-01,Habitación en L'Hospitalet de Llobregat,88.0,,,2.0,,4.89,193.0,https://www.airbnb.es/rooms/52219850
Barcelona,Les-Corts,22094381,2026-06-01,Apartamento en Barcelona,160.0,5.0,2.0,3.0,1.0,4.59,263.0,https://www.airbnb.es/rooms/22094381
Barcelona,Les-Corts,18580775,2026-06-01,Apartamento en Barcelona,269.0,7.0,3.0,5.0,2.0,4.68,187.0,https://www.airbnb.es/rooms/18580775
Barcelona,Les-Corts,585383336483878796,2026-06-01,Hotel en Barcelona,120.0,1.0,1.0,1.0,1.0,4.68,115.0,https://www.airbnb.es/rooms/585383336483878796
Barcelona,Les-Corts,1259116019707310328,2026-06-01,Apartamento en Barcelona,270.0,9.0,5.0,8.0,2.0,4.81,146.0,https://www.airbnb.es/rooms/1259116019707310328
Barcelona,Les-Corts,842389,2026-06-01,Apartamento en Barcelona,251.0,7.0,4.0,7.0,1.0,4.58,333.0,https://www.airbnb.es/rooms/842389
Barcelona,Les-Corts,1625561930981954879,2026-06-01,Alojamiento en L'Hospitalet de Llobregat,70.0,1.0,1.0,1.0,1.0,,,https://www.airbnb.es/rooms/1625561930981954879
Barcelona,Les-Corts,1680675123505072019,2026-06-01,Alojamiento en Barcelona,92.0,2.0,1.0,1.0,1.0,,,https://www.airbnb.es/rooms/1680675123505072019
Barcelona,Les-Corts,17220286,2026-06-01,Apartamento en L'Hospitalet de Llobregat,150.0,2.0,1.0,2.0,1.0,4.6,272.0,https://www.airbnb.es/rooms/17220286
Barcelona,Les-Corts,1425279784893662580,2026-06-01,Apartamento en Barcelona,180.0,2.0,1.0,3.0,0.0,4.66,87.0,https://www.airbnb.es/rooms/1425279784893662580
Barcelona,Les-Corts,1321567328957236283,2026-06-01,Habitación de hotel compartida en L'Hospitalet de Llobregat,36.0,,,1.0,,4.46,394.0,https://www.airbnb.es/rooms/1321567328957236283
Barcelona,Les-Corts,1689843380550258164,2026-06-01,Alojamiento en Barcelona,108.0,2.0,1.0,1.0,1.0,,,https://www.airbnb.es/rooms/1689843380550258164
Barcelona,Les-Corts,1690721429631322509,2026-06-01,Alojamiento en Barcelona,104.0,2.0,1.0,1.0,1.0,,,https://www.airbnb.es/rooms/1690721429631322509
Barcelona,Les-Corts,5248745,2026-06-01,Apartamento en Barcelona,150.0,4.0,1.0,1.0,1.0,4.75,549.0,https://www.airbnb.es/rooms/5248745
Barcelona,Les-Corts,1381830149578594250,2026-06-01,Habitación compartida en Barcelona,44.0,,,,,4.72,612.0,https://www.airbnb.es/rooms/1381830149578594250
Barcelona,Les-Corts,1690527090152157222,2026-06-01,Alojamiento en Barcelona,134.0,2.0,1.0,1.0,1.0,,,https://www.airbnb.es/rooms/1690527090152157222
Barcelona,Les-Corts,1659262466106730557,2026-06-01,Habitación compartida en L'Hospitalet de Llobregat,37.0,,,1.0,,4.47,47.0,https://www.airbnb.es/rooms/1659262466106730557
Barcelona,Les-Corts,1681707149199550963,2026-06-01,Alojamiento en Barcelona,119.0,2.0,1.0,1.0,1.0,,,https://www.airbnb.es/rooms/1681707149199550963
Barcelona,Les-Corts,1691373404448885892,2026-06-01,Apartamento en Barcelona,333.0,4.0,3.0,3.0,2.0,,,https://www.airbnb.es/rooms/1691373404448885892
Barcelona,Les-Corts,12236695,2026-06-01,Apartamento en Barcelona,394.0,4.0,1.0,4.0,1.0,4.85,506.0,https://www.airbnb.es/rooms/12236695
Barcelona,Les-Corts,1322489,2026-06-01,Apartamento en Hospitalet de Llobregat,340.0,2.0,1.0,1.0,1.0,4.85,501.0,https://www.airbnb.es/rooms/1322489
Barcelona,Les-Corts,24974193,2026-06-01,Apartamento en Barcelona,587.0,4.0,3.0,3.0,1.0,4.87,39.0,https://www.airbnb.es/rooms/24974193
Barcelona,Les-Corts,875171,2026-06-01,Apartamento en Barcelona,519.0,6.0,3.0,3.0,1.0,4.61,267.0,https://www.airbnb.es/rooms/875171
Barcelona,Les-Corts,38306095,2026-06-01,Apartamento en Barcelona,380.0,4.0,2.0,3.0,2.0,4.85,291.0,https://www.airbnb.es/rooms/38306095
Barcelona,Les-Corts,1603501294071391010,2026-06-01,Alojamiento en Barcelona,235.0,2.0,1.0,1.0,2.0,5.0,6.0,https://www.airbnb.es/rooms/1603501294071391010
Barcelona,Les-Corts,769312972900388299,2026-06-01,Habitaciones en Barcelona,131.0,,2.0,1.0,,4.87,131.0,https://www.airbnb.es/rooms/769312972900388299
Barcelona,Les-Corts,846093318788581404,2026-06-01,Apartamento en Barcelona,323.0,5.0,3.0,4.0,1.0,4.73,2670.0,https://www.airbnb.es/rooms/846093318788581404
Barcelona,Les-Corts,1064956,2026-06-01,Apartamento en Barcelona,194.0,2.0,1.0,1.0,1.0,4.43,188.0,https://www.airbnb.es/rooms/1064956
Barcelona,Les-Corts,20486545,2026-06-01,Apartamento en Barcelona,291.0,8.0,4.0,7.0,2.0,4.71,393.0,https://www.airbnb.es/rooms/20486545
Barcelona,Les-Corts,1086039450004234057,2026-06-01,Hostal en Barcelona,124.0,2.0,1.0,1.0,1.0,4.75,8.0,https://www.airbnb.es/rooms/1086039450004234057
Barcelona,Les-Corts,33385782,2026-06-01,Hotel boutique en Barcelona,160.0,3.0,1.0,2.0,1.0,4.77,372.0,https://www.airbnb.es/rooms/33385782
Barcelona,Les-Corts,23211786,2026-06-01,Apartamento en L'Hospitalet de Llobregat,159.0,4.0,1.0,1.0,1.0,4.67,301.0,https://www.airbnb.es/rooms/23211786
Barcelona,Les-Corts,1573198379967220519,2026-06-01,Alojamiento en Barcelona,104.0,2.0,1.0,1.0,1.0,4.69,13.0,https://www.airbnb.es/rooms/1573198379967220519
Barcelona,Les-Corts,45132322,2026-06-01,Hotel en Barcelona,147.0,2.0,1.0,2.0,0.0,4.71,231.0,https://www.airbnb.es/rooms/45132322
Barcelona,Les-Corts,1395616579066520047,2026-06-01,Habitación compartida en Barcelona,31.0,,,1.0,,4.46,1363.0,https://www.airbnb.es/rooms/1395616579066520047
Barcelona,Les-Corts,1650088777130237893,2026-06-01,Alojamiento en Barcelona,164.0,3.0,1.0,2.0,1.0,5.0,6.0,https://www.airbnb.es/rooms/1650088777130237893
Barcelona,Les-Corts,1576302000335009666,2026-06-01,Alojamiento en Barcelona,114.0,2.0,1.0,1.0,1.0,4.65,20.0,https://www.airbnb.es/rooms/1576302000335009666
Barcelona,Les-Corts,1630658378282856382,2026-06-01,Apartamento en Barcelona,336.0,10.0,4.0,6.0,2.0,,,https://www.airbnb.es/rooms/1630658378282856382
Barcelona,Les-Corts,52108241,2026-06-01,Hotel boutique en Barcelona,198.0,2.0,1.0,1.0,1.0,4.83,289.0,https://www.airbnb.es/rooms/52108241
Barcelona,Les-Corts,1581902367739167921,2026-06-01,Apartamento en Barcelona,270.0,11.0,4.0,7.0,2.0,4.88,33.0,https://www.airbnb.es/rooms/1581902367739167921
Barcelona,Les-Corts,1191091092407029733,2026-06-01,Apartamento en Barcelona,333.0,5.0,3.0,3.0,2.0,4.74,50.0,https://www.airbnb.es/rooms/1191091092407029733
Barcelona,Les-Corts,1681705230090553307,2026-06-01,Alojamiento en Barcelona,119.0,2.0,1.0,1.0,1.0,,,https://www.airbnb.es/rooms/1681705230090553307
Barcelona,Les-Corts,1624022739720889697,2026-06-01,Alojamiento en Barcelona,119.0,2.0,1.0,1.0,1.0,4.75,16.0,https://www.airbnb.es/rooms/1624022739720889697
Barcelona,Les-Corts,21390932,2026-06-01,Apartamento en Barcelona,291.0,8.0,4.0,7.0,2.0,4.77,374.0,https://www.airbnb.es/rooms/21390932
Barcelona,Les-Corts,1373839405296654999,2026-06-01,Apartamento en Barcelona,179.0,3.0,1.0,1.0,1.0,4.35,82.0,https://www.airbnb.es/rooms/1373839405296654999
Barcelona,Les-Corts,1394855747314311569,2026-06-01,Hotel en Barcelona,145.0,1.0,1.0,1.0,0.0,4.84,37.0,https://www.airbnb.es/rooms/1394855747314311569
Barcelona,Les-Corts,8420341,2026-06-01,Loft en L'Hospitalet de Llobregat,170.0,6.0,3.0,5.0,2.0,4.69,533.0,https://www.airbnb.es/rooms/8420341
Barcelona,Les-Corts,23317697,2026-06-01,Apartamento en L'Hospitalet de Llobregat,192.0,6.0,2.0,3.0,1.0,4.64,301.0,https://www.airbnb.es/rooms/23317697
Barcelona,Les-Corts,1373005404778595213,2026-06-01,Apartamento en Barcelona,191.0,2.0,1.0,1.0,1.0,4.81,52.0,https://www.airbnb.es/rooms/1373005404778595213
Barcelona,Les-Corts,708553347984639336,2026-06-01,Habitación en Cornellà de Llobregat,77.0,,,1.0,,4.84,321.0,https://www.airbnb.es/rooms/708553347984639336
Barcelona,Les-Corts,1625510271017292501,2026-06-01,Alojamiento en L'Hospitalet de Llobregat,70.0,1.0,1.0,1.0,1.0,,,https://www.airbnb.es/rooms/1625510271017292501
Barcelona,Les-Corts,24590131,2026-06-01,Hotel boutique en .,139.0,2.0,1.0,1.0,1.0,4.64,258.0,https://www.airbnb.es/rooms/24590131
Barcelona,Les-Corts,846199567435612629,2026-06-01,Apartamento en Barcelona,246.0,4.0,2.0,3.0,1.0,4.79,250.0,https://www.airbnb.es/rooms/846199567435612629
Barcelona,Les-Corts,53176052,2026-06-01,Hotel en Barcelona,144.0,2.0,1.0,2.0,1.0,4.47,631.0,https://www.airbnb.es/rooms/53176052
Barcelona,Les-Corts,1673310031253023327,2026-06-01,Alojamiento en Barcelona,114.0,2.0,1.0,1.0,1.0,,,https://www.airbnb.es/rooms/1673310031253023327
Barcelona,Les-Corts,23990630,2026-06-01,Loft en Barcelona,195.0,3.0,,1.0,1.0,4.91,493.0,https://www.airbnb.es/rooms/23990630
Barcelona,Les-Corts,35868837,2026-06-01,Apartamento en Esplugas de Llobregat,118.0,5.0,2.0,3.0,1.0,4.44,248.0,https://www.airbnb.es/rooms/35868837
Barcelona,Les-Corts,553555796025228650,2026-06-01,Apartamento en L'Hospitalet de Llobregat,159.0,2.0,1.0,1.0,1.0,4.76,113.0,https://www.airbnb.es/rooms/553555796025228650
Barcelona,Les-Corts,39691563,2026-06-01,Apartamento en Barcelona,201.0,3.0,1.0,3.0,1.0,4.84,499.0,https://www.airbnb.es/rooms/39691563
Barcelona,Les-Corts,1394826946727751336,2026-06-01,Hotel en Barcelona,140.0,1.0,1.0,1.0,0.0,4.89,18.0,https://www.airbnb.es/rooms/1394826946727751336
Barcelona,Les-Corts,1689861937015266395,2026-06-01,Alojamiento en Barcelona,129.0,2.0,1.0,1.0,1.0,,,https://www.airbnb.es/rooms/1689861937015266395
Barcelona,Les-Corts,1321578143173100090,2026-06-01,Habitación de hotel compartida en L'Hospitalet de Llobregat,37.0,,,1.0,,4.45,130.0,https://www.airbnb.es/rooms/1321578143173100090
Barcelona,Les-Corts,1966739,2026-06-01,Apartamento en Barcelona,344.0,7.0,3.0,5.0,2.0,4.76,241.0,https://www.airbnb.es/rooms/1966739
Barcelona,Les-Corts,1404511151413042934,2026-06-01,Habitación en L'Hospitalet de Llobregat,93.0,,,1.0,,4.69,70.0,https://www.airbnb.es/rooms/1404511151413042934
Barcelona,Les-Corts,1573117675347174653,2026-06-01,Alojamiento en Barcelona,105.0,2.0,1.0,1.0,1.0,4.81,16.0,https://www.airbnb.es/rooms/1573117675347174653
Barcelona,Les-Corts,45970180,2026-06-01,Apartamento en Barcelona,180.0,2.0,1.0,1.0,0.0,4.59,37.0,https://www.airbnb.es/rooms/45970180
Barcelona,Les-Corts,50972615,2026-06-01,Apartamento en Barcelona,308.0,7.0,4.0,4.0,2.0,4.68,544.0,https://www.airbnb.es/rooms/50972615
Barcelona,Les-Corts,888070459646437490,2026-06-01,Apartamento en Barcelona,189.0,5.0,2.0,3.0,2.0,4.51,288.0,https://www.airbnb.es/rooms/888070459646437490
Barcelona,Les-Corts,3144104,2026-06-01,Apartamento en Barcelona,280.0,6.0,3.0,4.0,1.0,4.9,1003.0,https://www.airbnb.es/rooms/3144104
Barcelona,Les-Corts,1290786013798769023,2026-06-01,Apartamento en Barcelona,258.0,5.0,2.0,3.0,1.0,4.74,62.0,https://www.airbnb.es/rooms/1290786013798769023
Barcelona,Les-Corts,39692277,2026-06-01,Apartamento en Barcelona,252.0,6.0,2.0,4.0,1.0,4.81,750.0,https://www.airbnb.es/rooms/39692277
Barcelona,Les-Corts,6399512,2026-06-01,Apartamento en Barcelona,150.0,4.0,1.0,1.0,1.0,4.7,125.0,https://www.airbnb.es/rooms/6399512
Barcelona,Les-Corts,19839429,2026-06-01,Apartamento en Barcelona,376.0,5.0,2.0,3.0,1.0,4.38,154.0,https://www.airbnb.es/rooms/19839429
Barcelona,Les-Corts,1299227531057750706,2026-06-01,Hostal en Barcelona,118.0,2.0,1.0,1.0,1.0,4.38,86.0,https://www.airbnb.es/rooms/1299227531057750706
Barcelona,Les-Corts,42577135,2026-06-01,Apartamento en Barcelona,189.0,4.0,2.0,3.0,1.0,4.36,117.0,https://www.airbnb.es/rooms/42577135
Barcelona,Les-Corts,1680670815324582174,2026-06-01,Alojamiento en Barcelona,96.0,2.0,1.0,1.0,1.0,,,https://www.airbnb.es/rooms/1680670815324582174
Barcelona,Les-Corts,5180175,2026-06-01,Apto. residencial en Barcelona,386.0,10.0,4.0,7.0,2.0,4.73,550.0,https://www.airbnb.es/rooms/5180175
Barcelona,Les-Corts,1689847132800234708,2026-06-01,Alojamiento en Barcelona,159.0,2.0,1.0,1.0,1.0,,,https://www.airbnb.es/rooms/1689847132800234708
Barcelona,Les-Corts,24978663,2026-06-01,Loft en Barcelona,207.0,2.0,,1.0,1.0,4.92,537.0,https://www.airbnb.es/rooms/24978663
Barcelona,Les-Corts,1394773500642844241,2026-06-01,Hotel en Barcelona,130.0,1.0,1.0,1.0,0.0,5.0,4.0,https://www.airbnb.es/rooms/1394773500642844241
Barcelona,Les-Corts,1689907563693973355,2026-06-01,Apartamento en Barcelona,290.0,9.0,4.0,6.0,2.0,,,https://www.airbnb.es/rooms/1689907563693973355
Barcelona,Les-Corts,1690700324694932302,2026-06-01,Apartamento en Barcelona,200.0,2.0,1.0,1.0,1.0,,,https://www.airbnb.es/rooms/1690700324694932302
Barcelona,Les-Corts,863900549896733487,2026-06-01,Apartamento en L'Hospitalet de Llobregat,146.0,2.0,1.0,1.0,1.0,4.72,153.0,https://www.airbnb.es/rooms/863900549896733487
Barcelona,Les-Corts,31400940,2026-06-01,Apartamento en Barcelona,243.0,6.0,3.0,5.0,2.0,4.57,211.0,https://www.airbnb.es/rooms/31400940
Barcelona,Les-Corts,872166812392538323,2026-06-01,Apartamento en Barcelona,310.0,6.0,3.0,4.0,2.0,4.6,70.0,https://www.airbnb.es/rooms/872166812392538323
Barcelona,Les-Corts,886838723814651944,2026-06-01,Apartamento en Barcelona,197.0,3.0,1.0,2.0,1.0,4.73,730.0,https://www.airbnb.es/rooms/886838723814651944
Barcelona,Les-Corts,1379725300582682002,2026-06-01,Apartamento en Barcelona,414.0,4.0,2.0,4.0,2.0,4.91,47.0,https://www.airbnb.es/rooms/1379725300582682002
Barcelona,Les-Corts,54155170,2026-06-01,Apartamento en Barcelona,272.0,2.0,2.0,3.0,0.0,4.74,231.0,https://www.airbnb.es/rooms/54155170
Barcelona,Les-Corts,53058601,2026-06-01,Hotel en L'Hospitalet de Llobregat,147.0,2.0,1.0,1.0,1.0,4.52,95.0,https://www.airbnb.es/rooms/53058601
Barcelona,Les-Corts,1676320427388991062,2026-06-01,Alojamiento en Barcelona,89.0,2.0,1.0,1.0,3.0,,,https://www.airbnb.es/rooms/1676320427388991062
Barcelona,Les-Corts,553551629505818133,2026-06-01,Apartamento en L'Hospitalet de Llobregat,205.0,4.0,1.0,2.0,1.0,4.83,65.0,https://www.airbnb.es/rooms/553551629505818133
Barcelona,Les-Corts,1358768214927137133,2026-06-01,Apartamento en Barcelona,235.0,4.0,2.0,2.0,1.0,4.75,28.0,https://www.airbnb.es/rooms/1358768214927137133
Barcelona,Les-Corts,21653693,2026-06-01,Apartamento en Barcelona,225.0,3.0,1.0,3.0,1.0,4.85,220.0,https://www.airbnb.es/rooms/21653693
Barcelona,Les-Corts,33385364,2026-06-01,Hotel boutique en Barcelona,150.0,2.0,1.0,1.0,1.0,4.65,219.0,https://www.airbnb.es/rooms/33385364
Barcelona,Les-Corts,52609698,2026-06-01,Apartamento en L'Hospitalet de Llobregat,246.0,4.0,2.0,3.0,2.0,4.88,181.0,https://www.airbnb.es/rooms/52609698
Barcelona,Les-Corts,660135644455590631,2026-06-01,Apartamento en Barcelona,140.0,1.0,1.0,1.0,1.0,4.25,4.0,https://www.airbnb.es/rooms/660135644455590631
Barcelona,Les-Corts,1086031486385200943,2026-06-01,Hostal en Barcelona,128.0,2.0,1.0,1.0,0.0,4.49,88.0,https://www.airbnb.es/rooms/1086031486385200943
Barcelona,Les-Corts,1644015287878672196,2026-06-01,Apartamento en Barcelona,211.0,4.0,2.0,3.0,2.0,,,https://www.airbnb.es/rooms/1644015287878672196
Barcelona,Les-Corts,1503794664513191347,2026-06-01,Casa de invitados en L'Hospitalet de Llobregat,93.0,1.0,1.0,1.0,1.0,4.75,53.0,https://www.airbnb.es/rooms/1503794664513191347
Barcelona,Les-Corts,1081643973089542400,2026-06-01,Apartamento en Barcelona,194.0,4.0,2.0,4.0,0.0,4.43,30.0,https://www.airbnb.es/rooms/1081643973089542400
Barcelona,Les-Corts,53058752,2026-06-01,Hotel en L'Hospitalet de Llobregat,152.0,4.0,1.0,1.0,1.0,4.55,65.0,https://www.airbnb.es/rooms/53058752
Barcelona,Les-Corts,660129748682163259,2026-06-01,Apartamento en Barcelona,154.0,2.0,1.0,2.0,1.0,4.34,59.0,https://www.airbnb.es/rooms/660129748682163259
Barcelona,Les-Corts,1264297802923808590,2026-06-01,Apartamento en Barcelona,235.0,6.0,3.0,6.0,1.0,4.77,109.0,https://www.airbnb.es/rooms/1264297802923808590
Barcelona,Les-Corts,1690077062160900192,2026-06-01,Alojamiento en Barcelona,114.0,1.0,1.0,1.0,1.0,,,https://www.airbnb.es/rooms/1690077062160900192
Barcelona,Les-Corts,1683879479810257006,2026-06-01,Alojamiento en Barcelona,126.0,2.0,1.0,1.0,1.0,,,https://www.airbnb.es/rooms/1683879479810257006
Barcelona,Les-Corts,1381218625872214057,2026-06-01,Apartamento en L'Hospitalet de Llobregat,263.0,4.0,2.0,3.0,1.0,5.0,30.0,https://www.airbnb.es/rooms/1381218625872214057
Barcelona,Les-Corts,578963822174688159,2026-06-01,Alojamiento en L'Hospitalet de Llobregat,99.0,3.0,1.0,1.0,1.0,4.84,49.0,https://www.airbnb.es/rooms/578963822174688159
Barcelona,Les-Corts,1690717698833005615,2026-06-01,Alojamiento en Barcelona,108.0,1.0,1.0,1.0,1.0,,,https://www.airbnb.es/rooms/1690717698833005615
Barcelona,Les-Corts,50194220,2026-06-01,Hotel en Barcelona,199.0,1.0,,,1.0,4.71,42.0,https://www.airbnb.es/rooms/50194220
Barcelona,Les-Corts,13386885,2026-06-01,Apartamento en L'Hospitalet de Llobregat,173.0,3.0,1.0,1.0,1.0,4.51,201.0,https://www.airbnb.es/rooms/13386885
Barcelona,Les-Corts,841172740128200954,2026-06-01,Apartamento en Barcelona,278.0,5.0,2.0,4.0,1.0,4.69,144.0,https://www.airbnb.es/rooms/841172740128200954
Barcelona,Les-Corts,1243558382722731444,2026-06-01,Apartamento en L'Hospitalet de Llobregat,122.0,2.0,1.0,1.0,1.0,4.53,89.0,https://www.airbnb.es/rooms/1243558382722731444
Barcelona,Les-Corts,52047510,2026-06-01,Hostal en Barcelona,126.0,2.0,1.0,1.0,1.0,4.76,300.0,https://www.airbnb.es/rooms/52047510
Barcelona,Les-Corts,1632188413099400167,2026-06-01,Apartamento en Barcelona,187.0,4.0,1.0,2.0,1.0,4.22,9.0,https://www.airbnb.es/rooms/1632188413099400167
Barcelona,Les-Corts,1690589439627083553,2026-06-01,Alojamiento en Barcelona,124.0,2.0,1.0,1.0,1.0,,,https://www.airbnb.es/rooms/1690589439627083553
Barcelona,Les-Corts,1026785632930992619,2026-06-01,Alojamiento en Barcelona,139.0,2.0,1.0,1.0,1.0,4.22,18.0,https://www.airbnb.es/rooms/1026785632930992619
Barcelona,Les-Corts,1355258257084496952,2026-06-01,Bed & breakfast en Sant Joan Despí,32.0,9.0,1.0,1.0,1.0,4.82,45.0,https://www.airbnb.es/rooms/1355258257084496952
Barcelona,Les-Corts,1086061834818753479,2026-06-01,Hostal en Barcelona,152.0,2.0,1.0,1.0,1.0,4.11,152.0,https://www.airbnb.es/rooms/1086061834818753479
Barcelona,Les-Corts,994238313069797296,2026-06-01,Hotel en Barcelona,180.0,2.0,1.0,1.0,1.0,4.73,80.0,https://www.airbnb.es/rooms/994238313069797296
Barcelona,Les-Corts,52047182,2026-06-01,Hostal en Barcelona,107.0,2.0,1.0,2.0,1.0,4.76,787.0,https://www.airbnb.es/rooms/52047182
Barcelona,Les-Corts,588263368399541801,2026-06-01,Hotel en Barcelona,150.0,2.0,1.0,2.0,1.0,4.61,77.0,https://www.airbnb.es/rooms/588263368399541801
Barcelona,Les-Corts,1164316691199027393,2026-06-01,Habitación en El Prat de Llobregat,77.0,,,1.0,,4.72,110.0,https://www.airbnb.es/rooms/1164316691199027393
Barcelona,Les-Corts,21761757,2026-06-01,Apartamento en Barcelona,180.0,2.0,1.0,2.0,0.0,4.64,113.0,https://www.airbnb.es/rooms/21761757
Barcelona,Les-Corts,5561974,2026-06-01,Habitación compartida en Barcelona,53.0,,,16.0,,4.71,1574.0,https://www.airbnb.es/rooms/5561974
Barcelona,Les-Corts,39753264,2026-06-01,Apartamento en Barcelona,293.0,5.0,2.0,4.0,1.0,4.66,449.0,https://www.airbnb.es/rooms/39753264
Barcelona,Les-Corts,1690074682089846198,2026-06-01,Alojamiento en Barcelona,124.0,1.0,1.0,1.0,1.0,,,https://www.airbnb.es/rooms/1690074682089846198
Barcelona,Les-Corts,643237654635430610,2026-06-01,Apartamento en Barcelona,219.0,3.0,2.0,2.0,2.0,4.52,243.0,https://www.airbnb.es/rooms/643237654635430610
Barcelona,Les-Corts,10621483,2026-06-01,Apartamento en Barcelona,235.0,4.0,2.0,2.0,1.0,4.73,435.0,https://www.airbnb.es/rooms/10621483
Barcelona,Les-Corts,1690658878547198570,2026-06-01,Alojamiento en Barcelona,159.0,1.0,1.0,1.0,1.0,,,https://www.airbnb.es/rooms/1690658878547198570
Barcelona,Les-Corts,45947908,2026-06-01,Habitación compartida en Barcelona,48.0,,,,,4.55,11.0,https://www.airbnb.es/rooms/45947908
Barcelona,Les-Corts,1399112591589162337,2026-06-01,Apartamento en Barcelona,200.0,4.0,2.0,3.0,2.0,4.86,14.0,https://www.airbnb.es/rooms/1399112591589162337
Barcelona,Les-Corts,1197233259961117611,2026-06-01,Habitación en L'Hospitalet de Llobregat,82.0,,,1.0,,4.74,38.0,https://www.airbnb.es/rooms/1197233259961117611
Barcelona,Les-Corts,45228987,2026-06-01,Apartamento en Barcelona,272.0,4.0,2.0,4.0,1.0,4.43,171.0,https://www.airbnb.es/rooms/45228987
Barcelona,Les-Corts,1086385318652132563,2026-06-01,Habitación en Barcelona,59.0,,,1.0,,4.17,18.0,https://www.airbnb.es/rooms/1086385318652132563
Barcelona,Les-Corts,997039449508033338,2026-06-01,Habitación en L'Hospitalet de Llobregat,111.0,,,1.0,,4.71,65.0,https://www.airbnb.es/rooms/997039449508033338
Barcelona,Les-Corts,1395660922989787647,2026-06-01,Habitación compartida en Barcelona,36.0,,,1.0,,4.51,131.0,https://www.airbnb.es/rooms/1395660922989787647
Barcelona,Les-Corts,39959257,2026-06-01,Apartamento en Barcelona,230.0,6.0,2.0,3.0,1.0,4.59,133.0,https://www.airbnb.es/rooms/39959257
Barcelona,Les-Corts,1452841857638279568,2026-06-01,Hostal en Barcelona,68.0,1.0,,1.0,4.0,4.58,26.0,https://www.airbnb.es/rooms/1452841857638279568
Barcelona,Les-Corts,1573204871194391089,2026-06-01,Alojamiento en Barcelona,109.0,2.0,1.0,1.0,1.0,4.63,8.0,https://www.airbnb.es/rooms/1573204871194391089
Barcelona,Les-Corts,1302313221763681420,2026-06-01,Apartamento en Barcelona,226.0,5.0,3.0,1.0,1.0,4.97,31.0,https://www.airbnb.es/rooms/1302313221763681420
Barcelona,Les-Corts,1299331630232875541,2026-06-01,Hostal en Barcelona,108.0,1.0,1.0,1.0,0.0,4.13,15.0,https://www.airbnb.es/rooms/1299331630232875541
Barcelona,Les-Corts,45094691,2026-06-01,Apartamento en Barcelona,188.0,4.0,2.0,3.0,1.0,4.39,69.0,https://www.airbnb.es/rooms/45094691
Barcelona,Les-Corts,563553175219651122,2026-06-01,Habitación compartida en Barcelona,49.0,,,8.0,2.0,4.52,447.0,https://www.airbnb.es/rooms/563553175219651122
Barcelona,Les-Corts,1513040910596254391,2026-06-01,Apartamento en L'Hospitalet de Llobregat,157.0,4.0,1.0,1.0,1.0,4.76,46.0,https://www.airbnb.es/rooms/1513040910596254391
Barcelona,Les-Corts,35724195,2026-06-01,Habitación en L'Hospitalet de Llobregat,119.0,,,1.0,,4.94,177.0,https://www.airbnb.es/rooms/35724195
Barcelona,Les-Corts,553563486933714034,2026-06-01,Apartamento en L'Hospitalet de Llobregat,270.0,6.0,2.0,3.0,1.0,4.81,128.0,https://www.airbnb.es/rooms/553563486933714034
Barcelona,Les-Corts,1692725051444428427,2026-06-01,Alojamiento en Barcelona,129.0,2.0,1.0,1.0,1.0,,,https://www.airbnb.es/rooms/1692725051444428427
Barcelona,Les-Corts,1644015298917010463,2026-06-01,Apartamento en Barcelona,220.0,4.0,2.0,3.0,1.0,,,https://www.airbnb.es/rooms/1644015298917010463
Barcelona,Les-Corts,1553734606498079394,2026-06-01,Alojamiento en L'Hospitalet de Llobregat,105.0,2.0,1.0,1.0,1.0,,,https://www.airbnb.es/rooms/1553734606498079394
Barcelona,Les-Corts,877621988007424535,2026-06-01,Alojamiento en Barcelona,110.0,2.0,1.0,1.0,1.0,4.53,34.0,https://www.airbnb.es/rooms/877621988007424535
Barcelona,Les-Corts,23737826,2026-06-01,Apartamento en Barcelona,201.0,6.0,2.0,4.0,1.0,4.7,136.0,https://www.airbnb.es/rooms/23737826
Barcelona,Les-Corts,1321594420576816485,2026-06-01,Habitación de hotel compartida en L'Hospitalet de Llobregat,40.0,,,1.0,,4.42,43.0,https://www.airbnb.es/rooms/1321594420576816485
Barcelona,Les-Corts,1297752048731285588,2026-06-01,Apartamento en Barcelona,211.0,4.0,3.0,6.0,2.0,4.14,14.0,https://www.airbnb.es/rooms/1297752048731285588
Barcelona,Les-Corts,1188194842775911600,2026-06-01,Habitación en Cornellà de Llobregat,59.0,,,1.0,,4.84,56.0,https://www.airbnb.es/rooms/1188194842775911600
Barcelona,Les-Corts,899292103075317653,2026-06-01,Apartamento en Barcelona,211.0,4.0,2.0,3.0,1.0,4.49,161.0,https://www.airbnb.es/rooms/899292103075317653
Barcelona,Les-Corts,52161036,2026-06-01,Hotel en Barcelona,184.0,2.0,1.0,1.0,1.0,4.76,653.0,https://www.airbnb.es/rooms/52161036
Barcelona,Les-Corts,1690722766472511362,2026-06-01,Alojamiento en Barcelona,124.0,2.0,1.0,1.0,1.0,,,https://www.airbnb.es/rooms/1690722766472511362
Barcelona,Les-Corts,1689948511526716856,2026-06-01,Alojamiento en Barcelona,116.0,2.0,1.0,1.0,1.0,,,https://www.airbnb.es/rooms/1689948511526716856
Barcelona,Les-Corts,997227005266502258,2026-06-01,Habitación en L'Hospitalet de Llobregat,108.0,,,1.0,,4.76,79.0,https://www.airbnb.es/rooms/997227005266502258
Barcelona,Les-Corts,19429639,2026-06-01,Apartamento en L'Hospitalet de Llobregat,186.0,4.0,1.0,2.0,1.0,4.39,215.0,https://www.airbnb.es/rooms/19429639
Barcelona,Les-Corts,48035923,2026-06-01,Hotel en Barcelona,218.0,2.0,1.0,2.0,1.0,4.78,9.0,https://www.airbnb.es/rooms/48035923
Barcelona,Les-Corts,1358745153008344797,2026-06-01,Apartamento en Barcelona,235.0,4.0,2.0,2.0,1.0,4.58,43.0,https://www.airbnb.es/rooms/1358745153008344797
Barcelona,Les-Corts,1198074,2026-06-01,Apartamento en Barcelona,300.0,4.0,2.0,3.0,2.0,4.89,119.0,https://www.airbnb.es/rooms/1198074
Barcelona,Les-Corts,1567985873659883473,2026-06-01,Habitación de hotel en Barcelona,173.0,2.0,,1.0,1.0,4.84,55.0,https://www.airbnb.es/rooms/1567985873659883473
Barcelona,Les-Corts,49455076,2026-06-01,Apartamento en Barcelona,230.0,6.0,2.0,4.0,1.0,4.43,106.0,https://www.airbnb.es/rooms/49455076
Barcelona,Les-Corts,1690524994926563023,2026-06-01,Alojamiento en Barcelona,139.0,2.0,1.0,1.0,1.0,,,https://www.airbnb.es/rooms/1690524994926563023
Barcelona,Les-Corts,41920692,2026-06-01,Apartamento en Barcelona,187.0,4.0,1.0,1.0,1.0,4.48,162.0,https://www.airbnb.es/rooms/41920692
Barcelona,Les-Corts,1623289005520410092,2026-06-01,Alojamiento en Barcelona,114.0,1.0,1.0,1.0,1.0,4.73,11.0,https://www.airbnb.es/rooms/1623289005520410092
Barcelona,Les-Corts,1321584735336351666,2026-06-01,Habitación de hotel compartida en L'Hospitalet de Llobregat,42.0,,,1.0,,4.17,29.0,https://www.airbnb.es/rooms/1321584735336351666
Barcelona,Les-Corts,36451803,2026-06-01,Habitación en L'Hospitalet de Llobregat,91.0,,,1.0,,4.9,10.0,https://www.airbnb.es/rooms/36451803
Barcelona,Les-Corts,23334103,2026-06-01,Apartamento en Barcelona,194.0,3.0,2.0,2.0,1.0,4.4,313.0,https://www.airbnb.es/rooms/23334103
Barcelona,Les-Corts,1219561473030220539,2026-06-01,Hotel en Barcelona,180.0,2.0,1.0,1.0,1.0,4.62,26.0,https://www.airbnb.es/rooms/1219561473030220539
Barcelona,Les-Corts,45094687,2026-06-01,Apartamento en Barcelona,188.0,4.0,2.0,3.0,1.0,4.27,15.0,https://www.airbnb.es/rooms/45094687
Barcelona,Les-Corts,51855625,2026-06-01,Hotel en Barcelona,149.0,2.0,1.0,2.0,0.0,4.66,64.0,https://www.airbnb.es/rooms/51855625
Barcelona,Les-Corts,1354292507938470804,2026-06-01,Apartamento en Barcelona,239.0,6.0,3.0,3.0,1.0,4.68,80.0,https://www.airbnb.es/rooms/1354292507938470804
Barcelona,Les-Corts,52185041,2026-06-01,Apartamento en L'Hospitalet de Llobregat,200.0,2.0,1.0,1.0,1.0,4.42,210.0,https://www.airbnb.es/rooms/52185041
Barcelona,Les-Corts,1399112602583968962,2026-06-01,Apartamento en Barcelona,250.0,6.0,3.0,4.0,2.0,4.79,19.0,https://www.airbnb.es/rooms/1399112602583968962
Barcelona,Les-Corts,546926327324184389,2026-06-01,Apartamento en Barcelona,235.0,2.0,1.0,2.0,1.0,4.64,66.0,https://www.airbnb.es/rooms/546926327324184389
Barcelona,Les-Corts,42687971,2026-06-01,Apartamento en Barcelona,251.0,4.0,3.0,3.0,1.0,4.49,76.0,https://www.airbnb.es/rooms/42687971
Barcelona,Les-Corts,39959246,2026-06-01,Apartamento en Barcelona,246.0,6.0,2.0,3.0,1.0,4.54,120.0,https://www.airbnb.es/rooms/39959246
Barcelona,Les-Corts,53058824,2026-06-01,Hotel en L'Hospitalet de Llobregat,131.0,2.0,1.0,1.0,1.0,4.33,9.0,https://www.airbnb.es/rooms/53058824
Barcelona,Les-Corts,600371086640483735,2026-06-01,Apartamento en Barcelona,229.0,6.0,3.0,6.0,1.0,4.68,420.0,https://www.airbnb.es/rooms/600371086640483735
Barcelona,Les-Corts,1690518670249408789,2026-06-01,Alojamiento en Barcelona,129.0,2.0,1.0,1.0,1.0,,,https://www.airbnb.es/rooms/1690518670249408789
Barcelona,Les-Corts,1399112579281949206,2026-06-01,Apartamento en Barcelona,250.0,6.0,3.0,4.0,2.0,4.73,30.0,https://www.airbnb.es/rooms/1399112579281949206
Barcelona,Les-Corts,1685009398669037387,2026-06-01,Alojamiento en Barcelona,141.0,1.0,1.0,1.0,1.0,,,https://www.airbnb.es/rooms/1685009398669037387
Barcelona,Les-Corts,1044047228278493890,2026-06-01,Apartamento en Barcelona,178.0,3.0,1.0,2.0,1.0,4.44,59.0,https://www.airbnb.es/rooms/1044047228278493890
Barcelona,Les-Corts,554286020875275869,2026-06-01,Hostal en Barcelona,170.0,1.0,1.0,1.0,1.0,4.56,68.0,https://www.airbnb.es/rooms/554286020875275869
Barcelona,Les-Corts,1457480281850759221,2026-06-01,Apartamento en Barcelona,150.0,2.0,1.0,1.0,1.0,4.67,12.0,https://www.airbnb.es/rooms/1457480281850759221
Barcelona,Les-Corts,997210594290448687,2026-06-01,Habitación en L'Hospitalet de Llobregat,120.0,,,1.0,,4.67,63.0,https://www.airbnb.es/rooms/997210594290448687
Barcelona,Les-Corts,1486041657667319503,2026-06-01,Apartamento en Barcelona,280.0,6.0,3.0,3.0,1.0,4.71,28.0,https://www.airbnb.es/rooms/1486041657667319503
Barcelona,Les-Corts,52184566,2026-06-01,Apartamento en L'Hospitalet de Llobregat,200.0,2.0,1.0,1.0,1.0,4.51,234.0,https://www.airbnb.es/rooms/52184566
Barcelona,Les-Corts,1287610757999307965,2026-06-01,Apartamento en Gràcia,275.0,4.0,2.0,3.0,1.0,4.74,88.0,https://www.airbnb.es/rooms/1287610757999307965
Barcelona,Les-Corts,1689750860801220866,2026-06-01,Alojamiento en Eixample,174.0,2.0,1.0,1.0,1.0,,,https://www.airbnb.es/rooms/1689750860801220866
Barcelona,Les-Corts,34564909,2026-06-01,Apartamento en Eixample,359.0,6.0,3.0,5.0,2.0,4.8,152.0,https://www.airbnb.es/rooms/34564909
Barcelona,Les-Corts,52360027,2026-06-01,Apartamento en Eixample,214.0,2.0,1.0,1.0,1.0,4.85,262.0,https://www.airbnb.es/rooms/52360027
Barcelona,Les-Corts,944626922730964974,2026-06-01,Apartamento en Les Corts,379.0,6.0,3.0,4.0,1.0,4.55,109.0,https://www.airbnb.es/rooms/944626922730964974
Barcelona,Les-Corts,1689869786441122423,2026-06-01,Alojamiento en Eixample,108.0,2.0,1.0,1.0,1.0,,,https://www.airbnb.es/rooms/1689869786441122423
Barcelona,Les-Corts,6536977,2026-06-01,Apartamento en Gràcia,250.0,3.0,2.0,3.0,1.0,4.69,117.0,https://www.airbnb.es/rooms/6536977
Barcelona,Les-Corts,1396373104251718445,2026-06-01,Hotel en Eixample,168.0,1.0,1.0,1.0,0.0,,,https://www.airbnb.es/rooms/1396373104251718445
Barcelona,Les-Corts,42397180,2026-06-01,Apartamento en Eixample,271.0,6.0,4.0,4.0,2.0,4.51,147.0,https://www.airbnb.es/rooms/42397180
Barcelona,Les-Corts,52119547,2026-06-01,Apartamento en Gràcia,315.0,6.0,3.0,4.0,2.0,4.93,80.0,https://www.airbnb.es/rooms/52119547
Barcelona,Les-Corts,872099397554158301,2026-06-01,Apartamento en Eixample,278.0,5.0,2.0,4.0,1.0,4.6,53.0,https://www.airbnb.es/rooms/872099397554158301
Barcelona,Les-Corts,52359464,2026-06-01,Apartamento en Eixample,203.0,2.0,1.0,1.0,1.0,4.65,165.0,https://www.airbnb.es/rooms/52359464
Barcelona,Les-Corts,53411031,2026-06-01,Hotel en Eixample,170.0,2.0,1.0,1.0,1.0,4.73,910.0,https://www.airbnb.es/rooms/53411031
Barcelona,Les-Corts,35477075,2026-06-01,Apartamento en Gràcia,273.0,5.0,3.0,4.0,2.0,4.72,235.0,https://www.airbnb.es/rooms/35477075
Barcelona,Les-Corts,1690085783563810065,2026-06-01,Alojamiento en Eixample,100.0,2.0,1.0,1.0,2.0,,,https://www.airbnb.es/rooms/1690085783563810065
Barcelona,Les-Corts,1396364814218289239,2026-06-01,Hotel en Eixample,154.0,1.0,1.0,1.0,0.0,,,https://www.airbnb.es/rooms/1396364814218289239
Barcelona,Les-Corts,554279825290209805,2026-06-01,Hostal en Sants-Montjuïc,185.0,2.0,1.0,2.0,1.0,4.61,76.0,https://www.airbnb.es/rooms/554279825290209805
Barcelona,Les-Corts,1689865694784288576,2026-06-01,Alojamiento en Eixample,108.0,2.0,1.0,1.0,1.0,,,https://www.airbnb.es/rooms/1689865694784288576
Barcelona,Les-Corts,1690707968761372686,2026-06-01,Alojamiento en Barcelona,108.0,2.0,1.0,1.0,1.0,,,https://www.airbnb.es/rooms/1690707968761372686
Barcelona,Les-Corts,25702608,2026-06-01,Apartamento en Barcelona,215.0,2.0,1.0,3.0,0.0,4.16,569.0,https://www.airbnb.es/rooms/25702608
Barcelona,Les-Corts,790266577536647744,2026-06-01,Apartamento en L'Hospitalet de Llobregat,320.0,9.0,3.0,4.0,2.0,4.65,143.0,https://www.airbnb.es/rooms/790266577536647744
Barcelona,Les-Corts,1690088805456194693,2026-06-01,Alojamiento en Barcelona,108.0,2.0,1.0,1.0,2.0,,,https://www.airbnb.es/rooms/1690088805456194693
Barcelona,Les-Corts,1070904385970425851,2026-06-01,Apartamento en L'Hospitalet de Llobregat,346.0,11.0,3.0,7.0,3.0,4.3,10.0,https://www.airbnb.es/rooms/1070904385970425851
Barcelona,Les-Corts,48266882,2026-06-01,Apartamento en Barcelona,222.0,3.0,1.0,1.0,1.0,4.4,111.0,https://www.airbnb.es/rooms/48266882
Barcelona,Les-Corts,766434327900147075,2026-06-01,Apartamento en Barcelona,356.0,4.0,2.0,3.0,1.0,4.64,102.0,https://www.airbnb.es/rooms/766434327900147075
Barcelona,Les-Corts,660127511559355857,2026-06-01,Apartamento en Barcelona,168.0,2.0,1.0,1.0,1.0,4.3,77.0,https://www.airbnb.es/rooms/660127511559355857
Barcelona,Les-Corts,32561248,2026-06-01,Hostal en Barcelona,115.0,2.0,1.0,1.0,,4.82,506.0,https://www.airbnb.es/rooms/32561248
Barcelona,Les-Corts,1001344667839269099,2026-06-01,Habitación en L'Hospitalet de Llobregat,108.0,,,1.0,,4.77,74.0,https://www.airbnb.es/rooms/1001344667839269099
Barcelona,Les-Corts,594547708296997920,2026-06-01,Hostal en Barcelona,171.0,2.0,1.0,1.0,1.0,,,https://www.airbnb.es/rooms/594547708296997920
Barcelona,Les-Corts,7126261,2026-06-01,Apartamento en Barcelona,265.0,5.0,2.0,3.0,1.0,4.62,65.0,https://www.airbnb.es/rooms/7126261
Barcelona,Les-Corts,33820070,2026-06-01,Apartamento en Barcelona,330.0,6.0,3.0,3.0,2.0,4.9,106.0,https://www.airbnb.es/rooms/33820070
Barcelona,Les-Corts,53176149,2026-06-01,Hotel en Barcelona,156.0,2.0,1.0,1.0,1.0,4.3,50.0,https://www.airbnb.es/rooms/53176149
Barcelona,Les-Corts,52627366,2026-06-01,Apartamento en Barcelona,365.0,4.0,2.0,3.0,1.0,4.75,1124.0,https://www.airbnb.es/rooms/52627366
Barcelona,Les-Corts,33179902,2026-06-01,Habitación de hotel en Barcelona,168.0,2.0,1.0,2.0,1.0,4.49,282.0,https://www.airbnb.es/rooms/33179902
Barcelona,Les-Corts,1690690341594947369,2026-06-01,Apartamento en Barcelona,246.0,3.0,1.0,2.0,1.0,,,https://www.airbnb.es/rooms/1690690341594947369
Barcelona,Les-Corts,52359934,2026-06-01,Apartamento en Barcelona,203.0,2.0,1.0,1.0,1.0,4.77,151.0,https://www.airbnb.es/rooms/52359934
Barcelona,Les-Corts,35627835,2026-06-01,Hotel boutique en Barcelona,170.0,2.0,,1.0,0.0,4.81,27.0,https://www.airbnb.es/rooms/35627835
Barcelona,Les-Corts,47823986,2026-06-01,Hostal en Barcelona,180.0,2.0,1.0,2.0,1.0,4.82,89.0,https://www.airbnb.es/rooms/47823986
Barcelona,Les-Corts,42151836,2026-06-01,Apartamento en Barcelona,343.0,5.0,2.0,3.0,1.0,4.86,354.0,https://www.airbnb.es/rooms/42151836
Barcelona,Les-Corts,1690515566617784280,2026-06-01,Alojamiento en Barcelona,124.0,2.0,1.0,1.0,1.0,,,https://www.airbnb.es/rooms/1690515566617784280
Barcelona,Les-Corts,1001347483035923518,2026-06-01,Habitación en L'Hospitalet de Llobregat,108.0,,,1.0,,4.7,94.0,https://www.airbnb.es/rooms/1001347483035923518
Barcelona,Les-Corts,886849936033572375,2026-06-01,Apartamento en Barcelona,295.0,6.0,2.0,3.0,2.0,4.74,69.0,https://www.airbnb.es/rooms/886849936033572375
Barcelona,Les-Corts,1644016191970347310,2026-06-01,Apartamento en Barcelona,211.0,4.0,,3.0,0.0,,,https://www.airbnb.es/rooms/1644016191970347310
Barcelona,Les-Corts,1106528873374886099,2026-06-01,Alojamiento en L'Hospitalet de Llobregat,120.0,2.0,1.0,1.0,1.0,4.67,6.0,https://www.airbnb.es/rooms/1106528873374886099
Barcelona,Les-Corts,862122500288513146,2026-06-01,Hostal en Barcelona,142.0,2.0,1.0,1.0,1.0,4.83,659.0,https://www.airbnb.es/rooms/862122500288513146
Barcelona,Les-Corts,1412183069362512996,2026-06-01,Apartamento en Barcelona,292.0,6.0,2.0,3.0,1.0,4.65,26.0,https://www.airbnb.es/rooms/1412183069362512996
Barcelona,Les-Corts,741132250553803648,2026-06-01,Apartamento en Barcelona,221.0,3.0,1.0,2.0,1.0,4.87,215.0,https://www.airbnb.es/rooms/741132250553803648
Barcelona,Les-Corts,1644116760220734402,2026-06-01,Sercotel Amister Art Hotel,218.0,,,,,,,https://www.airbnb.es/rooms/1644116760220734402
Barcelona,Les-Corts,1096200855408382157,2026-06-01,easyHotel Barcelona Fira,180.0,,,,,4.59,897.0,https://www.airbnb.es/rooms/1096200855408382157
Barcelona,Les-Corts,53058801,2026-06-01,Hotel en L'Hospitalet de Llobregat,157.0,4.0,1.0,2.0,1.0,4.71,42.0,https://www.airbnb.es/rooms/53058801
Barcelona,Les-Corts,52360477,2026-06-01,Apartamento en Barcelona,214.0,2.0,1.0,1.0,1.0,4.75,136.0,https://www.airbnb.es/rooms/52360477
Barcelona,Les-Corts,980264078034265574,2026-06-01,Hostal en Barcelona,220.0,3.0,1.0,1.0,1.0,4.87,47.0,https://www.airbnb.es/rooms/980264078034265574
Barcelona,Les-Corts,33771133,2026-06-01,Apartamento en Barcelona,228.0,2.0,1.0,1.0,1.0,4.78,150.0,https://www.airbnb.es/rooms/33771133
Barcelona,Les-Corts,1674703062378355330,2026-06-01,Alojamiento en Barcelona,118.0,2.0,1.0,2.0,2.0,,,https://www.airbnb.es/rooms/1674703062378355330
Barcelona,Les-Corts,30759793,2026-06-01,Apartamento en Barcelona,273.0,5.0,2.0,4.0,2.0,4.83,1246.0,https://www.airbnb.es/rooms/30759793
Barcelona,Les-Corts,1070622249649813826,2026-06-01,Apartamento en Barcelona,328.0,5.0,3.0,3.0,1.0,4.85,93.0,https://www.airbnb.es/rooms/1070622249649813826
Barcelona,Les-Corts,43625607,2026-06-01,Apartamento en Barcelona,261.0,4.0,2.0,3.0,2.0,4.56,32.0,https://www.airbnb.es/rooms/43625607
Barcelona,Les-Corts,691274207596749989,2026-06-01,Hotel en Barcelona,108.0,1.0,1.0,1.0,0.0,4.11,9.0,https://www.airbnb.es/rooms/691274207596749989
Barcelona,Les-Corts,1690072932744032302,2026-06-01,Alojamiento en Barcelona,105.0,2.0,1.0,1.0,1.0,,,https://www.airbnb.es/rooms/1690072932744032302
Barcelona,Les-Corts,44483088,2026-06-01,Apartamento en Barcelona,351.0,6.0,2.0,3.0,1.0,4.83,121.0,https://www.airbnb.es/rooms/44483088
Barcelona,Les-Corts,3184195,2026-06-01,Apartamento en Barcelona,238.0,4.0,2.0,3.0,0.0,4.69,153.0,https://www.airbnb.es/rooms/3184195
Barcelona,Les-Corts,1079592152307767774,2026-06-01,Habitación en Barcelona,152.0,,,1.0,,4.38,8.0,https://www.airbnb.es/rooms/1079592152307767774
Barcelona,Les-Corts,1693479205558878090,2026-06-01,Alojamiento en Barcelona,155.0,3.0,1.0,2.0,2.0,,,https://www.airbnb.es/rooms/1693479205558878090
Barcelona,Les-Corts,1689772735863272651,2026-06-01,Habitación compartida en L'Hospitalet de Llobregat,38.0,,,1.0,,,,https://www.airbnb.es/rooms/1689772735863272651
Barcelona,Les-Corts,31733790,2026-06-01,Habitaciones en Barcelona,157.0,,2.0,3.0,,4.7,307.0,https://www.airbnb.es/rooms/31733790
Barcelona,Les-Corts,1383867960663348575,2026-06-01,Habitación compartida en Barcelona,51.0,,,6.0,,4.67,27.0,https://www.airbnb.es/rooms/1383867960663348575
Barcelona,Les-Corts,1689759237657680208,2026-06-01,Alojamiento en Barcelona,204.0,2.0,1.0,1.0,1.0,,,https://www.airbnb.es/rooms/1689759237657680208
Barcelona,Les-Corts,18819488,2026-06-01,Apartamento en Barcelona,280.0,4.0,2.0,3.0,1.0,4.91,264.0,https://www.airbnb.es/rooms/18819488
Barcelona,Les-Corts,957760053909775261,2026-06-01,Apartamento en Barcelona,194.0,2.0,1.0,1.0,1.0,4.4,163.0,https://www.airbnb.es/rooms/957760053909775261
Barcelona,Les-Corts,53141289,2026-06-01,Hotel en Barcelona,147.0,2.0,1.0,1.0,1.0,4.68,117.0,https://www.airbnb.es/rooms/53141289
Barcelona,Les-Corts,18819497,2026-06-01,Apartamento en Barcelona,343.0,5.0,2.0,4.0,2.0,4.9,367.0,https://www.airbnb.es/rooms/18819497
Barcelona,Poblenou,5248745,2026-06-01,Apartamento en El Poblenou,150.0,4.0,1.0,1.0,1.0,4.75,549.0,https://www.airbnb.es/rooms/5248745
Barcelona,Poblenou,49455076,2026-06-01,Apartamento en El Poblenou,230.0,6.0,2.0,4.0,1.0,4.43,106.0,https://www.airbnb.es/rooms/49455076
Barcelona,Poblenou,1044047228278493890,2026-06-01,Apartamento en El Poblenou,178.0,3.0,1.0,2.0,1.0,4.44,59.0,https://www.airbnb.es/rooms/1044047228278493890
Barcelona,Poblenou,1395616579066520047,2026-06-01,Habitación compartida en la Vila Olímpica del Poblenou,31.0,,,1.0,,4.46,1363.0,https://www.airbnb.es/rooms/1395616579066520047
Barcelona,Poblenou,7126261,2026-06-01,Apartamento en El Poblenou,265.0,5.0,2.0,3.0,1.0,4.62,65.0,https://www.airbnb.es/rooms/7126261
Barcelona,Poblenou,1305002871504629631,2026-06-01,Apartamento en El Poblenou,218.0,3.0,2.0,2.0,1.0,4.6,90.0,https://www.airbnb.es/rooms/1305002871504629631
Barcelona,Poblenou,7091925,2026-06-01,Apartamento en El Poblenou,313.0,3.0,1.0,2.0,1.0,4.76,319.0,https://www.airbnb.es/rooms/7091925
Barcelona,Poblenou,1648439394142692357,2026-06-01,Apartamento en El Poblenou,445.0,2.0,1.0,1.0,1.0,5.0,5.0,https://www.airbnb.es/rooms/1648439394142692357
Barcelona,Poblenou,1853214,2026-06-01,Apartamento en El Poblenou,359.0,5.0,2.0,4.0,2.0,4.8,463.0,https://www.airbnb.es/rooms/1853214
Barcelona,Poblenou,23265494,2026-06-01,Apartamento en El Poblenou,652.0,3.0,1.0,2.0,1.0,4.94,265.0,https://www.airbnb.es/rooms/23265494
Barcelona,Poblenou,1639910511955388459,2026-06-01,Apartamento en El Poblenou,356.0,2.0,1.0,1.0,1.0,4.75,12.0,https://www.airbnb.es/rooms/1639910511955388459
Barcelona,Poblenou,1330408326087495128,2026-06-01,Habitación compartida en Eixample,105.0,,,8.0,,4.77,183.0,https://www.airbnb.es/rooms/1330408326087495128
Barcelona,Poblenou,19799557,2026-06-01,Apartamento en El Poblenou,357.0,5.0,2.0,3.0,2.0,4.58,880.0,https://www.airbnb.es/rooms/19799557
Barcelona,Poblenou,33385782,2026-06-01,Hotel boutique en Eixample,160.0,3.0,1.0,2.0,1.0,4.77,372.0,https://www.airbnb.es/rooms/33385782
Barcelona,Poblenou,21653693,2026-06-01,Apartamento en Ciutat Vella,225.0,3.0,1.0,3.0,1.0,4.85,220.0,https://www.airbnb.es/rooms/21653693
Barcelona,Poblenou,3008815,2026-06-01,Apartamento en El Poblenou,211.0,5.0,2.0,3.0,1.0,4.56,223.0,https://www.airbnb.es/rooms/3008815
Barcelona,Poblenou,1381830149578594250,2026-06-01,Habitación compartida en Eixample,44.0,,,,,4.72,612.0,https://www.airbnb.es/rooms/1381830149578594250
Barcelona,Poblenou,1683879479810257006,2026-06-01,Alojamiento en Barcelona,126.0,2.0,1.0,1.0,1.0,,,https://www.airbnb.es/rooms/1683879479810257006
Barcelona,Poblenou,24978663,2026-06-01,Loft en el Barri Gòtic,207.0,2.0,,1.0,1.0,4.92,537.0,https://www.airbnb.es/rooms/24978663
Barcelona,Poblenou,43594260,2026-06-01,Apartamento en El Poblenou,245.0,4.0,2.0,3.0,1.0,4.55,246.0,https://www.airbnb.es/rooms/43594260
Barcelona,Poblenou,1086385318652132563,2026-06-01,Habitación en Barcelona,59.0,,,1.0,,4.17,18.0,https://www.airbnb.es/rooms/1086385318652132563
Barcelona,Poblenou,23990630,2026-06-01,Loft en el Barri Gòtic,195.0,3.0,,1.0,1.0,4.91,493.0,https://www.airbnb.es/rooms/23990630
Barcelona,Poblenou,32561248,2026-06-01,Hostal en Eixample,115.0,2.0,1.0,1.0,,4.82,506.0,https://www.airbnb.es/rooms/32561248
Barcelona,Poblenou,17628425,2026-06-01,Apartamento en El Poblenou,265.0,5.0,2.0,2.0,2.0,4.85,226.0,https://www.airbnb.es/rooms/17628425
Barcelona,Poblenou,13571420,2026-06-01,Apartamento en Barcelona,120.0,4.0,1.0,1.0,1.0,4.66,760.0,https://www.airbnb.es/rooms/13571420
Barcelona,Poblenou,5256656,2026-06-01,Apartamento en Barcelona,190.0,6.0,2.0,3.0,1.0,4.66,700.0,https://www.airbnb.es/rooms/5256656
Barcelona,Poblenou,1691373404448885892,2026-06-01,Apartamento en Barcelona,333.0,4.0,3.0,3.0,2.0,,,https://www.airbnb.es/rooms/1691373404448885892
Barcelona,Poblenou,6399512,2026-06-01,Apartamento en Barcelona,150.0,4.0,1.0,1.0,1.0,4.7,125.0,https://www.airbnb.es/rooms/6399512
Barcelona,Poblenou,5248481,2026-06-01,Apartamento en Barcelona,235.0,6.0,2.0,3.0,1.0,4.63,244.0,https://www.airbnb.es/rooms/5248481
Barcelona,Poblenou,1395660922989787647,2026-06-01,Habitación compartida en Barcelona,36.0,,,1.0,,4.51,131.0,https://www.airbnb.es/rooms/1395660922989787647
Barcelona,Poblenou,1007834347793725460,2026-06-01,Habitación en Badalona,81.0,,,1.0,,4.86,161.0,https://www.airbnb.es/rooms/1007834347793725460
Barcelona,Poblenou,1440590229528643742,2026-06-01,easyHotel Barcelona La Sagrera,153.0,,,,,4.63,348.0,https://www.airbnb.es/rooms/1440590229528643742
Barcelona,Poblenou,1629047930699126683,2026-06-01,Hotel Ronda Lesseps,165.0,,,,,4.78,596.0,https://www.airbnb.es/rooms/1629047930699126683
Barcelona,Poblenou,1395546731678953844,2026-06-01,chic&basic Born Boutique Hotel,164.0,,,,,4.58,111.0,https://www.airbnb.es/rooms/1395546731678953844
Barcelona,Poblenou,1133084173254255155,2026-06-01,Vincci Bit,182.0,,,,,4.72,352.0,https://www.airbnb.es/rooms/1133084173254255155
Barcelona,Poblenou,1471733298180337893,2026-06-01,The Social Hub Barcelona Poblenou,218.0,,,,,4.82,79.0,https://www.airbnb.es/rooms/1471733298180337893
Barcelona,Poblenou,1644128350843386600,2026-06-01,Sercotel Porta Barcelona,117.0,,,,,4.63,48.0,https://www.airbnb.es/rooms/1644128350843386600
Barcelona,Poblenou,1644972241335637334,2026-06-01,Vincci Maritimo,190.0,,,,,,,https://www.airbnb.es/rooms/1644972241335637334
Barcelona,Poblenou,1644119648954608427,2026-06-01,Sercotel Caspe Hotel,199.0,,,,,4.58,24.0,https://www.airbnb.es/rooms/1644119648954608427
Barcelona,Poblenou,1623934637415285973,2026-06-01,Barcelona Princess,175.0,,,,,,,https://www.airbnb.es/rooms/1623934637415285973
Barcelona,Poblenou,1600016322754075561,2026-06-01,chic&basic Velvet,156.0,,,,,5.0,3.0,https://www.airbnb.es/rooms/1600016322754075561
Barcelona,Poblenou,24590131,2026-06-01,Hotel boutique en .,139.0,2.0,1.0,1.0,1.0,4.64,258.0,https://www.airbnb.es/rooms/24590131
Barcelona,Poblenou,1358768214927137133,2026-06-01,Apartamento en Barcelona,235.0,4.0,2.0,2.0,1.0,4.75,28.0,https://www.airbnb.es/rooms/1358768214927137133
Barcelona,Poblenou,9996765,2026-06-01,Apartamento en Barcelona,248.0,8.0,3.0,3.0,2.0,4.76,347.0,https://www.airbnb.es/rooms/9996765
Barcelona,Poblenou,20030829,2026-06-01,Habitación en L'Hospitalet de Llobregat,46.0,,,1.0,,4.78,697.0,https://www.airbnb.es/rooms/20030829
Barcelona,Poblenou,1535536687474376310,2026-06-01,Apartamento en Barcelona,409.0,6.0,3.0,5.0,2.0,4.86,21.0,https://www.airbnb.es/rooms/1535536687474376310
Barcelona,Poblenou,585383336483878796,2026-06-01,Hotel en Barcelona,120.0,1.0,1.0,1.0,1.0,4.68,115.0,https://www.airbnb.es/rooms/585383336483878796
Barcelona,Poblenou,1661005921685230815,2026-06-01,Alojamiento en Barcelona,64.0,1.0,1.0,1.0,1.0,,,https://www.airbnb.es/rooms/1661005921685230815
Barcelona,Poblenou,33385364,2026-06-01,Hotel boutique en Barcelona,150.0,2.0,1.0,1.0,1.0,4.65,219.0,https://www.airbnb.es/rooms/33385364
Barcelona,Poblenou,36563289,2026-06-01,Habitación de hotel en Barcelona,185.0,2.0,1.0,1.0,1.0,4.53,147.0,https://www.airbnb.es/rooms/36563289
Barcelona,Poblenou,45094691,2026-06-01,Apartamento en Barcelona,188.0,4.0,2.0,3.0,1.0,4.39,69.0,https://www.airbnb.es/rooms/45094691
Barcelona,Poblenou,21761757,2026-06-01,Apartamento en Barcelona,180.0,2.0,1.0,2.0,0.0,4.64,113.0,https://www.airbnb.es/rooms/21761757
Barcelona,Poblenou,1081106888283937930,2026-06-01,Habitación compartida en Barcelona,44.0,,,,,4.67,280.0,https://www.airbnb.es/rooms/1081106888283937930
Barcelona,Poblenou,1089621698816168489,2026-06-01,Apartamento en Sant Adrià de Besòs,224.0,7.0,3.0,5.0,2.0,4.72,130.0,https://www.airbnb.es/rooms/1089621698816168489
Barcelona,Poblenou,1399112591589162337,2026-06-01,Apartamento en Barcelona,200.0,4.0,2.0,3.0,2.0,4.86,14.0,https://www.airbnb.es/rooms/1399112591589162337
Barcelona,Poblenou,5561974,2026-06-01,Habitación compartida en Barcelona,53.0,,,16.0,,4.71,1574.0,https://www.airbnb.es/rooms/5561974
Barcelona,Poblenou,1659262466106730557,2026-06-01,Habitación compartida en L'Hospitalet de Llobregat,37.0,,,1.0,,4.47,47.0,https://www.airbnb.es/rooms/1659262466106730557
Barcelona,Poblenou,1183887301587375929,2026-06-01,Apartamento en Barcelona,352.0,6.0,2.0,3.0,2.0,4.91,70.0,https://www.airbnb.es/rooms/1183887301587375929
Barcelona,Poblenou,1692725051444428427,2026-06-01,Alojamiento en Barcelona,129.0,2.0,1.0,1.0,1.0,,,https://www.airbnb.es/rooms/1692725051444428427
Barcelona,Poblenou,1373005404778595213,2026-06-01,Apartamento en Barcelona,191.0,2.0,1.0,1.0,1.0,4.81,52.0,https://www.airbnb.es/rooms/1373005404778595213
Barcelona,Poblenou,42604480,2026-06-01,Apartamento en Barcelona,253.0,5.0,3.0,3.0,1.0,4.77,56.0,https://www.airbnb.es/rooms/42604480
Barcelona,Poblenou,41371513,2026-06-01,Apto. residencial en Sant Adrià de Besòs,130.0,3.0,1.0,2.0,1.0,4.66,214.0,https://www.airbnb.es/rooms/41371513
Barcelona,Poblenou,23737826,2026-06-01,Apartamento en Barcelona,201.0,6.0,2.0,4.0,1.0,4.7,136.0,https://www.airbnb.es/rooms/23737826
Barcelona,Poblenou,20486545,2026-06-01,Apartamento en Barcelona,291.0,8.0,4.0,7.0,2.0,4.71,393.0,https://www.airbnb.es/rooms/20486545
Barcelona,Poblenou,1370030731274925873,2026-06-01,Apartamento en Badalona,145.0,4.0,1.0,2.0,1.0,4.82,33.0,https://www.airbnb.es/rooms/1370030731274925873
Barcelona,Poblenou,1414473753453618431,2026-06-01,Habitación de hotel compartida en Barcelona,96.0,,,4.0,,4.96,295.0,https://www.airbnb.es/rooms/1414473753453618431
Barcelona,Poblenou,888070459646437490,2026-06-01,Apartamento en Barcelona,189.0,5.0,2.0,3.0,2.0,4.51,288.0,https://www.airbnb.es/rooms/888070459646437490
Barcelona,Poblenou,41015150,2026-06-01,Apartamento en Barcelona,330.0,6.0,3.0,3.0,2.0,4.94,121.0,https://www.airbnb.es/rooms/41015150
Barcelona,Poblenou,1136956165361219739,2026-06-01,Apartamento en Barcelona,368.0,6.0,3.0,4.0,2.0,4.83,80.0,https://www.airbnb.es/rooms/1136956165361219739
Barcelona,Poblenou,1086039450004234057,2026-06-01,Hostal en Barcelona,124.0,2.0,1.0,1.0,1.0,4.75,8.0,https://www.airbnb.es/rooms/1086039450004234057
Barcelona,Poblenou,1399112602583968962,2026-06-01,Apartamento en Barcelona,250.0,6.0,3.0,4.0,2.0,4.79,19.0,https://www.airbnb.es/rooms/1399112602583968962
Barcelona,Poblenou,45970180,2026-06-01,Apartamento en Barcelona,180.0,2.0,1.0,1.0,0.0,4.59,37.0,https://www.airbnb.es/rooms/45970180
Barcelona,Poblenou,1358745153008344797,2026-06-01,Apartamento en Barcelona,235.0,4.0,2.0,2.0,1.0,4.58,43.0,https://www.airbnb.es/rooms/1358745153008344797
Barcelona,Poblenou,543922705360439172,2026-06-01,Apto. residencial en Santa Coloma de Gramanet,136.0,3.0,2.0,4.0,1.0,4.48,161.0,https://www.airbnb.es/rooms/543922705360439172
Barcelona,Poblenou,22094381,2026-06-01,Apartamento en Barcelona,160.0,5.0,2.0,3.0,1.0,4.59,263.0,https://www.airbnb.es/rooms/22094381
Barcelona,Poblenou,1198074,2026-06-01,Apartamento en Barcelona,300.0,4.0,2.0,3.0,2.0,4.89,119.0,https://www.airbnb.es/rooms/1198074
Barcelona,Poblenou,33820070,2026-06-01,Apartamento en Barcelona,330.0,6.0,3.0,3.0,2.0,4.9,106.0,https://www.airbnb.es/rooms/33820070
Barcelona,Poblenou,600371086640483735,2026-06-01,Apartamento en Barcelona,229.0,6.0,3.0,6.0,1.0,4.68,420.0,https://www.airbnb.es/rooms/600371086640483735
Barcelona,Poblenou,1302313221763681420,2026-06-01,Apartamento en Barcelona,226.0,5.0,3.0,1.0,1.0,4.97,31.0,https://www.airbnb.es/rooms/1302313221763681420
Barcelona,Poblenou,706301138763170375,2026-06-01,Apartamento en Barcelona,281.0,4.0,2.0,3.0,1.0,4.64,39.0,https://www.airbnb.es/rooms/706301138763170375
Barcelona,Poblenou,10621483,2026-06-01,Apartamento en Barcelona,235.0,4.0,2.0,2.0,1.0,4.73,435.0,https://www.airbnb.es/rooms/10621483
Barcelona,Poblenou,886838723814651944,2026-06-01,Apartamento en Barcelona,197.0,3.0,1.0,2.0,1.0,4.73,730.0,https://www.airbnb.es/rooms/886838723814651944
Barcelona,Poblenou,21390932,2026-06-01,Apartamento en Barcelona,291.0,8.0,4.0,7.0,2.0,4.77,374.0,https://www.airbnb.es/rooms/21390932
Barcelona,Poblenou,21653679,2026-06-01,Apartamento en Barcelona,375.0,7.0,3.0,5.0,2.0,4.88,284.0,https://www.airbnb.es/rooms/21653679
Barcelona,Poblenou,1470261982222514021,2026-06-01,Apartamento en Barcelona,209.0,2.0,,1.0,1.0,4.42,60.0,https://www.airbnb.es/rooms/1470261982222514021
Barcelona,Poblenou,1394826946727751336,2026-06-01,Hotel en Barcelona,140.0,1.0,1.0,1.0,0.0,4.89,18.0,https://www.airbnb.es/rooms/1394826946727751336
Barcelona,Poblenou,31400940,2026-06-01,Apartamento en Barcelona,243.0,6.0,3.0,5.0,2.0,4.57,211.0,https://www.airbnb.es/rooms/31400940
Barcelona,Poblenou,889011707152741256,2026-06-01,Apartamento en Barcelona,330.0,5.0,2.0,3.0,2.0,4.85,156.0,https://www.airbnb.es/rooms/889011707152741256
Barcelona,Poblenou,52047510,2026-06-01,Hostal en Barcelona,126.0,2.0,1.0,1.0,1.0,4.76,300.0,https://www.airbnb.es/rooms/52047510
Barcelona,Poblenou,45094687,2026-06-01,Apartamento en Barcelona,188.0,4.0,2.0,3.0,1.0,4.27,15.0,https://www.airbnb.es/rooms/45094687
Barcelona,Poblenou,1310139376343405076,2026-06-01,Apartamento en Barcelona,399.0,3.0,2.0,2.0,1.0,4.61,38.0,https://www.airbnb.es/rooms/1310139376343405076
Barcelona,Poblenou,1445679940509205636,2026-06-01,Alojamiento en Barcelona,119.0,2.0,1.0,1.0,1.0,,,https://www.airbnb.es/rooms/1445679940509205636
Barcelona,Poblenou,42687971,2026-06-01,Apartamento en Barcelona,251.0,4.0,3.0,3.0,1.0,4.49,76.0,https://www.airbnb.es/rooms/42687971
Barcelona,Poblenou,30759793,2026-06-01,Apartamento en Barcelona,273.0,5.0,2.0,4.0,2.0,4.83,1246.0,https://www.airbnb.es/rooms/30759793
Barcelona,Poblenou,52047182,2026-06-01,Hostal en Barcelona,107.0,2.0,1.0,2.0,1.0,4.76,787.0,https://www.airbnb.es/rooms/52047182
Barcelona,Poblenou,1321021264235011863,2026-06-01,Habitación compartida en Barcelona,48.0,,,1.0,4.0,4.43,214.0,https://www.airbnb.es/rooms/1321021264235011863
Barcelona,Poblenou,646222155745135099,2026-06-01,Apto. residencial en Barcelona,162.0,5.0,3.0,5.0,1.0,4.5,143.0,https://www.airbnb.es/rooms/646222155745135099
Barcelona,Poblenou,1218134357337850495,2026-06-01,Apartamento en Sant Adrià de Besòs,202.0,4.0,2.0,2.0,1.0,4.85,20.0,https://www.airbnb.es/rooms/1218134357337850495
Barcelona,Poblenou,1394855747314311569,2026-06-01,Hotel en Barcelona,145.0,1.0,1.0,1.0,0.0,4.84,37.0,https://www.airbnb.es/rooms/1394855747314311569
Barcelona,Poblenou,1260951371855007669,2026-06-01,Apartamento en Barcelona,274.0,2.0,1.0,1.0,1.0,4.81,47.0,https://www.airbnb.es/rooms/1260951371855007669
Barcelona,Poblenou,619465386114743418,2026-06-01,Apto. residencial en Santa Coloma de Gramanet,161.0,7.0,4.0,7.0,1.0,4.42,157.0,https://www.airbnb.es/rooms/619465386114743418
Barcelona,Poblenou,17672694,2026-06-01,Apartamento en Barcelona,278.0,5.0,2.0,3.0,1.0,4.53,276.0,https://www.airbnb.es/rooms/17672694
Barcelona,Poblenou,1679706582700826194,2026-06-01,Alojamiento en Barcelona,82.0,2.0,1.0,1.0,2.0,,,https://www.airbnb.es/rooms/1679706582700826194
Barcelona,Poblenou,31938846,2026-06-01,Apartamento en Barcelona,357.0,6.0,2.0,4.0,2.0,4.67,87.0,https://www.airbnb.es/rooms/31938846
Barcelona,Poblenou,10663752,2026-06-01,Apartamento en Barcelona,319.0,5.0,2.0,2.0,1.0,4.81,589.0,https://www.airbnb.es/rooms/10663752
Barcelona,Poblenou,52219850,2026-06-01,Habitación en L'Hospitalet de Llobregat,88.0,,,2.0,,4.89,193.0,https://www.airbnb.es/rooms/52219850
Barcelona,Poblenou,1079005887136672505,2026-06-01,Apartamento en Barcelona,210.0,6.0,3.0,3.0,2.0,4.72,102.0,https://www.airbnb.es/rooms/1079005887136672505
Barcelona,Poblenou,1664576946599855051,2026-06-01,Alojamiento en Barcelona,60.0,1.0,1.0,1.0,1.0,,,https://www.airbnb.es/rooms/1664576946599855051
Barcelona,Poblenou,3144104,2026-06-01,Apartamento en Barcelona,280.0,6.0,3.0,4.0,1.0,4.9,1003.0,https://www.airbnb.es/rooms/3144104
Barcelona,Poblenou,1321567328957236283,2026-06-01,Habitación de hotel compartida en L'Hospitalet de Llobregat,36.0,,,1.0,,4.46,394.0,https://www.airbnb.es/rooms/1321567328957236283
Barcelona,Poblenou,1344907350901165794,2026-06-01,Apartamento en Barcelona,205.0,5.0,3.0,3.0,1.0,4.25,24.0,https://www.airbnb.es/rooms/1344907350901165794
Barcelona,Poblenou,1452683797270843122,2026-06-01,Alojamiento en Barcelona,153.0,2.0,1.0,1.0,1.0,4.67,3.0,https://www.airbnb.es/rooms/1452683797270843122
Barcelona,Poblenou,1543714012432127542,2026-06-01,Alojamiento en Barcelona,114.0,2.0,1.0,2.0,1.0,4.18,17.0,https://www.airbnb.es/rooms/1543714012432127542
Barcelona,Poblenou,1326720473830294071,2026-06-01,Habitación en Barcelona,155.0,,,1.0,,4.81,32.0,https://www.airbnb.es/rooms/1326720473830294071
Barcelona,Poblenou,5179215,2026-06-01,Habitación compartida en Barcelona,54.0,,,,2.0,4.65,462.0,https://www.airbnb.es/rooms/5179215
Barcelona,Poblenou,1399112579281949206,2026-06-01,Apartamento en Barcelona,250.0,6.0,3.0,4.0,2.0,4.73,30.0,https://www.airbnb.es/rooms/1399112579281949206
Barcelona,Poblenou,1578299470316826251,2026-06-01,Apartamento en Barcelona,278.0,4.0,2.0,2.0,1.0,4.73,15.0,https://www.airbnb.es/rooms/1578299470316826251
Barcelona,Poblenou,43967077,2026-06-01,Apartamento en Barcelona,370.0,8.0,4.0,4.0,2.0,4.68,183.0,https://www.airbnb.es/rooms/43967077
Barcelona,Poblenou,1470272416682092384,2026-06-01,Apartamento en Barcelona,270.0,4.0,1.0,2.0,1.0,4.53,80.0,https://www.airbnb.es/rooms/1470272416682092384
Barcelona,Poblenou,47733474,2026-06-01,Hotel en Barcelona,153.0,2.0,1.0,2.0,1.0,4.73,859.0,https://www.airbnb.es/rooms/47733474
Barcelona,Poblenou,1630658378282856382,2026-06-01,Apartamento en Barcelona,336.0,10.0,4.0,6.0,2.0,,,https://www.airbnb.es/rooms/1630658378282856382
Barcelona,Poblenou,1690527090152157222,2026-06-01,Alojamiento en Barcelona,134.0,2.0,1.0,1.0,1.0,,,https://www.airbnb.es/rooms/1690527090152157222
Barcelona,Poblenou,1623289005520410092,2026-06-01,Alojamiento en Barcelona,114.0,1.0,1.0,1.0,1.0,4.73,11.0,https://www.airbnb.es/rooms/1623289005520410092
Barcelona,Poblenou,691274207596749989,2026-06-01,Hotel en Barcelona,108.0,1.0,1.0,1.0,0.0,4.11,9.0,https://www.airbnb.es/rooms/691274207596749989
Barcelona,Poblenou,1326725326505465825,2026-06-01,Habitación en Barcelona,154.0,,,1.0,,4.8,44.0,https://www.airbnb.es/rooms/1326725326505465825
Barcelona,Poblenou,563553175219651122,2026-06-01,Habitación compartida en Barcelona,49.0,,,8.0,2.0,4.52,447.0,https://www.airbnb.es/rooms/563553175219651122
Barcelona,Poblenou,1394773500642844241,2026-06-01,Hotel en Barcelona,130.0,1.0,1.0,1.0,0.0,5.0,4.0,https://www.airbnb.es/rooms/1394773500642844241
Barcelona,Poblenou,842692205814831591,2026-06-01,Apartamento en Barcelona,275.0,4.0,2.0,3.0,1.0,4.66,128.0,https://www.airbnb.es/rooms/842692205814831591
Barcelona,Poblenou,1650088777130237893,2026-06-01,Alojamiento en Barcelona,164.0,3.0,1.0,2.0,1.0,5.0,6.0,https://www.airbnb.es/rooms/1650088777130237893
Barcelona,Poblenou,45947908,2026-06-01,Habitación compartida en Barcelona,48.0,,,,,4.55,11.0,https://www.airbnb.es/rooms/45947908
Barcelona,Poblenou,1297752048731285588,2026-06-01,Apartamento en Barcelona,211.0,4.0,3.0,6.0,2.0,4.14,14.0,https://www.airbnb.es/rooms/1297752048731285588
Barcelona,Poblenou,1334766827175728865,2026-06-01,Alojamiento en Santa Coloma de Gramanet,62.0,2.0,1.0,1.0,1.0,4.78,40.0,https://www.airbnb.es/rooms/1334766827175728865
Barcelona,Poblenou,1314932205945109259,2026-06-01,Apartamento en Badalona,174.0,4.0,1.0,2.0,1.0,4.82,51.0,https://www.airbnb.es/rooms/1314932205945109259
Barcelona,Poblenou,1255010304629266857,2026-06-01,Habitación de hotel compartida en Barcelona,40.0,,,,,4.5,8.0,https://www.airbnb.es/rooms/1255010304629266857
Barcelona,Poblenou,50194220,2026-06-01,Hotel en Barcelona,199.0,1.0,,,1.0,4.71,42.0,https://www.airbnb.es/rooms/50194220
Barcelona,Poblenou,4028518,2026-06-01,Loft en Barcelona,292.0,4.0,2.0,3.0,1.0,4.95,952.0,https://www.airbnb.es/rooms/4028518
Barcelona,Poblenou,862122500288513146,2026-06-01,Hostal en Barcelona,142.0,2.0,1.0,1.0,1.0,4.83,659.0,https://www.airbnb.es/rooms/862122500288513146
Barcelona,Poblenou,49332862,2026-06-01,Apartamento en Barcelona,229.0,6.0,3.0,6.0,1.0,4.73,11.0,https://www.airbnb.es/rooms/49332862
Barcelona,Poblenou,26976115,2026-06-01,Habitación de hotel en Barcelona,170.0,2.0,1.0,1.0,1.0,4.85,55.0,https://www.airbnb.es/rooms/26976115
Barcelona,Poblenou,643237654635430610,2026-06-01,Apartamento en Barcelona,219.0,3.0,2.0,2.0,2.0,4.52,243.0,https://www.airbnb.es/rooms/643237654635430610
Barcelona,Poblenou,1618807969913419323,2026-06-01,Alojamiento en Barcelona,125.0,2.0,1.0,1.0,1.0,3.71,7.0,https://www.airbnb.es/rooms/1618807969913419323
Barcelona,Poblenou,23211786,2026-06-01,Apartamento en L'Hospitalet de Llobregat,159.0,4.0,1.0,1.0,1.0,4.67,301.0,https://www.airbnb.es/rooms/23211786
Barcelona,Poblenou,1142567755780101977,2026-06-01,Habitación en Barcelona,118.0,,1.0,,,4.57,67.0,https://www.airbnb.es/rooms/1142567755780101977
Barcelona,Poblenou,41016718,2026-06-01,Apartamento en Barcelona,288.0,3.0,2.0,3.0,1.0,4.43,75.0,https://www.airbnb.es/rooms/41016718
Barcelona,Poblenou,1330966950087493250,2026-06-01,Apartamento en Barcelona,301.0,4.0,1.0,2.0,1.0,4.6,10.0,https://www.airbnb.es/rooms/1330966950087493250
Barcelona,Poblenou,1118036465845477181,2026-06-01,Apartamento en Barcelona,195.0,10.0,4.0,6.0,2.0,4.49,43.0,https://www.airbnb.es/rooms/1118036465845477181
Barcelona,Poblenou,1693479205558878090,2026-06-01,Alojamiento en Barcelona,155.0,3.0,1.0,2.0,2.0,,,https://www.airbnb.es/rooms/1693479205558878090
Barcelona,Poblenou,1567985873659883473,2026-06-01,Habitación de hotel en Barcelona,173.0,2.0,,1.0,1.0,4.84,55.0,https://www.airbnb.es/rooms/1567985873659883473
Barcelona,Poblenou,53141289,2026-06-01,Hotel en Barcelona,147.0,2.0,1.0,1.0,1.0,4.68,117.0,https://www.airbnb.es/rooms/53141289
Barcelona,Poblenou,39691563,2026-06-01,Apartamento en Barcelona,201.0,3.0,1.0,3.0,1.0,4.84,499.0,https://www.airbnb.es/rooms/39691563
Barcelona,Poblenou,1670237565161043218,2026-06-01,Apartamento en Barcelona,118.0,2.0,1.0,1.0,1.0,,,https://www.airbnb.es/rooms/1670237565161043218
Barcelona,Poblenou,39959257,2026-06-01,Apartamento en Barcelona,230.0,6.0,2.0,3.0,1.0,4.59,133.0,https://www.airbnb.es/rooms/39959257
Barcelona,Poblenou,741132250553803648,2026-06-01,Apartamento en Barcelona,221.0,3.0,1.0,2.0,1.0,4.87,215.0,https://www.airbnb.es/rooms/741132250553803648
Barcelona,Poblenou,1354292507938470804,2026-06-01,Apartamento en Barcelona,239.0,6.0,3.0,3.0,1.0,4.68,80.0,https://www.airbnb.es/rooms/1354292507938470804
Barcelona,Poblenou,1457480281850759221,2026-06-01,Apartamento en Barcelona,150.0,2.0,1.0,1.0,1.0,4.67,12.0,https://www.airbnb.es/rooms/1457480281850759221
Barcelona,Poblenou,1089379116372474042,2026-06-01,Apartamento en Barcelona,244.0,5.0,2.0,3.0,1.0,4.5,20.0,https://www.airbnb.es/rooms/1089379116372474042
Barcelona,Poblenou,1287610757999307965,2026-06-01,Apartamento en Barcelona,275.0,4.0,2.0,3.0,1.0,4.74,88.0,https://www.airbnb.es/rooms/1287610757999307965
Barcelona,Poblenou,893566680384176153,2026-06-01,Apartamento en Sant Adrià de Besòs,137.0,2.0,1.0,2.0,1.0,4.83,162.0,https://www.airbnb.es/rooms/893566680384176153
Barcelona,Poblenou,1470270578626336529,2026-06-01,Apartamento en Barcelona,255.0,2.0,1.0,1.0,1.0,4.83,6.0,https://www.airbnb.es/rooms/1470270578626336529
Barcelona,Poblenou,52161036,2026-06-01,Hotel en Barcelona,184.0,2.0,1.0,1.0,1.0,4.76,653.0,https://www.airbnb.es/rooms/52161036
Barcelona,Poblenou,1690721429631322509,2026-06-01,Alojamiento en Barcelona,104.0,2.0,1.0,1.0,1.0,,,https://www.airbnb.es/rooms/1690721429631322509
Barcelona,Poblenou,1510791303370587963,2026-06-01,Habitación compartida en Barcelona,50.0,,,1.0,,4.25,8.0,https://www.airbnb.es/rooms/1510791303370587963
Barcelona,Poblenou,1573117675347174653,2026-06-01,Alojamiento en Barcelona,105.0,2.0,1.0,1.0,1.0,4.81,16.0,https://www.airbnb.es/rooms/1573117675347174653
Barcelona,Poblenou,949076012193163777,2026-06-01,Apartamento en Sant Adrià de Besòs,171.0,4.0,3.0,1.0,1.0,4.73,128.0,https://www.airbnb.es/rooms/949076012193163777
Barcelona,Poblenou,53176466,2026-06-01,Hotel en Barcelona,158.0,2.0,1.0,2.0,1.0,4.65,670.0,https://www.airbnb.es/rooms/53176466
Barcelona,Poblenou,45228987,2026-06-01,Apartamento en Barcelona,272.0,4.0,2.0,4.0,1.0,4.43,171.0,https://www.airbnb.es/rooms/45228987
Barcelona,Poblenou,1086031486385200943,2026-06-01,Hostal en Barcelona,128.0,2.0,1.0,1.0,0.0,4.49,88.0,https://www.airbnb.es/rooms/1086031486385200943
Barcelona,Poblenou,1624093495268601656,2026-06-01,Alojamiento en Barcelona,120.0,2.0,1.0,1.0,1.0,,,https://www.airbnb.es/rooms/1624093495268601656
Barcelona,Poblenou,1070622249649813826,2026-06-01,Apartamento en Barcelona,328.0,5.0,3.0,3.0,1.0,4.85,93.0,https://www.airbnb.es/rooms/1070622249649813826
Barcelona,Poblenou,994238313069797296,2026-06-01,Hotel en Barcelona,180.0,2.0,1.0,1.0,1.0,4.73,80.0,https://www.airbnb.es/rooms/994238313069797296
Barcelona,Poblenou,29356168,2026-06-01,Apartamento en Sant Adrià de Besòs,216.0,6.0,2.0,3.0,2.0,4.61,159.0,https://www.airbnb.es/rooms/29356168
Barcelona,Poblenou,928338662616912848,2026-06-01,Apto. residencial en Sant Adrià de Besòs,194.0,4.0,2.0,3.0,1.0,4.86,176.0,https://www.airbnb.es/rooms/928338662616912848
Barcelona,Poblenou,41920692,2026-06-01,Apartamento en Barcelona,187.0,4.0,1.0,1.0,1.0,4.48,162.0,https://www.airbnb.es/rooms/41920692
Barcelona,Poblenou,1345564814164731959,2026-06-01,Apartamento en Barcelona,196.0,5.0,3.0,4.0,1.0,4.21,19.0,https://www.airbnb.es/rooms/1345564814164731959
Barcelona,Poblenou,52360027,2026-06-01,Apartamento en Barcelona,214.0,2.0,1.0,1.0,1.0,4.85,262.0,https://www.airbnb.es/rooms/52360027
Barcelona,Poblenou,1452841857638279568,2026-06-01,Hostal en Barcelona,68.0,1.0,,1.0,4.0,4.58,26.0,https://www.airbnb.es/rooms/1452841857638279568
Barcelona,Poblenou,893214839957338944,2026-06-01,Apartamento en Sant Adrià de Besòs,207.0,5.0,3.0,5.0,1.0,4.79,112.0,https://www.airbnb.es/rooms/893214839957338944
Barcelona,Poblenou,39692277,2026-06-01,Apartamento en Barcelona,252.0,6.0,2.0,4.0,1.0,4.81,750.0,https://www.airbnb.es/rooms/39692277
Barcelona,Poblenou,1669854366982419703,2026-06-01,Alojamiento en Barcelona,118.0,2.0,1.0,1.0,1.0,,,https://www.airbnb.es/rooms/1669854366982419703
Barcelona,Poblenou,1373839405296654999,2026-06-01,Apartamento en Barcelona,179.0,3.0,1.0,1.0,1.0,4.35,82.0,https://www.airbnb.es/rooms/1373839405296654999
Barcelona,Poblenou,727396623523603415,2026-06-01,Apartamento en Sant Adrià de Besòs,330.0,6.0,3.0,4.0,2.0,4.88,16.0,https://www.airbnb.es/rooms/727396623523603415
Barcelona,Poblenou,1595568268946391356,2026-06-01,Apartamento en Sant Adrià de Besòs,168.0,4.0,2.0,1.0,1.0,,,https://www.airbnb.es/rooms/1595568268946391356
Barcelona,Poblenou,37306369,2026-06-01,Apartamento en Sant Adrià de Besòs,163.0,3.0,2.0,4.0,1.0,4.56,239.0,https://www.airbnb.es/rooms/37306369
Barcelona,Poblenou,49749120,2026-06-01,Hostal en Barcelona,123.0,1.0,1.0,1.0,1.0,4.6,227.0,https://www.airbnb.es/rooms/49749120
Barcelona,Poblenou,17220286,2026-06-01,Apartamento en L'Hospitalet de Llobregat,150.0,2.0,1.0,2.0,1.0,4.6,272.0,https://www.airbnb.es/rooms/17220286
Barcelona,Poblenou,1383867960663348575,2026-06-01,Habitación compartida en Barcelona,51.0,,,6.0,,4.67,27.0,https://www.airbnb.es/rooms/1383867960663348575
Barcelona,Poblenou,1625561930981954879,2026-06-01,Alojamiento en L'Hospitalet de Llobregat,70.0,1.0,1.0,1.0,1.0,,,https://www.airbnb.es/rooms/1625561930981954879
Barcelona,Poblenou,588263368399541801,2026-06-01,Hotel en Barcelona,150.0,2.0,1.0,2.0,1.0,4.61,77.0,https://www.airbnb.es/rooms/588263368399541801
Barcelona,Poblenou,813516117367744353,2026-06-01,Apartamento en Sant Adrià de Besòs,197.0,6.0,3.0,5.0,1.0,4.6,138.0,https://www.airbnb.es/rooms/813516117367744353
Barcelona,Poblenou,23317697,2026-06-01,Apartamento en L'Hospitalet de Llobregat,192.0,6.0,2.0,3.0,1.0,4.64,301.0,https://www.airbnb.es/rooms/23317697
Barcelona,Poblenou,1152270794244028064,2026-06-01,Apartamento en Barcelona,237.0,3.0,1.0,1.0,1.0,4.54,299.0,https://www.airbnb.es/rooms/1152270794244028064
Barcelona,Poblenou,1549457811807411081,2026-06-01,Apartamento en Barcelona,224.0,5.0,3.0,3.0,1.0,4.67,24.0,https://www.airbnb.es/rooms/1549457811807411081
Barcelona,Poblenou,1664580193297874282,2026-06-01,Alojamiento en Barcelona,61.0,1.0,1.0,1.0,1.0,,,https://www.airbnb.es/rooms/1664580193297874282
Barcelona,Poblenou,846004853225449054,2026-06-01,Alojamiento en Barcelona,99.0,1.0,1.0,1.0,1.0,4.2,5.0,https://www.airbnb.es/rooms/846004853225449054
Barcelona,Poblenou,1253824567135088293,2026-06-01,Apartamento en Barcelona,338.0,6.0,2.0,5.0,1.0,4.58,59.0,https://www.airbnb.es/rooms/1253824567135088293
Barcelona,Poblenou,49749459,2026-06-01,Hostal en Barcelona,149.0,2.0,1.0,1.0,0.0,4.42,104.0,https://www.airbnb.es/rooms/49749459
Barcelona,Poblenou,1673310031253023327,2026-06-01,Alojamiento en Barcelona,114.0,2.0,1.0,1.0,1.0,,,https://www.airbnb.es/rooms/1673310031253023327
Barcelona,Poblenou,1690077062160900192,2026-06-01,Alojamiento en Barcelona,114.0,1.0,1.0,1.0,1.0,,,https://www.airbnb.es/rooms/1690077062160900192
Barcelona,Poblenou,1687764092921991278,2026-06-01,Alojamiento en Barcelona,134.0,2.0,1.0,1.0,1.0,,,https://www.airbnb.es/rooms/1687764092921991278
Barcelona,Poblenou,50299696,2026-06-01,Apto. residencial en Barcelona,331.0,2.0,1.0,2.0,1.0,4.72,120.0,https://www.airbnb.es/rooms/50299696
Barcelona,Poblenou,45132322,2026-06-01,Hotel en Barcelona,147.0,2.0,1.0,2.0,0.0,4.71,231.0,https://www.airbnb.es/rooms/45132322
Barcelona,Poblenou,1404511151413042934,2026-06-01,Habitación en L'Hospitalet de Llobregat,93.0,,,1.0,,4.69,70.0,https://www.airbnb.es/rooms/1404511151413042934
Barcelona,Poblenou,1219561473030220539,2026-06-01,Hotel en Barcelona,180.0,2.0,1.0,1.0,1.0,4.62,26.0,https://www.airbnb.es/rooms/1219561473030220539
Barcelona,Poblenou,1299331630232875541,2026-06-01,Hostal en Barcelona,108.0,1.0,1.0,1.0,0.0,4.13,15.0,https://www.airbnb.es/rooms/1299331630232875541
Barcelona,Poblenou,846199567435612629,2026-06-01,Apartamento en Barcelona,246.0,4.0,2.0,3.0,1.0,4.79,250.0,https://www.airbnb.es/rooms/846199567435612629
Barcelona,Poblenou,1660197788403354448,2026-06-01,Alojamiento en Barcelona,134.0,2.0,1.0,1.0,1.0,,,https://www.airbnb.es/rooms/1660197788403354448
Barcelona,Poblenou,1690074682089846198,2026-06-01,Alojamiento en Barcelona,124.0,1.0,1.0,1.0,1.0,,,https://www.airbnb.es/rooms/1690074682089846198
Barcelona,Poblenou,1690700324694932302,2026-06-01,Apartamento en Barcelona,200.0,2.0,1.0,1.0,1.0,,,https://www.airbnb.es/rooms/1690700324694932302
Barcelona,Poblenou,1692719487005905044,2026-06-01,Apartamento en Barcelona,400.0,4.0,2.0,3.0,1.0,,,https://www.airbnb.es/rooms/1692719487005905044
Barcelona,Poblenou,42263516,2026-06-01,Apartamento en Barcelona,375.0,5.0,3.0,5.0,1.0,4.62,110.0,https://www.airbnb.es/rooms/42263516
Barcelona,Poblenou,1689843380550258164,2026-06-01,Alojamiento en Barcelona,108.0,2.0,1.0,1.0,1.0,,,https://www.airbnb.es/rooms/1689843380550258164
Barcelona,Poblenou,1594905462379683085,2026-06-01,Apartamento en Barcelona,366.0,6.0,3.0,6.0,2.0,4.73,15.0,https://www.airbnb.es/rooms/1594905462379683085
Barcelona,Poblenou,1689948511526716856,2026-06-01,Alojamiento en Barcelona,116.0,2.0,1.0,1.0,1.0,,,https://www.airbnb.es/rooms/1689948511526716856
Barcelona,Poblenou,846093318788581404,2026-06-01,Apartamento en Barcelona,323.0,5.0,3.0,4.0,1.0,4.73,2670.0,https://www.airbnb.es/rooms/846093318788581404
Barcelona,Poblenou,52139610,2026-06-01,Hostal en Barcelona,238.0,3.0,1.0,1.0,1.0,4.96,55.0,https://www.airbnb.es/rooms/52139610
Barcelona,Poblenou,546926327324184389,2026-06-01,Apartamento en Barcelona,235.0,2.0,1.0,2.0,1.0,4.64,66.0,https://www.airbnb.es/rooms/546926327324184389
Barcelona,Poblenou,1215808505757037841,2026-06-01,Apartamento en Badalona,193.0,2.0,1.0,1.0,1.0,4.84,32.0,https://www.airbnb.es/rooms/1215808505757037841
Barcelona,Poblenou,827349098679650028,2026-06-01,Apartamento en Barcelona,264.0,4.0,1.0,2.0,1.0,4.68,77.0,https://www.airbnb.es/rooms/827349098679650028
Barcelona,Poblenou,5723397,2026-06-01,Apartamento en Barcelona,320.0,6.0,3.0,4.0,2.0,4.84,205.0,https://www.airbnb.es/rooms/5723397
Barcelona,Poblenou,6536977,2026-06-01,Apartamento en Barcelona,250.0,3.0,2.0,3.0,1.0,4.69,117.0,https://www.airbnb.es/rooms/6536977
Barcelona,Poblenou,52359934,2026-06-01,Apartamento en Barcelona,203.0,2.0,1.0,1.0,1.0,4.77,151.0,https://www.airbnb.es/rooms/52359934
Barcelona,Poblenou,18819488,2026-06-01,Apartamento en Barcelona,280.0,4.0,2.0,3.0,1.0,4.91,264.0,https://www.airbnb.es/rooms/18819488
Barcelona,Poblenou,26940439,2026-06-01,Apartamento en Barcelona,293.0,4.0,2.0,3.0,1.0,4.85,1428.0,https://www.airbnb.es/rooms/26940439
Barcelona,Poblenou,53651979,2026-06-01,Hotel en Barcelona,160.0,2.0,1.0,2.0,1.0,4.59,129.0,https://www.airbnb.es/rooms/53651979
Barcelona,Poblenou,42393313,2026-06-01,Apartamento en Barcelona,370.0,4.0,2.0,3.0,1.0,4.85,249.0,https://www.airbnb.es/rooms/42393313
Barcelona,Poblenou,1082565952840543514,2026-06-01,Apartamento en Barcelona,205.0,4.0,1.0,2.0,0.0,4.88,16.0,https://www.airbnb.es/rooms/1082565952840543514
Barcelona,Poblenou,52119547,2026-06-01,Apartamento en Barcelona,315.0,6.0,3.0,4.0,2.0,4.93,80.0,https://www.airbnb.es/rooms/52119547
Barcelona,Poblenou,1349274513085425079,2026-06-01,Apartamento en Barcelona,352.0,4.0,2.0,5.0,1.0,4.87,53.0,https://www.airbnb.es/rooms/1349274513085425079
Barcelona,Poblenou,1674646765546985121,2026-06-01,Apartamento en Barcelona,235.0,4.0,3.0,3.0,1.0,4.33,3.0,https://www.airbnb.es/rooms/1674646765546985121
Barcelona,Poblenou,39959246,2026-06-01,Apartamento en Barcelona,246.0,6.0,2.0,3.0,1.0,4.54,120.0,https://www.airbnb.es/rooms/39959246
Barcelona,Poblenou,35948417,2026-06-01,Habitación en Badalona,135.0,,,1.0,,4.91,76.0,https://www.airbnb.es/rooms/35948417
Barcelona,Poblenou,886849936033572375,2026-06-01,Apartamento en Barcelona,295.0,6.0,2.0,3.0,2.0,4.74,69.0,https://www.airbnb.es/rooms/886849936033572375
Barcelona,Poblenou,1425279784893662580,2026-06-01,Apartamento en Barcelona,180.0,2.0,1.0,3.0,0.0,4.66,87.0,https://www.airbnb.es/rooms/1425279784893662580
Barcelona,Poblenou,5180175,2026-06-01,Apto. residencial en Barcelona,386.0,10.0,4.0,7.0,2.0,4.73,550.0,https://www.airbnb.es/rooms/5180175
Barcelona,Poblenou,1455849943058453477,2026-06-01,H10 Marina Barcelona,249.0,,,,,5.0,4.0,https://www.airbnb.es/rooms/1455849943058453477
Barcelona,Poblenou,52627366,2026-06-01,Apartamento en Barcelona,365.0,4.0,2.0,3.0,1.0,4.75,1124.0,https://www.airbnb.es/rooms/52627366
Barcelona,Poblenou,34564909,2026-06-01,Apartamento en Barcelona,359.0,6.0,3.0,5.0,2.0,4.8,152.0,https://www.airbnb.es/rooms/34564909
Barcelona,Poblenou,43139610,2026-06-01,Apartamento en Barcelona,341.0,4.0,2.0,4.0,1.0,4.44,72.0,https://www.airbnb.es/rooms/43139610
Barcelona,Poblenou,980264078034265574,2026-06-01,Hostal en Barcelona,220.0,3.0,1.0,1.0,1.0,4.87,47.0,https://www.airbnb.es/rooms/980264078034265574
Barcelona,Poblenou,1496396187402500177,2026-06-01,Apartamento en Sant Adrià de Besòs,252.0,4.0,2.0,2.0,2.0,5.0,37.0,https://www.airbnb.es/rooms/1496396187402500177
Barcelona,Poblenou,577996708031321987,2026-06-01,Apto. residencial en Santa Coloma de Gramanet,187.0,4.0,3.0,5.0,1.0,4.69,258.0,https://www.airbnb.es/rooms/577996708031321987
Barcelona,Poblenou,1299227531057750706,2026-06-01,Hostal en Barcelona,118.0,2.0,1.0,1.0,1.0,4.38,86.0,https://www.airbnb.es/rooms/1299227531057750706
Barcelona,Poblenou,5688077,2026-06-01,Apartamento en Barcelona,300.0,4.0,2.0,2.0,0.0,4.84,113.0,https://www.airbnb.es/rooms/5688077
Barcelona,Poblenou,1091128222209811355,2026-06-01,Apartamento en Barcelona,238.0,4.0,2.0,3.0,0.0,4.35,20.0,https://www.airbnb.es/rooms/1091128222209811355
Barcelona,Poblenou,691244680016995988,2026-06-01,Hotel en Barcelona,138.0,1.0,1.0,1.0,0.0,,,https://www.airbnb.es/rooms/691244680016995988
Barcelona,Poblenou,1259116019707310328,2026-06-01,Apartamento en Barcelona,270.0,9.0,5.0,8.0,2.0,4.81,146.0,https://www.airbnb.es/rooms/1259116019707310328
Barcelona,Poblenou,50063836,2026-06-01,Hostal en Barcelona,140.0,2.0,1.0,2.0,1.0,4.48,388.0,https://www.airbnb.es/rooms/50063836
Barcelona,Poblenou,27021820,2026-06-01,Apartamento en Barcelona,266.0,2.0,1.0,1.0,1.0,4.81,251.0,https://www.airbnb.es/rooms/27021820
Barcelona,Poblenou,1264297802923808590,2026-06-01,Apartamento en Barcelona,235.0,6.0,3.0,6.0,1.0,4.77,109.0,https://www.airbnb.es/rooms/1264297802923808590
Barcelona,Poblenou,13386885,2026-06-01,Apartamento en L'Hospitalet de Llobregat,173.0,3.0,1.0,1.0,1.0,4.51,201.0,https://www.airbnb.es/rooms/13386885
Barcelona,Poblenou,815098039571655810,2026-06-01,Apartamento en Barcelona,307.0,6.0,3.0,4.0,1.0,4.59,167.0,https://www.airbnb.es/rooms/815098039571655810
Barcelona,Poblenou,913477955506547107,2026-06-01,Apartamento en Sant Adrià de Besòs,243.0,4.0,3.0,,1.0,4.7,115.0,https://www.airbnb.es/rooms/913477955506547107
Barcelona,Poblenou,24590016,2026-06-01,Hotel boutique en .,163.0,2.0,1.0,1.0,1.0,4.76,113.0,https://www.airbnb.es/rooms/24590016
Barcelona,Poblenou,1636170298429607848,2026-06-01,Apartamento en Barcelona,176.0,2.0,1.0,1.0,1.0,,,https://www.airbnb.es/rooms/1636170298429607848
Barcelona,Poblenou,1396373104251718445,2026-06-01,Hotel en Barcelona,168.0,1.0,1.0,1.0,0.0,,,https://www.airbnb.es/rooms/1396373104251718445
Barcelona,Poblenou,1338934741854061619,2026-06-01,Apartamento en Barcelona,300.0,8.0,4.0,4.0,0.0,4.14,7.0,https://www.airbnb.es/rooms/1338934741854061619
Barcelona,Poblenou,1438084653468209954,2026-06-01,Habitación de hotel compartida en Barcelona,74.0,,,14.0,2.0,4.81,31.0,https://www.airbnb.es/rooms/1438084653468209954
Barcelona,Poblenou,52359464,2026-06-01,Apartamento en Barcelona,203.0,2.0,1.0,1.0,1.0,4.65,165.0,https://www.airbnb.es/rooms/52359464
Barcelona,Poblenou,1396364814218289239,2026-06-01,Hotel en Barcelona,154.0,1.0,1.0,1.0,0.0,,,https://www.airbnb.es/rooms/1396364814218289239
Barcelona,Poblenou,1279014549266588412,2026-06-01,Apartamento en Sant Adrià de Besòs,159.0,3.0,3.0,5.0,2.0,4.92,50.0,https://www.airbnb.es/rooms/1279014549266588412
Barcelona,Poblenou,52162416,2026-06-01,Hotel boutique en Barcelona,168.0,2.0,1.0,2.0,1.0,5.0,3.0,https://www.airbnb.es/rooms/52162416
Barcelona,Poblenou,1690707968761372686,2026-06-01,Alojamiento en Barcelona,108.0,2.0,1.0,1.0,1.0,,,https://www.airbnb.es/rooms/1690707968761372686
Barcelona,Poblenou,1576302000335009666,2026-06-01,Alojamiento en Barcelona,114.0,2.0,1.0,1.0,1.0,4.65,20.0,https://www.airbnb.es/rooms/1576302000335009666
Barcelona,Poblenou,1135216684465108261,2026-06-01,Apartamento en Barcelona,317.0,5.0,2.0,4.0,2.0,4.89,91.0,https://www.airbnb.es/rooms/1135216684465108261
Barcelona,Poblenou,1503794664513191347,2026-06-01,Casa de invitados en L'Hospitalet de Llobregat,93.0,1.0,1.0,1.0,1.0,4.75,53.0,https://www.airbnb.es/rooms/1503794664513191347
Barcelona,Poblenou,41976895,2026-06-01,Hotel boutique en Barcelona,230.0,2.0,1.0,1.0,1.0,,,https://www.airbnb.es/rooms/41976895
Barcelona,Poblenou,1676320427388991062,2026-06-01,Alojamiento en Barcelona,89.0,2.0,1.0,1.0,3.0,,,https://www.airbnb.es/rooms/1676320427388991062
Barcelona,Poblenou,39753264,2026-06-01,Apartamento en Barcelona,293.0,5.0,2.0,4.0,1.0,4.66,449.0,https://www.airbnb.es/rooms/39753264
Barcelona,Poblenou,49239267,2026-06-01,Hotel boutique en Barcelona,246.0,2.0,1.0,1.0,1.0,4.72,61.0,https://www.airbnb.es/rooms/49239267
Barcelona,Poblenou,32906782,2026-06-01,Hostal en Barcelona,157.0,3.0,1.0,2.0,1.0,4.87,406.0,https://www.airbnb.es/rooms/32906782
Barcelona,Poblenou,53411031,2026-06-01,Hotel en Barcelona,170.0,2.0,1.0,1.0,1.0,4.73,910.0,https://www.airbnb.es/rooms/53411031
Barcelona,Poblenou,1504263275732003147,2026-06-01,Alojamiento en Santa Coloma de Gramanet,150.0,3.0,1.0,2.0,1.0,4.9,20.0,https://www.airbnb.es/rooms/1504263275732003147
Barcelona,Poblenou,598352755393860082,2026-06-01,Hostal en Barcelona,164.0,2.0,1.0,1.0,1.0,4.66,44.0,https://www.airbnb.es/rooms/598352755393860082
Barcelona,Poblenou,1055750539396885376,2026-06-01,Apartamento en Sant Adrià de Besòs,242.0,7.0,3.0,,1.0,4.63,38.0,https://www.airbnb.es/rooms/1055750539396885376
Barcelona,Poblenou,863900549896733487,2026-06-01,Apartamento en L'Hospitalet de Llobregat,146.0,2.0,1.0,1.0,1.0,4.72,153.0,https://www.airbnb.es/rooms/863900549896733487
Barcelona,Poblenou,878759262826963543,2026-06-01,Apartamento en Barcelona,223.0,4.0,1.0,2.0,1.0,4.86,422.0,https://www.airbnb.es/rooms/878759262826963543
Barcelona,Poblenou,1451339784918145395,2026-06-01,Hotel en Barcelona,225.0,3.0,1.0,3.0,1.0,,,https://www.airbnb.es/rooms/1451339784918145395
Barcelona,Poblenou,50972615,2026-06-01,Apartamento en Barcelona,308.0,7.0,4.0,4.0,2.0,4.68,544.0,https://www.airbnb.es/rooms/50972615
Barcelona,Sants-montjuic,13571420,2026-06-01,Apartamento en Barcelona,120.0,4.0,1.0,1.0,1.0,4.66,760.0,https://www.airbnb.es/rooms/13571420
Barcelona,Sants-montjuic,20030829,2026-06-01,Habitación en L'Hospitalet de Llobregat,46.0,,,1.0,,4.78,697.0,https://www.airbnb.es/rooms/20030829
Barcelona,Sants-montjuic,5256656,2026-06-01,Apartamento en Barcelona,190.0,6.0,2.0,3.0,1.0,4.66,700.0,https://www.airbnb.es/rooms/5256656
Barcelona,Sants-montjuic,22094381,2026-06-01,Apartamento en Barcelona,160.0,5.0,2.0,3.0,1.0,4.59,263.0,https://www.airbnb.es/rooms/22094381
Barcelona,Sants-montjuic,1659262466106730557,2026-06-01,Habitación compartida en L'Hospitalet de Llobregat,37.0,,,1.0,,4.47,47.0,https://www.airbnb.es/rooms/1659262466106730557
Barcelona,Sants-montjuic,5180175,2026-06-01,Apto. residencial en Barcelona,257.0,10.0,4.0,7.0,2.0,4.73,550.0,https://www.airbnb.es/rooms/5180175
Barcelona,Sants-montjuic,1600016322754075561,2026-06-01,chic&basic Velvet,156.0,,,,,5.0,3.0,https://www.airbnb.es/rooms/1600016322754075561
Barcelona,Sants-montjuic,1644128350843386600,2026-06-01,Sercotel Porta Barcelona,117.0,,,,,4.63,48.0,https://www.airbnb.es/rooms/1644128350843386600
Barcelona,Sants-montjuic,1644127533941365878,2026-06-01,Sercotel Sant Boi,112.0,,,,,4.58,65.0,https://www.airbnb.es/rooms/1644127533941365878
Barcelona,Sants-montjuic,1633928135410732873,2026-06-01,Sercotel Cornellà Barcelona,126.0,,,,,4.57,30.0,https://www.airbnb.es/rooms/1633928135410732873
Barcelona,Sants-montjuic,1629047930699126683,2026-06-01,Hotel Ronda Lesseps,165.0,,,,,4.78,596.0,https://www.airbnb.es/rooms/1629047930699126683
Barcelona,Sants-montjuic,1486820500847214284,2026-06-01,chic&basic Tallers Hostal,152.0,,,,,4.38,56.0,https://www.airbnb.es/rooms/1486820500847214284
Barcelona,Sants-montjuic,1096200855408382157,2026-06-01,easyHotel Barcelona Fira,180.0,,,,,4.59,897.0,https://www.airbnb.es/rooms/1096200855408382157
Barcelona,Sants-montjuic,1629665679948505178,2026-06-01,Oriente Atiram,187.0,,,,,4.5,74.0,https://www.airbnb.es/rooms/1629665679948505178
Barcelona,Sants-montjuic,1644124202990432706,2026-06-01,Sercotel Barcelona El Prat,161.0,,,,,4.71,41.0,https://www.airbnb.es/rooms/1644124202990432706
Barcelona,Sants-montjuic,1395546731678953844,2026-06-01,chic&basic Born Boutique Hotel,164.0,,,,,4.58,111.0,https://www.airbnb.es/rooms/1395546731678953844
Barcelona,Sants-montjuic,5248745,2026-06-01,Apartamento en Barcelona,150.0,4.0,1.0,1.0,1.0,4.75,549.0,https://www.airbnb.es/rooms/5248745
Barcelona,Sants-montjuic,1690721429631322509,2026-06-01,Alojamiento en Barcelona,104.0,2.0,1.0,1.0,1.0,,,https://www.airbnb.es/rooms/1690721429631322509
Barcelona,Sants-montjuic,52219850,2026-06-01,Habitación en L'Hospitalet de Llobregat,88.0,,,2.0,,4.89,193.0,https://www.airbnb.es/rooms/52219850
Barcelona,Sants-montjuic,1414473753453618431,2026-06-01,Habitación de hotel compartida en Barcelona,96.0,,,4.0,,4.96,295.0,https://www.airbnb.es/rooms/1414473753453618431
Barcelona,Sants-montjuic,1395616579066520047,2026-06-01,Habitación compartida en Barcelona,31.0,,,1.0,,4.46,1363.0,https://www.airbnb.es/rooms/1395616579066520047
Barcelona,Sants-montjuic,888070459646437490,2026-06-01,Apartamento en Barcelona,189.0,5.0,2.0,3.0,2.0,4.51,288.0,https://www.airbnb.es/rooms/888070459646437490
Barcelona,Sants-montjuic,23990630,2026-06-01,Loft en Barcelona,195.0,3.0,,1.0,1.0,4.91,493.0,https://www.airbnb.es/rooms/23990630
Barcelona,Sants-montjuic,1581902367739167921,2026-06-01,Apartamento en Barcelona,270.0,11.0,4.0,7.0,2.0,4.88,33.0,https://www.airbnb.es/rooms/1581902367739167921
Barcelona,Sants-montjuic,1625561930981954879,2026-06-01,Alojamiento en L'Hospitalet de Llobregat,70.0,1.0,1.0,1.0,1.0,,,https://www.airbnb.es/rooms/1625561930981954879
Barcelona,Sants-montjuic,1404511151413042934,2026-06-01,Habitación en L'Hospitalet de Llobregat,93.0,,,1.0,,4.69,70.0,https://www.airbnb.es/rooms/1404511151413042934
Barcelona,Sants-montjuic,1259116019707310328,2026-06-01,Apartamento en Barcelona,270.0,9.0,5.0,8.0,2.0,4.81,146.0,https://www.airbnb.es/rooms/1259116019707310328
Barcelona,Sants-montjuic,1381830149578594250,2026-06-01,Habitación compartida en Barcelona,44.0,,,,,4.72,612.0,https://www.airbnb.es/rooms/1381830149578594250
Barcelona,Sants-montjuic,1321567328957236283,2026-06-01,Habitación de hotel compartida en L'Hospitalet de Llobregat,36.0,,,1.0,,4.46,394.0,https://www.airbnb.es/rooms/1321567328957236283
Barcelona,Sants-montjuic,33385782,2026-06-01,Hotel boutique en Barcelona,160.0,3.0,1.0,2.0,1.0,4.77,372.0,https://www.airbnb.es/rooms/33385782
Barcelona,Sants-montjuic,45132322,2026-06-01,Hotel en Barcelona,147.0,2.0,1.0,2.0,0.0,4.71,231.0,https://www.airbnb.es/rooms/45132322
Barcelona,Sants-montjuic,846093318788581404,2026-06-01,Apartamento en Barcelona,323.0,5.0,3.0,4.0,1.0,4.73,2670.0,https://www.airbnb.es/rooms/846093318788581404
Barcelona,Sants-montjuic,1673310031253023327,2026-06-01,Alojamiento en Barcelona,114.0,2.0,1.0,1.0,1.0,,,https://www.airbnb.es/rooms/1673310031253023327
Barcelona,Sants-montjuic,53058601,2026-06-01,Hotel en L'Hospitalet de Llobregat,147.0,2.0,1.0,1.0,1.0,4.52,95.0,https://www.airbnb.es/rooms/53058601
Barcelona,Sants-montjuic,24978663,2026-06-01,Loft en Barcelona,207.0,2.0,,1.0,1.0,4.92,537.0,https://www.airbnb.es/rooms/24978663
Barcelona,Sants-montjuic,1603501294071391010,2026-06-01,Alojamiento en Barcelona,235.0,2.0,1.0,1.0,2.0,5.0,6.0,https://www.airbnb.es/rooms/1603501294071391010
Barcelona,Sants-montjuic,1322489,2026-06-01,Apartamento en Hospitalet de Llobregat,340.0,2.0,1.0,1.0,1.0,4.85,501.0,https://www.airbnb.es/rooms/1322489
Barcelona,Sants-montjuic,1379675567990284899,2026-06-01,Habitación de hotel compartida en Barcelona,63.0,,,10.0,,4.67,3.0,https://www.airbnb.es/rooms/1379675567990284899
Barcelona,Sants-montjuic,1604559,2026-06-01,Apartamento en Barcelona,293.0,2.0,1.0,1.0,1.0,4.73,718.0,https://www.airbnb.es/rooms/1604559
Barcelona,Sants-montjuic,15040104,2026-06-01,Habitación en L'Hospitalet de Llobregat,152.0,,,1.0,,4.89,399.0,https://www.airbnb.es/rooms/15040104
Barcelona,Sants-montjuic,1330408326087495128,2026-06-01,Habitación compartida en Barcelona,105.0,,,8.0,,4.77,183.0,https://www.airbnb.es/rooms/1330408326087495128
Barcelona,Sants-montjuic,1691373404448885892,2026-06-01,Apartamento en Barcelona,333.0,4.0,3.0,3.0,2.0,,,https://www.airbnb.es/rooms/1691373404448885892
Barcelona,Sants-montjuic,23211786,2026-06-01,Apartamento en L'Hospitalet de Llobregat,159.0,4.0,1.0,1.0,1.0,4.67,301.0,https://www.airbnb.es/rooms/23211786
Barcelona,Sants-montjuic,3144104,2026-06-01,Apartamento en Barcelona,280.0,6.0,3.0,4.0,1.0,4.9,1003.0,https://www.airbnb.es/rooms/3144104
Barcelona,Sants-montjuic,1573117675347174653,2026-06-01,Alojamiento en Barcelona,105.0,2.0,1.0,1.0,1.0,4.81,16.0,https://www.airbnb.es/rooms/1573117675347174653
Barcelona,Sants-montjuic,1081643973089542400,2026-06-01,Apartamento en Barcelona,194.0,4.0,2.0,4.0,0.0,4.43,30.0,https://www.airbnb.es/rooms/1081643973089542400
Barcelona,Sants-montjuic,1625510271017292501,2026-06-01,Alojamiento en L'Hospitalet de Llobregat,70.0,1.0,1.0,1.0,1.0,,,https://www.airbnb.es/rooms/1625510271017292501
Barcelona,Sants-montjuic,1221725010145396286,2026-06-01,Habitación en L'Hospitalet de Llobregat,74.0,,,1.0,,4.82,51.0,https://www.airbnb.es/rooms/1221725010145396286
Barcelona,Sants-montjuic,17220286,2026-06-01,Apartamento en L'Hospitalet de Llobregat,150.0,2.0,1.0,2.0,1.0,4.6,272.0,https://www.airbnb.es/rooms/17220286
Barcelona,Sants-montjuic,1503794664513191347,2026-06-01,Casa de invitados en L'Hospitalet de Llobregat,93.0,1.0,1.0,1.0,1.0,4.75,53.0,https://www.airbnb.es/rooms/1503794664513191347
Barcelona,Sants-montjuic,23317697,2026-06-01,Apartamento en L'Hospitalet de Llobregat,192.0,6.0,2.0,3.0,1.0,4.64,301.0,https://www.airbnb.es/rooms/23317697
Barcelona,Sants-montjuic,53176052,2026-06-01,Hotel en Barcelona,144.0,2.0,1.0,2.0,1.0,4.47,631.0,https://www.airbnb.es/rooms/53176052
Barcelona,Sants-montjuic,1106528873374886099,2026-06-01,Alojamiento en L'Hospitalet de Llobregat,120.0,2.0,1.0,1.0,1.0,4.67,6.0,https://www.airbnb.es/rooms/1106528873374886099
Barcelona,Sants-montjuic,1264297802923808590,2026-06-01,Apartamento en Barcelona,235.0,6.0,3.0,6.0,1.0,4.77,109.0,https://www.airbnb.es/rooms/1264297802923808590
Barcelona,Sants-montjuic,708553347984639336,2026-06-01,Habitación en Cornellà de Llobregat,77.0,,,1.0,,4.84,321.0,https://www.airbnb.es/rooms/708553347984639336
Barcelona,Sants-montjuic,1452841857638279568,2026-06-01,Hostal en Barcelona,68.0,1.0,,1.0,4.0,4.58,26.0,https://www.airbnb.es/rooms/1452841857638279568
Barcelona,Sants-montjuic,39691563,2026-06-01,Apartamento en Barcelona,201.0,3.0,1.0,3.0,1.0,4.84,499.0,https://www.airbnb.es/rooms/39691563
Barcelona,Sants-montjuic,52047510,2026-06-01,Hostal en Barcelona,126.0,,,,,4.76,300.0,https://www.airbnb.es/rooms/52047510
Barcelona,Sants-montjuic,35724195,2026-06-01,Habitación en L'Hospitalet de Llobregat,119.0,,,1.0,,4.94,177.0,https://www.airbnb.es/rooms/35724195
Barcelona,Sants-montjuic,1623289005520410092,2026-06-01,Alojamiento en Barcelona,114.0,1.0,1.0,1.0,1.0,4.73,11.0,https://www.airbnb.es/rooms/1623289005520410092
Barcelona,Sants-montjuic,6399512,2026-06-01,Apartamento en Barcelona,150.0,4.0,1.0,1.0,1.0,4.7,125.0,https://www.airbnb.es/rooms/6399512
Barcelona,Sants-montjuic,39692277,2026-06-01,Apartamento en Barcelona,252.0,6.0,2.0,4.0,1.0,4.81,750.0,https://www.airbnb.es/rooms/39692277
Barcelona,Sants-montjuic,53058752,2026-06-01,Hotel en L'Hospitalet de Llobregat,152.0,4.0,1.0,1.0,1.0,4.55,65.0,https://www.airbnb.es/rooms/53058752
Barcelona,Sants-montjuic,8420341,2026-06-01,Loft en L'Hospitalet de Llobregat,170.0,6.0,3.0,5.0,2.0,4.69,533.0,https://www.airbnb.es/rooms/8420341
Barcelona,Sants-montjuic,1086039450004234057,2026-06-01,Hostal en Barcelona,124.0,2.0,1.0,1.0,1.0,4.75,8.0,https://www.airbnb.es/rooms/1086039450004234057
Barcelona,Sants-montjuic,52047182,2026-06-01,Hostal en Barcelona,107.0,2.0,1.0,2.0,1.0,4.76,787.0,https://www.airbnb.es/rooms/52047182
Barcelona,Sants-montjuic,563553175219651122,2026-06-01,Habitación compartida en Barcelona,49.0,,,8.0,2.0,4.52,447.0,https://www.airbnb.es/rooms/563553175219651122
Barcelona,Sants-montjuic,45970180,2026-06-01,Apartamento en Barcelona,180.0,2.0,1.0,1.0,0.0,4.59,37.0,https://www.airbnb.es/rooms/45970180
Barcelona,Sants-montjuic,50972615,2026-06-01,Apartamento en Barcelona,308.0,7.0,4.0,4.0,2.0,4.68,544.0,https://www.airbnb.es/rooms/50972615
Barcelona,Sants-montjuic,846199567435612629,2026-06-01,Apartamento en Barcelona,246.0,4.0,2.0,3.0,1.0,4.79,250.0,https://www.airbnb.es/rooms/846199567435612629
Barcelona,Sants-montjuic,1690589439627083553,2026-06-01,Alojamiento en Barcelona,124.0,2.0,1.0,1.0,1.0,,,https://www.airbnb.es/rooms/1690589439627083553
Barcelona,Sants-montjuic,1513040910596254391,2026-06-01,Apartamento en L'Hospitalet de Llobregat,157.0,4.0,1.0,1.0,1.0,4.76,46.0,https://www.airbnb.es/rooms/1513040910596254391
Barcelona,Sants-montjuic,578963822174688159,2026-06-01,Alojamiento en L'Hospitalet de Llobregat,99.0,3.0,1.0,1.0,1.0,4.84,49.0,https://www.airbnb.es/rooms/578963822174688159
Barcelona,Sants-montjuic,790266577536647744,2026-06-01,Apartamento en L'Hospitalet de Llobregat,320.0,,,,,4.65,143.0,https://www.airbnb.es/rooms/790266577536647744
Barcelona,Sants-montjuic,35868837,2026-06-01,Apartamento en Esplugas de Llobregat,118.0,5.0,2.0,3.0,1.0,4.44,248.0,https://www.airbnb.es/rooms/35868837
Barcelona,Sants-montjuic,997039449508033338,2026-06-01,Habitación en L'Hospitalet de Llobregat,111.0,,,1.0,,4.71,65.0,https://www.airbnb.es/rooms/997039449508033338
Barcelona,Sants-montjuic,1164316691199027393,2026-06-01,Habitación en El Prat de Llobregat,77.0,,,1.0,,4.72,110.0,https://www.airbnb.es/rooms/1164316691199027393
Barcelona,Sants-montjuic,1573198379967220519,2026-06-01,Alojamiento en Barcelona,104.0,2.0,1.0,1.0,1.0,4.69,13.0,https://www.airbnb.es/rooms/1573198379967220519
Barcelona,Sants-montjuic,1690717698833005615,2026-06-01,Alojamiento en Barcelona,108.0,1.0,1.0,1.0,1.0,,,https://www.airbnb.es/rooms/1690717698833005615
Barcelona,Sants-montjuic,1358768214927137133,2026-06-01,Apartamento en Barcelona,235.0,4.0,2.0,2.0,1.0,4.75,28.0,https://www.airbnb.es/rooms/1358768214927137133
Barcelona,Sants-montjuic,20486545,2026-06-01,Apartamento en Barcelona,291.0,8.0,4.0,7.0,2.0,4.71,393.0,https://www.airbnb.es/rooms/20486545
Barcelona,Sants-montjuic,21653693,2026-06-01,Apartamento en Barcelona,225.0,3.0,1.0,3.0,1.0,4.85,220.0,https://www.airbnb.es/rooms/21653693
Barcelona,Sants-montjuic,1690085783563810065,2026-06-01,Alojamiento en Barcelona,100.0,2.0,1.0,1.0,2.0,,,https://www.airbnb.es/rooms/1690085783563810065
Barcelona,Sants-montjuic,53058824,2026-06-01,Hotel en L'Hospitalet de Llobregat,131.0,2.0,1.0,1.0,1.0,4.33,9.0,https://www.airbnb.es/rooms/53058824
Barcelona,Sants-montjuic,643237654635430610,2026-06-01,Apartamento en Barcelona,219.0,3.0,2.0,2.0,2.0,4.52,243.0,https://www.airbnb.es/rooms/643237654635430610
Barcelona,Sants-montjuic,691274207596749989,2026-06-01,Hotel en Barcelona,108.0,1.0,1.0,1.0,0.0,4.11,9.0,https://www.airbnb.es/rooms/691274207596749989
Barcelona,Sants-montjuic,1690077062160900192,2026-06-01,Alojamiento en Barcelona,114.0,1.0,1.0,1.0,1.0,,,https://www.airbnb.es/rooms/1690077062160900192
Barcelona,Sants-montjuic,1690690341594947369,2026-06-01,Apartamento en Barcelona,246.0,3.0,1.0,2.0,1.0,,,https://www.airbnb.es/rooms/1690690341594947369
Barcelona,Sants-montjuic,934513738122509170,2026-06-01,Habitación en L'Hospitalet de Llobregat,100.0,,,2.0,,4.8,138.0,https://www.airbnb.es/rooms/934513738122509170
Barcelona,Sants-montjuic,1690527090152157222,2026-06-01,Alojamiento en Barcelona,134.0,2.0,1.0,1.0,1.0,,,https://www.airbnb.es/rooms/1690527090152157222
Barcelona,Sants-montjuic,1297752048731285588,2026-06-01,Apartamento en Barcelona,211.0,4.0,3.0,6.0,2.0,4.14,14.0,https://www.airbnb.es/rooms/1297752048731285588
Barcelona,Sants-montjuic,1676357946240099711,2026-06-01,Alojamiento en Barcelona,103.0,4.0,1.0,3.0,2.0,,,https://www.airbnb.es/rooms/1676357946240099711
Barcelona,Sants-montjuic,1690700324694932302,2026-06-01,Apartamento en Barcelona,200.0,2.0,1.0,1.0,1.0,,,https://www.airbnb.es/rooms/1690700324694932302
Barcelona,Sants-montjuic,1689843380550258164,2026-06-01,Alojamiento en Barcelona,108.0,2.0,1.0,1.0,1.0,,,https://www.airbnb.es/rooms/1689843380550258164
Barcelona,Sants-montjuic,24590131,2026-06-01,Hotel boutique en .,139.0,2.0,1.0,1.0,1.0,4.64,258.0,https://www.airbnb.es/rooms/24590131
Barcelona,Sants-montjuic,1690707968761372686,2026-06-01,Alojamiento en Barcelona,108.0,2.0,1.0,1.0,1.0,,,https://www.airbnb.es/rooms/1690707968761372686
Barcelona,Sants-montjuic,1630658378282856382,2026-06-01,Apartamento en Barcelona,336.0,10.0,4.0,6.0,2.0,,,https://www.airbnb.es/rooms/1630658378282856382
Barcelona,Sants-montjuic,21390932,2026-06-01,Apartamento en Barcelona,291.0,8.0,4.0,7.0,2.0,4.77,374.0,https://www.airbnb.es/rooms/21390932
Barcelona,Sants-montjuic,933930219695392052,2026-06-01,Alojamiento en L'Hospitalet de Llobregat,97.0,2.0,1.0,1.0,2.0,4.73,139.0,https://www.airbnb.es/rooms/933930219695392052
Barcelona,Sants-montjuic,842389,2026-06-01,Apartamento en Barcelona,251.0,7.0,4.0,7.0,1.0,4.58,333.0,https://www.airbnb.es/rooms/842389
Barcelona,Sants-montjuic,766434327900147075,2026-06-01,Apartamento en Barcelona,356.0,4.0,2.0,3.0,1.0,4.64,102.0,https://www.airbnb.es/rooms/766434327900147075
Barcelona,Sants-montjuic,33385364,2026-06-01,Hotel boutique en Barcelona,150.0,2.0,1.0,1.0,1.0,4.65,219.0,https://www.airbnb.es/rooms/33385364
Barcelona,Sants-montjuic,42577135,2026-06-01,Apartamento en Barcelona,189.0,4.0,2.0,3.0,1.0,4.36,117.0,https://www.airbnb.es/rooms/42577135
Barcelona,Sants-montjuic,1690710868631359961,2026-06-01,Alojamiento en Barcelona,108.0,2.0,1.0,1.0,1.0,,,https://www.airbnb.es/rooms/1690710868631359961
Barcelona,Sants-montjuic,1321578143173100090,2026-06-01,Habitación de hotel compartida en L'Hospitalet de Llobregat,37.0,,,1.0,,4.45,130.0,https://www.airbnb.es/rooms/1321578143173100090
Barcelona,Sants-montjuic,1689772735863272651,2026-06-01,Habitación compartida en L'Hospitalet de Llobregat,38.0,,,1.0,,,,https://www.airbnb.es/rooms/1689772735863272651
Barcelona,Sants-montjuic,562966506960401061,2026-06-01,Habitación compartida en Barcelona,46.0,,,8.0,2.0,4.38,136.0,https://www.airbnb.es/rooms/562966506960401061
Barcelona,Sants-montjuic,39753264,2026-06-01,Apartamento en Barcelona,293.0,5.0,2.0,4.0,1.0,4.66,449.0,https://www.airbnb.es/rooms/39753264
Barcelona,Sants-montjuic,1690658878547198570,2026-06-01,Alojamiento en Barcelona,156.0,1.0,1.0,1.0,1.0,,,https://www.airbnb.es/rooms/1690658878547198570
Barcelona,Sants-montjuic,553555796025228650,2026-06-01,Apartamento en L'Hospitalet de Llobregat,159.0,2.0,1.0,1.0,1.0,4.76,113.0,https://www.airbnb.es/rooms/553555796025228650
Barcelona,Sants-montjuic,1683879479810257006,2026-06-01,Alojamiento en Barcelona,126.0,2.0,1.0,1.0,1.0,,,https://www.airbnb.es/rooms/1683879479810257006
Barcelona,Sants-montjuic,997227005266502258,2026-06-01,Habitación en L'Hospitalet de Llobregat,108.0,,,1.0,,4.76,79.0,https://www.airbnb.es/rooms/997227005266502258
Barcelona,Sants-montjuic,1355258257084496952,2026-06-01,Bed & breakfast en Sant Joan Despí,32.0,9.0,1.0,1.0,1.0,4.82,45.0,https://www.airbnb.es/rooms/1355258257084496952
Barcelona,Sants-montjuic,1373005404778595213,2026-06-01,Apartamento en Barcelona,191.0,2.0,1.0,1.0,1.0,4.81,52.0,https://www.airbnb.es/rooms/1373005404778595213
Barcelona,Sants-montjuic,1690074682089846198,2026-06-01,Alojamiento en Barcelona,124.0,1.0,1.0,1.0,1.0,,,https://www.airbnb.es/rooms/1690074682089846198
Barcelona,Sants-montjuic,45228987,2026-06-01,Apartamento en Barcelona,272.0,4.0,2.0,4.0,1.0,4.43,171.0,https://www.airbnb.es/rooms/45228987
Barcelona,Sants-montjuic,863900549896733487,2026-06-01,Apartamento en L'Hospitalet de Llobregat,146.0,2.0,1.0,1.0,1.0,4.72,153.0,https://www.airbnb.es/rooms/863900549896733487
Barcelona,Sants-montjuic,1663726480500575872,2026-06-01,Habitación compartida en L'Hospitalet de Llobregat,42.0,,,1.0,,,,https://www.airbnb.es/rooms/1663726480500575872
Barcelona,Sants-montjuic,899292103075317653,2026-06-01,Apartamento en Barcelona,211.0,4.0,2.0,3.0,1.0,4.49,161.0,https://www.airbnb.es/rooms/899292103075317653
Barcelona,Sants-montjuic,1692725051444428427,2026-06-01,Alojamiento en Barcelona,129.0,2.0,1.0,1.0,1.0,,,https://www.airbnb.es/rooms/1692725051444428427
Barcelona,Sants-montjuic,1679706582700826194,2026-06-01,Alojamiento en Barcelona,82.0,2.0,1.0,1.0,2.0,,,https://www.airbnb.es/rooms/1679706582700826194
Barcelona,Sants-montjuic,1290786013798769023,2026-06-01,Apartamento en Barcelona,258.0,5.0,2.0,3.0,1.0,4.74,62.0,https://www.airbnb.es/rooms/1290786013798769023
Barcelona,Sants-montjuic,1001347483035923518,2026-06-01,Habitación en L'Hospitalet de Llobregat,108.0,,,1.0,,4.7,94.0,https://www.airbnb.es/rooms/1001347483035923518
Barcelona,Sants-montjuic,1399112591589162337,2026-06-01,Apartamento en Barcelona,200.0,4.0,2.0,3.0,2.0,4.86,14.0,https://www.airbnb.es/rooms/1399112591589162337
Barcelona,Sants-montjuic,1395660922989787647,2026-06-01,Habitación compartida en Barcelona,36.0,,,1.0,,4.51,131.0,https://www.airbnb.es/rooms/1395660922989787647
Barcelona,Sants-montjuic,1197233259961117611,2026-06-01,Habitación en L'Hospitalet de Llobregat,82.0,,,1.0,,4.74,38.0,https://www.airbnb.es/rooms/1197233259961117611
Barcelona,Sants-montjuic,1086385318652132563,2026-06-01,Habitación en Barcelona,59.0,,,1.0,,4.17,18.0,https://www.airbnb.es/rooms/1086385318652132563
Barcelona,Sants-montjuic,53411031,2026-06-01,Hotel en Barcelona,170.0,2.0,1.0,1.0,1.0,4.73,910.0,https://www.airbnb.es/rooms/53411031
Barcelona,Sants-montjuic,1394855747314311569,2026-06-01,Hotel en Barcelona,145.0,1.0,1.0,1.0,0.0,4.84,37.0,https://www.airbnb.es/rooms/1394855747314311569
Barcelona,Sants-montjuic,33179902,2026-06-01,Habitación de hotel en Barcelona,168.0,2.0,1.0,2.0,1.0,4.49,282.0,https://www.airbnb.es/rooms/33179902
Barcelona,Sants-montjuic,1632188413099400167,2026-06-01,Apartamento en Barcelona,187.0,4.0,1.0,2.0,1.0,4.22,9.0,https://www.airbnb.es/rooms/1632188413099400167
Barcelona,Sants-montjuic,34564909,2026-06-01,Apartamento en Barcelona,359.0,6.0,3.0,5.0,2.0,4.8,152.0,https://www.airbnb.es/rooms/34564909
Barcelona,Sants-montjuic,886838723814651944,2026-06-01,Apartamento en Barcelona,197.0,3.0,1.0,2.0,1.0,4.73,730.0,https://www.airbnb.es/rooms/886838723814651944
Barcelona,Sants-montjuic,50194220,2026-06-01,Hotel en Barcelona,199.0,1.0,,,1.0,4.71,42.0,https://www.airbnb.es/rooms/50194220
Barcelona,Sants-montjuic,1086061834818753479,2026-06-01,Hostal en Barcelona,152.0,2.0,1.0,1.0,1.0,4.11,152.0,https://www.airbnb.es/rooms/1086061834818753479
Barcelona,Sants-montjuic,1689948511526716856,2026-06-01,Alojamiento en Barcelona,116.0,2.0,1.0,1.0,1.0,,,https://www.airbnb.es/rooms/1689948511526716856
Barcelona,Sants-montjuic,1302313221763681420,2026-06-01,Apartamento en Barcelona,226.0,5.0,3.0,1.0,1.0,4.97,31.0,https://www.airbnb.es/rooms/1302313221763681420
Barcelona,Sants-montjuic,907288030678880672,2026-06-01,Apartamento en L'Hospitalet de Llobregat,270.0,8.0,3.0,4.0,2.0,4.75,177.0,https://www.airbnb.es/rooms/907288030678880672
Barcelona,Sants-montjuic,1394826946727751336,2026-06-01,Hotel en Barcelona,140.0,1.0,1.0,1.0,0.0,4.89,18.0,https://www.airbnb.es/rooms/1394826946727751336
Barcelona,Sants-montjuic,846623660188399331,2026-06-01,Habitación en Viladecans,56.0,,,1.0,,4.8,187.0,https://www.airbnb.es/rooms/846623660188399331
Barcelona,Sants-montjuic,1689907563693973355,2026-06-01,Apartamento en Barcelona,290.0,9.0,4.0,6.0,2.0,,,https://www.airbnb.es/rooms/1689907563693973355
Barcelona,Sants-montjuic,23334103,2026-06-01,Apartamento en Barcelona,194.0,3.0,2.0,2.0,1.0,4.4,313.0,https://www.airbnb.es/rooms/23334103
Barcelona,Sants-montjuic,1650088777130237893,2026-06-01,Alojamiento en Barcelona,164.0,3.0,1.0,2.0,1.0,5.0,6.0,https://www.airbnb.es/rooms/1650088777130237893
Barcelona,Sants-montjuic,49455076,2026-06-01,Apartamento en Barcelona,230.0,6.0,2.0,4.0,1.0,4.43,106.0,https://www.airbnb.es/rooms/49455076
Barcelona,Sants-montjuic,31733790,2026-06-01,Habitaciones en Barcelona,157.0,,2.0,3.0,,4.7,307.0,https://www.airbnb.es/rooms/31733790
Barcelona,Sants-montjuic,31400940,2026-06-01,Apartamento en Barcelona,243.0,6.0,3.0,5.0,2.0,4.57,211.0,https://www.airbnb.es/rooms/31400940
Barcelona,Sants-montjuic,53176466,2026-06-01,Hotel en Barcelona,158.0,2.0,1.0,2.0,1.0,4.65,670.0,https://www.airbnb.es/rooms/53176466
Barcelona,Sants-montjuic,1001344667839269099,2026-06-01,Habitación en L'Hospitalet de Llobregat,108.0,,,1.0,,4.77,74.0,https://www.airbnb.es/rooms/1001344667839269099
Barcelona,Sants-montjuic,21761757,2026-06-01,Apartamento en Barcelona,180.0,2.0,1.0,2.0,0.0,4.64,113.0,https://www.airbnb.es/rooms/21761757
Barcelona,Sants-montjuic,24388903,2026-06-01,Habitación de hotel en El Prat de Llobregat,51.0,6.0,1.0,4.0,7.0,4.6,402.0,https://www.airbnb.es/rooms/24388903
Barcelona,Sants-montjuic,1188194842775911600,2026-06-01,Habitación en Cornellà de Llobregat,59.0,,,1.0,,4.84,56.0,https://www.airbnb.es/rooms/1188194842775911600
Barcelona,Sants-montjuic,1243558382722731444,2026-06-01,Apartamento en L'Hospitalet de Llobregat,122.0,2.0,1.0,1.0,1.0,4.53,89.0,https://www.airbnb.es/rooms/1243558382722731444
Barcelona,Sants-montjuic,52609698,2026-06-01,Apartamento en L'Hospitalet de Llobregat,246.0,4.0,2.0,3.0,2.0,4.88,181.0,https://www.airbnb.es/rooms/52609698
Barcelona,Sants-montjuic,1681696951293486968,2026-06-01,Alojamiento en Barcelona,119.0,2.0,1.0,1.0,1.0,,,https://www.airbnb.es/rooms/1681696951293486968
Barcelona,Sants-montjuic,45094691,2026-06-01,Apartamento en Barcelona,188.0,4.0,2.0,3.0,1.0,4.39,69.0,https://www.airbnb.es/rooms/45094691
Barcelona,Sants-montjuic,10621483,2026-06-01,Apartamento en Barcelona,235.0,4.0,2.0,2.0,1.0,4.73,435.0,https://www.airbnb.es/rooms/10621483
Barcelona,Sants-montjuic,1689869786441122423,2026-06-01,Alojamiento en Barcelona,108.0,2.0,1.0,1.0,1.0,,,https://www.airbnb.es/rooms/1689869786441122423
Barcelona,Sants-montjuic,1394773500642844241,2026-06-01,Hotel en Barcelona,130.0,1.0,1.0,1.0,0.0,5.0,4.0,https://www.airbnb.es/rooms/1394773500642844241
Barcelona,Sants-montjuic,1553734606498079394,2026-06-01,Alojamiento en L'Hospitalet de Llobregat,105.0,2.0,1.0,1.0,1.0,,,https://www.airbnb.es/rooms/1553734606498079394
Barcelona,Sants-montjuic,1457831575777192088,2026-06-01,Apartamento en Barcelona,296.0,5.0,3.0,4.0,1.0,4.57,21.0,https://www.airbnb.es/rooms/1457831575777192088
Barcelona,Sants-montjuic,1676320427388991062,2026-06-01,Alojamiento en Barcelona,89.0,2.0,1.0,1.0,3.0,,,https://www.airbnb.es/rooms/1676320427388991062
Barcelona,Sants-montjuic,1576302000335009666,2026-06-01,Alojamiento en Barcelona,114.0,2.0,1.0,1.0,1.0,4.65,20.0,https://www.airbnb.es/rooms/1576302000335009666
Barcelona,Sants-montjuic,34957866,2026-06-01,Apartamento en Barcelona,223.0,4.0,2.0,4.0,1.0,4.83,379.0,https://www.airbnb.es/rooms/34957866
Barcelona,Sants-montjuic,24388244,2026-06-01,Habitación de hotel en El Prat de Llobregat,50.0,6.0,1.0,6.0,7.0,4.53,307.0,https://www.airbnb.es/rooms/24388244
Barcelona,Sants-montjuic,51855625,2026-06-01,Hotel en Barcelona,149.0,2.0,1.0,2.0,0.0,4.66,64.0,https://www.airbnb.es/rooms/51855625
Barcelona,Sants-montjuic,1399112602583968962,2026-06-01,Apartamento en Barcelona,250.0,6.0,3.0,4.0,2.0,4.79,19.0,https://www.airbnb.es/rooms/1399112602583968962
Barcelona,Sants-montjuic,1685009398669037387,2026-06-01,Alojamiento en Barcelona,140.0,1.0,1.0,1.0,1.0,,,https://www.airbnb.es/rooms/1685009398669037387
Barcelona,Sants-montjuic,36451803,2026-06-01,Habitación en L'Hospitalet de Llobregat,91.0,,,1.0,,4.9,10.0,https://www.airbnb.es/rooms/36451803
Barcelona,Sants-montjuic,1681707149199550963,2026-06-01,Alojamiento en Barcelona,119.0,2.0,1.0,1.0,1.0,,,https://www.airbnb.es/rooms/1681707149199550963
Barcelona,Sants-montjuic,1690722766472511362,2026-06-01,Alojamiento en Barcelona,124.0,2.0,1.0,1.0,1.0,,,https://www.airbnb.es/rooms/1690722766472511362
Barcelona,Sants-montjuic,1358745153008344797,2026-06-01,Apartamento en Barcelona,235.0,4.0,2.0,2.0,1.0,4.58,43.0,https://www.airbnb.es/rooms/1358745153008344797
Barcelona,Sants-montjuic,997210594290448687,2026-06-01,Habitación en L'Hospitalet de Llobregat,120.0,,,1.0,,4.67,63.0,https://www.airbnb.es/rooms/997210594290448687
Barcelona,Sants-montjuic,1373839405296654999,2026-06-01,Apartamento en Barcelona,179.0,3.0,1.0,1.0,1.0,4.35,82.0,https://www.airbnb.es/rooms/1373839405296654999
Barcelona,Sants-montjuic,1135216684465108261,2026-06-01,Apartamento en Barcelona,317.0,5.0,2.0,4.0,2.0,4.89,91.0,https://www.airbnb.es/rooms/1135216684465108261
Barcelona,Sants-montjuic,1628031679138220946,2026-06-01,Habitación compartida en El Prat de Llobregat,38.0,,,1.0,3.0,4.5,8.0,https://www.airbnb.es/rooms/1628031679138220946
Barcelona,Sants-montjuic,47724954,2026-06-01,Apartamento en Barcelona,219.0,6.0,3.0,6.0,2.0,4.47,15.0,https://www.airbnb.es/rooms/47724954
Barcelona,Sants-montjuic,13386885,2026-06-01,Apartamento en L'Hospitalet de Llobregat,173.0,3.0,1.0,1.0,1.0,4.51,201.0,https://www.airbnb.es/rooms/13386885
Barcelona,Sants-montjuic,841172740128200954,2026-06-01,Apartamento en Barcelona,278.0,5.0,2.0,4.0,1.0,4.69,144.0,https://www.airbnb.es/rooms/841172740128200954
Barcelona,Sants-montjuic,553563486933714034,2026-06-01,Apartamento en L'Hospitalet de Llobregat,270.0,6.0,2.0,3.0,1.0,4.81,128.0,https://www.airbnb.es/rooms/553563486933714034
Barcelona,Sants-montjuic,1215031910817332539,2026-06-01,Habitación en El Prat de Llobregat,79.0,,,1.0,,4.75,126.0,https://www.airbnb.es/rooms/1215031910817332539
Barcelona,Sants-montjuic,1689969893722387785,2026-06-01,Alojamiento en Barcelona,113.0,2.0,1.0,1.0,1.0,,,https://www.airbnb.es/rooms/1689969893722387785
Barcelona,Sants-montjuic,18580775,2026-06-01,Apartamento en Barcelona,269.0,7.0,3.0,5.0,2.0,4.68,187.0,https://www.airbnb.es/rooms/18580775
Barcelona,Sants-montjuic,23661273,2026-06-01,Apartamento en Barcelona,225.0,4.0,2.0,2.0,0.0,4.45,313.0,https://www.airbnb.es/rooms/23661273
Barcelona,Sants-montjuic,1690088805456194693,2026-06-01,Alojamiento en Barcelona,108.0,2.0,1.0,1.0,2.0,,,https://www.airbnb.es/rooms/1690088805456194693
Barcelona,Sants-montjuic,553551629505818133,2026-06-01,Apartamento en L'Hospitalet de Llobregat,205.0,4.0,1.0,2.0,1.0,4.83,65.0,https://www.airbnb.es/rooms/553551629505818133
Barcelona,Sants-montjuic,1669854366982419703,2026-06-01,Alojamiento en Barcelona,118.0,2.0,1.0,1.0,1.0,,,https://www.airbnb.es/rooms/1669854366982419703
Barcelona,Sants-montjuic,1470471575234730319,2026-06-01,Casa de invitados en L'Hospitalet de Llobregat,111.0,2.0,1.0,1.0,1.0,4.72,29.0,https://www.airbnb.es/rooms/1470471575234730319
Barcelona,Sants-montjuic,1689861937015266395,2026-06-01,Alojamiento en Barcelona,129.0,2.0,1.0,1.0,1.0,,,https://www.airbnb.es/rooms/1689861937015266395
Barcelona,Sants-montjuic,1198074,2026-06-01,Apartamento en Barcelona,300.0,4.0,2.0,3.0,2.0,4.89,119.0,https://www.airbnb.es/rooms/1198074
Barcelona,Sants-montjuic,19429639,2026-06-01,Apartamento en L'Hospitalet de Llobregat,186.0,4.0,1.0,2.0,1.0,4.39,215.0,https://www.airbnb.es/rooms/19429639
Barcelona,Sants-montjuic,45094687,2026-06-01,Apartamento en Barcelona,188.0,4.0,2.0,3.0,1.0,4.27,15.0,https://www.airbnb.es/rooms/45094687
Barcelona,Sants-montjuic,1425279784893662580,2026-06-01,Apartamento en Barcelona,180.0,2.0,1.0,3.0,0.0,4.66,87.0,https://www.airbnb.es/rooms/1425279784893662580
Barcelona,Sants-montjuic,1399112579281949206,2026-06-01,Apartamento en Barcelona,250.0,6.0,3.0,4.0,2.0,4.73,30.0,https://www.airbnb.es/rooms/1399112579281949206
Barcelona,Sants-montjuic,600371086640483735,2026-06-01,Apartamento en Barcelona,229.0,6.0,3.0,6.0,1.0,4.67,421.0,https://www.airbnb.es/rooms/600371086640483735
Barcelona,Sants-montjuic,1044047228278493890,2026-06-01,Apartamento en Barcelona,178.0,3.0,1.0,2.0,1.0,4.44,59.0,https://www.airbnb.es/rooms/1044047228278493890
Barcelona,Sants-montjuic,1396373104251718445,2026-06-01,Hotel en Barcelona,168.0,1.0,1.0,1.0,0.0,,,https://www.airbnb.es/rooms/1396373104251718445
Barcelona,Sants-montjuic,994238313069797296,2026-06-01,Hotel en Barcelona,180.0,2.0,1.0,1.0,1.0,4.73,80.0,https://www.airbnb.es/rooms/994238313069797296
Barcelona,Sants-montjuic,42687971,2026-06-01,Apartamento en Barcelona,251.0,4.0,3.0,3.0,1.0,4.49,76.0,https://www.airbnb.es/rooms/42687971
Barcelona,Sants-montjuic,35627835,2026-06-01,Hotel boutique en Barcelona,170.0,2.0,,1.0,0.0,4.81,27.0,https://www.airbnb.es/rooms/35627835
Barcelona,Sants-montjuic,52185041,2026-06-01,Apartamento en L'Hospitalet de Llobregat,200.0,2.0,1.0,1.0,1.0,4.42,210.0,https://www.airbnb.es/rooms/52185041
Barcelona,Sants-montjuic,588263368399541801,2026-06-01,Hotel en Barcelona,150.0,2.0,1.0,2.0,1.0,4.61,77.0,https://www.airbnb.es/rooms/588263368399541801
Barcelona,Sants-montjuic,39959257,2026-06-01,Apartamento en Barcelona,230.0,6.0,2.0,3.0,1.0,4.59,133.0,https://www.airbnb.es/rooms/39959257
Barcelona,Sants-montjuic,1689750860801220866,2026-06-01,Alojamiento en Barcelona,174.0,2.0,1.0,1.0,1.0,,,https://www.airbnb.es/rooms/1689750860801220866
Barcelona,Sants-montjuic,1690518670249408789,2026-06-01,Alojamiento en Barcelona,129.0,2.0,1.0,1.0,1.0,,,https://www.airbnb.es/rooms/1690518670249408789
Barcelona,Sants-montjuic,3778832,2026-06-01,Apartamento en Barcelona,224.0,3.0,1.0,1.0,1.0,4.96,746.0,https://www.airbnb.es/rooms/3778832
Barcelona,Sants-montjuic,48266882,2026-06-01,Apartamento en Barcelona,222.0,3.0,1.0,1.0,1.0,4.4,111.0,https://www.airbnb.es/rooms/48266882
Barcelona,Sants-montjuic,1299331630232875541,2026-06-01,Hostal en Barcelona,108.0,1.0,1.0,1.0,0.0,4.13,15.0,https://www.airbnb.es/rooms/1299331630232875541
Barcelona,Sants-montjuic,41920692,2026-06-01,Apartamento en Barcelona,187.0,4.0,1.0,1.0,1.0,4.48,162.0,https://www.airbnb.es/rooms/41920692
Barcelona,Sants-montjuic,1452845643664402470,2026-06-01,Habitación de hotel compartida en Barcelona,109.0,,,1.0,,4.7,40.0,https://www.airbnb.es/rooms/1452845643664402470
Barcelona,Sants-montjuic,42397180,2026-06-01,Apartamento en Eixample,271.0,6.0,4.0,4.0,2.0,4.51,147.0,https://www.airbnb.es/rooms/42397180
Barcelona,Sants-montjuic,1219561473030220539,2026-06-01,Hotel en Gràcia,180.0,2.0,1.0,1.0,1.0,4.62,26.0,https://www.airbnb.es/rooms/1219561473030220539
Barcelona,Sants-montjuic,1396364814218289239,2026-06-01,Hotel en Eixample,154.0,1.0,1.0,1.0,0.0,,,https://www.airbnb.es/rooms/1396364814218289239
Barcelona,Sants-montjuic,1690629749257179762,2026-06-01,Alojamiento en Sants-Montjuïc,129.0,2.0,1.0,1.0,1.0,,,https://www.airbnb.es/rooms/1690629749257179762
Barcelona,Sants-montjuic,872166812392538323,2026-06-01,Apartamento en Eixample,310.0,6.0,3.0,4.0,2.0,4.6,70.0,https://www.airbnb.es/rooms/872166812392538323
Barcelona,Sants-montjuic,1689972917718470272,2026-06-01,Alojamiento en El Raval,129.0,2.0,1.0,1.0,1.0,,,https://www.airbnb.es/rooms/1689972917718470272
Barcelona,Sants-montjuic,957760053909775261,2026-06-01,Apartamento en Eixample,194.0,2.0,1.0,1.0,1.0,4.4,163.0,https://www.airbnb.es/rooms/957760053909775261
Barcelona,Sants-montjuic,1412183069362512996,2026-06-01,Apartamento en Eixample,292.0,6.0,2.0,3.0,1.0,4.65,26.0,https://www.airbnb.es/rooms/1412183069362512996
Barcelona,Sants-montjuic,1287610757999307965,2026-06-01,Apartamento en Gràcia,275.0,4.0,2.0,3.0,1.0,4.74,88.0,https://www.airbnb.es/rooms/1287610757999307965
Barcelona,Sants-montjuic,1689865694784288576,2026-06-01,Alojamiento en Eixample,108.0,2.0,1.0,1.0,1.0,,,https://www.airbnb.es/rooms/1689865694784288576
Barcelona,Sants-montjuic,1567985873659883473,2026-06-01,Habitación de hotel en Gràcia,173.0,2.0,,1.0,1.0,4.84,56.0,https://www.airbnb.es/rooms/1567985873659883473
Barcelona,Sants-montjuic,598352755393860082,2026-06-01,Hostal en el Barri Gòtic,164.0,2.0,1.0,1.0,1.0,4.66,44.0,https://www.airbnb.es/rooms/598352755393860082
Barcelona,Sants-montjuic,1690072932744032302,2026-06-01,Alojamiento en Eixample,105.0,2.0,1.0,1.0,1.0,,,https://www.airbnb.es/rooms/1690072932744032302
Barcelona,Sants-montjuic,53858106,2026-06-01,Apartamento en El Raval,224.0,5.0,2.0,4.0,1.0,4.33,127.0,https://www.airbnb.es/rooms/53858106
Barcelona,Sants-montjuic,52108241,2026-06-01,Hotel boutique en Sarrià-Sant Gervasi,198.0,2.0,1.0,1.0,1.0,4.83,289.0,https://www.airbnb.es/rooms/52108241
Barcelona,Sants-montjuic,878759262826963543,2026-06-01,Apartamento en el Barri Gòtic,223.0,4.0,1.0,2.0,1.0,4.86,422.0,https://www.airbnb.es/rooms/878759262826963543
Barcelona,Sants-montjuic,4207829,2026-06-01,Apartamento en El Raval,291.0,4.0,2.0,3.0,2.0,4.62,389.0,https://www.airbnb.es/rooms/4207829
Barcelona,Sants-montjuic,52976505,2026-06-01,Hotel en El Raval,182.0,2.0,1.0,2.0,1.0,4.67,3.0,https://www.airbnb.es/rooms/52976505
Barcelona,Sants-montjuic,53058801,2026-06-01,Hotel en L'Hospitalet de Llobregat,157.0,4.0,1.0,2.0,1.0,4.71,42.0,https://www.airbnb.es/rooms/53058801
Barcelona,Sants-montjuic,7126261,2026-06-01,Apartamento en Barcelona,265.0,5.0,2.0,3.0,1.0,4.62,65.0,https://www.airbnb.es/rooms/7126261
Barcelona,Sants-montjuic,554286020875275869,2026-06-01,Hostal en Barcelona,170.0,1.0,1.0,1.0,1.0,4.56,68.0,https://www.airbnb.es/rooms/554286020875275869
Barcelona,Sants-montjuic,1086031486385200943,2026-06-01,Hostal en Barcelona,128.0,2.0,1.0,1.0,0.0,4.49,88.0,https://www.airbnb.es/rooms/1086031486385200943
Barcelona,Sants-montjuic,554279825290209805,2026-06-01,Hostal en Barcelona,185.0,2.0,1.0,2.0,1.0,4.61,76.0,https://www.airbnb.es/rooms/554279825290209805
Barcelona,Sants-montjuic,1399934084258835021,2026-06-01,Hostal en Barcelona,162.0,2.0,1.0,1.0,1.0,4.6,30.0,https://www.airbnb.es/rooms/1399934084258835021
Barcelona,Sants-montjuic,691244680016995988,2026-06-01,Hotel en Barcelona,138.0,1.0,1.0,1.0,0.0,,,https://www.airbnb.es/rooms/691244680016995988
Barcelona,Sants-montjuic,23737826,2026-06-01,Apartamento en Barcelona,201.0,6.0,2.0,4.0,1.0,4.7,136.0,https://www.airbnb.es/rooms/23737826
Barcelona,Sants-montjuic,32561248,2026-06-01,Hostal en Barcelona,115.0,2.0,1.0,1.0,,4.82,506.0,https://www.airbnb.es/rooms/32561248
Barcelona,Sants-montjuic,52161036,2026-06-01,Hotel en Barcelona,184.0,2.0,1.0,1.0,1.0,4.76,653.0,https://www.airbnb.es/rooms/52161036
Barcelona,Sants-montjuic,1070904385970425851,2026-06-01,Apartamento en L'Hospitalet de Llobregat,346.0,11.0,3.0,7.0,3.0,4.3,10.0,https://www.airbnb.es/rooms/1070904385970425851
Barcelona,Sants-montjuic,1551321117261139618,2026-06-01,Apartamento en Barcelona,213.0,2.0,1.0,2.0,1.0,4.67,6.0,https://www.airbnb.es/rooms/1551321117261139618
Barcelona,Sants-montjuic,45947908,2026-06-01,Habitación compartida en Barcelona,48.0,,,,,4.55,11.0,https://www.airbnb.es/rooms/45947908
Barcelona,Sants-montjuic,1079592152307767774,2026-06-01,Habitación en Barcelona,152.0,,,1.0,,4.38,8.0,https://www.airbnb.es/rooms/1079592152307767774
Barcelona,Sants-montjuic,1690515566617784280,2026-06-01,Alojamiento en Barcelona,124.0,2.0,1.0,1.0,1.0,,,https://www.airbnb.es/rooms/1690515566617784280
Barcelona,Sants-montjuic,33179901,2026-06-01,Habitación de hotel en Barcelona,161.0,3.0,1.0,2.0,1.0,4.66,134.0,https://www.airbnb.es/rooms/33179901
Barcelona,Sants-montjuic,1612400912404065709,2026-06-01,Alojamiento en L'Hospitalet de Llobregat,138.0,2.0,1.0,1.0,1.0,5.0,6.0,https://www.airbnb.es/rooms/1612400912404065709
Barcelona,Sants-montjuic,877621988007424535,2026-06-01,Alojamiento en Barcelona,110.0,2.0,1.0,1.0,1.0,4.53,34.0,https://www.airbnb.es/rooms/877621988007424535
Barcelona,Sants-montjuic,1681705230090553307,2026-06-01,Alojamiento en Barcelona,119.0,2.0,1.0,1.0,1.0,,,https://www.airbnb.es/rooms/1681705230090553307
Barcelona,Sants-montjuic,1693479205558878090,2026-06-01,Alojamiento en Barcelona,155.0,3.0,1.0,2.0,2.0,,,https://www.airbnb.es/rooms/1693479205558878090
Barcelona,Sants-montjuic,1689943132492843450,2026-06-01,Alojamiento en Barcelona,124.0,2.0,1.0,1.0,1.0,,,https://www.airbnb.es/rooms/1689943132492843450
Barcelona,Sants-montjuic,1486041657667319503,2026-06-01,Apartamento en Barcelona,280.0,6.0,3.0,3.0,1.0,4.71,28.0,https://www.airbnb.es/rooms/1486041657667319503
Barcelona,Sants-montjuic,862122500288513146,2026-06-01,Hostal en Barcelona,142.0,2.0,1.0,1.0,1.0,4.83,659.0,https://www.airbnb.es/rooms/862122500288513146
Barcelona,Sants-montjuic,42802494,2026-06-01,Apartamento en Barcelona,272.0,3.0,1.0,2.0,1.0,4.54,123.0,https://www.airbnb.es/rooms/42802494
Barcelona,Sants-montjuic,1381218625872214057,2026-06-01,Apartamento en L'Hospitalet de Llobregat,263.0,4.0,2.0,3.0,1.0,5.0,30.0,https://www.airbnb.es/rooms/1381218625872214057
Barcelona,Sants-montjuic,899017850207792392,2026-06-01,Adosado en Barcelona,439.0,10.0,5.0,7.0,2.0,4.61,61.0,https://www.airbnb.es/rooms/899017850207792392
Barcelona,Sants-montjuic,1644116760220734402,2026-06-01,Sercotel Amister Art Hotel,208.0,,,,,,,https://www.airbnb.es/rooms/1644116760220734402
Barcelona,Sants-montjuic,53058680,2026-06-01,Hotel en L'Hospitalet de Llobregat,157.0,3.0,1.0,2.0,1.0,4.5,10.0,https://www.airbnb.es/rooms/53058680
Barcelona,Sants-montjuic,1476870302094081503,2026-06-01,Apartamento en Barcelona,223.0,3.0,1.0,1.0,1.0,4.46,13.0,https://www.airbnb.es/rooms/1476870302094081503
Barcelona,Sants-montjuic,878658347316285621,2026-06-01,Apartamento en Barcelona,246.0,4.0,1.0,3.0,1.0,4.86,615.0,https://www.airbnb.es/rooms/878658347316285621
Barcelona,Sants-montjuic,1026785632930992619,2026-06-01,Alojamiento en Barcelona,139.0,2.0,1.0,1.0,1.0,4.22,18.0,https://www.airbnb.es/rooms/1026785632930992619
Barcelona,Sants-montjuic,5561974,2026-06-01,Habitación compartida en Barcelona,53.0,,,16.0,,4.71,1574.0,https://www.airbnb.es/rooms/5561974
Barcelona,Sants-montjuic,1690714663404953837,2026-06-01,Alojamiento en Barcelona,124.0,2.0,1.0,1.0,2.0,,,https://www.airbnb.es/rooms/1690714663404953837
Barcelona,Sants-montjuic,53651979,2026-06-01,Hotel en Barcelona,160.0,2.0,1.0,2.0,1.0,4.59,129.0,https://www.airbnb.es/rooms/53651979
Barcelona,Sants-montjuic,1689868301128728309,2026-06-01,Alojamiento en Barcelona,129.0,2.0,1.0,1.0,1.0,,,https://www.airbnb.es/rooms/1689868301128728309
Barcelona,Sants-montjuic,546926327324184389,2026-06-01,Apartamento en Barcelona,235.0,2.0,1.0,2.0,1.0,4.64,66.0,https://www.airbnb.es/rooms/546926327324184389
Barcelona,Sants-montjuic,53176149,2026-06-01,Hotel en Barcelona,156.0,2.0,1.0,1.0,1.0,4.3,50.0,https://www.airbnb.es/rooms/53176149
Barcelona,Sants-montjuic,43625607,2026-06-01,Apartamento en Barcelona,261.0,4.0,2.0,3.0,2.0,4.56,32.0,https://www.airbnb.es/rooms/43625607
Barcelona,Sants-montjuic,846004853225449054,2026-06-01,Alojamiento en Barcelona,99.0,1.0,1.0,1.0,1.0,4.2,5.0,https://www.airbnb.es/rooms/846004853225449054
Barcelona,Sants-montjuic,968720576498100701,2026-06-01,Apartamento en Barcelona,314.0,6.0,2.0,3.0,1.0,4.68,120.0,https://www.airbnb.es/rooms/968720576498100701
Barcelona,Sants-montjuic,1326720473830294071,2026-06-01,Habitación en Barcelona,155.0,,,1.0,,4.81,32.0,https://www.airbnb.es/rooms/1326720473830294071
Barcelona,Sants-montjuic,1692719487005905044,2026-06-01,Apartamento en Barcelona,400.0,4.0,2.0,3.0,1.0,,,https://www.airbnb.es/rooms/1692719487005905044
Barcelona,Sants-montjuic,566389154220216287,2026-06-01,Habitación en Barcelona,88.0,,,1.0,,4.33,6.0,https://www.airbnb.es/rooms/566389154220216287
Barcelona,Sants-montjuic,768711031367841428,2026-06-01,Habitación en El Prat de Llobregat,79.0,,,1.0,,4.66,116.0,https://www.airbnb.es/rooms/768711031367841428
Barcelona,Sants-montjuic,53536169,2026-06-01,Hotel en Barcelona,180.0,2.0,1.0,1.0,1.0,4.44,225.0,https://www.airbnb.es/rooms/53536169
Barcelona,Sants-montjuic,16385876,2026-06-01,Alojamiento en L'Hospitalet de Llobregat,246.0,6.0,1.0,2.0,1.0,4.75,378.0,https://www.airbnb.es/rooms/16385876
Barcelona,Sants-montjuic,1690044265482544054,2026-06-01,Alojamiento en Barcelona,106.0,2.0,1.0,1.0,,,,https://www.airbnb.es/rooms/1690044265482544054
Barcelona,Sants-montjuic,42151836,2026-06-01,Apartamento en Barcelona,343.0,5.0,2.0,3.0,1.0,4.86,354.0,https://www.airbnb.es/rooms/42151836
Barcelona,Sants-montjuic,666604385807739208,2026-06-01,Apartamento en Barcelona,249.0,4.0,1.0,1.0,2.0,4.79,226.0,https://www.airbnb.es/rooms/666604385807739208
Barcelona,Sants-montjuic,1624022739720889697,2026-06-01,Alojamiento en Barcelona,119.0,2.0,1.0,1.0,1.0,4.75,16.0,https://www.airbnb.es/rooms/1624022739720889697
Barcelona,Gracia,13571420,2026-06-01,Apartamento en Barcelona,120.0,4.0,1.0,1.0,1.0,4.66,760.0,https://www.airbnb.es/rooms/13571420
Barcelona,Gracia,33385782,2026-06-01,Hotel boutique en Barcelona,145.0,3.0,1.0,2.0,1.0,4.77,372.0,https://www.airbnb.es/rooms/33385782
Barcelona,Gracia,1629047930699126683,2026-06-01,Hotel Ronda Lesseps,165.0,,,,,4.78,596.0,https://www.airbnb.es/rooms/1629047930699126683
Barcelona,Gracia,1381830149578594250,2026-06-01,Habitación compartida en Barcelona,44.0,,,,,4.72,612.0,https://www.airbnb.es/rooms/1381830149578594250
Barcelona,Gracia,1373005404778595213,2026-06-01,Apartamento en Barcelona,191.0,2.0,1.0,1.0,1.0,4.81,52.0,https://www.airbnb.es/rooms/1373005404778595213
Barcelona,Gracia,1691373404448885892,2026-06-01,Apartamento en Barcelona,333.0,4.0,3.0,3.0,2.0,,,https://www.airbnb.es/rooms/1691373404448885892
Barcelona,Gracia,1600016322754075561,2026-06-01,chic&basic Velvet,156.0,,,,,5.0,3.0,https://www.airbnb.es/rooms/1600016322754075561
Barcelona,Gracia,1623845411548133787,2026-06-01,Tres Torres Atiram Hotels,162.0,,,,,4.69,477.0,https://www.airbnb.es/rooms/1623845411548133787
Barcelona,Gracia,1644128350843386600,2026-06-01,Sercotel Porta Barcelona,117.0,,,,,4.63,48.0,https://www.airbnb.es/rooms/1644128350843386600
Barcelona,Gracia,1395546731678953844,2026-06-01,chic&basic Born Boutique Hotel,164.0,,,,,4.58,111.0,https://www.airbnb.es/rooms/1395546731678953844
Barcelona,Gracia,1486820500847214284,2026-06-01,chic&basic Tallers Hostal,152.0,,,,,4.38,56.0,https://www.airbnb.es/rooms/1486820500847214284
Barcelona,Gracia,1633928135410732873,2026-06-01,Sercotel Cornellà Barcelona,126.0,,,,,4.57,30.0,https://www.airbnb.es/rooms/1633928135410732873
Barcelona,Gracia,1440590229528643742,2026-06-01,easyHotel Barcelona La Sagrera,153.0,,,,,4.63,348.0,https://www.airbnb.es/rooms/1440590229528643742
Barcelona,Gracia,1600018894061376022,2026-06-01,chic&basic Habana Hoose,207.0,,,,,4.8,1248.0,https://www.airbnb.es/rooms/1600018894061376022
Barcelona,Gracia,1644119648954608427,2026-06-01,Sercotel Caspe Hotel,199.0,,,,,4.58,24.0,https://www.airbnb.es/rooms/1644119648954608427
Barcelona,Gracia,31400940,2026-06-01,Apartamento en Barcelona,243.0,6.0,3.0,5.0,2.0,4.57,211.0,https://www.airbnb.es/rooms/31400940
Barcelona,Gracia,1394855747314311569,2026-06-01,Hotel en Barcelona,145.0,1.0,1.0,1.0,0.0,4.84,37.0,https://www.airbnb.es/rooms/1394855747314311569
Barcelona,Gracia,39959257,2026-06-01,Apartamento en Barcelona,230.0,6.0,2.0,3.0,1.0,4.59,133.0,https://www.airbnb.es/rooms/39959257
Barcelona,Gracia,886838723814651944,2026-06-01,Apartamento en Barcelona,197.0,3.0,1.0,2.0,1.0,4.73,730.0,https://www.airbnb.es/rooms/886838723814651944
Barcelona,Gracia,1299227531057750706,2026-06-01,Hostal en Barcelona,118.0,2.0,1.0,1.0,1.0,4.38,86.0,https://www.airbnb.es/rooms/1299227531057750706
Barcelona,Gracia,1086039450004234057,2026-06-01,Hostal en Barcelona,124.0,2.0,1.0,1.0,1.0,4.75,8.0,https://www.airbnb.es/rooms/1086039450004234057
Barcelona,Gracia,1567985873659883473,2026-06-01,Habitación de hotel en Barcelona,173.0,2.0,,1.0,1.0,4.84,56.0,https://www.airbnb.es/rooms/1567985873659883473
Barcelona,Gracia,1395616579066520047,2026-06-01,Habitación compartida en Barcelona,31.0,,,1.0,,4.46,1363.0,https://www.airbnb.es/rooms/1395616579066520047
Barcelona,Gracia,20486545,2026-06-01,Apartamento en Barcelona,291.0,8.0,4.0,7.0,2.0,4.71,393.0,https://www.airbnb.es/rooms/20486545
Barcelona,Gracia,10621483,2026-06-01,Apartamento en Barcelona,235.0,4.0,2.0,2.0,1.0,4.73,435.0,https://www.airbnb.es/rooms/10621483
Barcelona,Gracia,5180175,2026-06-01,Apto. residencial en Barcelona,257.0,10.0,4.0,7.0,2.0,4.73,550.0,https://www.airbnb.es/rooms/5180175
Barcelona,Gracia,1394773500642844241,2026-06-01,Hotel en Barcelona,130.0,1.0,1.0,1.0,0.0,5.0,4.0,https://www.airbnb.es/rooms/1394773500642844241
Barcelona,Gracia,33385364,2026-06-01,Hotel boutique en Barcelona,136.0,2.0,1.0,1.0,1.0,4.65,219.0,https://www.airbnb.es/rooms/33385364
Barcelona,Gracia,5248745,2026-06-01,Apartamento en Barcelona,150.0,4.0,1.0,1.0,1.0,4.75,549.0,https://www.airbnb.es/rooms/5248745
Barcelona,Gracia,1630658378282856382,2026-06-01,Apartamento en Barcelona,336.0,10.0,4.0,6.0,2.0,,,https://www.airbnb.es/rooms/1630658378282856382
Barcelona,Gracia,5256656,2026-06-01,Apartamento en Barcelona,190.0,6.0,2.0,3.0,1.0,4.66,700.0,https://www.airbnb.es/rooms/5256656
Barcelona,Gracia,24590131,2026-06-01,Hotel boutique en .,139.0,2.0,1.0,1.0,1.0,4.64,258.0,https://www.airbnb.es/rooms/24590131
Barcelona,Gracia,52119547,2026-06-01,Apartamento en Barcelona,315.0,6.0,3.0,4.0,2.0,4.93,80.0,https://www.airbnb.es/rooms/52119547
Barcelona,Gracia,1303550131257931742,2026-06-01,Apartamento en Barcelona,304.0,4.0,2.0,1.0,1.0,4.85,91.0,https://www.airbnb.es/rooms/1303550131257931742
Barcelona,Gracia,1046349023651123519,2026-06-01,Apartamento en Barcelona,339.0,4.0,1.0,2.0,1.0,4.89,130.0,https://www.airbnb.es/rooms/1046349023651123519
Barcelona,Gracia,39737048,2026-06-01,Apartamento en Barcelona,367.0,4.0,1.0,2.0,1.0,4.76,273.0,https://www.airbnb.es/rooms/39737048
Barcelona,Gracia,1585472666496253319,2026-06-01,Apartamento en Barcelona,375.0,4.0,2.0,4.0,2.0,4.67,3.0,https://www.airbnb.es/rooms/1585472666496253319
Barcelona,Gracia,17039210,2026-06-01,Apartamento en Barcelona,358.0,2.0,,1.0,1.0,4.8,249.0,https://www.airbnb.es/rooms/17039210
Barcelona,Gracia,17039209,2026-06-01,Apartamento en Barcelona,358.0,2.0,1.0,2.0,1.0,4.82,263.0,https://www.airbnb.es/rooms/17039209
Barcelona,Gracia,1330408326087495128,2026-06-01,Habitación compartida en Barcelona,105.0,,,8.0,,4.77,183.0,https://www.airbnb.es/rooms/1330408326087495128
Barcelona,Gracia,1650088777130237893,2026-06-01,Alojamiento en Barcelona,164.0,3.0,1.0,2.0,1.0,5.0,6.0,https://www.airbnb.es/rooms/1650088777130237893
Barcelona,Gracia,1299331630232875541,2026-06-01,Hostal en Barcelona,108.0,1.0,1.0,1.0,0.0,4.13,15.0,https://www.airbnb.es/rooms/1299331630232875541
Barcelona,Gracia,26976011,2026-06-01,Habitación de hotel en Barcelona,154.0,2.0,1.0,1.0,1.0,4.86,49.0,https://www.airbnb.es/rooms/26976011
Barcelona,Gracia,39959246,2026-06-01,Apartamento en Barcelona,246.0,6.0,2.0,3.0,1.0,4.54,120.0,https://www.airbnb.es/rooms/39959246
Barcelona,Gracia,41920692,2026-06-01,Apartamento en Barcelona,187.0,4.0,1.0,1.0,1.0,4.48,162.0,https://www.airbnb.es/rooms/41920692
Barcelona,Gracia,1414473753453618431,2026-06-01,Habitación de hotel compartida en Barcelona,96.0,,,4.0,,4.96,295.0,https://www.airbnb.es/rooms/1414473753453618431
Barcelona,Gracia,588263368399541801,2026-06-01,Hotel en Barcelona,150.0,2.0,1.0,2.0,1.0,4.61,77.0,https://www.airbnb.es/rooms/588263368399541801
Barcelona,Gracia,21390932,2026-06-01,Apartamento en Barcelona,291.0,8.0,4.0,7.0,2.0,4.77,374.0,https://www.airbnb.es/rooms/21390932
Barcelona,Gracia,24978663,2026-06-01,Loft en Barcelona,207.0,2.0,,1.0,1.0,4.92,537.0,https://www.airbnb.es/rooms/24978663
Barcelona,Gracia,23737826,2026-06-01,Apartamento en Barcelona,201.0,6.0,2.0,4.0,1.0,4.7,136.0,https://www.airbnb.es/rooms/23737826
Barcelona,Gracia,23990630,2026-06-01,Loft en Barcelona,195.0,3.0,,1.0,1.0,4.91,493.0,https://www.airbnb.es/rooms/23990630
Barcelona,Gracia,20030829,2026-06-01,Habitación en L'Hospitalet de Llobregat,46.0,,,1.0,,4.78,697.0,https://www.airbnb.es/rooms/20030829
Barcelona,Gracia,21653693,2026-06-01,Apartamento en Barcelona,225.0,3.0,1.0,3.0,1.0,4.85,220.0,https://www.airbnb.es/rooms/21653693
Barcelona,Gracia,994238313069797296,2026-06-01,Hotel en Barcelona,180.0,2.0,1.0,1.0,1.0,4.73,80.0,https://www.airbnb.es/rooms/994238313069797296
Barcelona,Gracia,1486041657667319503,2026-06-01,Apartamento en Barcelona,280.0,6.0,3.0,3.0,1.0,4.71,28.0,https://www.airbnb.es/rooms/1486041657667319503
Barcelona,Gracia,42687971,2026-06-01,Apartamento en Barcelona,251.0,4.0,3.0,3.0,1.0,4.49,76.0,https://www.airbnb.es/rooms/42687971
Barcelona,Gracia,1394826946727751336,2026-06-01,Hotel en Barcelona,140.0,1.0,1.0,1.0,0.0,4.89,18.0,https://www.airbnb.es/rooms/1394826946727751336
Barcelona,Gracia,35477075,2026-06-01,Apartamento en Barcelona,273.0,5.0,3.0,4.0,2.0,4.72,235.0,https://www.airbnb.es/rooms/35477075
Barcelona,Gracia,1287610757999307965,2026-06-01,Apartamento en Barcelona,275.0,4.0,2.0,3.0,1.0,4.74,88.0,https://www.airbnb.es/rooms/1287610757999307965
Barcelona,Gracia,32561248,2026-06-01,Hostal en Barcelona,115.0,2.0,1.0,1.0,,4.82,506.0,https://www.airbnb.es/rooms/32561248
Barcelona,Gracia,1373839405296654999,2026-06-01,Apartamento en Barcelona,179.0,3.0,1.0,1.0,1.0,4.35,82.0,https://www.airbnb.es/rooms/1373839405296654999
Barcelona,Gracia,990652533372075703,2026-06-01,Alojamiento en Barcelona,149.0,1.0,2.0,1.0,1.0,4.17,6.0,https://www.airbnb.es/rooms/990652533372075703
Barcelona,Gracia,18819497,2026-06-01,Apartamento en Barcelona,343.0,5.0,2.0,4.0,2.0,4.9,367.0,https://www.airbnb.es/rooms/18819497
Barcelona,Gracia,30759793,2026-06-01,Apartamento en Barcelona,273.0,5.0,2.0,4.0,2.0,4.83,1246.0,https://www.airbnb.es/rooms/30759793
Barcelona,Gracia,45094691,2026-06-01,Apartamento en Barcelona,188.0,4.0,2.0,3.0,1.0,4.39,69.0,https://www.airbnb.es/rooms/45094691
Barcelona,Gracia,1354292507938470804,2026-06-01,Apartamento en Barcelona,239.0,6.0,3.0,3.0,1.0,4.68,80.0,https://www.airbnb.es/rooms/1354292507938470804
Barcelona,Gracia,6399512,2026-06-01,Apartamento en Barcelona,150.0,4.0,1.0,1.0,1.0,4.7,125.0,https://www.airbnb.es/rooms/6399512
Barcelona,Gracia,1739507,2026-06-01,Apartamento en Barcelona,246.0,6.0,2.0,3.0,1.0,4.57,364.0,https://www.airbnb.es/rooms/1739507
Barcelona,Gracia,1086031486385200943,2026-06-01,Hostal en Barcelona,128.0,2.0,1.0,1.0,0.0,4.49,88.0,https://www.airbnb.es/rooms/1086031486385200943
Barcelona,Gracia,1576302000335009666,2026-06-01,Alojamiento en Barcelona,114.0,2.0,1.0,1.0,1.0,4.65,20.0,https://www.airbnb.es/rooms/1576302000335009666
Barcelona,Gracia,6536977,2026-06-01,Apartamento en Barcelona,250.0,3.0,2.0,3.0,1.0,4.69,117.0,https://www.airbnb.es/rooms/6536977
Barcelona,Gracia,1383867960663348575,2026-06-01,Habitación compartida en Barcelona,51.0,,,6.0,,4.67,27.0,https://www.airbnb.es/rooms/1383867960663348575
Barcelona,Gracia,5561974,2026-06-01,Habitación compartida en Barcelona,53.0,,,16.0,,4.71,1574.0,https://www.airbnb.es/rooms/5561974
Barcelona,Gracia,1219561473030220539,2026-06-01,Hotel en Barcelona,180.0,2.0,1.0,1.0,1.0,4.62,26.0,https://www.airbnb.es/rooms/1219561473030220539
Barcelona,Gracia,1425279784893662580,2026-06-01,Apartamento en Barcelona,166.0,2.0,1.0,3.0,0.0,4.66,87.0,https://www.airbnb.es/rooms/1425279784893662580
Barcelona,Gracia,45970180,2026-06-01,Apartamento en Barcelona,180.0,2.0,1.0,1.0,0.0,4.59,37.0,https://www.airbnb.es/rooms/45970180
Barcelona,Gracia,1690527090152157222,2026-06-01,Alojamiento en Barcelona,134.0,2.0,1.0,1.0,1.0,,,https://www.airbnb.es/rooms/1690527090152157222
Barcelona,Gracia,1659262466106730557,2026-06-01,Habitación compartida en L'Hospitalet de Llobregat,37.0,,,1.0,,4.47,47.0,https://www.airbnb.es/rooms/1659262466106730557
Barcelona,Gracia,1683879479810257006,2026-06-01,Alojamiento en Barcelona,126.0,2.0,1.0,1.0,1.0,,,https://www.airbnb.es/rooms/1683879479810257006
Barcelona,Gracia,21761757,2026-06-01,Apartamento en Barcelona,180.0,2.0,1.0,2.0,0.0,4.64,113.0,https://www.airbnb.es/rooms/21761757
Barcelona,Gracia,1302313221763681420,2026-06-01,Apartamento en Barcelona,226.0,5.0,3.0,1.0,1.0,4.97,31.0,https://www.airbnb.es/rooms/1302313221763681420
Barcelona,Gracia,52047510,2026-06-01,Hostal en Barcelona,126.0,2.0,1.0,1.0,1.0,4.76,300.0,https://www.airbnb.es/rooms/52047510
Barcelona,Gracia,22094381,2026-06-01,Apartamento en Barcelona,160.0,5.0,2.0,3.0,1.0,4.59,263.0,https://www.airbnb.es/rooms/22094381
Barcelona,Gracia,741132250553803648,2026-06-01,Apartamento en Barcelona,221.0,3.0,1.0,2.0,1.0,4.87,215.0,https://www.airbnb.es/rooms/741132250553803648
Barcelona,Gracia,41015150,2026-06-01,Apartamento en Barcelona,330.0,6.0,3.0,3.0,2.0,4.94,121.0,https://www.airbnb.es/rooms/41015150
Barcelona,Gracia,1086385318652132563,2026-06-01,Habitación en Barcelona,59.0,,,1.0,,4.17,18.0,https://www.airbnb.es/rooms/1086385318652132563
Barcelona,Gracia,52360027,2026-06-01,Apartamento en Barcelona,214.0,2.0,1.0,1.0,1.0,4.85,262.0,https://www.airbnb.es/rooms/52360027
Barcelona,Gracia,1198074,2026-06-01,Apartamento en Barcelona,300.0,4.0,2.0,3.0,2.0,4.89,119.0,https://www.airbnb.es/rooms/1198074
Barcelona,Gracia,1259116019707310328,2026-06-01,Apartamento en Barcelona,270.0,9.0,5.0,8.0,2.0,4.81,146.0,https://www.airbnb.es/rooms/1259116019707310328
Barcelona,Gracia,1689843380550258164,2026-06-01,Alojamiento en Barcelona,108.0,2.0,1.0,1.0,1.0,,,https://www.airbnb.es/rooms/1689843380550258164
Barcelona,Gracia,52219850,2026-06-01,Habitación en L'Hospitalet de Llobregat,88.0,,,2.0,,4.89,193.0,https://www.airbnb.es/rooms/52219850
Barcelona,Gracia,1399112591589162337,2026-06-01,Apartamento en Barcelona,200.0,4.0,2.0,3.0,2.0,4.86,14.0,https://www.airbnb.es/rooms/1399112591589162337
Barcelona,Gracia,1358768214927137133,2026-06-01,Apartamento en Barcelona,235.0,4.0,2.0,2.0,1.0,4.75,28.0,https://www.airbnb.es/rooms/1358768214927137133
Barcelona,Gracia,19028982,2026-06-01,Apartamento en Barcelona,608.0,8.0,4.0,6.0,3.0,4.92,819.0,https://www.airbnb.es/rooms/19028982
Barcelona,Gracia,843268032766273067,2026-06-01,Hotel en Barcelona,175.0,2.0,1.0,1.0,1.0,4.83,81.0,https://www.airbnb.es/rooms/843268032766273067
Barcelona,Gracia,1665293945164970881,2026-06-01,Alojamiento en Barcelona,112.0,2.0,1.0,1.0,1.0,,,https://www.airbnb.es/rooms/1665293945164970881
Barcelona,Gracia,52161036,2026-06-01,Hotel en Barcelona,184.0,2.0,1.0,1.0,1.0,4.76,653.0,https://www.airbnb.es/rooms/52161036
Barcelona,Gracia,33820070,2026-06-01,Apartamento en Barcelona,330.0,6.0,3.0,3.0,2.0,4.9,106.0,https://www.airbnb.es/rooms/33820070
Barcelona,Gracia,1567998077717270659,2026-06-01,Habitación de hotel en Barcelona,220.0,2.0,,1.0,1.0,4.57,28.0,https://www.airbnb.es/rooms/1567998077717270659
Barcelona,Gracia,1581902367739167921,2026-06-01,Apartamento en Barcelona,270.0,11.0,4.0,7.0,2.0,4.88,33.0,https://www.airbnb.es/rooms/1581902367739167921
Barcelona,Gracia,1081106888283937930,2026-06-01,Habitación compartida en Barcelona,44.0,,,,,4.67,280.0,https://www.airbnb.es/rooms/1081106888283937930
Barcelona,Gracia,1573198379967220519,2026-06-01,Alojamiento en Barcelona,104.0,2.0,1.0,1.0,1.0,4.69,13.0,https://www.airbnb.es/rooms/1573198379967220519
Barcelona,Gracia,52047182,2026-06-01,Hostal en Barcelona,107.0,2.0,1.0,2.0,1.0,4.76,787.0,https://www.airbnb.es/rooms/52047182
Barcelona,Gracia,4028518,2026-06-01,Loft en Barcelona,292.0,4.0,2.0,3.0,1.0,4.95,952.0,https://www.airbnb.es/rooms/4028518
Barcelona,Gracia,1321567328957236283,2026-06-01,Habitación de hotel compartida en L'Hospitalet de Llobregat,36.0,,,1.0,,4.46,394.0,https://www.airbnb.es/rooms/1321567328957236283
Barcelona,Gracia,1452841857638279568,2026-06-01,Hostal en El Raval,68.0,1.0,,1.0,4.0,4.58,26.0,https://www.airbnb.es/rooms/1452841857638279568
Barcelona,Gracia,546926327324184389,2026-06-01,Apartamento en Eixample,235.0,2.0,1.0,2.0,1.0,4.64,66.0,https://www.airbnb.es/rooms/546926327324184389
Barcelona,Gracia,45947908,2026-06-01,Habitación compartida en Eixample,48.0,,,,,4.55,11.0,https://www.airbnb.es/rooms/45947908
Barcelona,Gracia,1676320427388991062,2026-06-01,Alojamiento en Eixample,89.0,2.0,1.0,1.0,3.0,,,https://www.airbnb.es/rooms/1676320427388991062
Barcelona,Gracia,45094687,2026-06-01,Apartamento en Eixample,188.0,4.0,2.0,3.0,1.0,4.27,15.0,https://www.airbnb.es/rooms/45094687
Barcelona,Gracia,34191394,2026-06-01,Apartamento en Gràcia,292.0,5.0,2.0,4.0,2.0,4.78,331.0,https://www.airbnb.es/rooms/34191394
Barcelona,Gracia,29168355,2026-06-01,Apartamento en Eixample,268.0,5.0,3.0,3.0,2.0,4.51,125.0,https://www.airbnb.es/rooms/29168355
Barcelona,Gracia,1395660922989787647,2026-06-01,Habitación compartida en la Vila Olímpica del Poblenou,36.0,,,1.0,,4.51,131.0,https://www.airbnb.es/rooms/1395660922989787647
Barcelona,Gracia,643237654635430610,2026-06-01,Apartamento en Eixample,219.0,3.0,2.0,2.0,2.0,4.52,243.0,https://www.airbnb.es/rooms/643237654635430610
Barcelona,Gracia,52627366,2026-06-01,Apartamento en Eixample,365.0,4.0,2.0,3.0,1.0,4.75,1124.0,https://www.airbnb.es/rooms/52627366
Barcelona,Gracia,888070459646437490,2026-06-01,Apartamento en El Poble-sec,189.0,5.0,2.0,3.0,2.0,4.51,288.0,https://www.airbnb.es/rooms/888070459646437490
Barcelona,Gracia,26976115,2026-06-01,Habitación de hotel en Eixample,170.0,2.0,1.0,1.0,1.0,4.85,55.0,https://www.airbnb.es/rooms/26976115
Barcelona,Gracia,37768888,2026-06-01,Hotel en Gràcia,172.0,2.0,1.0,1.0,1.0,4.8,5.0,https://www.airbnb.es/rooms/37768888
Barcelona,Gracia,53141289,2026-06-01,Hotel en Eixample,147.0,2.0,1.0,1.0,1.0,4.68,117.0,https://www.airbnb.es/rooms/53141289
Barcelona,Gracia,1070622249649813826,2026-06-01,Apartamento en Eixample,328.0,5.0,3.0,3.0,1.0,4.85,93.0,https://www.airbnb.es/rooms/1070622249649813826
Barcelona,Gracia,1690721429631322509,2026-06-01,Alojamiento en Sants-Montjuïc,104.0,2.0,1.0,1.0,1.0,,,https://www.airbnb.es/rooms/1690721429631322509
Barcelona,Gracia,1692725051444428427,2026-06-01,Alojamiento en La Barceloneta,129.0,2.0,1.0,1.0,1.0,,,https://www.airbnb.es/rooms/1692725051444428427
Barcelona,Gracia,1192671811470480375,2026-06-01,Apartamento en Barcelona,216.0,5.0,3.0,3.0,0.0,4.23,31.0,https://www.airbnb.es/rooms/1192671811470480375
Barcelona,Gracia,52359464,2026-06-01,Apartamento en Barcelona,203.0,2.0,1.0,1.0,1.0,4.65,165.0,https://www.airbnb.es/rooms/52359464
Barcelona,Gracia,886849936033572375,2026-06-01,Apartamento en Barcelona,295.0,6.0,2.0,3.0,2.0,4.74,69.0,https://www.airbnb.es/rooms/886849936033572375
Barcelona,Gracia,600371086640483735,2026-06-01,Apartamento en Barcelona,229.0,6.0,3.0,6.0,1.0,4.67,421.0,https://www.airbnb.es/rooms/600371086640483735
Barcelona,Gracia,1321021264235011863,2026-06-01,Habitación compartida en Barcelona,48.0,,,1.0,4.0,4.43,214.0,https://www.airbnb.es/rooms/1321021264235011863
Barcelona,Gracia,44372630,2026-06-01,Apartamento en Barcelona,269.0,3.0,3.0,4.0,1.0,4.4,181.0,https://www.airbnb.es/rooms/44372630
Barcelona,Gracia,53176052,2026-06-01,Hotel en Barcelona,144.0,2.0,1.0,2.0,1.0,4.47,631.0,https://www.airbnb.es/rooms/53176052
Barcelona,Gracia,708553347984639336,2026-06-01,Habitación en Cornellà de Llobregat,77.0,,,1.0,,4.84,321.0,https://www.airbnb.es/rooms/708553347984639336
Barcelona,Gracia,18819488,2026-06-01,Apartamento en Barcelona,280.0,4.0,2.0,3.0,1.0,4.91,264.0,https://www.airbnb.es/rooms/18819488
Barcelona,Gracia,1007834347793725460,2026-06-01,Habitación en Badalona,81.0,,,1.0,,4.86,161.0,https://www.airbnb.es/rooms/1007834347793725460
Barcelona,Gracia,1399112602583968962,2026-06-01,Apartamento en Barcelona,250.0,6.0,3.0,4.0,2.0,4.79,19.0,https://www.airbnb.es/rooms/1399112602583968962
Barcelona,Gracia,3144104,2026-06-01,Apartamento en Barcelona,280.0,6.0,3.0,4.0,1.0,4.9,1003.0,https://www.airbnb.es/rooms/3144104
Barcelona,Gracia,846093318788581404,2026-06-01,Apartamento en Barcelona,323.0,5.0,3.0,4.0,1.0,4.73,2670.0,https://www.airbnb.es/rooms/846093318788581404
Barcelona,Gracia,1329067,2026-06-01,Apartamento en Barcelona,259.0,2.0,1.0,1.0,1.0,4.84,157.0,https://www.airbnb.es/rooms/1329067
Barcelona,Gracia,23211786,2026-06-01,Apartamento en L'Hospitalet de Llobregat,159.0,4.0,1.0,1.0,1.0,4.67,301.0,https://www.airbnb.es/rooms/23211786
Barcelona,Gracia,1135216684465108261,2026-06-01,Apartamento en Barcelona,317.0,5.0,2.0,4.0,2.0,4.89,91.0,https://www.airbnb.es/rooms/1135216684465108261
Barcelona,Gracia,47733474,2026-06-01,Hotel en Barcelona,153.0,2.0,1.0,2.0,1.0,4.73,859.0,https://www.airbnb.es/rooms/47733474
Barcelona,Gracia,52360477,2026-06-01,Apartamento en Barcelona,214.0,2.0,1.0,1.0,1.0,4.75,136.0,https://www.airbnb.es/rooms/52360477
Barcelona,Gracia,44371259,2026-06-01,Apartamento en Barcelona,277.0,3.0,3.0,4.0,1.0,4.2,123.0,https://www.airbnb.es/rooms/44371259
Barcelona,Gracia,1383878368550642710,2026-06-01,Habitación compartida en Barcelona,55.0,,,,,4.6,43.0,https://www.airbnb.es/rooms/1383878368550642710
Barcelona,Gracia,50194220,2026-06-01,Hotel en Barcelona,199.0,1.0,,,1.0,4.71,42.0,https://www.airbnb.es/rooms/50194220
Barcelona,Gracia,872166812392538323,2026-06-01,Apartamento en Barcelona,310.0,6.0,3.0,4.0,2.0,4.6,70.0,https://www.airbnb.es/rooms/872166812392538323
Barcelona,Gracia,1142567755780101977,2026-06-01,Habitación en Barcelona,118.0,,1.0,,,4.57,67.0,https://www.airbnb.es/rooms/1142567755780101977
Barcelona,Gracia,1126613779447054663,2026-06-01,Apartamento en Barcelona,311.0,3.0,1.0,4.0,1.0,4.85,338.0,https://www.airbnb.es/rooms/1126613779447054663
Barcelona,Gracia,862122500288513146,2026-06-01,Hostal en Barcelona,142.0,2.0,1.0,1.0,1.0,4.83,659.0,https://www.airbnb.es/rooms/862122500288513146
Barcelona,Gracia,5179215,2026-06-01,Habitación compartida en Barcelona,54.0,,,,2.0,4.65,462.0,https://www.airbnb.es/rooms/5179215
Barcelona,Gracia,26940439,2026-06-01,Apartamento en Barcelona,293.0,4.0,2.0,3.0,1.0,4.85,1428.0,https://www.airbnb.es/rooms/26940439
Barcelona,Gracia,1358745153008344797,2026-06-01,Apartamento en Barcelona,235.0,4.0,2.0,2.0,1.0,4.58,43.0,https://www.airbnb.es/rooms/1358745153008344797
Barcelona,Gracia,1674646765546985121,2026-06-01,Apartamento en Barcelona,235.0,4.0,3.0,3.0,1.0,4.33,3.0,https://www.airbnb.es/rooms/1674646765546985121
Barcelona,Gracia,37768883,2026-06-01,Hotel en Barcelona,172.0,2.0,1.0,2.0,1.0,,,https://www.airbnb.es/rooms/37768883
Barcelona,Gracia,1263001279362727118,2026-06-01,Hotel en Barcelona,170.0,2.0,1.0,2.0,1.0,4.93,14.0,https://www.airbnb.es/rooms/1263001279362727118
Barcelona,Gracia,1334170501496595542,2026-06-01,Apartamento en Barcelona,180.0,5.0,2.0,2.0,2.0,4.46,41.0,https://www.airbnb.es/rooms/1334170501496595542
Barcelona,Gracia,39691563,2026-06-01,Apartamento en Barcelona,201.0,3.0,1.0,3.0,1.0,4.84,499.0,https://www.airbnb.es/rooms/39691563
Barcelona,Gracia,1573117675347174653,2026-06-01,Alojamiento en Barcelona,105.0,2.0,1.0,1.0,1.0,4.81,16.0,https://www.airbnb.es/rooms/1573117675347174653
Barcelona,Gracia,39959423,2026-06-01,Apartamento en Barcelona,320.0,3.0,1.0,2.0,1.0,4.37,149.0,https://www.airbnb.es/rooms/39959423
Barcelona,Gracia,1395524371687271777,2026-06-01,Hotel en Barcelona,170.0,2.0,1.0,2.0,0.0,5.0,9.0,https://www.airbnb.es/rooms/1395524371687271777
Barcelona,Gracia,1383885551745498806,2026-06-01,Habitación compartida en Barcelona,57.0,,,8.0,,4.46,28.0,https://www.airbnb.es/rooms/1383885551745498806
Barcelona,Gracia,815098039571655810,2026-06-01,Apartamento en Barcelona,307.0,6.0,3.0,4.0,1.0,4.59,167.0,https://www.airbnb.es/rooms/815098039571655810
Barcelona,Gracia,1625561930981954879,2026-06-01,Alojamiento en L'Hospitalet de Llobregat,70.0,1.0,1.0,1.0,1.0,,,https://www.airbnb.es/rooms/1625561930981954879
Barcelona,Gracia,1118036465845477181,2026-06-01,Apartamento en Barcelona,195.0,10.0,4.0,6.0,2.0,4.49,43.0,https://www.airbnb.es/rooms/1118036465845477181
Barcelona,Gracia,543922705360439172,2026-06-01,Apto. residencial en Santa Coloma de Gramanet,135.0,3.0,2.0,4.0,1.0,4.48,161.0,https://www.airbnb.es/rooms/543922705360439172
Barcelona,Gracia,1399112579281949206,2026-06-01,Apartamento en Barcelona,250.0,6.0,3.0,4.0,2.0,4.73,30.0,https://www.airbnb.es/rooms/1399112579281949206
Barcelona,Gracia,49455076,2026-06-01,Apartamento en Barcelona,230.0,6.0,2.0,4.0,1.0,4.43,106.0,https://www.airbnb.es/rooms/49455076
Barcelona,Gracia,45228987,2026-06-01,Apartamento en Barcelona,272.0,4.0,2.0,4.0,1.0,4.43,171.0,https://www.airbnb.es/rooms/45228987
Barcelona,Gracia,41371513,2026-06-01,Apto. residencial en Sant Adrià de Besòs,130.0,3.0,1.0,2.0,1.0,4.66,214.0,https://www.airbnb.es/rooms/41371513
Barcelona,Gracia,1690700324694932302,2026-06-01,Apartamento en Barcelona,200.0,2.0,1.0,1.0,1.0,,,https://www.airbnb.es/rooms/1690700324694932302
Barcelona,Gracia,1674703062378355330,2026-06-01,Alojamiento en Barcelona,118.0,2.0,1.0,2.0,2.0,,,https://www.airbnb.es/rooms/1674703062378355330
Barcelona,Gracia,52359934,2026-06-01,Apartamento en Barcelona,203.0,2.0,1.0,1.0,1.0,4.77,151.0,https://www.airbnb.es/rooms/52359934
Barcelona,Gracia,1346473519252448282,2026-06-01,Apartamento en Barcelona,304.0,4.0,3.0,4.0,2.0,4.71,113.0,https://www.airbnb.es/rooms/1346473519252448282
Barcelona,Gracia,33771133,2026-06-01,Apartamento en Barcelona,228.0,2.0,1.0,1.0,1.0,4.78,150.0,https://www.airbnb.es/rooms/33771133
Barcelona,Gracia,1297752048731285588,2026-06-01,Apartamento en Barcelona,211.0,4.0,3.0,6.0,2.0,4.14,14.0,https://www.airbnb.es/rooms/1297752048731285588
Barcelona,Gracia,17220286,2026-06-01,Apartamento en L'Hospitalet de Llobregat,149.0,2.0,1.0,2.0,1.0,4.6,272.0,https://www.airbnb.es/rooms/17220286
Barcelona,Gracia,1673310031253023327,2026-06-01,Alojamiento en Barcelona,114.0,2.0,1.0,1.0,1.0,,,https://www.airbnb.es/rooms/1673310031253023327
Barcelona,Gracia,1681696951293486968,2026-06-01,Alojamiento en Barcelona,119.0,2.0,1.0,1.0,1.0,,,https://www.airbnb.es/rooms/1681696951293486968
Barcelona,Gracia,691274207596749989,2026-06-01,Hotel en Barcelona,108.0,1.0,1.0,1.0,0.0,4.11,9.0,https://www.airbnb.es/rooms/691274207596749989
Barcelona,Gracia,25702608,2026-06-01,Apartamento en Barcelona,203.0,2.0,1.0,3.0,0.0,4.16,569.0,https://www.airbnb.es/rooms/25702608
Barcelona,Gracia,1044047228278493890,2026-06-01,Apartamento en Barcelona,178.0,3.0,1.0,2.0,1.0,4.44,59.0,https://www.airbnb.es/rooms/1044047228278493890
Barcelona,Gracia,1543714012432127542,2026-06-01,Alojamiento en Barcelona,114.0,2.0,1.0,2.0,1.0,4.18,17.0,https://www.airbnb.es/rooms/1543714012432127542
Barcelona,Gracia,1690077062160900192,2026-06-01,Alojamiento en Barcelona,114.0,1.0,1.0,1.0,1.0,,,https://www.airbnb.es/rooms/1690077062160900192
Barcelona,Gracia,1152270794244028064,2026-06-01,Apartamento en Barcelona,237.0,3.0,1.0,1.0,1.0,4.54,299.0,https://www.airbnb.es/rooms/1152270794244028064
Barcelona,Gracia,1321578143173100090,2026-06-01,Habitación de hotel compartida en L'Hospitalet de Llobregat,37.0,,,1.0,,4.45,130.0,https://www.airbnb.es/rooms/1321578143173100090
Barcelona,Gracia,594547708296997920,2026-06-01,Hostal en Barcelona,171.0,2.0,1.0,1.0,1.0,,,https://www.airbnb.es/rooms/594547708296997920
Barcelona,Gracia,52543356,2026-06-01,Apartamento en Barcelona,214.0,2.0,1.0,1.0,1.0,4.79,78.0,https://www.airbnb.es/rooms/52543356
Barcelona,Gracia,1578299470316826251,2026-06-01,Apartamento en Barcelona,278.0,4.0,2.0,2.0,1.0,4.73,15.0,https://www.airbnb.es/rooms/1578299470316826251
Barcelona,Gracia,1086061834818753479,2026-06-01,Hostal en Barcelona,152.0,2.0,1.0,1.0,1.0,4.11,152.0,https://www.airbnb.es/rooms/1086061834818753479
Barcelona,Gracia,1623289005520410092,2026-06-01,Alojamiento en Barcelona,114.0,1.0,1.0,1.0,1.0,4.73,11.0,https://www.airbnb.es/rooms/1623289005520410092
Barcelona,Gracia,39692277,2026-06-01,Apartamento en Barcelona,252.0,6.0,2.0,4.0,1.0,4.81,750.0,https://www.airbnb.es/rooms/39692277
Barcelona,Gracia,45889186,2026-06-01,Habitación compartida en Barcelona,50.0,,,,,4.74,98.0,https://www.airbnb.es/rooms/45889186
Barcelona,Gracia,1082565952840543514,2026-06-01,Apartamento en Barcelona,205.0,4.0,1.0,2.0,0.0,4.88,16.0,https://www.airbnb.es/rooms/1082565952840543514
Barcelona,Gracia,23317697,2026-06-01,Apartamento en L'Hospitalet de Llobregat,192.0,6.0,2.0,3.0,1.0,4.64,301.0,https://www.airbnb.es/rooms/23317697
Barcelona,Gracia,53411031,2026-06-01,Hotel en Barcelona,170.0,2.0,1.0,1.0,1.0,4.73,910.0,https://www.airbnb.es/rooms/53411031
Barcelona,Gracia,1625510271017292501,2026-06-01,Alojamiento en L'Hospitalet de Llobregat,70.0,1.0,1.0,1.0,1.0,,,https://www.airbnb.es/rooms/1625510271017292501
Barcelona,Gracia,45132322,2026-06-01,Hotel en Barcelona,147.0,2.0,1.0,2.0,0.0,4.71,231.0,https://www.airbnb.es/rooms/45132322
Barcelona,Gracia,49749459,2026-06-01,Hostal en Barcelona,149.0,2.0,1.0,1.0,0.0,4.42,104.0,https://www.airbnb.es/rooms/49749459
Barcelona,Gracia,846199567435612629,2026-06-01,Apartamento en Barcelona,246.0,4.0,2.0,3.0,1.0,4.79,250.0,https://www.airbnb.es/rooms/846199567435612629
Barcelona,Gracia,47823986,2026-06-01,Hostal en Barcelona,180.0,2.0,1.0,2.0,1.0,4.82,89.0,https://www.airbnb.es/rooms/47823986
Barcelona,Gracia,49749120,2026-06-01,Hostal en Barcelona,123.0,1.0,1.0,1.0,1.0,4.6,227.0,https://www.airbnb.es/rooms/49749120
Barcelona,Gracia,53651979,2026-06-01,Hotel en Barcelona,160.0,2.0,1.0,2.0,1.0,4.59,129.0,https://www.airbnb.es/rooms/53651979
Barcelona,Gracia,863900549896733487,2026-06-01,Apartamento en L'Hospitalet de Llobregat,146.0,2.0,1.0,1.0,1.0,4.72,153.0,https://www.airbnb.es/rooms/863900549896733487
Barcelona,Gracia,7126261,2026-06-01,Apartamento en Barcelona,265.0,5.0,2.0,3.0,1.0,4.62,65.0,https://www.airbnb.es/rooms/7126261
Barcelona,Gracia,1397085600000552318,2026-06-01,Apartamento en Barcelona,219.0,4.0,2.0,2.0,1.0,4.5,44.0,https://www.airbnb.es/rooms/1397085600000552318
Barcelona,Gracia,1689948511526716856,2026-06-01,Alojamiento en Barcelona,116.0,2.0,1.0,1.0,1.0,,,https://www.airbnb.es/rooms/1689948511526716856
Barcelona,Gracia,980264078034265574,2026-06-01,Hostal en Barcelona,220.0,3.0,1.0,1.0,1.0,4.87,47.0,https://www.airbnb.es/rooms/980264078034265574
Barcelona,Gracia,1690074682089846198,2026-06-01,Alojamiento en Barcelona,124.0,1.0,1.0,1.0,1.0,,,https://www.airbnb.es/rooms/1690074682089846198
Barcelona,Gracia,1243558382722731444,2026-06-01,Apartamento en L'Hospitalet de Llobregat,122.0,2.0,1.0,1.0,1.0,4.53,89.0,https://www.airbnb.es/rooms/1243558382722731444
Barcelona,Gracia,27643977,2026-06-01,Apartamento en Barcelona,377.0,6.0,3.0,5.0,2.0,4.81,396.0,https://www.airbnb.es/rooms/27643977
Barcelona,Gracia,842692205814831591,2026-06-01,Apartamento en Barcelona,275.0,4.0,2.0,3.0,1.0,4.66,128.0,https://www.airbnb.es/rooms/842692205814831591
Barcelona,Gracia,827349098679650028,2026-06-01,Apartamento en Barcelona,264.0,4.0,1.0,2.0,1.0,4.68,77.0,https://www.airbnb.es/rooms/827349098679650028
Barcelona,Gracia,5723397,2026-06-01,Apartamento en Barcelona,320.0,6.0,3.0,4.0,2.0,4.84,205.0,https://www.airbnb.es/rooms/5723397
Barcelona,Gracia,20066721,2026-06-01,Apartamento en Barcelona,699.0,10.0,5.0,7.0,4.0,4.96,295.0,https://www.airbnb.es/rooms/20066721
Barcelona,Gracia,13386885,2026-06-01,Apartamento en L'Hospitalet de Llobregat,173.0,3.0,1.0,1.0,1.0,4.51,201.0,https://www.airbnb.es/rooms/13386885
Barcelona,Gracia,1253824567135088293,2026-06-01,Apartamento en Barcelona,338.0,6.0,2.0,5.0,1.0,4.58,59.0,https://www.airbnb.es/rooms/1253824567135088293
Barcelona,Gracia,52108241,2026-06-01,Hotel boutique en Barcelona,198.0,2.0,1.0,1.0,1.0,4.83,289.0,https://www.airbnb.es/rooms/52108241
Barcelona,Gracia,893566680384176153,2026-06-01,Apartamento en Sant Adrià de Besòs,137.0,2.0,1.0,2.0,1.0,4.83,162.0,https://www.airbnb.es/rooms/893566680384176153
Barcelona,Gracia,553555796025228650,2026-06-01,Apartamento en L'Hospitalet de Llobregat,159.0,2.0,1.0,1.0,1.0,4.76,113.0,https://www.airbnb.es/rooms/553555796025228650
Barcelona,Gracia,1349274513085425079,2026-06-01,Apartamento en Barcelona,352.0,4.0,2.0,5.0,1.0,4.87,53.0,https://www.airbnb.es/rooms/1349274513085425079
Barcelona,Gracia,1693479205558878090,2026-06-01,Alojamiento en Barcelona,155.0,3.0,1.0,2.0,2.0,,,https://www.airbnb.es/rooms/1693479205558878090
Barcelona,Gracia,30757752,2026-06-01,Apartamento en Barcelona,265.0,2.0,2.0,4.0,1.0,4.81,787.0,https://www.airbnb.es/rooms/30757752
Barcelona,Gracia,598352755393860082,2026-06-01,Hostal en Barcelona,164.0,2.0,1.0,1.0,1.0,4.66,44.0,https://www.airbnb.es/rooms/598352755393860082
Barcelona,Gracia,52609698,2026-06-01,Apartamento en L'Hospitalet de Llobregat,246.0,4.0,2.0,3.0,2.0,4.88,181.0,https://www.airbnb.es/rooms/52609698
Barcelona,Gracia,1370030731274925873,2026-06-01,Apartamento en Badalona,145.0,4.0,1.0,2.0,1.0,4.82,33.0,https://www.airbnb.es/rooms/1370030731274925873
Barcelona,Gracia,30762828,2026-06-01,Apartamento en Barcelona,295.0,3.0,2.0,2.0,2.0,4.72,170.0,https://www.airbnb.es/rooms/30762828
Barcelona,Gracia,34564909,2026-06-01,Apartamento en Barcelona,359.0,6.0,3.0,5.0,2.0,4.8,152.0,https://www.airbnb.es/rooms/34564909
Barcelona,Gracia,1006243199600435652,2026-06-01,Apartamento en Barcelona,390.0,5.0,4.0,4.0,1.0,4.97,121.0,https://www.airbnb.es/rooms/1006243199600435652
Barcelona,Gracia,957760053909775261,2026-06-01,Apartamento en Barcelona,194.0,2.0,1.0,1.0,1.0,4.4,163.0,https://www.airbnb.es/rooms/957760053909775261
Barcelona,Gracia,1681705230090553307,2026-06-01,Alojamiento en Barcelona,119.0,2.0,1.0,1.0,1.0,,,https://www.airbnb.es/rooms/1681705230090553307
Barcelona,Gracia,1264297802923808590,2026-06-01,Apartamento en Barcelona,235.0,6.0,3.0,6.0,1.0,4.77,109.0,https://www.airbnb.es/rooms/1264297802923808590
Barcelona,Gracia,9996765,2026-06-01,Apartamento en Barcelona,248.0,8.0,3.0,3.0,2.0,4.76,347.0,https://www.airbnb.es/rooms/9996765
Barcelona,Gracia,42151836,2026-06-01,Apartamento en Barcelona,343.0,5.0,2.0,3.0,1.0,4.86,354.0,https://www.airbnb.es/rooms/42151836
Barcelona,Gracia,1692719487005905044,2026-06-01,Apartamento en Barcelona,400.0,4.0,2.0,3.0,1.0,,,https://www.airbnb.es/rooms/1692719487005905044
Barcelona,Gracia,1396373104251718445,2026-06-01,Hotel en Barcelona,168.0,1.0,1.0,1.0,0.0,,,https://www.airbnb.es/rooms/1396373104251718445
Barcelona,Gracia,553551629505818133,2026-06-01,Apartamento en L'Hospitalet de Llobregat,205.0,4.0,1.0,2.0,1.0,4.83,65.0,https://www.airbnb.es/rooms/553551629505818133
Barcelona,Gracia,34273688,2026-06-01,Apartamento en Barcelona,378.0,6.0,2.0,4.0,2.0,4.72,18.0,https://www.airbnb.es/rooms/34273688
Barcelona,Gracia,1594905462379683085,2026-06-01,Apartamento en Barcelona,366.0,6.0,3.0,6.0,2.0,4.73,15.0,https://www.airbnb.es/rooms/1594905462379683085
Barcelona,Gracia,1412183069362512996,2026-06-01,Apartamento en Barcelona,292.0,6.0,2.0,3.0,1.0,4.65,26.0,https://www.airbnb.es/rooms/1412183069362512996
Barcelona,Gracia,1567993271916185793,2026-06-01,Habitación de hotel en Barcelona,264.0,4.0,,1.0,0.0,4.59,22.0,https://www.airbnb.es/rooms/1567993271916185793
Barcelona,Gracia,1305002871504629631,2026-06-01,Apartamento en Barcelona,218.0,3.0,2.0,2.0,1.0,4.6,90.0,https://www.airbnb.es/rooms/1305002871504629631
Barcelona,Gracia,1482050417264416990,2026-06-01,Apartamento en Barcelona,245.0,6.0,2.0,3.0,1.0,3.91,23.0,https://www.airbnb.es/rooms/1482050417264416990
Barcelona,Gracia,1578296869665536438,2026-06-01,Apartamento en Barcelona,285.0,6.0,2.0,4.0,2.0,4.0,5.0,https://www.airbnb.es/rooms/1578296869665536438
Barcelona,Gracia,21653679,2026-06-01,Apartamento en Barcelona,375.0,7.0,3.0,5.0,2.0,4.88,284.0,https://www.airbnb.es/rooms/21653679
Barcelona,Gracia,1396364814218289239,2026-06-01,Hotel en Barcelona,154.0,1.0,1.0,1.0,0.0,,,https://www.airbnb.es/rooms/1396364814218289239
Barcelona,Gracia,1079005887136672505,2026-06-01,Apartamento en Barcelona,210.0,6.0,3.0,3.0,2.0,4.72,102.0,https://www.airbnb.es/rooms/1079005887136672505
Barcelona,Gracia,1237879811895916563,2026-06-01,Apartamento en Barcelona,208.0,2.0,1.0,2.0,1.0,4.17,29.0,https://www.airbnb.es/rooms/1237879811895916563
Barcelona,Gracia,52162312,2026-06-01,Hotel en Barcelona,142.0,1.0,1.0,1.0,1.0,4.7,115.0,https://www.airbnb.es/rooms/52162312
Barcelona,Gracia,846004853225449054,2026-06-01,Alojamiento en Barcelona,99.0,1.0,1.0,1.0,1.0,4.2,5.0,https://www.airbnb.es/rooms/846004853225449054
Barcelona,Gracia,45947679,2026-06-01,Habitación compartida en Barcelona,53.0,,,,,4.67,18.0,https://www.airbnb.es/rooms/45947679
Barcelona,Gracia,660135644455590631,2026-06-01,Apartamento en Barcelona,140.0,1.0,1.0,1.0,1.0,4.25,4.0,https://www.airbnb.es/rooms/660135644455590631
Barcelona,Gracia,1404511151413042934,2026-06-01,Habitación en L'Hospitalet de Llobregat,93.0,,,1.0,,4.69,70.0,https://www.airbnb.es/rooms/1404511151413042934
Barcelona,Gracia,1549457811807411081,2026-06-01,Apartamento en Barcelona,224.0,5.0,3.0,3.0,1.0,4.67,24.0,https://www.airbnb.es/rooms/1549457811807411081
Barcelona,Gracia,1152261799025687346,2026-06-01,Apartamento en Barcelona,504.0,10.0,5.0,7.0,2.0,4.56,62.0,https://www.airbnb.es/rooms/1152261799025687346
Barcelona,Gracia,50063836,2026-06-01,Hostal en Barcelona,140.0,2.0,1.0,2.0,1.0,4.48,388.0,https://www.airbnb.es/rooms/50063836
Barcelona,Gracia,898276757093957812,2026-06-01,Apartamento en Barcelona,405.0,4.0,2.0,2.0,2.0,4.79,513.0,https://www.airbnb.es/rooms/898276757093957812
Barcelona,Gracia,54155170,2026-06-01,Apartamento en Barcelona,272.0,2.0,2.0,3.0,0.0,4.74,231.0,https://www.airbnb.es/rooms/54155170
Barcelona,Gracia,50972615,2026-06-01,Apartamento en Barcelona,308.0,7.0,4.0,4.0,2.0,4.68,544.0,https://www.airbnb.es/rooms/50972615
Barcelona,Gracia,1089621698816168489,2026-06-01,Apartamento en Sant Adrià de Besòs,225.0,7.0,3.0,5.0,2.0,4.72,130.0,https://www.airbnb.es/rooms/1089621698816168489
Barcelona,Gracia,1690717698833005615,2026-06-01,Alojamiento en Barcelona,108.0,1.0,1.0,1.0,1.0,,,https://www.airbnb.es/rooms/1690717698833005615
Barcelona,Gracia,1081643973089542400,2026-06-01,Apartamento en Barcelona,194.0,4.0,2.0,4.0,0.0,4.43,30.0,https://www.airbnb.es/rooms/1081643973089542400
Barcelona,Gracia,1503794664513191347,2026-06-01,Casa de invitados en L'Hospitalet de Llobregat,93.0,1.0,1.0,1.0,1.0,4.75,53.0,https://www.airbnb.es/rooms/1503794664513191347
Barcelona,Gracia,33764163,2026-06-01,Apartamento en Barcelona,235.0,4.0,1.0,2.0,1.0,4.71,1517.0,https://www.airbnb.es/rooms/33764163
Barcelona,Gracia,603278316867687150,2026-06-01,Apartamento en Barcelona,292.0,3.0,2.0,3.0,1.0,4.8,137.0,https://www.airbnb.es/rooms/603278316867687150
Barcelona,Gracia,851936940352286777,2026-06-01,Hotel en Barcelona,184.0,4.0,1.0,4.0,1.0,4.84,205.0,https://www.airbnb.es/rooms/851936940352286777
Barcelona,Gracia,1218134357337850495,2026-06-01,Apartamento en Sant Adrià de Besòs,202.0,4.0,2.0,2.0,1.0,4.85,20.0,https://www.airbnb.es/rooms/1218134357337850495
Barcelona,Gracia,1690524994926563023,2026-06-01,Alojamiento en Barcelona,139.0,2.0,1.0,1.0,1.0,,,https://www.airbnb.es/rooms/1690524994926563023
Barcelona,Gracia,52162416,2026-06-01,Hotel boutique en Barcelona,168.0,2.0,1.0,2.0,1.0,5.0,3.0,https://www.airbnb.es/rooms/52162416
Barcelona,Gracia,566389154220216287,2026-06-01,Habitación en Barcelona,88.0,,,1.0,,4.33,6.0,https://www.airbnb.es/rooms/566389154220216287
Barcelona,Gracia,23334103,2026-06-01,Apartamento en Barcelona,194.0,3.0,2.0,2.0,1.0,4.4,313.0,https://www.airbnb.es/rooms/23334103
Barcelona,Gracia,26916773,2026-06-01,Hostal en Barcelona,179.0,2.0,1.0,1.0,2.0,4.53,262.0,https://www.airbnb.es/rooms/26916773
Barcelona,Gracia,553563486933714034,2026-06-01,Apartamento en L'Hospitalet de Llobregat,270.0,6.0,2.0,3.0,1.0,4.81,128.0,https://www.airbnb.es/rooms/553563486933714034
Barcelona,Gracia,34133454,2026-06-01,Apartamento en Barcelona,316.0,3.0,1.0,1.0,1.0,4.81,91.0,https://www.airbnb.es/rooms/34133454
Barcelona,Gracia,842389,2026-06-01,Apartamento en Barcelona,251.0,7.0,4.0,7.0,1.0,4.58,333.0,https://www.airbnb.es/rooms/842389
Barcelona,Gracia,1091128222209811355,2026-06-01,Apartamento en Barcelona,238.0,4.0,2.0,3.0,0.0,4.35,20.0,https://www.airbnb.es/rooms/1091128222209811355
Barcelona,Gracia,1644015287878672196,2026-06-01,Apartamento en Barcelona,211.0,4.0,2.0,3.0,2.0,,,https://www.airbnb.es/rooms/1644015287878672196
Barcelona,Gracia,5248481,2026-06-01,Apartamento en Barcelona,235.0,6.0,2.0,3.0,1.0,4.63,244.0,https://www.airbnb.es/rooms/5248481
Barcelona,Gracia,1690589439627083553,2026-06-01,Alojamiento en Barcelona,124.0,2.0,1.0,1.0,1.0,,,https://www.airbnb.es/rooms/1690589439627083553
Barcelona,Gracia,35627835,2026-06-01,Hotel boutique en Barcelona,170.0,2.0,,1.0,0.0,4.81,27.0,https://www.airbnb.es/rooms/35627835
Barcelona,Eixample,33385782,2026-06-01,Hotel boutique en Barcelona,145.0,3.0,1.0,2.0,1.0,4.77,372.0,https://www.airbnb.es/rooms/33385782
Barcelona,Eixample,13571420,2026-06-01,Apartamento en Barcelona,120.0,4.0,1.0,1.0,1.0,4.66,760.0,https://www.airbnb.es/rooms/13571420
Barcelona,Eixample,1381830149578594250,2026-06-01,Habitación compartida en Barcelona,44.0,,,,,4.72,612.0,https://www.airbnb.es/rooms/1381830149578594250
Barcelona,Eixample,33385364,2026-06-01,Hotel boutique en Barcelona,136.0,2.0,1.0,1.0,1.0,4.65,219.0,https://www.airbnb.es/rooms/33385364
Barcelona,Eixample,24590131,2026-06-01,Hotel boutique en .,139.0,2.0,1.0,1.0,1.0,4.64,258.0,https://www.airbnb.es/rooms/24590131
Barcelona,Eixample,5180175,2026-06-01,Apto. residencial en Barcelona,257.0,10.0,4.0,7.0,2.0,4.73,550.0,https://www.airbnb.es/rooms/5180175
Barcelona,Eixample,1629047930699126683,2026-06-01,Hotel Ronda Lesseps,165.0,,,,,4.78,596.0,https://www.airbnb.es/rooms/1629047930699126683
Barcelona,Eixample,1600016322754075561,2026-06-01,chic&basic Velvet,156.0,,,,,5.0,3.0,https://www.airbnb.es/rooms/1600016322754075561
Barcelona,Eixample,1486820500847214284,2026-06-01,chic&basic Tallers Hostal,152.0,,,,,4.38,56.0,https://www.airbnb.es/rooms/1486820500847214284
Barcelona,Eixample,1644119648954608427,2026-06-01,Sercotel Caspe Hotel,189.0,,,,,4.58,24.0,https://www.airbnb.es/rooms/1644119648954608427
Barcelona,Eixample,1395546731678953844,2026-06-01,chic&basic Born Boutique Hotel,164.0,,,,,4.58,111.0,https://www.airbnb.es/rooms/1395546731678953844
Barcelona,Eixample,1629031122495008845,2026-06-01,Meson Castilla Atiram Hotel,182.0,,,,,4.68,702.0,https://www.airbnb.es/rooms/1629031122495008845
Barcelona,Eixample,1600018894061376022,2026-06-01,chic&basic Habana Hoose,207.0,,,,,4.8,1248.0,https://www.airbnb.es/rooms/1600018894061376022
Barcelona,Eixample,1612999296057746842,2026-06-01,The Moods Catedral Hostal Boutique,187.0,,,,,5.0,7.0,https://www.airbnb.es/rooms/1612999296057746842
Barcelona,Eixample,1644128350843386600,2026-06-01,Sercotel Porta Barcelona,117.0,,,,,4.63,48.0,https://www.airbnb.es/rooms/1644128350843386600
Barcelona,Eixample,1440590229528643742,2026-06-01,easyHotel Barcelona La Sagrera,153.0,,,,,4.63,348.0,https://www.airbnb.es/rooms/1440590229528643742
Barcelona,Eixample,1373005404778595213,2026-06-01,Apartamento en Barcelona,191.0,2.0,1.0,1.0,1.0,4.81,52.0,https://www.airbnb.es/rooms/1373005404778595213
Barcelona,Eixample,1691373404448885892,2026-06-01,Apartamento en Barcelona,333.0,4.0,3.0,3.0,2.0,,,https://www.airbnb.es/rooms/1691373404448885892
Barcelona,Eixample,1086039450004234057,2026-06-01,Hostal en Barcelona,124.0,2.0,1.0,1.0,1.0,4.75,8.0,https://www.airbnb.es/rooms/1086039450004234057
Barcelona,Eixample,24978663,2026-06-01,Loft en Barcelona,207.0,2.0,,1.0,1.0,4.92,537.0,https://www.airbnb.es/rooms/24978663
Barcelona,Eixample,1395616579066520047,2026-06-01,Habitación compartida en Barcelona,31.0,,,1.0,,4.46,1363.0,https://www.airbnb.es/rooms/1395616579066520047
Barcelona,Eixample,23990630,2026-06-01,Loft en Barcelona,195.0,3.0,,1.0,1.0,4.91,493.0,https://www.airbnb.es/rooms/23990630
Barcelona,Eixample,32561248,2026-06-01,Hostal en Barcelona,115.0,2.0,1.0,1.0,,4.82,506.0,https://www.airbnb.es/rooms/32561248
Barcelona,Eixample,21390932,2026-06-01,Apartamento en Barcelona,291.0,8.0,4.0,7.0,2.0,4.77,374.0,https://www.airbnb.es/rooms/21390932
Barcelona,Eixample,886838723814651944,2026-06-01,Apartamento en Barcelona,197.0,3.0,1.0,2.0,1.0,4.73,730.0,https://www.airbnb.es/rooms/886838723814651944
Barcelona,Eixample,45970180,2026-06-01,Apartamento en Barcelona,180.0,2.0,1.0,1.0,0.0,4.59,37.0,https://www.airbnb.es/rooms/45970180
Barcelona,Eixample,21653693,2026-06-01,Apartamento en Barcelona,225.0,3.0,1.0,3.0,1.0,4.85,220.0,https://www.airbnb.es/rooms/21653693
Barcelona,Eixample,41015150,2026-06-01,Apartamento en Barcelona,330.0,6.0,3.0,3.0,2.0,4.94,121.0,https://www.airbnb.es/rooms/41015150
Barcelona,Eixample,1358768214927137133,2026-06-01,Apartamento en Ciutat Vella,235.0,4.0,2.0,2.0,1.0,4.75,28.0,https://www.airbnb.es/rooms/1358768214927137133
Barcelona,Eixample,5248745,2026-06-01,Apartamento en El Poblenou,150.0,4.0,1.0,1.0,1.0,4.75,549.0,https://www.airbnb.es/rooms/5248745
Barcelona,Eixample,1394855747314311569,2026-06-01,Hotel en Gràcia,145.0,1.0,1.0,1.0,0.0,4.84,37.0,https://www.airbnb.es/rooms/1394855747314311569
Barcelona,Eixample,20486545,2026-06-01,Apartamento en Eixample,291.0,8.0,4.0,7.0,2.0,4.71,393.0,https://www.airbnb.es/rooms/20486545
Barcelona,Eixample,21761757,2026-06-01,Apartamento en Eixample,180.0,2.0,1.0,2.0,0.0,4.64,113.0,https://www.airbnb.es/rooms/21761757
Barcelona,Eixample,33820070,2026-06-01,Apartamento en Eixample,330.0,6.0,3.0,3.0,2.0,4.9,106.0,https://www.airbnb.es/rooms/33820070
Barcelona,Eixample,10621483,2026-06-01,Apartamento en Eixample,235.0,4.0,2.0,2.0,1.0,4.73,435.0,https://www.airbnb.es/rooms/10621483
Barcelona,Eixample,1330408326087495128,2026-06-01,Habitación compartida en Eixample,105.0,,,8.0,,4.77,183.0,https://www.airbnb.es/rooms/1330408326087495128
Barcelona,Eixample,1576316851551479829,2026-06-01,Alojamiento en Eixample,109.0,2.0,1.0,1.0,1.0,4.8,15.0,https://www.airbnb.es/rooms/1576316851551479829
Barcelona,Eixample,1046349023651123519,2026-06-01,Apartamento en Gràcia,338.0,4.0,1.0,2.0,1.0,4.89,130.0,https://www.airbnb.es/rooms/1046349023651123519
Barcelona,Eixample,1670427,2026-06-01,Apartamento en Eixample,363.0,5.0,1.0,3.0,1.0,4.75,869.0,https://www.airbnb.es/rooms/1670427
Barcelona,Eixample,1473745841066802558,2026-06-01,Apartamento en Eixample,333.0,3.0,,2.0,1.0,5.0,3.0,https://www.airbnb.es/rooms/1473745841066802558
Barcelona,Eixample,1604559,2026-06-01,Apartamento en El Poble-sec,293.0,2.0,1.0,1.0,1.0,4.73,718.0,https://www.airbnb.es/rooms/1604559
Barcelona,Eixample,52047182,2026-06-01,Hostal en El Raval,107.0,2.0,1.0,2.0,1.0,4.76,787.0,https://www.airbnb.es/rooms/52047182
Barcelona,Eixample,1394826946727751336,2026-06-01,Hotel en Gràcia,140.0,1.0,1.0,1.0,0.0,4.89,18.0,https://www.airbnb.es/rooms/1394826946727751336
Barcelona,Eixample,26976011,2026-06-01,Habitación de hotel en Eixample,154.0,2.0,1.0,1.0,1.0,4.86,49.0,https://www.airbnb.es/rooms/26976011
Barcelona,Eixample,5561974,2026-06-01,Habitación compartida en Eixample,53.0,,,16.0,,4.71,1574.0,https://www.airbnb.es/rooms/5561974
Barcelona,Eixample,1399112591589162337,2026-06-01,Apartamento en Ciutat Vella,200.0,4.0,2.0,3.0,2.0,4.86,14.0,https://www.airbnb.es/rooms/1399112591589162337
Barcelona,Eixample,643237654635430610,2026-06-01,Apartamento en Eixample,219.0,3.0,2.0,2.0,2.0,4.52,243.0,https://www.airbnb.es/rooms/643237654635430610
Barcelona,Eixample,27643977,2026-06-01,Apartamento en Eixample,377.0,6.0,3.0,5.0,2.0,4.81,396.0,https://www.airbnb.es/rooms/27643977
Barcelona,Eixample,31400940,2026-06-01,Apartamento en Gràcia,243.0,6.0,3.0,5.0,2.0,4.57,211.0,https://www.airbnb.es/rooms/31400940
Barcelona,Eixample,22094381,2026-06-01,Apartamento en Sants-Montjuïc,160.0,5.0,2.0,3.0,1.0,4.59,263.0,https://www.airbnb.es/rooms/22094381
Barcelona,Eixample,1650088777130237893,2026-06-01,Alojamiento en Eixample,164.0,3.0,1.0,2.0,1.0,5.0,6.0,https://www.airbnb.es/rooms/1650088777130237893
Barcelona,Eixample,53141289,2026-06-01,Hotel en Barcelona,147.0,2.0,1.0,1.0,1.0,4.68,117.0,https://www.airbnb.es/rooms/53141289
Barcelona,Eixample,52360027,2026-06-01,Apartamento en Barcelona,214.0,2.0,1.0,1.0,1.0,4.85,262.0,https://www.airbnb.es/rooms/52360027
Barcelona,Eixample,1198074,2026-06-01,Apartamento en Barcelona,300.0,4.0,2.0,3.0,2.0,4.89,119.0,https://www.airbnb.es/rooms/1198074
Barcelona,Eixample,45094691,2026-06-01,Apartamento en Barcelona,188.0,4.0,2.0,3.0,1.0,4.39,69.0,https://www.airbnb.es/rooms/45094691
Barcelona,Eixample,52161036,2026-06-01,Hotel en Barcelona,184.0,2.0,1.0,1.0,1.0,4.76,653.0,https://www.airbnb.es/rooms/52161036
Barcelona,Eixample,20030829,2026-06-01,Habitación en L'Hospitalet de Llobregat,46.0,,,1.0,,4.78,697.0,https://www.airbnb.es/rooms/20030829
Barcelona,Eixample,52047510,2026-06-01,Hostal en Barcelona,126.0,2.0,1.0,1.0,1.0,4.76,300.0,https://www.airbnb.es/rooms/52047510
Barcelona,Eixample,1394773500642844241,2026-06-01,Hotel en Barcelona,130.0,1.0,1.0,1.0,0.0,5.0,4.0,https://www.airbnb.es/rooms/1394773500642844241
Barcelona,Eixample,1399112602583968962,2026-06-01,Apartamento en Barcelona,250.0,6.0,3.0,4.0,2.0,4.79,19.0,https://www.airbnb.es/rooms/1399112602583968962
Barcelona,Eixample,30759793,2026-06-01,Apartamento en Barcelona,273.0,5.0,2.0,4.0,2.0,4.83,1246.0,https://www.airbnb.es/rooms/30759793
Barcelona,Eixample,1086031486385200943,2026-06-01,Hostal en Barcelona,128.0,2.0,1.0,1.0,0.0,4.49,88.0,https://www.airbnb.es/rooms/1086031486385200943
Barcelona,Eixample,23737826,2026-06-01,Apartamento en Barcelona,201.0,6.0,2.0,4.0,1.0,4.7,136.0,https://www.airbnb.es/rooms/23737826
Barcelona,Eixample,1414473753453618431,2026-06-01,Habitación de hotel compartida en Barcelona,96.0,,,4.0,,4.96,295.0,https://www.airbnb.es/rooms/1414473753453618431
Barcelona,Eixample,1452841857638279568,2026-06-01,Hostal en Barcelona,68.0,1.0,,1.0,4.0,4.58,26.0,https://www.airbnb.es/rooms/1452841857638279568
Barcelona,Eixample,18819488,2026-06-01,Apartamento en Barcelona,280.0,4.0,2.0,3.0,1.0,4.91,264.0,https://www.airbnb.es/rooms/18819488
Barcelona,Eixample,1358745153008344797,2026-06-01,Apartamento en Barcelona,235.0,4.0,2.0,2.0,1.0,4.58,43.0,https://www.airbnb.es/rooms/1358745153008344797
Barcelona,Eixample,1299227531057750706,2026-06-01,Hostal en Barcelona,118.0,2.0,1.0,1.0,1.0,4.38,86.0,https://www.airbnb.es/rooms/1299227531057750706
Barcelona,Eixample,1683879479810257006,2026-06-01,Alojamiento en Barcelona,126.0,2.0,1.0,1.0,1.0,,,https://www.airbnb.es/rooms/1683879479810257006
Barcelona,Eixample,47733474,2026-06-01,Hotel en Barcelona,153.0,2.0,1.0,2.0,1.0,4.73,859.0,https://www.airbnb.es/rooms/47733474
Barcelona,Eixample,45947908,2026-06-01,Habitación compartida en Barcelona,48.0,,,,,4.55,11.0,https://www.airbnb.es/rooms/45947908
Barcelona,Eixample,9996765,2026-06-01,Apartamento en Barcelona,248.0,8.0,3.0,3.0,2.0,4.76,347.0,https://www.airbnb.es/rooms/9996765
Barcelona,Eixample,1676320427388991062,2026-06-01,Alojamiento en Barcelona,89.0,2.0,1.0,1.0,3.0,,,https://www.airbnb.es/rooms/1676320427388991062
Barcelona,Eixample,1576302000335009666,2026-06-01,Alojamiento en Barcelona,114.0,2.0,1.0,1.0,1.0,4.65,20.0,https://www.airbnb.es/rooms/1576302000335009666
Barcelona,Eixample,6399512,2026-06-01,Apartamento en Barcelona,150.0,4.0,1.0,1.0,1.0,4.7,125.0,https://www.airbnb.es/rooms/6399512
Barcelona,Eixample,42687971,2026-06-01,Apartamento en Barcelona,251.0,4.0,3.0,3.0,1.0,4.49,76.0,https://www.airbnb.es/rooms/42687971
Barcelona,Eixample,872166812392538323,2026-06-01,Apartamento en Barcelona,310.0,6.0,3.0,4.0,2.0,4.6,70.0,https://www.airbnb.es/rooms/872166812392538323
Barcelona,Eixample,52119547,2026-06-01,Apartamento en Barcelona,315.0,6.0,3.0,4.0,2.0,4.93,80.0,https://www.airbnb.es/rooms/52119547
Barcelona,Eixample,50972615,2026-06-01,Apartamento en Barcelona,308.0,7.0,4.0,4.0,2.0,4.68,544.0,https://www.airbnb.es/rooms/50972615
Barcelona,Eixample,691274207596749989,2026-06-01,Hotel en Barcelona,108.0,1.0,1.0,1.0,0.0,4.11,9.0,https://www.airbnb.es/rooms/691274207596749989
Barcelona,Eixample,1659262466106730557,2026-06-01,Habitación compartida en L'Hospitalet de Llobregat,37.0,,,1.0,,4.47,47.0,https://www.airbnb.es/rooms/1659262466106730557
Barcelona,Eixample,52360477,2026-06-01,Apartamento en Barcelona,214.0,2.0,1.0,1.0,1.0,4.75,136.0,https://www.airbnb.es/rooms/52360477
Barcelona,Eixample,39959257,2026-06-01,Apartamento en Barcelona,230.0,6.0,2.0,3.0,1.0,4.59,133.0,https://www.airbnb.es/rooms/39959257
Barcelona,Eixample,1690527090152157222,2026-06-01,Alojamiento en Barcelona,134.0,2.0,1.0,1.0,1.0,,,https://www.airbnb.es/rooms/1690527090152157222
Barcelona,Eixample,1581902367739167921,2026-06-01,Apartamento en Barcelona,270.0,11.0,4.0,7.0,2.0,4.88,33.0,https://www.airbnb.es/rooms/1581902367739167921
Barcelona,Eixample,1692719487005905044,2026-06-01,Apartamento en Barcelona,400.0,4.0,2.0,3.0,1.0,,,https://www.airbnb.es/rooms/1692719487005905044
Barcelona,Eixample,1321021264235011863,2026-06-01,Habitación compartida en Barcelona,48.0,,,1.0,4.0,4.43,214.0,https://www.airbnb.es/rooms/1321021264235011863
Barcelona,Eixample,862122500288513146,2026-06-01,Hostal en Barcelona,142.0,2.0,1.0,1.0,1.0,4.83,659.0,https://www.airbnb.es/rooms/862122500288513146
Barcelona,Eixample,846093318788581404,2026-06-01,Apartamento en Barcelona,323.0,5.0,3.0,4.0,1.0,4.73,2670.0,https://www.airbnb.es/rooms/846093318788581404
Barcelona,Eixample,24590016,2026-06-01,Hotel boutique en .,163.0,2.0,1.0,1.0,1.0,4.76,113.0,https://www.airbnb.es/rooms/24590016
Barcelona,Eixample,52627366,2026-06-01,Apartamento en Barcelona,365.0,4.0,2.0,3.0,1.0,4.75,1124.0,https://www.airbnb.es/rooms/52627366
Barcelona,Eixample,1660200465619707342,2026-06-01,Apartamento en Barcelona,336.0,6.0,2.0,2.0,2.0,,,https://www.airbnb.es/rooms/1660200465619707342
Barcelona,Eixample,1354292507938470804,2026-06-01,Apartamento en Barcelona,239.0,6.0,3.0,3.0,1.0,4.68,80.0,https://www.airbnb.es/rooms/1354292507938470804
Barcelona,Eixample,39691563,2026-06-01,Apartamento en Barcelona,201.0,3.0,1.0,3.0,1.0,4.84,499.0,https://www.airbnb.es/rooms/39691563
Barcelona,Eixample,1594905462379683085,2026-06-01,Apartamento en Barcelona,366.0,6.0,3.0,6.0,2.0,4.73,15.0,https://www.airbnb.es/rooms/1594905462379683085
Barcelona,Eixample,1399112579281949206,2026-06-01,Apartamento en Barcelona,250.0,6.0,3.0,4.0,2.0,4.73,30.0,https://www.airbnb.es/rooms/1399112579281949206
Barcelona,Eixample,1573117675347174653,2026-06-01,Alojamiento en Barcelona,105.0,2.0,1.0,1.0,1.0,4.81,16.0,https://www.airbnb.es/rooms/1573117675347174653
Barcelona,Eixample,35477075,2026-06-01,Apartamento en Barcelona,273.0,5.0,3.0,4.0,2.0,4.72,235.0,https://www.airbnb.es/rooms/35477075
Barcelona,Eixample,1573198379967220519,2026-06-01,Alojamiento en Barcelona,104.0,2.0,1.0,1.0,1.0,4.69,13.0,https://www.airbnb.es/rooms/1573198379967220519
Barcelona,Eixample,52359464,2026-06-01,Apartamento en Barcelona,203.0,2.0,1.0,1.0,1.0,4.65,165.0,https://www.airbnb.es/rooms/52359464
Barcelona,Eixample,1567985873659883473,2026-06-01,Habitación de hotel en Barcelona,173.0,2.0,,1.0,1.0,4.84,56.0,https://www.airbnb.es/rooms/1567985873659883473
Barcelona,Eixample,53411031,2026-06-01,Hotel en Barcelona,170.0,2.0,1.0,1.0,1.0,4.73,910.0,https://www.airbnb.es/rooms/53411031
Barcelona,Eixample,1395660922989787647,2026-06-01,Habitación compartida en Barcelona,36.0,,,1.0,,4.51,131.0,https://www.airbnb.es/rooms/1395660922989787647
Barcelona,Eixample,600371086640483735,2026-06-01,Apartamento en Barcelona,229.0,6.0,3.0,6.0,1.0,4.67,421.0,https://www.airbnb.es/rooms/600371086640483735
Barcelona,Eixample,45094687,2026-06-01,Apartamento en Barcelona,188.0,4.0,2.0,3.0,1.0,4.27,15.0,https://www.airbnb.es/rooms/45094687
Barcelona,Eixample,49749120,2026-06-01,Hostal en Eixample,123.0,1.0,1.0,1.0,1.0,4.6,227.0,https://www.airbnb.es/rooms/49749120
Barcelona,Eixample,888070459646437490,2026-06-01,Apartamento en El Poble-sec,189.0,5.0,2.0,3.0,2.0,4.51,288.0,https://www.airbnb.es/rooms/888070459646437490
Barcelona,Eixample,994238313069797296,2026-06-01,Hotel en Gràcia,180.0,2.0,1.0,1.0,1.0,4.73,80.0,https://www.airbnb.es/rooms/994238313069797296
Barcelona,Eixample,1630658378282856382,2026-06-01,Apartamento en Sarrià-Sant Gervasi,336.0,10.0,4.0,6.0,2.0,,,https://www.airbnb.es/rooms/1630658378282856382
Barcelona,Eixample,45228987,2026-06-01,Apartamento en Eixample,272.0,4.0,2.0,4.0,1.0,4.43,171.0,https://www.airbnb.es/rooms/45228987
Barcelona,Eixample,53176052,2026-06-01,Hotel en Eixample,144.0,2.0,1.0,2.0,1.0,4.47,631.0,https://www.airbnb.es/rooms/53176052
Barcelona,Eixample,45889186,2026-06-01,Habitación compartida en Eixample,50.0,,,,,4.74,98.0,https://www.airbnb.es/rooms/45889186
Barcelona,Eixample,29168355,2026-06-01,Apartamento en Eixample,268.0,5.0,3.0,3.0,2.0,4.51,125.0,https://www.airbnb.es/rooms/29168355
Barcelona,Eixample,588263368399541801,2026-06-01,Hotel en Gràcia,150.0,2.0,1.0,2.0,1.0,4.61,77.0,https://www.airbnb.es/rooms/588263368399541801
Barcelona,Eixample,1425279784893662580,2026-06-01,Apartamento en Sarrià-Sant Gervasi,166.0,2.0,1.0,3.0,0.0,4.66,87.0,https://www.airbnb.es/rooms/1425279784893662580
Barcelona,Eixample,1383867960663348575,2026-06-01,Habitación compartida en Eixample,51.0,,,6.0,,4.67,27.0,https://www.airbnb.es/rooms/1383867960663348575
Barcelona,Eixample,3144104,2026-06-01,Apartamento en Eixample,280.0,6.0,3.0,4.0,1.0,4.9,1003.0,https://www.airbnb.es/rooms/3144104
Barcelona,Eixample,741132250553803648,2026-06-01,Apartamento en Eixample,221.0,3.0,1.0,2.0,1.0,4.87,215.0,https://www.airbnb.es/rooms/741132250553803648
Barcelona,Eixample,1259116019707310328,2026-06-01,Apartamento en Les Corts,270.0,9.0,5.0,8.0,2.0,4.81,146.0,https://www.airbnb.es/rooms/1259116019707310328
Barcelona,Eixample,1373839405296654999,2026-06-01,Apartamento en Sarrià-Sant Gervasi,179.0,3.0,1.0,1.0,1.0,4.35,82.0,https://www.airbnb.es/rooms/1373839405296654999
Barcelona,Eixample,26940439,2026-06-01,Apartamento en Eixample,271.0,4.0,2.0,3.0,1.0,4.85,1428.0,https://www.airbnb.es/rooms/26940439
Barcelona,Eixample,1383878368550642710,2026-06-01,Habitación compartida en Eixample,55.0,,,,,4.6,43.0,https://www.airbnb.es/rooms/1383878368550642710
Barcelona,Eixample,1299331630232875541,2026-06-01,Hostal en Gràcia,108.0,1.0,1.0,1.0,0.0,4.13,15.0,https://www.airbnb.es/rooms/1299331630232875541
Barcelona,Eixample,546926327324184389,2026-06-01,Apartamento en Eixample,235.0,2.0,1.0,2.0,1.0,4.64,66.0,https://www.airbnb.es/rooms/546926327324184389
Barcelona,Eixample,1287610757999307965,2026-06-01,Apartamento en Gràcia,275.0,4.0,2.0,3.0,1.0,4.74,88.0,https://www.airbnb.es/rooms/1287610757999307965
Barcelona,Eixample,1674703062378355330,2026-06-01,Alojamiento en Eixample,118.0,2.0,1.0,2.0,2.0,,,https://www.airbnb.es/rooms/1674703062378355330
Barcelona,Eixample,41920692,2026-06-01,Apartamento en Gràcia,187.0,4.0,1.0,1.0,1.0,4.48,162.0,https://www.airbnb.es/rooms/41920692
Barcelona,Eixample,1086061834818753479,2026-06-01,Hostal en Eixample,152.0,2.0,1.0,1.0,1.0,4.11,152.0,https://www.airbnb.es/rooms/1086061834818753479
Barcelona,Eixample,5723397,2026-06-01,Apartamento en Eixample,320.0,6.0,3.0,4.0,2.0,4.84,205.0,https://www.airbnb.es/rooms/5723397
Barcelona,Eixample,39692277,2026-06-01,Apartamento en Eixample,252.0,6.0,2.0,4.0,1.0,4.81,750.0,https://www.airbnb.es/rooms/39692277
Barcelona,Eixample,1679706582700826194,2026-06-01,Alojamiento en el Barri Gòtic,82.0,2.0,1.0,1.0,2.0,,,https://www.airbnb.es/rooms/1679706582700826194
Barcelona,Eixample,50194220,2026-06-01,Hotel en Eixample,199.0,1.0,,,1.0,4.71,42.0,https://www.airbnb.es/rooms/50194220
Barcelona,Eixample,990652533372075703,2026-06-01,Alojamiento en Gràcia,149.0,1.0,2.0,1.0,1.0,4.17,6.0,https://www.airbnb.es/rooms/990652533372075703
Barcelona,Eixample,1219561473030220539,2026-06-01,Hotel en Gràcia,180.0,2.0,1.0,1.0,1.0,4.62,26.0,https://www.airbnb.es/rooms/1219561473030220539
Barcelona,Eixample,5179215,2026-06-01,Habitación compartida en Eixample,54.0,,,,2.0,4.65,462.0,https://www.airbnb.es/rooms/5179215
Barcelona,Eixample,6536977,2026-06-01,Apartamento en Gràcia,250.0,3.0,2.0,3.0,1.0,4.69,117.0,https://www.airbnb.es/rooms/6536977
Barcelona,Eixample,1659436412270543542,2026-06-01,Apartamento en Eixample,262.0,4.0,1.0,3.0,1.0,,,https://www.airbnb.es/rooms/1659436412270543542
Barcelona,Eixample,4028518,2026-06-01,Loft en Eixample,292.0,4.0,2.0,3.0,1.0,4.95,952.0,https://www.airbnb.es/rooms/4028518
Barcelona,Eixample,1302313221763681420,2026-06-01,Apartamento en Barcelona,226.0,5.0,3.0,1.0,1.0,4.97,31.0,https://www.airbnb.es/rooms/1302313221763681420
Barcelona,Eixample,1692725051444428427,2026-06-01,Alojamiento en Barcelona,129.0,2.0,1.0,1.0,1.0,,,https://www.airbnb.es/rooms/1692725051444428427
Barcelona,Eixample,52219850,2026-06-01,Habitación en L'Hospitalet de Llobregat,88.0,,,2.0,,4.89,193.0,https://www.airbnb.es/rooms/52219850
Barcelona,Eixample,45947741,2026-06-01,Habitación compartida en Barcelona,47.0,,,,,4.57,14.0,https://www.airbnb.es/rooms/45947741
Barcelona,Eixample,1623289005520410092,2026-06-01,Alojamiento en Barcelona,114.0,1.0,1.0,1.0,1.0,4.73,11.0,https://www.airbnb.es/rooms/1623289005520410092
Barcelona,Eixample,52359934,2026-06-01,Apartamento en Barcelona,203.0,2.0,1.0,1.0,1.0,4.77,151.0,https://www.airbnb.es/rooms/52359934
Barcelona,Eixample,1412183069362512996,2026-06-01,Apartamento en Barcelona,292.0,6.0,2.0,3.0,1.0,4.65,26.0,https://www.airbnb.es/rooms/1412183069362512996
Barcelona,Eixample,5688077,2026-06-01,Apartamento en Barcelona,300.0,4.0,2.0,2.0,0.0,4.84,113.0,https://www.airbnb.es/rooms/5688077
Barcelona,Eixample,886849936033572375,2026-06-01,Apartamento en Barcelona,295.0,6.0,2.0,3.0,2.0,4.74,69.0,https://www.airbnb.es/rooms/886849936033572375
Barcelona,Eixample,18819497,2026-06-01,Apartamento en Barcelona,343.0,5.0,2.0,4.0,2.0,4.9,367.0,https://www.airbnb.es/rooms/18819497
Barcelona,Eixample,1086385318652132563,2026-06-01,Habitación en Barcelona,59.0,,,,,4.17,18.0,https://www.airbnb.es/rooms/1086385318652132563
Barcelona,Eixample,33771133,2026-06-01,Apartamento en Barcelona,228.0,2.0,1.0,1.0,1.0,4.78,150.0,https://www.airbnb.es/rooms/33771133
Barcelona,Eixample,1081106888283937930,2026-06-01,Habitación compartida en Barcelona,44.0,,,,,4.67,280.0,https://www.airbnb.es/rooms/1081106888283937930
Barcelona,Eixample,1070622249649813826,2026-06-01,Apartamento en Barcelona,328.0,5.0,3.0,3.0,1.0,4.85,93.0,https://www.airbnb.es/rooms/1070622249649813826
Barcelona,Eixample,53651979,2026-06-01,Hotel en Barcelona,160.0,2.0,1.0,2.0,1.0,4.59,129.0,https://www.airbnb.es/rooms/53651979
Barcelona,Eixample,52162416,2026-06-01,Hotel boutique en Barcelona,168.0,2.0,1.0,2.0,1.0,5.0,3.0,https://www.airbnb.es/rooms/52162416
Barcelona,Eixample,842692205814831591,2026-06-01,Apartamento en Barcelona,275.0,4.0,2.0,3.0,1.0,4.66,128.0,https://www.airbnb.es/rooms/842692205814831591
Barcelona,Eixample,1690077062160900192,2026-06-01,Alojamiento en Barcelona,114.0,1.0,1.0,1.0,1.0,,,https://www.airbnb.es/rooms/1690077062160900192
Barcelona,Eixample,1690721429631322509,2026-06-01,Alojamiento en Barcelona,104.0,2.0,1.0,1.0,1.0,,,https://www.airbnb.es/rooms/1690721429631322509
Barcelona,Eixample,846004853225449054,2026-06-01,Alojamiento en Barcelona,99.0,1.0,1.0,1.0,1.0,4.2,5.0,https://www.airbnb.es/rooms/846004853225449054
Barcelona,Eixample,52543356,2026-06-01,Apartamento en Barcelona,214.0,2.0,1.0,1.0,1.0,4.79,78.0,https://www.airbnb.es/rooms/52543356
Barcelona,Eixample,1321567328957236283,2026-06-01,Habitación de hotel compartida en L'Hospitalet de Llobregat,36.0,,,1.0,,4.46,394.0,https://www.airbnb.es/rooms/1321567328957236283
Barcelona,Eixample,45947679,2026-06-01,Habitación compartida en Barcelona,53.0,,,,,4.67,18.0,https://www.airbnb.es/rooms/45947679
Barcelona,Eixample,1693479205558878090,2026-06-01,Alojamiento en Barcelona,155.0,3.0,1.0,2.0,2.0,,,https://www.airbnb.es/rooms/1693479205558878090
Barcelona,Eixample,23211786,2026-06-01,Apartamento en L'Hospitalet de Llobregat,159.0,4.0,1.0,1.0,1.0,4.67,301.0,https://www.airbnb.es/rooms/23211786
Barcelona,Eixample,26976115,2026-06-01,Habitación de hotel en Barcelona,170.0,2.0,1.0,1.0,1.0,4.85,55.0,https://www.airbnb.es/rooms/26976115
Barcelona,Eixample,827349098679650028,2026-06-01,Apartamento en Barcelona,264.0,4.0,1.0,2.0,1.0,4.68,77.0,https://www.airbnb.es/rooms/827349098679650028
Barcelona,Eixample,846199567435612629,2026-06-01,Apartamento en Barcelona,246.0,4.0,2.0,3.0,1.0,4.79,250.0,https://www.airbnb.es/rooms/846199567435612629
Barcelona,Eixample,52162312,2026-06-01,Hotel en Barcelona,142.0,1.0,1.0,1.0,1.0,4.7,115.0,https://www.airbnb.es/rooms/52162312
Barcelona,Eixample,49455076,2026-06-01,Apartamento en Barcelona,230.0,6.0,2.0,4.0,1.0,4.43,106.0,https://www.airbnb.es/rooms/49455076
Barcelona,Eixample,1091128222209811355,2026-06-01,Apartamento en Barcelona,238.0,4.0,2.0,3.0,0.0,4.35,20.0,https://www.airbnb.es/rooms/1091128222209811355
Barcelona,Eixample,34191394,2026-06-01,Apartamento en Barcelona,292.0,5.0,2.0,4.0,2.0,4.78,331.0,https://www.airbnb.es/rooms/34191394
Barcelona,Eixample,1690700324694932302,2026-06-01,Apartamento en Barcelona,200.0,2.0,1.0,1.0,1.0,,,https://www.airbnb.es/rooms/1690700324694932302
Barcelona,Eixample,603278316867687150,2026-06-01,Apartamento en Barcelona,292.0,3.0,2.0,3.0,1.0,4.8,137.0,https://www.airbnb.es/rooms/603278316867687150
Barcelona,Eixample,49749459,2026-06-01,Hostal en Barcelona,149.0,2.0,1.0,1.0,0.0,4.42,104.0,https://www.airbnb.es/rooms/49749459
Barcelona,Eixample,1669854366982419703,2026-06-01,Alojamiento en Barcelona,118.0,2.0,1.0,1.0,1.0,,,https://www.airbnb.es/rooms/1669854366982419703
Barcelona,Eixample,957760053909775261,2026-06-01,Apartamento en Barcelona,194.0,2.0,1.0,1.0,1.0,4.4,163.0,https://www.airbnb.es/rooms/957760053909775261
Barcelona,Eixample,1383885551745498806,2026-06-01,Habitación compartida en Barcelona,57.0,,,8.0,,4.46,28.0,https://www.airbnb.es/rooms/1383885551745498806
Barcelona,Eixample,1135216684465108261,2026-06-01,Apartamento en Barcelona,317.0,5.0,2.0,4.0,2.0,4.89,91.0,https://www.airbnb.es/rooms/1135216684465108261
Barcelona,Eixample,980264078034265574,2026-06-01,Hostal en Barcelona,220.0,3.0,1.0,1.0,1.0,4.87,47.0,https://www.airbnb.es/rooms/980264078034265574
Barcelona,Eixample,843268032766273067,2026-06-01,Hotel en Barcelona,175.0,2.0,1.0,1.0,1.0,4.83,81.0,https://www.airbnb.es/rooms/843268032766273067
Barcelona,Eixample,1578299470316826251,2026-06-01,Apartamento en Barcelona,278.0,4.0,2.0,2.0,1.0,4.73,15.0,https://www.airbnb.es/rooms/1578299470316826251
Barcelona,Eixample,39959246,2026-06-01,Apartamento en Barcelona,246.0,6.0,2.0,3.0,1.0,4.54,120.0,https://www.airbnb.es/rooms/39959246
Barcelona,Eixample,35627835,2026-06-01,Hotel boutique en Barcelona,170.0,2.0,,1.0,0.0,4.81,27.0,https://www.airbnb.es/rooms/35627835
Barcelona,Eixample,1152270794244028064,2026-06-01,Apartamento en Barcelona,237.0,3.0,1.0,1.0,1.0,4.54,299.0,https://www.airbnb.es/rooms/1152270794244028064
Barcelona,Eixample,1427352529896031552,2026-06-01,Habitación de hotel compartida en Barcelona,80.0,,,6.0,,4.79,77.0,https://www.airbnb.es/rooms/1427352529896031552
Barcelona,Eixample,1397085600000552318,2026-06-01,Apartamento en Barcelona,219.0,4.0,2.0,2.0,1.0,4.5,44.0,https://www.airbnb.es/rooms/1397085600000552318
Barcelona,Eixample,53176466,2026-06-01,Hotel en Barcelona,158.0,2.0,1.0,2.0,1.0,4.65,670.0,https://www.airbnb.es/rooms/53176466
Barcelona,Eixample,1044047228278493890,2026-06-01,Apartamento en Barcelona,178.0,3.0,1.0,2.0,1.0,4.44,59.0,https://www.airbnb.es/rooms/1044047228278493890
Barcelona,Eixample,1486041657667319503,2026-06-01,Apartamento en Barcelona,280.0,6.0,3.0,3.0,1.0,4.71,28.0,https://www.airbnb.es/rooms/1486041657667319503
Barcelona,Eixample,1689948511526716856,2026-06-01,Alojamiento en Barcelona,116.0,2.0,1.0,1.0,1.0,,,https://www.airbnb.es/rooms/1689948511526716856
Barcelona,Eixample,4886587,2026-06-01,Apartamento en Barcelona,368.0,10.0,5.0,8.0,2.0,4.51,154.0,https://www.airbnb.es/rooms/4886587
Barcelona,Eixample,52162630,2026-06-01,Hotel en Barcelona,211.0,2.0,1.0,1.0,1.0,4.8,241.0,https://www.airbnb.es/rooms/52162630
Barcelona,Eixample,1690074682089846198,2026-06-01,Alojamiento en Barcelona,124.0,1.0,1.0,1.0,1.0,,,https://www.airbnb.es/rooms/1690074682089846198
Barcelona,Eixample,50063836,2026-06-01,Hostal en Barcelona,140.0,2.0,1.0,2.0,1.0,4.48,388.0,https://www.airbnb.es/rooms/50063836
Barcelona,Eixample,23317697,2026-06-01,Apartamento en L'Hospitalet de Llobregat,192.0,6.0,2.0,3.0,1.0,4.64,301.0,https://www.airbnb.es/rooms/23317697
Barcelona,Eixample,691244680016995988,2026-06-01,Hotel en Barcelona,138.0,1.0,1.0,1.0,0.0,,,https://www.airbnb.es/rooms/691244680016995988
Barcelona,Eixample,1660197788403354448,2026-06-01,Alojamiento en Barcelona,134.0,2.0,1.0,1.0,1.0,,,https://www.airbnb.es/rooms/1660197788403354448
Barcelona,Eixample,45132322,2026-06-01,Hotel en Barcelona,147.0,2.0,1.0,2.0,0.0,4.71,231.0,https://www.airbnb.es/rooms/45132322
Barcelona,Eixample,52976505,2026-06-01,Hotel en Barcelona,182.0,2.0,1.0,2.0,1.0,4.67,3.0,https://www.airbnb.es/rooms/52976505
Barcelona,Eixample,1452845643664402470,2026-06-01,Habitación de hotel compartida en Barcelona,109.0,,,1.0,,4.7,40.0,https://www.airbnb.es/rooms/1452845643664402470
Barcelona,Eixample,1399112531085912534,2026-06-01,Apartamento en Barcelona,200.0,4.0,2.0,3.0,0.0,3.83,6.0,https://www.airbnb.es/rooms/1399112531085912534
Barcelona,Eixample,1543714012432127542,2026-06-01,Alojamiento en Barcelona,114.0,2.0,1.0,2.0,1.0,4.18,17.0,https://www.airbnb.es/rooms/1543714012432127542
Barcelona,Eixample,49332862,2026-06-01,Apartamento en Barcelona,229.0,6.0,3.0,6.0,1.0,4.73,11.0,https://www.airbnb.es/rooms/49332862
Barcelona,Eixample,598352755393860082,2026-06-01,Hostal en Barcelona,164.0,2.0,1.0,1.0,1.0,4.66,44.0,https://www.airbnb.es/rooms/598352755393860082
Barcelona,Eixample,39753264,2026-06-01,Apartamento en Barcelona,293.0,5.0,2.0,4.0,1.0,4.66,449.0,https://www.airbnb.es/rooms/39753264
Barcelona,Eixample,1399934084258835021,2026-06-01,Hostal en Barcelona,162.0,2.0,1.0,1.0,1.0,4.6,30.0,https://www.airbnb.es/rooms/1399934084258835021
Barcelona,Eixample,52139610,2026-06-01,Hostal en Barcelona,238.0,3.0,1.0,1.0,1.0,4.96,55.0,https://www.airbnb.es/rooms/52139610
Barcelona,Eixample,1396364814218289239,2026-06-01,Hotel en Eixample,154.0,1.0,1.0,1.0,0.0,,,https://www.airbnb.es/rooms/1396364814218289239
Barcelona,Eixample,1689843380550258164,2026-06-01,Alojamiento en Les Corts,108.0,2.0,1.0,1.0,1.0,,,https://www.airbnb.es/rooms/1689843380550258164
Barcelona,Eixample,1082565952840543514,2026-06-01,Apartamento en Eixample,205.0,4.0,1.0,2.0,0.0,4.88,16.0,https://www.airbnb.es/rooms/1082565952840543514
Barcelona,Eixample,1329067,2026-06-01,Apartamento en Gràcia,259.0,2.0,1.0,1.0,1.0,4.84,157.0,https://www.airbnb.es/rooms/1329067
Barcelona,Eixample,968720576498100701,2026-06-01,Apartamento en Eixample,314.0,6.0,2.0,3.0,1.0,4.68,120.0,https://www.airbnb.es/rooms/968720576498100701
Barcelona,Eixample,42151836,2026-06-01,Apartamento en Eixample,343.0,5.0,2.0,3.0,1.0,4.86,354.0,https://www.airbnb.es/rooms/42151836
Barcelona,Eixample,21653679,2026-06-01,Apartamento en Ciutat Vella,375.0,7.0,3.0,5.0,2.0,4.88,284.0,https://www.airbnb.es/rooms/21653679
Barcelona,Eixample,44483088,2026-06-01,Apartamento en Eixample,351.0,6.0,2.0,3.0,1.0,4.83,121.0,https://www.airbnb.es/rooms/44483088
Barcelona,Eixample,19028982,2026-06-01,Apartamento en Eixample,608.0,8.0,4.0,6.0,3.0,4.92,819.0,https://www.airbnb.es/rooms/19028982
Barcelona,Eixample,20066721,2026-06-01,Apartamento en Eixample,699.0,10.0,5.0,7.0,4.0,4.96,295.0,https://www.airbnb.es/rooms/20066721
Barcelona,Eixample,1673310031253023327,2026-06-01,Alojamiento en Sants-Montjuïc,114.0,2.0,1.0,1.0,1.0,,,https://www.airbnb.es/rooms/1673310031253023327
Barcelona,Eixample,33764163,2026-06-01,Apartamento en Eixample,235.0,4.0,1.0,2.0,1.0,4.71,1517.0,https://www.airbnb.es/rooms/33764163
Barcelona,Eixample,1396373104251718445,2026-06-01,Hotel en Eixample,168.0,1.0,1.0,1.0,0.0,,,https://www.airbnb.es/rooms/1396373104251718445
Barcelona,Eixample,1653502862215693162,2026-06-01,Apartamento en el Barri Gòtic,325.0,6.0,2.0,5.0,2.0,4.67,3.0,https://www.airbnb.es/rooms/1653502862215693162
Barcelona,Eixample,1674646765546985121,2026-06-01,Apartamento en Eixample,235.0,4.0,3.0,3.0,1.0,4.33,3.0,https://www.airbnb.es/rooms/1674646765546985121
Barcelona,Eixample,47823986,2026-06-01,Hostal en Sarrià-Sant Gervasi,180.0,2.0,1.0,2.0,1.0,4.82,89.0,https://www.airbnb.es/rooms/47823986
Barcelona,Eixample,1476870302094081503,2026-06-01,Apartamento en el Barri Gòtic,223.0,3.0,1.0,1.0,1.0,4.46,13.0,https://www.airbnb.es/rooms/1476870302094081503
Barcelona,Eixample,32906782,2026-06-01,Hostal en Eixample,157.0,3.0,1.0,2.0,1.0,4.87,406.0,https://www.airbnb.es/rooms/32906782
Barcelona,Eixample,7126261,2026-06-01,Apartamento en El Poblenou,265.0,5.0,2.0,3.0,1.0,4.62,65.0,https://www.airbnb.es/rooms/7126261
Barcelona,Eixample,44483001,2026-06-01,Apartamento en Eixample,359.0,6.0,2.0,3.0,1.0,4.86,98.0,https://www.airbnb.es/rooms/44483001
Barcelona,Eixample,1338934741854061619,2026-06-01,Apartamento en Ciutat Vella,300.0,8.0,4.0,4.0,0.0,4.14,7.0,https://www.airbnb.es/rooms/1338934741854061619
Barcelona,Eixample,1349274513085425079,2026-06-01,Apartamento en Eixample,352.0,4.0,2.0,5.0,1.0,4.87,53.0,https://www.airbnb.es/rooms/1349274513085425079
Barcelona,Eixample,5248481,2026-06-01,Apartamento en El Poblenou,235.0,6.0,2.0,3.0,1.0,4.63,244.0,https://www.airbnb.es/rooms/5248481
Barcelona,Eixample,1112020751881882887,2026-06-01,Apartamento en Eixample,459.0,7.0,3.0,6.0,2.0,4.73,127.0,https://www.airbnb.es/rooms/1112020751881882887
Barcelona,Eixample,30762828,2026-06-01,Apartamento en Eixample,295.0,3.0,2.0,2.0,2.0,4.72,170.0,https://www.airbnb.es/rooms/30762828
Barcelona,Eixample,1303550131257931742,2026-06-01,Apartamento en Gràcia,304.0,4.0,2.0,1.0,1.0,4.85,91.0,https://www.airbnb.es/rooms/1303550131257931742
Barcelona,Eixample,1623930793148912642,2026-06-01,Boutique Hotel H10 Catalunya Plaza,222.0,,,,,,,https://www.airbnb.es/rooms/1623930793148912642
Barcelona,Eixample,52137732,2026-06-01,Hostal en Eixample,233.0,2.0,1.0,1.0,1.0,5.0,12.0,https://www.airbnb.es/rooms/52137732
Barcelona,Eixample,17672694,2026-06-01,Apartamento en Eixample,278.0,5.0,2.0,3.0,1.0,4.53,276.0,https://www.airbnb.es/rooms/17672694
Barcelona,Eixample,1608707384900427091,2026-06-01,Hotel Casa Luz,241.0,,,,,4.78,9.0,https://www.airbnb.es/rooms/1608707384900427091
Barcelona,Eixample,1644116760220734402,2026-06-01,Sercotel Amister Art Hotel,208.0,,,,,,,https://www.airbnb.es/rooms/1644116760220734402
Barcelona,Eixample,42393313,2026-06-01,Apartamento en Eixample,370.0,4.0,2.0,3.0,1.0,4.85,249.0,https://www.airbnb.es/rooms/42393313
Barcelona,Eixample,1253824567135088293,2026-06-01,Apartamento en Barcelona,338.0,6.0,2.0,5.0,1.0,4.58,59.0,https://www.airbnb.es/rooms/1253824567135088293
Barcelona,Eixample,1197082508477861921,2026-06-01,Apartamento en el Barri Gòtic,325.0,3.0,1.0,1.0,1.0,4.77,60.0,https://www.airbnb.es/rooms/1197082508477861921
Barcelona,Eixample,1599370050492145726,2026-06-01,chic&basic Lemon Boutique Hotel,174.0,,,,,4.6,5.0,https://www.airbnb.es/rooms/1599370050492145726
Barcelona,Eixample,841172740128200954,2026-06-01,Apartamento en Barcelona,278.0,5.0,2.0,4.0,1.0,4.68,145.0,https://www.airbnb.es/rooms/841172740128200954
Barcelona,Eixample,1629665679948505178,2026-06-01,Oriente Atiram,187.0,,,,,4.5,74.0,https://www.airbnb.es/rooms/1629665679948505178
Barcelona,Eixample,34564909,2026-06-01,Apartamento en Barcelona,359.0,6.0,3.0,5.0,2.0,4.8,152.0,https://www.airbnb.es/rooms/34564909
Barcelona,Eixample,17220286,2026-06-01,Apartamento en L'Hospitalet de Llobregat,149.0,2.0,1.0,2.0,1.0,4.6,272.0,https://www.airbnb.es/rooms/17220286
Barcelona,Eixample,1676357946240099711,2026-06-01,Alojamiento en Barcelona,103.0,4.0,1.0,3.0,2.0,,,https://www.airbnb.es/rooms/1676357946240099711
Barcelona,Eixample,594547708296997920,2026-06-01,Hostal en Barcelona,171.0,2.0,1.0,1.0,1.0,,,https://www.airbnb.es/rooms/594547708296997920
Barcelona,Eixample,690421336334403240,2026-06-01,Hotel en Barcelona,162.0,2.0,1.0,1.0,1.0,4.39,36.0,https://www.airbnb.es/rooms/690421336334403240
Barcelona,Eixample,1681696951293486968,2026-06-01,Alojamiento en Barcelona,119.0,2.0,1.0,1.0,1.0,,,https://www.airbnb.es/rooms/1681696951293486968
Barcelona,Eixample,25828168,2026-06-01,Apartamento en Barcelona,490.0,6.0,3.0,5.0,2.0,4.96,446.0,https://www.airbnb.es/rooms/25828168
Barcelona,Eixample,27021820,2026-06-01,Apartamento en Barcelona,266.0,2.0,1.0,1.0,1.0,4.81,251.0,https://www.airbnb.es/rooms/27021820
Barcelona,Eixample,26114542,2026-06-01,Hotel boutique en Barcelona,179.0,2.0,1.0,1.0,1.0,4.62,274.0,https://www.airbnb.es/rooms/26114542
Barcelona,Eixample,24589494,2026-06-01,Hotel boutique en .,205.0,3.0,1.0,2.0,0.0,4.66,185.0,https://www.airbnb.es/rooms/24589494
Barcelona,Eixample,30757752,2026-06-01,Apartamento en Barcelona,265.0,2.0,2.0,4.0,1.0,4.81,787.0,https://www.airbnb.es/rooms/30757752
Barcelona,Eixample,815098039571655810,2026-06-01,Apartamento en Barcelona,307.0,6.0,3.0,4.0,1.0,4.59,167.0,https://www.airbnb.es/rooms/815098039571655810
Barcelona,Eixample,4117009,2026-06-01,Loft en Barcelona,306.0,4.0,1.0,3.0,1.0,4.83,440.0,https://www.airbnb.es/rooms/4117009
Barcelona,Eixample,26114578,2026-06-01,Hotel boutique en Barcelona,205.0,2.0,1.0,1.0,1.0,4.65,648.0,https://www.airbnb.es/rooms/26114578
Barcelona,Eixample,878759262826963543,2026-06-01,Apartamento en Barcelona,223.0,4.0,1.0,2.0,1.0,4.86,422.0,https://www.airbnb.es/rooms/878759262826963543
Barcelona,Eixample,562288828324380190,2026-06-01,Hostal en Barcelona,160.0,1.0,1.0,1.0,1.0,4.93,15.0,https://www.airbnb.es/rooms/562288828324380190
Barcelona,Eixample,45889115,2026-06-01,Habitación compartida en Barcelona,51.0,,,,,4.29,7.0,https://www.airbnb.es/rooms/45889115
Barcelona,Eixample,1152261799025687346,2026-06-01,Apartamento en Barcelona,504.0,10.0,5.0,7.0,2.0,4.56,62.0,https://www.airbnb.es/rooms/1152261799025687346
Barcelona,Eixample,1297752048731285588,2026-06-01,Apartamento en Barcelona,211.0,4.0,3.0,6.0,2.0,4.14,14.0,https://www.airbnb.es/rooms/1297752048731285588
Barcelona,Eixample,1334170501496595542,2026-06-01,Apartamento en Barcelona,180.0,5.0,2.0,2.0,2.0,4.46,41.0,https://www.airbnb.es/rooms/1334170501496595542
Barcelona,Eixample,1081643973089542400,2026-06-01,Apartamento en Barcelona,194.0,4.0,2.0,4.0,0.0,4.43,30.0,https://www.airbnb.es/rooms/1081643973089542400
Barcelona,Eixample,708553347984639336,2026-06-01,Habitación en Cornellà de Llobregat,77.0,,,1.0,,4.84,321.0,https://www.airbnb.es/rooms/708553347984639336
Barcelona,Eixample,23334103,2026-06-01,Apartamento en Barcelona,194.0,3.0,2.0,2.0,1.0,4.4,313.0,https://www.airbnb.es/rooms/23334103
Barcelona,Eixample,781089575067026945,2026-06-01,Apartamento en Barcelona,457.0,9.0,4.0,7.0,2.0,4.77,159.0,https://www.airbnb.es/rooms/781089575067026945
Barcelona,Eixample,666604385807739208,2026-06-01,Apartamento en Barcelona,249.0,4.0,1.0,1.0,2.0,4.79,226.0,https://www.airbnb.es/rooms/666604385807739208
Barcelona,Eixample,1305002871504629631,2026-06-01,Apartamento en Barcelona,218.0,3.0,2.0,2.0,1.0,4.6,90.0,https://www.airbnb.es/rooms/1305002871504629631
Barcelona,Eixample,1399912945645602366,2026-06-01,Hostal en Barcelona,171.0,2.0,1.0,1.0,0.0,4.63,43.0,https://www.airbnb.es/rooms/1399912945645602366
Barcelona,Eixample,21995015,2026-06-01,Apartamento en Barcelona,188.0,4.0,2.0,3.0,1.0,4.32,384.0,https://www.airbnb.es/rooms/21995015
Barcelona,Eixample,43920422,2026-06-01,Hostal en Barcelona,171.0,2.0,1.0,1.0,1.0,4.82,330.0,https://www.airbnb.es/rooms/43920422
Barcelona,Eixample,1086018140861723540,2026-06-01,Apartamento en Barcelona,224.0,3.0,1.0,2.0,0.0,4.5,122.0,https://www.airbnb.es/rooms/1086018140861723540
Barcelona,Eixample,1690085783563810065,2026-06-01,Alojamiento en Barcelona,100.0,2.0,1.0,1.0,2.0,,,https://www.airbnb.es/rooms/1690085783563810065
Barcelona,Eixample,46112987,2026-06-01,Habitación compartida en Barcelona,51.0,,,,,,,https://www.airbnb.es/rooms/46112987
Barcelona,Eixample,1186373504921024254,2026-06-01,Apartamento en Barcelona,363.0,3.0,1.0,2.0,1.0,4.91,91.0,https://www.airbnb.es/rooms/1186373504921024254
Barcelona,Eixample,872177389324953950,2026-06-01,Apartamento en Barcelona,284.0,4.0,1.0,2.0,1.0,4.65,62.0,https://www.airbnb.es/rooms/872177389324953950
Barcelona,Horta~Guinardó,13571420,2026-06-01,Apartamento en Barcelona,120.0,4.0,1.0,1.0,1.0,4.66,760.0,https://www.airbnb.es/rooms/13571420
Barcelona,Horta~Guinardó,5248745,2026-06-01,Apartamento en Barcelona,150.0,4.0,1.0,1.0,1.0,4.75,549.0,https://www.airbnb.es/rooms/5248745
Barcelona,Horta~Guinardó,33385782,2026-06-01,Hotel boutique en Barcelona,145.0,3.0,1.0,2.0,1.0,4.77,372.0,https://www.airbnb.es/rooms/33385782
Barcelona,Horta~Guinardó,1629047930699126683,2026-06-01,Hotel Ronda Lesseps,165.0,,,,,4.78,596.0,https://www.airbnb.es/rooms/1629047930699126683
Barcelona,Horta~Guinardó,39959257,2026-06-01,Apartamento en Barcelona,228.0,6.0,2.0,3.0,1.0,4.59,133.0,https://www.airbnb.es/rooms/39959257
Barcelona,Horta~Guinardó,20030829,2026-06-01,Habitación en L'Hospitalet de Llobregat,46.0,,,1.0,,4.78,697.0,https://www.airbnb.es/rooms/20030829
Barcelona,Horta~Guinardó,1644128350843386600,2026-06-01,Sercotel Porta Barcelona,117.0,,,,,4.63,48.0,https://www.airbnb.es/rooms/1644128350843386600
Barcelona,Horta~Guinardó,1644127533941365878,2026-06-01,Sercotel Sant Boi,112.0,,,,,4.58,65.0,https://www.airbnb.es/rooms/1644127533941365878
Barcelona,Horta~Guinardó,1633928135410732873,2026-06-01,Sercotel Cornellà Barcelona,126.0,,,,,4.57,30.0,https://www.airbnb.es/rooms/1633928135410732873
Barcelona,Horta~Guinardó,1440590229528643742,2026-06-01,easyHotel Barcelona La Sagrera,153.0,,,,,4.63,348.0,https://www.airbnb.es/rooms/1440590229528643742
Barcelona,Horta~Guinardó,1623845411548133787,2026-06-01,Tres Torres Atiram Hotels,162.0,,,,,4.69,477.0,https://www.airbnb.es/rooms/1623845411548133787
Barcelona,Horta~Guinardó,1600016322754075561,2026-06-01,chic&basic Velvet,156.0,,,,,5.0,3.0,https://www.airbnb.es/rooms/1600016322754075561
Barcelona,Horta~Guinardó,1395546731678953844,2026-06-01,chic&basic Born Boutique Hotel,164.0,,,,,4.58,111.0,https://www.airbnb.es/rooms/1395546731678953844
Barcelona,Horta~Guinardó,1644124202990432706,2026-06-01,Sercotel Barcelona El Prat,161.0,,,,,4.71,41.0,https://www.airbnb.es/rooms/1644124202990432706
Barcelona,Horta~Guinardó,1644119648954608427,2026-06-01,Sercotel Caspe Hotel,189.0,,,,,4.58,24.0,https://www.airbnb.es/rooms/1644119648954608427
Barcelona,Horta~Guinardó,1395616579066520047,2026-06-01,Habitación compartida en Barcelona,31.0,,,1.0,,4.46,1363.0,https://www.airbnb.es/rooms/1395616579066520047
Barcelona,Horta~Guinardó,1302313221763681420,2026-06-01,Apartamento en Barcelona,226.0,5.0,3.0,1.0,1.0,4.97,31.0,https://www.airbnb.es/rooms/1302313221763681420
Barcelona,Horta~Guinardó,1381830149578594250,2026-06-01,Habitación compartida en Barcelona,44.0,,,,,4.72,612.0,https://www.airbnb.es/rooms/1381830149578594250
Barcelona,Horta~Guinardó,5180175,2026-06-01,Apto. residencial en Barcelona,257.0,10.0,4.0,7.0,2.0,4.73,550.0,https://www.airbnb.es/rooms/5180175
Barcelona,Horta~Guinardó,1567985873659883473,2026-06-01,Habitación de hotel en Barcelona,173.0,2.0,,1.0,1.0,4.84,56.0,https://www.airbnb.es/rooms/1567985873659883473
Barcelona,Horta~Guinardó,23737826,2026-06-01,Apartamento en Barcelona,190.0,6.0,2.0,4.0,1.0,4.7,136.0,https://www.airbnb.es/rooms/23737826
Barcelona,Horta~Guinardó,699767101236251212,2026-06-01,Vivienda vacacional en Barcelona,292.0,4.0,2.0,3.0,2.0,4.52,66.0,https://www.airbnb.es/rooms/699767101236251212
Barcelona,Horta~Guinardó,33385364,2026-06-01,Hotel boutique en Barcelona,136.0,2.0,1.0,1.0,1.0,4.65,219.0,https://www.airbnb.es/rooms/33385364
Barcelona,Horta~Guinardó,30759793,2026-06-01,Apartamento en Barcelona,273.0,5.0,2.0,4.0,2.0,4.83,1246.0,https://www.airbnb.es/rooms/30759793
Barcelona,Horta~Guinardó,1086039450004234057,2026-06-01,Hostal en Barcelona,124.0,2.0,1.0,1.0,1.0,4.75,8.0,https://www.airbnb.es/rooms/1086039450004234057
Barcelona,Horta~Guinardó,31400940,2026-06-01,Apartamento en Barcelona,243.0,6.0,3.0,5.0,2.0,4.57,211.0,https://www.airbnb.es/rooms/31400940
Barcelona,Horta~Guinardó,1373005404778595213,2026-06-01,Apartamento en Barcelona,191.0,2.0,1.0,1.0,1.0,4.81,52.0,https://www.airbnb.es/rooms/1373005404778595213
Barcelona,Horta~Guinardó,32958232,2026-06-01,Habitaciones en San Fausto de Campcentellas,106.0,,2.0,3.0,,4.8,398.0,https://www.airbnb.es/rooms/32958232
Barcelona,Horta~Guinardó,1659262466106730557,2026-06-01,Habitación compartida en L'Hospitalet de Llobregat,37.0,,,1.0,,4.47,47.0,https://www.airbnb.es/rooms/1659262466106730557
Barcelona,Horta~Guinardó,1007834347793725460,2026-06-01,Habitación en Badalona,81.0,,,1.0,,4.86,161.0,https://www.airbnb.es/rooms/1007834347793725460
Barcelona,Horta~Guinardó,6399512,2026-06-01,Apartamento en Barcelona,150.0,4.0,1.0,1.0,1.0,4.7,125.0,https://www.airbnb.es/rooms/6399512
Barcelona,Horta~Guinardó,39959246,2026-06-01,Apartamento en Barcelona,245.0,6.0,2.0,3.0,1.0,4.54,120.0,https://www.airbnb.es/rooms/39959246
Barcelona,Horta~Guinardó,22094381,2026-06-01,Apartamento en Barcelona,160.0,5.0,2.0,3.0,1.0,4.59,263.0,https://www.airbnb.es/rooms/22094381
Barcelona,Horta~Guinardó,1394826946727751336,2026-06-01,Hotel en Barcelona,140.0,1.0,1.0,1.0,0.0,4.89,18.0,https://www.airbnb.es/rooms/1394826946727751336
Barcelona,Horta~Guinardó,1585472666496253319,2026-06-01,Apartamento en Barcelona,375.0,4.0,2.0,4.0,2.0,4.67,3.0,https://www.airbnb.es/rooms/1585472666496253319
Barcelona,Horta~Guinardó,1482518210467467973,2026-06-01,Alojamiento en Barberà del Vallés,118.0,1.0,3.0,3.0,1.0,5.0,4.0,https://www.airbnb.es/rooms/1482518210467467973
Barcelona,Horta~Guinardó,1479899776803939369,2026-06-01,Habitación en Badalona,164.0,,,1.0,,4.97,33.0,https://www.airbnb.es/rooms/1479899776803939369
Barcelona,Horta~Guinardó,35832249,2026-06-01,Apartamento en Barcelona,428.0,3.0,1.0,2.0,1.0,4.88,169.0,https://www.airbnb.es/rooms/35832249
Barcelona,Horta~Guinardó,1330408326087495128,2026-06-01,Habitación compartida en Barcelona,105.0,,,8.0,,4.77,183.0,https://www.airbnb.es/rooms/1330408326087495128
Barcelona,Horta~Guinardó,1322489,2026-06-01,Apartamento en Hospitalet de Llobregat,340.0,2.0,1.0,1.0,1.0,4.85,501.0,https://www.airbnb.es/rooms/1322489
Barcelona,Horta~Guinardó,52219850,2026-06-01,Habitación en L'Hospitalet de Llobregat,88.0,,,2.0,,4.89,193.0,https://www.airbnb.es/rooms/52219850
Barcelona,Horta~Guinardó,24590131,2026-06-01,Hotel boutique en .,139.0,2.0,1.0,1.0,1.0,4.64,258.0,https://www.airbnb.es/rooms/24590131
Barcelona,Horta~Guinardó,20486545,2026-06-01,Apartamento en Barcelona,291.0,8.0,4.0,7.0,2.0,4.71,393.0,https://www.airbnb.es/rooms/20486545
Barcelona,Horta~Guinardó,1414473753453618431,2026-06-01,Habitación de hotel compartida en Barcelona,96.0,,,4.0,,4.96,295.0,https://www.airbnb.es/rooms/1414473753453618431
Barcelona,Horta~Guinardó,42687971,2026-06-01,Apartamento en Barcelona,247.0,4.0,3.0,3.0,1.0,4.49,76.0,https://www.airbnb.es/rooms/42687971
Barcelona,Horta~Guinardó,1334766827175728865,2026-06-01,Alojamiento en Santa Coloma de Gramanet,62.0,2.0,1.0,1.0,1.0,4.78,40.0,https://www.airbnb.es/rooms/1334766827175728865
Barcelona,Horta~Guinardó,1399112591589162337,2026-06-01,Apartamento en Barcelona,200.0,4.0,2.0,3.0,2.0,4.86,14.0,https://www.airbnb.es/rooms/1399112591589162337
Barcelona,Horta~Guinardó,1665293945164970881,2026-06-01,Alojamiento en Barcelona,112.0,2.0,1.0,1.0,1.0,,,https://www.airbnb.es/rooms/1665293945164970881
Barcelona,Horta~Guinardó,10621483,2026-06-01,Apartamento en Barcelona,235.0,4.0,2.0,2.0,1.0,4.73,435.0,https://www.airbnb.es/rooms/10621483
Barcelona,Horta~Guinardó,1505592480371199538,2026-06-01,Alojamiento en Mataró,45.0,1.0,1.0,1.0,1.0,5.0,40.0,https://www.airbnb.es/rooms/1505592480371199538
Barcelona,Horta~Guinardó,1259116019707310328,2026-06-01,Apartamento en Barcelona,270.0,9.0,5.0,8.0,2.0,4.81,146.0,https://www.airbnb.es/rooms/1259116019707310328
Barcelona,Horta~Guinardó,1581902367739167921,2026-06-01,Apartamento en Barcelona,270.0,11.0,4.0,7.0,2.0,4.88,33.0,https://www.airbnb.es/rooms/1581902367739167921
Barcelona,Horta~Guinardó,708553347984639336,2026-06-01,Habitación en Cornellà de Llobregat,77.0,,,1.0,,4.84,321.0,https://www.airbnb.es/rooms/708553347984639336
Barcelona,Horta~Guinardó,45094691,2026-06-01,Apartamento en Barcelona,188.0,4.0,2.0,3.0,1.0,4.39,69.0,https://www.airbnb.es/rooms/45094691
Barcelona,Horta~Guinardó,1079005887136672505,2026-06-01,Apartamento en Barcelona,210.0,6.0,3.0,3.0,2.0,4.72,102.0,https://www.airbnb.es/rooms/1079005887136672505
Barcelona,Horta~Guinardó,1299227531057750706,2026-06-01,Hostal en Barcelona,118.0,2.0,1.0,1.0,1.0,4.38,86.0,https://www.airbnb.es/rooms/1299227531057750706
Barcelona,Horta~Guinardó,1394855747314311569,2026-06-01,Hotel en Barcelona,145.0,1.0,1.0,1.0,0.0,4.84,37.0,https://www.airbnb.es/rooms/1394855747314311569
Barcelona,Horta~Guinardó,1287610757999307965,2026-06-01,Apartamento en Barcelona,275.0,4.0,2.0,3.0,1.0,4.74,88.0,https://www.airbnb.es/rooms/1287610757999307965
Barcelona,Horta~Guinardó,1739507,2026-06-01,Apartamento en Barcelona,246.0,6.0,2.0,3.0,1.0,4.57,364.0,https://www.airbnb.es/rooms/1739507
Barcelona,Horta~Guinardó,543922705360439172,2026-06-01,Apto. residencial en Santa Coloma de Gramanet,135.0,3.0,2.0,4.0,1.0,4.48,161.0,https://www.airbnb.es/rooms/543922705360439172
Barcelona,Horta~Guinardó,21390932,2026-06-01,Apartamento en Barcelona,291.0,8.0,4.0,7.0,2.0,4.77,374.0,https://www.airbnb.es/rooms/21390932
Barcelona,Horta~Guinardó,886838723814651944,2026-06-01,Apartamento en Barcelona,197.0,3.0,1.0,2.0,1.0,4.73,730.0,https://www.airbnb.es/rooms/886838723814651944
Barcelona,Horta~Guinardó,623681053697731367,2026-06-01,Apartamento en Barcelona,198.0,5.0,2.0,4.0,1.0,4.22,27.0,https://www.airbnb.es/rooms/623681053697731367
Barcelona,Horta~Guinardó,1244149662131050850,2026-06-01,Casa rural en Tarrasa,182.0,4.0,1.0,2.0,1.0,4.88,33.0,https://www.airbnb.es/rooms/1244149662131050850
Barcelona,Horta~Guinardó,1321567328957236283,2026-06-01,Habitación de hotel compartida en L'Hospitalet de Llobregat,36.0,,,1.0,,4.46,394.0,https://www.airbnb.es/rooms/1321567328957236283
Barcelona,Horta~Guinardó,1081106888283937930,2026-06-01,Habitación compartida en Barcelona,44.0,,,,,4.67,280.0,https://www.airbnb.es/rooms/1081106888283937930
Barcelona,Horta~Guinardó,41371513,2026-06-01,Apto. residencial en Sant Adrià de Besòs,130.0,3.0,1.0,2.0,1.0,4.66,214.0,https://www.airbnb.es/rooms/41371513
Barcelona,Horta~Guinardó,26976011,2026-06-01,Habitación de hotel en Barcelona,154.0,2.0,1.0,1.0,1.0,4.86,49.0,https://www.airbnb.es/rooms/26976011
Barcelona,Horta~Guinardó,1425279784893662580,2026-06-01,Apartamento en Barcelona,166.0,2.0,1.0,3.0,0.0,4.66,87.0,https://www.airbnb.es/rooms/1425279784893662580
Barcelona,Horta~Guinardó,1683879479810257006,2026-06-01,Alojamiento en Barcelona,126.0,2.0,1.0,1.0,1.0,,,https://www.airbnb.es/rooms/1683879479810257006
Barcelona,Horta~Guinardó,1370030731274925873,2026-06-01,Apartamento en Badalona,145.0,4.0,1.0,2.0,1.0,4.82,33.0,https://www.airbnb.es/rooms/1370030731274925873
Barcelona,Horta~Guinardó,1693541294027713589,2026-06-01,Bed & breakfast en L'Hospitalet de Llobregat,59.0,2.0,1.0,1.0,1.0,,,https://www.airbnb.es/rooms/1693541294027713589
Barcelona,Horta~Guinardó,1690527090152157222,2026-06-01,Alojamiento en Barcelona,134.0,2.0,1.0,1.0,1.0,,,https://www.airbnb.es/rooms/1690527090152157222
Barcelona,Horta~Guinardó,23990630,2026-06-01,Loft en Barcelona,195.0,3.0,,1.0,1.0,4.91,493.0,https://www.airbnb.es/rooms/23990630
Barcelona,Horta~Guinardó,1268880281604179179,2026-06-01,Habitación en Mollet del Vallès,41.0,,,2.0,,4.84,67.0,https://www.airbnb.es/rooms/1268880281604179179
Barcelona,Horta~Guinardó,1394773500642844241,2026-06-01,Hotel en Barcelona,130.0,1.0,1.0,1.0,0.0,5.0,4.0,https://www.airbnb.es/rooms/1394773500642844241
Barcelona,Horta~Guinardó,1358768214927137133,2026-06-01,Apartamento en Barcelona,235.0,4.0,2.0,2.0,1.0,4.75,28.0,https://www.airbnb.es/rooms/1358768214927137133
Barcelona,Horta~Guinardó,35868837,2026-06-01,Apartamento en Esplugas de Llobregat,117.0,5.0,2.0,3.0,1.0,4.44,248.0,https://www.airbnb.es/rooms/35868837
Barcelona,Horta~Guinardó,42112133,2026-06-01,Alojamiento en Premiá de Mar,77.0,2.0,1.0,1.0,1.0,4.78,208.0,https://www.airbnb.es/rooms/42112133
Barcelona,Horta~Guinardó,1118036465845477181,2026-06-01,Apartamento en Barcelona,195.0,10.0,4.0,6.0,2.0,4.49,43.0,https://www.airbnb.es/rooms/1118036465845477181
Barcelona,Horta~Guinardó,36324702,2026-06-01,Alojamiento en L'Hospitalet de Llobregat,102.0,1.0,1.0,1.0,1.0,4.34,29.0,https://www.airbnb.es/rooms/36324702
Barcelona,Horta~Guinardó,1089621698816168489,2026-06-01,Apartamento en Sant Adrià de Besòs,225.0,7.0,3.0,5.0,2.0,4.72,130.0,https://www.airbnb.es/rooms/1089621698816168489
Barcelona,Horta~Guinardó,45094687,2026-06-01,Apartamento en Barcelona,188.0,4.0,2.0,3.0,1.0,4.27,15.0,https://www.airbnb.es/rooms/45094687
Barcelona,Horta~Guinardó,45970180,2026-06-01,Apartamento en Barcelona,180.0,2.0,1.0,1.0,0.0,4.59,37.0,https://www.airbnb.es/rooms/45970180
Barcelona,Horta~Guinardó,1650088777130237893,2026-06-01,Alojamiento en Barcelona,164.0,3.0,1.0,2.0,1.0,5.0,6.0,https://www.airbnb.es/rooms/1650088777130237893
Barcelona,Horta~Guinardó,49455076,2026-06-01,Apartamento en Barcelona,230.0,6.0,2.0,4.0,1.0,4.43,106.0,https://www.airbnb.es/rooms/49455076
Barcelona,Horta~Guinardó,1303550131257931742,2026-06-01,Apartamento en Barcelona,304.0,4.0,2.0,1.0,1.0,4.85,91.0,https://www.airbnb.es/rooms/1303550131257931742
Barcelona,Horta~Guinardó,1142567755780101977,2026-06-01,Habitación en Barcelona,118.0,,1.0,,,4.57,67.0,https://www.airbnb.es/rooms/1142567755780101977
Barcelona,Horta~Guinardó,1399112602583968962,2026-06-01,Apartamento en Barcelona,250.0,6.0,3.0,4.0,2.0,4.79,19.0,https://www.airbnb.es/rooms/1399112602583968962
Barcelona,Horta~Guinardó,888070459646437490,2026-06-01,Apartamento en Barcelona,189.0,5.0,2.0,3.0,2.0,4.51,288.0,https://www.airbnb.es/rooms/888070459646437490
Barcelona,Horta~Guinardó,1625561930981954879,2026-06-01,Alojamiento en L'Hospitalet de Llobregat,70.0,1.0,1.0,1.0,1.0,,,https://www.airbnb.es/rooms/1625561930981954879
Barcelona,Horta~Guinardó,1455208546877813452,2026-06-01,Apartamento en Barcelona,207.0,4.0,3.0,3.0,1.0,4.67,45.0,https://www.airbnb.es/rooms/1455208546877813452
Barcelona,Horta~Guinardó,1373839405296654999,2026-06-01,Apartamento en Barcelona,179.0,3.0,1.0,1.0,1.0,4.35,82.0,https://www.airbnb.es/rooms/1373839405296654999
Barcelona,Horta~Guinardó,1021599813197691565,2026-06-01,Habitación en Matadepera,63.0,,,1.0,,4.96,115.0,https://www.airbnb.es/rooms/1021599813197691565
Barcelona,Horta~Guinardó,1689843380550258164,2026-06-01,Alojamiento en Barcelona,108.0,2.0,1.0,1.0,1.0,,,https://www.airbnb.es/rooms/1689843380550258164
Barcelona,Horta~Guinardó,1610022680809524555,2026-06-01,Bed & breakfast en Sabadell,65.0,1.0,1.0,1.0,0.0,4.67,3.0,https://www.airbnb.es/rooms/1610022680809524555
Barcelona,Horta~Guinardó,1395660922989787647,2026-06-01,Habitación compartida en Barcelona,36.0,,,1.0,,4.51,131.0,https://www.airbnb.es/rooms/1395660922989787647
Barcelona,Horta~Guinardó,1355258257084496952,2026-06-01,Bed & breakfast en Sant Joan Despí,32.0,9.0,1.0,1.0,1.0,4.82,45.0,https://www.airbnb.es/rooms/1355258257084496952
Barcelona,Horta~Guinardó,21653693,2026-06-01,Apartamento en Barcelona,225.0,3.0,1.0,3.0,1.0,4.85,220.0,https://www.airbnb.es/rooms/21653693
Barcelona,Horta~Guinardó,619465386114743418,2026-06-01,Apto. residencial en Santa Coloma de Gramanet,161.0,7.0,4.0,7.0,1.0,4.42,157.0,https://www.airbnb.es/rooms/619465386114743418
Barcelona,Horta~Guinardó,9996765,2026-06-01,Apartamento en Barcelona,248.0,8.0,3.0,3.0,2.0,4.76,347.0,https://www.airbnb.es/rooms/9996765
Barcelona,Horta~Guinardó,1299331630232875541,2026-06-01,Hostal en Barcelona,108.0,1.0,1.0,1.0,0.0,4.13,15.0,https://www.airbnb.es/rooms/1299331630232875541
Barcelona,Horta~Guinardó,1690721429631322509,2026-06-01,Alojamiento en Barcelona,104.0,2.0,1.0,1.0,1.0,,,https://www.airbnb.es/rooms/1690721429631322509
Barcelona,Horta~Guinardó,24978663,2026-06-01,Loft en Barcelona,207.0,2.0,,1.0,1.0,4.92,538.0,https://www.airbnb.es/rooms/24978663
Barcelona,Horta~Guinardó,23317697,2026-06-01,Apartamento en L'Hospitalet de Llobregat,192.0,6.0,2.0,3.0,1.0,4.64,301.0,https://www.airbnb.es/rooms/23317697
Barcelona,Horta~Guinardó,990652533372075703,2026-06-01,Alojamiento en Barcelona,149.0,1.0,2.0,1.0,1.0,4.17,6.0,https://www.airbnb.es/rooms/990652533372075703
Barcelona,Horta~Guinardó,566389154220216287,2026-06-01,Habitación en Barcelona,88.0,,,1.0,,4.33,6.0,https://www.airbnb.es/rooms/566389154220216287
Barcelona,Horta~Guinardó,23211786,2026-06-01,Apartamento en L'Hospitalet de Llobregat,159.0,4.0,1.0,1.0,1.0,4.67,301.0,https://www.airbnb.es/rooms/23211786
Barcelona,Horta~Guinardó,41920692,2026-06-01,Apartamento en Barcelona,187.0,4.0,1.0,1.0,1.0,4.48,162.0,https://www.airbnb.es/rooms/41920692
Barcelona,Horta~Guinardó,1692725051444428427,2026-06-01,Alojamiento en Barcelona,129.0,2.0,1.0,1.0,1.0,,,https://www.airbnb.es/rooms/1692725051444428427
Barcelona,Horta~Guinardó,1044047228278493890,2026-06-01,Apartamento en Barcelona,178.0,3.0,1.0,2.0,1.0,4.44,59.0,https://www.airbnb.es/rooms/1044047228278493890
Barcelona,Horta~Guinardó,52119547,2026-06-01,Apartamento en Barcelona,315.0,6.0,3.0,4.0,2.0,4.93,80.0,https://www.airbnb.es/rooms/52119547
Barcelona,Horta~Guinardó,17220286,2026-06-01,Apartamento en L'Hospitalet de Llobregat,149.0,2.0,1.0,2.0,1.0,4.6,272.0,https://www.airbnb.es/rooms/17220286
Barcelona,Horta~Guinardó,600371086640483735,2026-06-01,Apartamento en Barcelona,229.0,6.0,3.0,6.0,1.0,4.67,421.0,https://www.airbnb.es/rooms/600371086640483735
Barcelona,Horta~Guinardó,21761757,2026-06-01,Apartamento en Barcelona,180.0,2.0,1.0,2.0,0.0,4.64,113.0,https://www.airbnb.es/rooms/21761757
Barcelona,Horta~Guinardó,1399112579281949206,2026-06-01,Apartamento en Barcelona,250.0,6.0,3.0,4.0,2.0,4.73,30.0,https://www.airbnb.es/rooms/1399112579281949206
Barcelona,Horta~Guinardó,32561248,2026-06-01,Hostal en Barcelona,115.0,2.0,1.0,1.0,,4.82,506.0,https://www.airbnb.es/rooms/32561248
Barcelona,Horta~Guinardó,1465104647433287203,2026-06-01,Apartamento en Barcelona,257.0,5.0,3.0,7.0,2.0,4.47,34.0,https://www.airbnb.es/rooms/1465104647433287203
Barcelona,Horta~Guinardó,1676320427388991062,2026-06-01,Alojamiento en Barcelona,89.0,2.0,1.0,1.0,3.0,,,https://www.airbnb.es/rooms/1676320427388991062
Barcelona,Horta~Guinardó,1674646765546985121,2026-06-01,Apartamento en Barcelona,235.0,4.0,3.0,3.0,1.0,4.33,3.0,https://www.airbnb.es/rooms/1674646765546985121
Barcelona,Horta~Guinardó,588263368399541801,2026-06-01,Hotel en Barcelona,150.0,2.0,1.0,2.0,1.0,4.61,77.0,https://www.airbnb.es/rooms/588263368399541801
Barcelona,Horta~Guinardó,1486041657667319503,2026-06-01,Apartamento en Barcelona,280.0,6.0,3.0,3.0,1.0,4.71,28.0,https://www.airbnb.es/rooms/1486041657667319503
Barcelona,Horta~Guinardó,994238313069797296,2026-06-01,Hotel en Barcelona,180.0,2.0,1.0,1.0,1.0,4.73,80.0,https://www.airbnb.es/rooms/994238313069797296
Barcelona,Horta~Guinardó,1198074,2026-06-01,Apartamento en Barcelona,300.0,4.0,2.0,3.0,2.0,4.89,119.0,https://www.airbnb.es/rooms/1198074
Barcelona,Horta~Guinardó,827550894163283626,2026-06-01,Apartamento en Tarrasa,109.0,2.0,1.0,2.0,1.0,4.69,113.0,https://www.airbnb.es/rooms/827550894163283626
Barcelona,Horta~Guinardó,1164316691199027393,2026-06-01,Habitación en El Prat de Llobregat,77.0,,,1.0,,4.72,110.0,https://www.airbnb.es/rooms/1164316691199027393
Barcelona,Horta~Guinardó,3144104,2026-06-01,Apartamento en Barcelona,280.0,6.0,3.0,4.0,1.0,4.9,1003.0,https://www.airbnb.es/rooms/3144104
Barcelona,Horta~Guinardó,1321021264235011863,2026-06-01,Habitación compartida en Barcelona,48.0,,,1.0,4.0,4.43,214.0,https://www.airbnb.es/rooms/1321021264235011863
Barcelona,Horta~Guinardó,1218134357337850495,2026-06-01,Apartamento en Sant Adrià de Besòs,202.0,4.0,2.0,2.0,1.0,4.85,20.0,https://www.airbnb.es/rooms/1218134357337850495
Barcelona,Horta~Guinardó,1135216684465108261,2026-06-01,Apartamento en Barcelona,317.0,5.0,2.0,4.0,2.0,4.89,91.0,https://www.airbnb.es/rooms/1135216684465108261
Barcelona,Horta~Guinardó,1253824567135088293,2026-06-01,Apartamento en Barcelona,338.0,6.0,2.0,5.0,1.0,4.58,59.0,https://www.airbnb.es/rooms/1253824567135088293
Barcelona,Horta~Guinardó,1576302000335009666,2026-06-01,Alojamiento en Barcelona,114.0,2.0,1.0,1.0,1.0,4.65,20.0,https://www.airbnb.es/rooms/1576302000335009666
Barcelona,Horta~Guinardó,1625510271017292501,2026-06-01,Alojamiento en L'Hospitalet de Llobregat,70.0,1.0,1.0,1.0,1.0,,,https://www.airbnb.es/rooms/1625510271017292501
Barcelona,Horta~Guinardó,7126261,2026-06-01,Apartamento en Barcelona,265.0,5.0,2.0,3.0,1.0,4.62,65.0,https://www.airbnb.es/rooms/7126261
Barcelona,Horta~Guinardó,38541124,2026-06-01,Apartamento en Sabadell,119.0,6.0,3.0,5.0,1.0,4.47,270.0,https://www.airbnb.es/rooms/38541124
Barcelona,Horta~Guinardó,846093318788581404,2026-06-01,Apartamento en Barcelona,323.0,5.0,3.0,4.0,1.0,4.73,2670.0,https://www.airbnb.es/rooms/846093318788581404
Barcelona,Horta~Guinardó,1670237565161043218,2026-06-01,Apartamento en Barcelona,118.0,2.0,1.0,1.0,1.0,,,https://www.airbnb.es/rooms/1670237565161043218
Barcelona,Horta~Guinardó,1404511151413042934,2026-06-01,Habitación en L'Hospitalet de Llobregat,93.0,,,1.0,,4.69,70.0,https://www.airbnb.es/rooms/1404511151413042934
Barcelona,Horta~Guinardó,1086031486385200943,2026-06-01,Hostal en Barcelona,128.0,2.0,1.0,1.0,0.0,4.49,88.0,https://www.airbnb.es/rooms/1086031486385200943
Barcelona,Horta~Guinardó,4028518,2026-06-01,Loft en Barcelona,292.0,4.0,2.0,3.0,1.0,4.95,952.0,https://www.airbnb.es/rooms/4028518
Barcelona,Horta~Guinardó,1314932205945109259,2026-06-01,Apartamento en Badalona,174.0,4.0,1.0,2.0,1.0,4.82,51.0,https://www.airbnb.es/rooms/1314932205945109259
Barcelona,Horta~Guinardó,1321578143173100090,2026-06-01,Habitación de hotel compartida en L'Hospitalet de Llobregat,37.0,,,1.0,,4.45,130.0,https://www.airbnb.es/rooms/1321578143173100090
Barcelona,Horta~Guinardó,35477075,2026-06-01,Apartamento en Barcelona,273.0,5.0,3.0,4.0,2.0,4.72,235.0,https://www.airbnb.es/rooms/35477075
Barcelona,Horta~Guinardó,1573117675347174653,2026-06-01,Alojamiento en Barcelona,105.0,2.0,1.0,1.0,1.0,4.81,16.0,https://www.airbnb.es/rooms/1573117675347174653
Barcelona,Horta~Guinardó,8420341,2026-06-01,Loft en L'Hospitalet de Llobregat,164.0,6.0,3.0,5.0,2.0,4.69,533.0,https://www.airbnb.es/rooms/8420341
Barcelona,Horta~Guinardó,1383867960663348575,2026-06-01,Habitación compartida en Barcelona,45.0,,,6.0,,4.67,27.0,https://www.airbnb.es/rooms/1383867960663348575
Barcelona,Horta~Guinardó,1148588542122095674,2026-06-01,Alojamiento en Pedra-Santa,34.0,1.0,1.0,1.0,1.0,,,https://www.airbnb.es/rooms/1148588542122095674
Barcelona,Horta~Guinardó,846623660188399331,2026-06-01,Habitación en Viladecans,56.0,,,1.0,,4.8,187.0,https://www.airbnb.es/rooms/846623660188399331
Barcelona,Horta~Guinardó,815098039571655810,2026-06-01,Apartamento en Barcelona,307.0,6.0,3.0,4.0,1.0,4.59,167.0,https://www.airbnb.es/rooms/815098039571655810
Barcelona,Horta~Guinardó,948616633723195379,2026-06-01,Habitación en Santa Coloma de Gramanet,80.0,,,2.0,,4.71,62.0,https://www.airbnb.es/rooms/948616633723195379
Barcelona,Horta~Guinardó,741132250553803648,2026-06-01,Apartamento en Barcelona,221.0,3.0,1.0,2.0,1.0,4.87,215.0,https://www.airbnb.es/rooms/741132250553803648
Barcelona,Horta~Guinardó,913477955506547107,2026-06-01,Apartamento en Sant Adrià de Besòs,177.0,4.0,3.0,,1.0,4.7,115.0,https://www.airbnb.es/rooms/913477955506547107
Barcelona,Horta~Guinardó,5248481,2026-06-01,Apartamento en Barcelona,235.0,6.0,2.0,3.0,1.0,4.63,244.0,https://www.airbnb.es/rooms/5248481
Barcelona,Horta~Guinardó,643237654635430610,2026-06-01,Apartamento en Barcelona,219.0,3.0,2.0,2.0,2.0,4.52,243.0,https://www.airbnb.es/rooms/643237654635430610
Barcelona,Horta~Guinardó,52047510,2026-06-01,Hostal en Barcelona,126.0,2.0,1.0,1.0,1.0,4.76,300.0,https://www.airbnb.es/rooms/52047510
Barcelona,Horta~Guinardó,1383878368550642710,2026-06-01,Habitación compartida en Barcelona,49.0,,,,,4.6,43.0,https://www.airbnb.es/rooms/1383878368550642710
Barcelona,Horta~Guinardó,1690151509969722328,2026-06-01,Alojamiento en Barcelona,114.0,2.0,1.0,1.0,1.0,,,https://www.airbnb.es/rooms/1690151509969722328
Barcelona,Horta~Guinardó,1085526489458268676,2026-06-01,Habitación en Sant Cugat del Vallès,124.0,,,1.0,,4.67,6.0,https://www.airbnb.es/rooms/1085526489458268676
Barcelona,Horta~Guinardó,893566680384176153,2026-06-01,Apartamento en Sant Adrià de Besòs,137.0,2.0,1.0,2.0,1.0,4.83,162.0,https://www.airbnb.es/rooms/893566680384176153
Barcelona,Horta~Guinardó,1358745153008344797,2026-06-01,Apartamento en Barcelona,235.0,4.0,2.0,2.0,1.0,4.58,43.0,https://www.airbnb.es/rooms/1358745153008344797
Barcelona,Horta~Guinardó,1188194842775911600,2026-06-01,Habitación en Cornellà de Llobregat,59.0,,,1.0,,4.84,56.0,https://www.airbnb.es/rooms/1188194842775911600
Barcelona,Horta~Guinardó,949076012193163777,2026-06-01,Apartamento en Sant Adrià de Besòs,170.0,4.0,3.0,1.0,1.0,4.73,128.0,https://www.airbnb.es/rooms/949076012193163777
Barcelona,Horta~Guinardó,45947908,2026-06-01,Habitación compartida en Barcelona,48.0,,,,,4.55,11.0,https://www.airbnb.es/rooms/45947908
Barcelona,Horta~Guinardó,1255010304629266857,2026-06-01,Habitación de hotel compartida en Barcelona,40.0,,,,,4.5,8.0,https://www.airbnb.es/rooms/1255010304629266857
Barcelona,Horta~Guinardó,1219561473030220539,2026-06-01,Hotel en Barcelona,180.0,2.0,1.0,1.0,1.0,4.62,26.0,https://www.airbnb.es/rooms/1219561473030220539
Barcelona,Horta~Guinardó,1673310031253023327,2026-06-01,Alojamiento en Barcelona,114.0,2.0,1.0,1.0,1.0,,,https://www.airbnb.es/rooms/1673310031253023327
Barcelona,Horta~Guinardó,1510810220543970785,2026-06-01,Habitación compartida en Barcelona,48.0,,,1.0,,4.33,18.0,https://www.airbnb.es/rooms/1510810220543970785
Barcelona,Horta~Guinardó,863900549896733487,2026-06-01,Apartamento en L'Hospitalet de Llobregat,146.0,2.0,1.0,1.0,1.0,4.72,153.0,https://www.airbnb.es/rooms/863900549896733487
Barcelona,Horta~Guinardó,1549457811807411081,2026-06-01,Apartamento en Barcelona,224.0,5.0,3.0,3.0,1.0,4.67,24.0,https://www.airbnb.es/rooms/1549457811807411081
Barcelona,Horta~Guinardó,52609698,2026-06-01,Apartamento en L'Hospitalet de Llobregat,246.0,4.0,2.0,3.0,2.0,4.88,181.0,https://www.airbnb.es/rooms/52609698
Barcelona,Horta~Guinardó,1503794664513191347,2026-06-01,Casa de invitados en L'Hospitalet de Llobregat,93.0,1.0,1.0,1.0,1.0,4.75,53.0,https://www.airbnb.es/rooms/1503794664513191347
Barcelona,Horta~Guinardó,1452841857638279568,2026-06-01,Hostal en Barcelona,68.0,1.0,,1.0,4.0,4.58,26.0,https://www.airbnb.es/rooms/1452841857638279568
Barcelona,Horta~Guinardó,1243558382722731444,2026-06-01,Apartamento en L'Hospitalet de Llobregat,122.0,2.0,1.0,1.0,1.0,4.53,89.0,https://www.airbnb.es/rooms/1243558382722731444
Barcelona,Horta~Guinardó,1305002871504629631,2026-06-01,Apartamento en Barcelona,218.0,3.0,2.0,2.0,1.0,4.6,90.0,https://www.airbnb.es/rooms/1305002871504629631
Barcelona,Horta~Guinardó,1297752048731285588,2026-06-01,Apartamento en Barcelona,211.0,4.0,3.0,6.0,2.0,4.14,14.0,https://www.airbnb.es/rooms/1297752048731285588
Barcelona,Horta~Guinardó,52047182,2026-06-01,Hostal en Barcelona,107.0,2.0,1.0,2.0,1.0,4.76,787.0,https://www.airbnb.es/rooms/52047182
Barcelona,Horta~Guinardó,45132322,2026-06-01,Hotel en Barcelona,147.0,2.0,1.0,2.0,0.0,4.71,231.0,https://www.airbnb.es/rooms/45132322
Barcelona,Horta~Guinardó,45877521,2026-06-01,Apartamento en Alella,191.0,2.0,1.0,1.0,1.0,4.87,63.0,https://www.airbnb.es/rooms/45877521
Barcelona,Horta~Guinardó,45228987,2026-06-01,Apartamento en Barcelona,272.0,4.0,2.0,4.0,1.0,4.43,171.0,https://www.airbnb.es/rooms/45228987
Barcelona,Horta~Guinardó,6536977,2026-06-01,Apartamento en Barcelona,250.0,3.0,2.0,3.0,1.0,4.69,117.0,https://www.airbnb.es/rooms/6536977
Barcelona,Horta~Guinardó,840365918787944328,2026-06-01,Apartamento en Santa Coloma de Gramanet,154.0,6.0,3.0,5.0,1.0,4.64,142.0,https://www.airbnb.es/rooms/840365918787944328
Barcelona,Horta~Guinardó,26976115,2026-06-01,Habitación de hotel en Barcelona,170.0,2.0,1.0,1.0,1.0,4.85,55.0,https://www.airbnb.es/rooms/26976115
Barcelona,Horta~Guinardó,1681696951293486968,2026-06-01,Alojamiento en Barcelona,119.0,2.0,1.0,1.0,1.0,,,https://www.airbnb.es/rooms/1681696951293486968
Barcelona,Horta~Guinardó,1690077062160900192,2026-06-01,Alojamiento en Barcelona,114.0,1.0,1.0,1.0,1.0,,,https://www.airbnb.es/rooms/1690077062160900192
Barcelona,Horta~Guinardó,50194220,2026-06-01,Hotel en Barcelona,199.0,1.0,,,1.0,4.71,42.0,https://www.airbnb.es/rooms/50194220
Barcelona,Horta~Guinardó,691081178879551865,2026-06-01,Granja en Castellar del Vallés,88.0,2.0,1.0,1.0,1.0,4.8,170.0,https://www.airbnb.es/rooms/691081178879551865
Barcelona,Horta~Guinardó,1344907350901165794,2026-06-01,Apartamento en Barcelona,205.0,5.0,3.0,3.0,1.0,4.25,24.0,https://www.airbnb.es/rooms/1344907350901165794
Barcelona,Horta~Guinardó,546926327324184389,2026-06-01,Apartamento en Barcelona,235.0,2.0,1.0,2.0,1.0,4.64,66.0,https://www.airbnb.es/rooms/546926327324184389
Barcelona,Horta~Guinardó,49332862,2026-06-01,Apartamento en Barcelona,229.0,6.0,3.0,6.0,1.0,4.73,11.0,https://www.airbnb.es/rooms/49332862
Barcelona,Horta~Guinardó,19353904,2026-06-01,Villa en Alella,675.0,12.0,6.0,11.0,3.0,4.92,146.0,https://www.airbnb.es/rooms/19353904
Barcelona,Horta~Guinardó,646222155745135099,2026-06-01,Apto. residencial en Barcelona,167.0,5.0,3.0,5.0,1.0,4.5,143.0,https://www.airbnb.es/rooms/646222155745135099
Barcelona,Horta~Guinardó,37306369,2026-06-01,Apartamento en Sant Adrià de Besòs,155.0,3.0,2.0,4.0,1.0,4.56,239.0,https://www.airbnb.es/rooms/37306369
Barcelona,Horta~Guinardó,1567998077717270659,2026-06-01,Habitación de hotel en Barcelona,220.0,2.0,,1.0,1.0,4.57,28.0,https://www.airbnb.es/rooms/1567998077717270659
Barcelona,Horta~Guinardó,1628031679138220946,2026-06-01,Habitación compartida en El Prat de Llobregat,38.0,,,1.0,3.0,4.5,8.0,https://www.airbnb.es/rooms/1628031679138220946
Barcelona,Horta~Guinardó,928338662616912848,2026-06-01,Apto. residencial en Sant Adrià de Besòs,194.0,4.0,2.0,3.0,1.0,4.86,176.0,https://www.airbnb.es/rooms/928338662616912848
Barcelona,Horta~Guinardó,1152270794244028064,2026-06-01,Apartamento en Barcelona,237.0,3.0,1.0,1.0,1.0,4.54,299.0,https://www.airbnb.es/rooms/1152270794244028064
Barcelona,Horta~Guinardó,13386885,2026-06-01,Apartamento en L'Hospitalet de Llobregat,173.0,3.0,1.0,1.0,1.0,4.51,201.0,https://www.airbnb.es/rooms/13386885
Barcelona,Horta~Guinardó,997039449508033338,2026-06-01,Habitación en L'Hospitalet de Llobregat,111.0,,,1.0,,4.71,65.0,https://www.airbnb.es/rooms/997039449508033338
Barcelona,Horta~Guinardó,1327645600477620047,2026-06-01,Apartamento en Badalona,147.0,4.0,1.0,2.0,1.0,4.53,36.0,https://www.airbnb.es/rooms/1327645600477620047
Barcelona,Horta~Guinardó,1445679940509205636,2026-06-01,Alojamiento en Barcelona,119.0,2.0,1.0,1.0,1.0,,,https://www.airbnb.es/rooms/1445679940509205636
Barcelona,Horta~Guinardó,1623289005520410092,2026-06-01,Alojamiento en Barcelona,114.0,1.0,1.0,1.0,1.0,4.73,11.0,https://www.airbnb.es/rooms/1623289005520410092
Barcelona,Horta~Guinardó,846199567435612629,2026-06-01,Apartamento en Barcelona,246.0,4.0,2.0,3.0,1.0,4.79,250.0,https://www.airbnb.es/rooms/846199567435612629
Barcelona,Horta~Guinardó,1345564814164731959,2026-06-01,Apartamento en Barcelona,196.0,5.0,3.0,4.0,1.0,4.21,19.0,https://www.airbnb.es/rooms/1345564814164731959
Barcelona,Horta~Guinardó,1452683797270843122,2026-06-01,Alojamiento en Barcelona,153.0,2.0,1.0,1.0,1.0,4.67,3.0,https://www.airbnb.es/rooms/1452683797270843122
Barcelona,Horta~Guinardó,1690074682089846198,2026-06-01,Alojamiento en Barcelona,124.0,1.0,1.0,1.0,1.0,,,https://www.airbnb.es/rooms/1690074682089846198
Barcelona,Horta~Guinardó,27574462,2026-06-01,Habitación en Sant Cugat del Vallès,100.0,,,1.0,,4.85,239.0,https://www.airbnb.es/rooms/27574462
Barcelona,Horta~Guinardó,1690700324694932302,2026-06-01,Apartamento en Barcelona,200.0,2.0,1.0,1.0,1.0,,,https://www.airbnb.es/rooms/1690700324694932302
Barcelona,Horta~Guinardó,886849936033572375,2026-06-01,Apartamento en Barcelona,295.0,6.0,2.0,3.0,2.0,4.74,69.0,https://www.airbnb.es/rooms/886849936033572375
Barcelona,Horta~Guinardó,1689948511526716856,2026-06-01,Alojamiento en Barcelona,116.0,2.0,1.0,1.0,1.0,,,https://www.airbnb.es/rooms/1689948511526716856
Barcelona,Horta~Guinardó,30757752,2026-06-01,Apartamento en Barcelona,265.0,2.0,2.0,4.0,1.0,4.81,787.0,https://www.airbnb.es/rooms/30757752
Barcelona,Horta~Guinardó,553551629505818133,2026-06-01,Apartamento en L'Hospitalet de Llobregat,205.0,4.0,1.0,2.0,1.0,4.83,65.0,https://www.airbnb.es/rooms/553551629505818133
Barcelona,Horta~Guinardó,1082565952840543514,2026-06-01,Apartamento en Barcelona,205.0,4.0,1.0,2.0,0.0,4.88,16.0,https://www.airbnb.es/rooms/1082565952840543514
Barcelona,Horta~Guinardó,1578299470316826251,2026-06-01,Apartamento en Barcelona,278.0,4.0,2.0,2.0,1.0,4.73,15.0,https://www.airbnb.es/rooms/1578299470316826251
Barcelona,Horta~Guinardó,39692277,2026-06-01,Apartamento en Barcelona,252.0,6.0,2.0,4.0,1.0,4.81,750.0,https://www.airbnb.es/rooms/39692277
Barcelona,Horta~Guinardó,1636170298429607848,2026-06-01,Apartamento en Barcelona,176.0,2.0,1.0,1.0,1.0,,,https://www.airbnb.es/rooms/1636170298429607848
Barcelona,Horta~Guinardó,553555796025228650,2026-06-01,Apartamento en L'Hospitalet de Llobregat,159.0,2.0,1.0,1.0,1.0,4.76,113.0,https://www.airbnb.es/rooms/553555796025228650
Barcelona,Horta~Guinardó,862122500288513146,2026-06-01,Hostal en Barcelona,142.0,2.0,1.0,1.0,1.0,4.83,659.0,https://www.airbnb.es/rooms/862122500288513146
Barcelona,Horta~Guinardó,842692205814831591,2026-06-01,Apartamento en Barcelona,275.0,4.0,2.0,3.0,1.0,4.66,128.0,https://www.airbnb.es/rooms/842692205814831591
Barcelona,Horta~Guinardó,1693479205558878090,2026-06-01,Alojamiento en Barcelona,155.0,3.0,1.0,2.0,2.0,,,https://www.airbnb.es/rooms/1693479205558878090
Barcelona,Horta~Guinardó,1264297802923808590,2026-06-01,Apartamento en Barcelona,235.0,6.0,3.0,6.0,1.0,4.77,109.0,https://www.airbnb.es/rooms/1264297802923808590
Barcelona,Horta~Guinardó,52161036,2026-06-01,Hotel en Barcelona,184.0,2.0,1.0,1.0,1.0,4.76,653.0,https://www.airbnb.es/rooms/52161036
Barcelona,Horta~Guinardó,1197058036461399646,2026-06-01,Apartamento en Barcelona,320.0,5.0,2.0,4.0,1.0,4.58,110.0,https://www.airbnb.es/rooms/1197058036461399646
Barcelona,Horta~Guinardó,1215808505757037841,2026-06-01,Apartamento en Badalona,193.0,2.0,1.0,1.0,1.0,4.84,32.0,https://www.airbnb.es/rooms/1215808505757037841
Barcelona,Horta~Guinardó,33820070,2026-06-01,Apartamento en Barcelona,330.0,6.0,3.0,3.0,2.0,4.9,106.0,https://www.airbnb.es/rooms/33820070
Barcelona,Horta~Guinardó,1442003847438152331,2026-06-01,Vivienda en Barcelona,551.0,8.0,4.0,4.0,2.0,4.25,12.0,https://www.airbnb.es/rooms/1442003847438152331
Barcelona,Horta~Guinardó,1504229762292927458,2026-06-01,Alojamiento en Santa Coloma de Gramanet,125.0,2.0,1.0,1.0,1.0,,,https://www.airbnb.es/rooms/1504229762292927458
Barcelona,Horta~Guinardó,35948417,2026-06-01,Habitación en Badalona,135.0,,,1.0,,4.91,76.0,https://www.airbnb.es/rooms/35948417
Barcelona,Horta~Guinardó,39691563,2026-06-01,Apartamento en Barcelona,201.0,3.0,1.0,3.0,1.0,4.84,499.0,https://www.airbnb.es/rooms/39691563
Barcelona,Horta~Guinardó,660135644455590631,2026-06-01,Apartamento en Barcelona,140.0,1.0,1.0,1.0,1.0,4.25,4.0,https://www.airbnb.es/rooms/660135644455590631
Barcelona,Horta~Guinardó,1349274513085425079,2026-06-01,Apartamento en Barcelona,352.0,4.0,2.0,5.0,1.0,4.87,53.0,https://www.airbnb.es/rooms/1349274513085425079
Barcelona,Horta~Guinardó,53141289,2026-06-01,Hotel en Barcelona,147.0,2.0,1.0,1.0,1.0,4.68,117.0,https://www.airbnb.es/rooms/53141289
Barcelona,Horta~Guinardó,26940439,2026-06-01,Apartamento en Barcelona,271.0,4.0,2.0,3.0,1.0,4.85,1428.0,https://www.airbnb.es/rooms/26940439
Barcelona,Horta~Guinardó,29356168,2026-06-01,Apartamento en Sant Adrià de Besòs,214.0,6.0,2.0,3.0,2.0,4.61,159.0,https://www.airbnb.es/rooms/29356168
Barcelona,Horta~Guinardó,43594260,2026-06-01,Apartamento en Barcelona,245.0,4.0,2.0,3.0,1.0,4.55,246.0,https://www.airbnb.es/rooms/43594260
Barcelona,Horta~Guinardó,843268032766273067,2026-06-01,Hotel en Barcelona,175.0,2.0,1.0,1.0,1.0,4.83,81.0,https://www.airbnb.es/rooms/843268032766273067
Barcelona,Horta~Guinardó,553563486933714034,2026-06-01,Apartamento en L'Hospitalet de Llobregat,270.0,6.0,2.0,3.0,1.0,4.81,128.0,https://www.airbnb.es/rooms/553563486933714034
Barcelona,Horta~Guinardó,1006243199600435652,2026-06-01,Apartamento en Barcelona,390.0,5.0,4.0,4.0,1.0,4.97,121.0,https://www.airbnb.es/rooms/1006243199600435652
Barcelona,Horta~Guinardó,846004853225449054,2026-06-01,Alojamiento en Barcelona,99.0,1.0,1.0,1.0,1.0,4.2,5.0,https://www.airbnb.es/rooms/846004853225449054
Barcelona,Horta~Guinardó,813516117367744353,2026-06-01,Apartamento en Sant Adrià de Besòs,200.0,6.0,3.0,5.0,1.0,4.6,138.0,https://www.airbnb.es/rooms/813516117367744353
Barcelona,Horta~Guinardó,52359464,2026-06-01,Apartamento en Barcelona,203.0,2.0,1.0,1.0,1.0,4.65,165.0,https://www.airbnb.es/rooms/52359464
Barcelona,Horta~Guinardó,39753264,2026-06-01,Apartamento en Barcelona,293.0,5.0,2.0,4.0,1.0,4.66,449.0,https://www.airbnb.es/rooms/39753264
Barcelona,Horta~Guinardó,997227005266502258,2026-06-01,Habitación en L'Hospitalet de Llobregat,108.0,,,1.0,,4.76,79.0,https://www.airbnb.es/rooms/997227005266502258
Barcelona,Horta~Guinardó,1595568268946391356,2026-06-01,Apartamento en Sant Adrià de Besòs,163.0,4.0,2.0,1.0,1.0,,,https://www.airbnb.es/rooms/1595568268946391356
Barcelona,Horta~Guinardó,872166812392538323,2026-06-01,Apartamento en Barcelona,310.0,6.0,3.0,4.0,2.0,4.6,70.0,https://www.airbnb.es/rooms/872166812392538323
Barcelona,Horta~Guinardó,948619998734914618,2026-06-01,Habitación en Santa Coloma de Gramanet,90.0,,,1.0,,4.93,28.0,https://www.airbnb.es/rooms/948619998734914618
Barcelona,Horta~Guinardó,1126613779447054663,2026-06-01,Apartamento en Barcelona,311.0,3.0,1.0,4.0,1.0,4.85,338.0,https://www.airbnb.es/rooms/1126613779447054663
Barcelona,Horta~Guinardó,52185041,2026-06-01,Apartamento en L'Hospitalet de Llobregat,200.0,2.0,1.0,1.0,1.0,4.42,210.0,https://www.airbnb.es/rooms/52185041
Barcelona,Horta~Guinardó,17672694,2026-06-01,Apartamento en Barcelona,278.0,5.0,2.0,3.0,1.0,4.53,276.0,https://www.airbnb.es/rooms/17672694
Barcelona,Horta~Guinardó,18819497,2026-06-01,Apartamento en Barcelona,343.0,5.0,2.0,4.0,2.0,4.9,367.0,https://www.airbnb.es/rooms/18819497
Barcelona,Horta~Guinardó,41015150,2026-06-01,Apartamento en Barcelona,330.0,6.0,3.0,3.0,2.0,4.94,121.0,https://www.airbnb.es/rooms/41015150
Barcelona,Horta~Guinardó,34564909,2026-06-01,Apartamento en Barcelona,359.0,6.0,3.0,5.0,2.0,4.8,152.0,https://www.airbnb.es/rooms/34564909
Barcelona,Horta~Guinardó,1237879811895916563,2026-06-01,Apartamento en Barcelona,208.0,2.0,1.0,2.0,1.0,4.17,29.0,https://www.airbnb.es/rooms/1237879811895916563
Barcelona,Horta~Guinardó,1055750539396885376,2026-06-01,Apartamento en Sant Adrià de Besòs,241.0,7.0,3.0,,1.0,4.63,38.0,https://www.airbnb.es/rooms/1055750539396885376
Barcelona,Horta~Guinardó,33529781,2026-06-01,Apto. residencial en Teià,171.0,5.0,3.0,6.0,1.0,4.82,223.0,https://www.airbnb.es/rooms/33529781
Barcelona,Horta~Guinardó,1290786013798769023,2026-06-01,Apartamento en Barcelona,258.0,5.0,2.0,3.0,1.0,4.74,62.0,https://www.airbnb.es/rooms/1290786013798769023
Barcelona,Horta~Guinardó,5179215,2026-06-01,Habitación compartida en Barcelona,54.0,,,,2.0,4.65,462.0,https://www.airbnb.es/rooms/5179215
Barcelona,Horta~Guinardó,1681705230090553307,2026-06-01,Alojamiento en Barcelona,119.0,2.0,1.0,1.0,1.0,,,https://www.airbnb.es/rooms/1681705230090553307
Barcelona,Horta~Guinardó,52360027,2026-06-01,Apartamento en Barcelona,214.0,2.0,1.0,1.0,1.0,4.85,262.0,https://www.airbnb.es/rooms/52360027
Barcelona,Horta~Guinardó,49749120,2026-06-01,Hostal en Barcelona,123.0,1.0,1.0,1.0,1.0,4.6,227.0,https://www.airbnb.es/rooms/49749120
Barcelona,Horta~Guinardó,1573198379967220519,2026-06-01,Alojamiento en Barcelona,104.0,2.0,1.0,1.0,1.0,4.69,13.0,https://www.airbnb.es/rooms/1573198379967220519
Barcelona,Horta~Guinardó,1381218625872214057,2026-06-01,Apartamento en L'Hospitalet de Llobregat,248.0,4.0,2.0,3.0,1.0,5.0,30.0,https://www.airbnb.es/rooms/1381218625872214057
Barcelona,Horta~Guinardó,17148061,2026-06-01,Apartamento en L'Hospitalet de Llobregat,192.0,4.0,2.0,2.0,1.0,4.56,255.0,https://www.airbnb.es/rooms/17148061
Barcelona,Horta~Guinardó,50972615,2026-06-01,Apartamento en Barcelona,308.0,7.0,4.0,4.0,2.0,4.68,544.0,https://www.airbnb.es/rooms/50972615
Barcelona,Horta~Guinardó,53411031,2026-06-01,Hotel en Barcelona,170.0,2.0,1.0,1.0,1.0,4.73,910.0,https://www.airbnb.es/rooms/53411031
Barcelona,Horta~Guinardó,827349098679650028,2026-06-01,Apartamento en Barcelona,264.0,4.0,1.0,2.0,1.0,4.68,77.0,https://www.airbnb.es/rooms/827349098679650028
Barcelona,Horta~Guinardó,1504263275732003147,2026-06-01,Alojamiento en Santa Coloma de Gramanet,150.0,3.0,1.0,2.0,1.0,4.9,20.0,https://www.airbnb.es/rooms/1504263275732003147
Barcelona,Horta~Guinardó,44372630,2026-06-01,Apartamento en Barcelona,269.0,3.0,3.0,4.0,1.0,4.4,181.0,https://www.airbnb.es/rooms/44372630
Barcelona,Horta~Guinardó,563553175219651122,2026-06-01,Habitación compartida en Barcelona,49.0,,,8.0,2.0,4.52,447.0,https://www.airbnb.es/rooms/563553175219651122
Barcelona,Horta~Guinardó,842389,2026-06-01,Apartamento en Barcelona,251.0,7.0,4.0,7.0,1.0,4.58,333.0,https://www.airbnb.es/rooms/842389
Barcelona,Horta~Guinardó,1690717698833005615,2026-06-01,Alojamiento en Barcelona,108.0,1.0,1.0,1.0,1.0,,,https://www.airbnb.es/rooms/1690717698833005615
Barcelona,Horta~Guinardó,883382,2026-06-01,Apartamento en Barcelona,282.0,4.0,2.0,4.0,1.0,4.7,244.0,https://www.airbnb.es/rooms/883382
Barcelona,Horta~Guinardó,24388903,2026-06-01,Habitación de hotel en El Prat de Llobregat,51.0,6.0,1.0,4.0,7.0,4.6,402.0,https://www.airbnb.es/rooms/24388903
Madrid,Tetuán,1652994921110322087,2026-06-01,Apartamento en Madrid,89.0,4.0,1.0,2.0,1.0,5.0,9.0,https://www.airbnb.es/rooms/1652994921110322087
Madrid,Tetuán,1512225909580465102,2026-06-01,Alojamiento en Tetuán,50.0,1.0,1.0,1.0,3.0,4.56,41.0,https://www.airbnb.es/rooms/1512225909580465102
Madrid,Tetuán,1512285756050278380,2026-06-01,Alojamiento en Tetuán,60.0,2.0,1.0,1.0,3.0,4.61,46.0,https://www.airbnb.es/rooms/1512285756050278380
Madrid,Tetuán,862945987642116253,2026-06-01,Apartamento en Tetuán,86.0,4.0,,1.0,1.0,4.39,61.0,https://www.airbnb.es/rooms/862945987642116253
Madrid,Tetuán,1242677685438952483,2026-06-01,Apartamento en Cuatro Caminos,82.0,2.0,1.0,1.0,1.0,4.44,112.0,https://www.airbnb.es/rooms/1242677685438952483
Madrid,Tetuán,1006474949452112287,2026-06-01,Apartamento en Tetuán,106.0,,,,,4.4,55.0,https://www.airbnb.es/rooms/1006474949452112287
Madrid,Tetuán,844000325499446880,2026-06-01,Habitación en Tetuán,103.0,,,1.0,,4.93,85.0,https://www.airbnb.es/rooms/844000325499446880
Madrid,Tetuán,34123888,2026-06-01,Habitación en Tetuán,147.0,,,1.0,,4.97,182.0,https://www.airbnb.es/rooms/34123888
Madrid,Tetuán,37511724,2026-06-01,Apartamento en Tetuán,262.0,2.0,,1.0,1.0,4.73,153.0,https://www.airbnb.es/rooms/37511724
Madrid,Tetuán,28049357,2026-06-01,Habitación en Tetuán,52.0,,,1.0,,4.85,419.0,https://www.airbnb.es/rooms/28049357
Madrid,Tetuán,767013884849512261,2026-06-01,Habitación en Tetuán,133.0,,,1.0,,4.96,140.0,https://www.airbnb.es/rooms/767013884849512261
Madrid,Tetuán,748392739923041480,2026-06-01,Habitación en Chamberí,135.0,,,1.0,,4.9,107.0,https://www.airbnb.es/rooms/748392739923041480
Madrid,Tetuán,1537571099272969419,2026-06-01,Alojamiento en Madrid,70.0,2.0,1.0,1.0,1.0,4.78,77.0,https://www.airbnb.es/rooms/1537571099272969419
Madrid,Tetuán,1294712015241664838,2026-06-01,Apartamento en Tetuán,118.0,2.0,1.0,1.0,1.0,4.68,53.0,https://www.airbnb.es/rooms/1294712015241664838
Madrid,Tetuán,999780427466755181,2026-06-01,Apartamento en Tetuán,125.0,3.0,1.0,1.0,1.0,4.66,98.0,https://www.airbnb.es/rooms/999780427466755181
Madrid,Tetuán,1497102583939040812,2026-06-01,Apartamento en Tetuán,74.0,2.0,1.0,1.0,1.0,4.55,42.0,https://www.airbnb.es/rooms/1497102583939040812
Madrid,Tetuán,1426003829332352387,2026-06-01,Hotel en Cuatro Caminos,108.0,2.0,1.0,1.0,1.0,4.82,45.0,https://www.airbnb.es/rooms/1426003829332352387
Madrid,Tetuán,1283902065604455817,2026-06-01,Apartamento en Tetuán,135.0,4.0,1.0,2.0,1.0,4.86,51.0,https://www.airbnb.es/rooms/1283902065604455817
Madrid,Tetuán,1410706900579981710,2026-06-01,Habitación compartida en Cuatro Caminos,23.0,,,1.0,,4.85,13.0,https://www.airbnb.es/rooms/1410706900579981710
Madrid,Tetuán,1269499095444942789,2026-06-01,Hostal en Cuatro Caminos,122.0,2.0,1.0,1.0,0.0,4.86,74.0,https://www.airbnb.es/rooms/1269499095444942789
Madrid,Tetuán,935927233926803692,2026-06-01,Apartamento en Tetuán,89.0,2.0,1.0,1.0,1.0,4.5,8.0,https://www.airbnb.es/rooms/935927233926803692
Madrid,Tetuán,1528243977441060535,2026-06-01,Apartamento en Madrid,131.0,4.0,1.0,2.0,1.0,5.0,11.0,https://www.airbnb.es/rooms/1528243977441060535
Madrid,Tetuán,1510908159659674180,2026-06-01,Apartamento en Valdezarza,131.0,4.0,1.0,2.0,1.0,4.95,20.0,https://www.airbnb.es/rooms/1510908159659674180
Madrid,Tetuán,999746267536341965,2026-06-01,Apartamento en Tetuán,135.0,4.0,1.0,1.0,1.0,4.7,69.0,https://www.airbnb.es/rooms/999746267536341965
Madrid,Tetuán,17166723,2026-06-01,Habitación en Salamanca,53.0,,,1.0,,4.89,620.0,https://www.airbnb.es/rooms/17166723
Madrid,Tetuán,1549321306621134078,2026-06-01,Hostal en Madrid,73.0,2.0,,1.0,1.0,4.94,18.0,https://www.airbnb.es/rooms/1549321306621134078
Madrid,Tetuán,762222031612564072,2026-06-01,Apartamento en Tetuán,131.0,2.0,1.0,1.0,1.0,4.7,37.0,https://www.airbnb.es/rooms/762222031612564072
Madrid,Tetuán,1445555081312991832,2026-06-01,Habitación en Tetuán,70.0,,,1.0,,4.65,82.0,https://www.airbnb.es/rooms/1445555081312991832
Madrid,Tetuán,1277430795219869662,2026-06-01,Apartamento en Tetuán,141.0,4.0,1.0,2.0,1.0,4.87,95.0,https://www.airbnb.es/rooms/1277430795219869662
Madrid,Tetuán,1410732724754267208,2026-06-01,Habitación compartida en Cuatro Caminos,23.0,,,1.0,,4.65,43.0,https://www.airbnb.es/rooms/1410732724754267208
Madrid,Tetuán,1183079345536437587,2026-06-01,Apartamento en Tetuán,215.0,6.0,2.0,3.0,1.0,4.9,86.0,https://www.airbnb.es/rooms/1183079345536437587
Madrid,Tetuán,1340376110053785468,2026-06-01,easyHotel Madrid Alcala,83.0,,,,,4.74,1189.0,https://www.airbnb.es/rooms/1340376110053785468
Madrid,Tetuán,1548364732773397400,2026-06-01,Sercotel Togumar,129.0,,,,,4.7,40.0,https://www.airbnb.es/rooms/1548364732773397400
Madrid,Tetuán,1537633159572961042,2026-06-01,Smartrental Collection Gran Via Capital,393.0,,,,,4.82,22.0,https://www.airbnb.es/rooms/1537633159572961042
Madrid,Tetuán,1486125207238545074,2026-06-01,Hotel Suites Feria de Madrid,109.0,,,,,4.84,178.0,https://www.airbnb.es/rooms/1486125207238545074
Madrid,Tetuán,1594902380071464129,2026-06-01,Welco Valdebebas,133.0,,,,,4.79,187.0,https://www.airbnb.es/rooms/1594902380071464129
Madrid,Tetuán,1638314870111458557,2026-06-01,Sercotel Alcalá 611,147.0,,,,,4.78,23.0,https://www.airbnb.es/rooms/1638314870111458557
Madrid,Tetuán,1539154308665747054,2026-06-01,NH Madrid Paseo De La Habana,207.0,,,,,4.8,5.0,https://www.airbnb.es/rooms/1539154308665747054
Madrid,Tetuán,1574502210259408768,2026-06-01,Hotel Acta Madfor,164.0,,,,,4.62,47.0,https://www.airbnb.es/rooms/1574502210259408768
Madrid,Tetuán,1513716274577759902,2026-06-01,Inhala Hotel Garden,189.0,,,,,4.61,144.0,https://www.airbnb.es/rooms/1513716274577759902
Madrid,Tetuán,1578153666639460768,2026-06-01,Hotel 1881 Madrid Ventas,135.0,,,,,5.0,6.0,https://www.airbnb.es/rooms/1578153666639460768
Madrid,Tetuán,981026027862256081,2026-06-01,Apartamento en Tetuán,194.0,8.0,3.0,3.0,2.0,4.31,74.0,https://www.airbnb.es/rooms/981026027862256081
Madrid,Tetuán,1546399101535973831,2026-06-01,Alojamiento en Madrid,70.0,2.0,1.0,1.0,2.0,4.47,36.0,https://www.airbnb.es/rooms/1546399101535973831
Madrid,Tetuán,1537584798404847783,2026-06-01,Alojamiento en Madrid,70.0,2.0,1.0,1.0,1.0,4.7,70.0,https://www.airbnb.es/rooms/1537584798404847783
Madrid,Tetuán,1299771712861765478,2026-06-01,Apartamento en Tetuán,191.0,6.0,2.0,2.0,2.0,4.72,72.0,https://www.airbnb.es/rooms/1299771712861765478
Madrid,Tetuán,1561711800911512048,2026-06-01,Alojamiento en Madrid,70.0,2.0,1.0,1.0,2.0,4.68,59.0,https://www.airbnb.es/rooms/1561711800911512048
Madrid,Tetuán,833787881956866657,2026-06-01,Apartamento en Tetuán,171.0,4.0,1.0,2.0,1.0,4.81,249.0,https://www.airbnb.es/rooms/833787881956866657
Madrid,Tetuán,1235562227088526430,2026-06-01,Habitación en Tetuán,56.0,,,1.0,,4.69,68.0,https://www.airbnb.es/rooms/1235562227088526430
Madrid,Tetuán,1262780716268389428,2026-06-01,Apartamento en Chamartín,152.0,,,,,4.78,406.0,https://www.airbnb.es/rooms/1262780716268389428
Madrid,Tetuán,1461290291734415238,2026-06-01,Habitación en Sol,25.0,,,1.0,,4.64,84.0,https://www.airbnb.es/rooms/1461290291734415238
Madrid,Tetuán,795405693750606575,2026-06-01,Habitación en Ventas,30.0,,,1.0,,4.64,389.0,https://www.airbnb.es/rooms/795405693750606575
Madrid,Tetuán,786152909321109689,2026-06-01,Apartamento en Tetuán,126.0,2.0,1.0,1.0,1.0,4.83,35.0,https://www.airbnb.es/rooms/786152909321109689
Madrid,Tetuán,1590526019567781103,2026-06-01,Alojamiento en Madrid,71.0,2.0,1.0,2.0,1.0,4.78,18.0,https://www.airbnb.es/rooms/1590526019567781103
Madrid,Tetuán,1353397384628199738,2026-06-01,Habitación compartida en Tetuán,43.0,,,1.0,5.0,4.24,34.0,https://www.airbnb.es/rooms/1353397384628199738
Madrid,Tetuán,34767374,2026-06-01,Habitación en Chamartín,61.0,,,1.0,,4.91,191.0,https://www.airbnb.es/rooms/34767374
Madrid,Tetuán,1233906012351459182,2026-06-01,Apartamento en Tetuán,124.0,3.0,1.0,2.0,0.0,4.86,7.0,https://www.airbnb.es/rooms/1233906012351459182
Madrid,Tetuán,1523082388764857220,2026-06-01,Apartamento en Madrid,140.0,2.0,1.0,1.0,1.0,4.66,35.0,https://www.airbnb.es/rooms/1523082388764857220
Madrid,Tetuán,1485479169831506548,2026-06-01,Apartamento en Hortaleza,103.0,2.0,1.0,1.0,0.0,4.79,730.0,https://www.airbnb.es/rooms/1485479169831506548
Madrid,Tetuán,1511707768583420429,2026-06-01,Alojamiento en Tetuán,60.0,2.0,1.0,1.0,3.0,4.17,47.0,https://www.airbnb.es/rooms/1511707768583420429
Madrid,Tetuán,1543507873645010049,2026-06-01,Alojamiento en Madrid,80.0,2.0,1.0,1.0,2.0,4.65,48.0,https://www.airbnb.es/rooms/1543507873645010049
Madrid,Tetuán,1059948249334468151,2026-06-01,Alojamiento en Cuatro Caminos,105.0,2.0,1.0,1.0,1.0,4.78,18.0,https://www.airbnb.es/rooms/1059948249334468151
Madrid,Tetuán,19112582,2026-06-01,Habitación en Chamartín,88.0,,,1.0,,4.91,365.0,https://www.airbnb.es/rooms/19112582
Madrid,Tetuán,1451432280189260074,2026-06-01,Habitación en Pilar,104.0,,,1.0,,4.8,86.0,https://www.airbnb.es/rooms/1451432280189260074
Madrid,Tetuán,1561707443086656877,2026-06-01,Alojamiento en Madrid,70.0,2.0,1.0,1.0,2.0,4.67,57.0,https://www.airbnb.es/rooms/1561707443086656877
Madrid,Tetuán,1382578240001983116,2026-06-01,Habitación en Madrid,59.0,,,1.0,,4.97,147.0,https://www.airbnb.es/rooms/1382578240001983116
Madrid,Tetuán,1226624025229624874,2026-06-01,Habitación en Tetuán,51.0,,,2.0,,4.11,71.0,https://www.airbnb.es/rooms/1226624025229624874
Madrid,Tetuán,1463784194161638134,2026-06-01,Habitación en Hortaleza,55.0,,,1.0,,4.51,65.0,https://www.airbnb.es/rooms/1463784194161638134
Madrid,Tetuán,1549330908681234871,2026-06-01,Hostal en Madrid,73.0,2.0,1.0,1.0,0.0,4.86,35.0,https://www.airbnb.es/rooms/1549330908681234871
Madrid,Tetuán,18939228,2026-06-01,Habitación en Tetuán,59.0,,,1.0,,4.94,63.0,https://www.airbnb.es/rooms/18939228
Madrid,Tetuán,1322567264800622761,2026-06-01,Habitación de hotel compartida en Cuatro Caminos,23.0,,,15.0,3.0,4.56,105.0,https://www.airbnb.es/rooms/1322567264800622761
Madrid,Tetuán,1410687626470328335,2026-06-01,Habitación compartida en Cuatro Caminos,23.0,,,1.0,,4.76,17.0,https://www.airbnb.es/rooms/1410687626470328335
Madrid,Tetuán,1349196106122539187,2026-06-01,Apartamento en Madrid,70.0,2.0,,1.0,1.0,4.5,46.0,https://www.airbnb.es/rooms/1349196106122539187
Madrid,Tetuán,1549336735254432699,2026-06-01,Hostal en Madrid,73.0,1.0,1.0,1.0,1.0,5.0,10.0,https://www.airbnb.es/rooms/1549336735254432699
Madrid,Tetuán,1674553467305625039,2026-06-01,Hotel boutique en Madrid,119.0,2.0,1.0,1.0,1.0,,,https://www.airbnb.es/rooms/1674553467305625039
Madrid,Tetuán,49851685,2026-06-01,Apto. residencial en Tetuán,177.0,4.0,1.0,2.0,1.0,4.87,338.0,https://www.airbnb.es/rooms/49851685
Madrid,Tetuán,1456520181777808265,2026-06-01,Apartamento en Tetuán,130.0,4.0,1.0,1.0,1.0,4.26,19.0,https://www.airbnb.es/rooms/1456520181777808265
Madrid,Tetuán,996154614511664571,2026-06-01,Apartamento en Tetuán,145.0,4.0,1.0,1.0,1.0,4.71,38.0,https://www.airbnb.es/rooms/996154614511664571
Madrid,Tetuán,1425362291033969696,2026-06-01,Vivienda en Tetuán,94.0,4.0,1.0,4.0,1.0,4.62,50.0,https://www.airbnb.es/rooms/1425362291033969696
Madrid,Tetuán,1410084135313977775,2026-06-01,Habitación en Tetuán,67.0,,,1.0,,4.4,15.0,https://www.airbnb.es/rooms/1410084135313977775
Madrid,Tetuán,1445536324074192191,2026-06-01,Habitación en Tetuán,70.0,,,1.0,,4.55,88.0,https://www.airbnb.es/rooms/1445536324074192191
Madrid,Tetuán,1546404788999406804,2026-06-01,Alojamiento en Madrid,75.0,2.0,1.0,1.0,2.0,4.62,47.0,https://www.airbnb.es/rooms/1546404788999406804
Madrid,Tetuán,1410705031152160868,2026-06-01,Habitación compartida en Cuatro Caminos,23.0,,,1.0,,4.6,55.0,https://www.airbnb.es/rooms/1410705031152160868
Madrid,Tetuán,914057,2026-06-01,Habitación en Puente de Vallecas,30.0,,,2.0,,4.88,345.0,https://www.airbnb.es/rooms/914057
Madrid,Tetuán,1286172083826512246,2026-06-01,Habitación en Tetuán,57.0,,,4.0,,4.07,46.0,https://www.airbnb.es/rooms/1286172083826512246
Madrid,Tetuán,1528243874408094234,2026-06-01,Apartamento en Madrid,131.0,4.0,1.0,2.0,1.0,4.8,10.0,https://www.airbnb.es/rooms/1528243874408094234
Madrid,Tetuán,1663784009828397296,2026-06-01,Apartamento en Madrid,146.0,4.0,1.0,1.0,1.0,,,https://www.airbnb.es/rooms/1663784009828397296
Madrid,Tetuán,23124018,2026-06-01,Hotel en Tetuán,90.0,1.0,1.0,1.0,1.0,4.65,31.0,https://www.airbnb.es/rooms/23124018
Madrid,Tetuán,1561703899200570207,2026-06-01,Alojamiento en Madrid,70.0,1.0,1.0,1.0,2.0,4.82,45.0,https://www.airbnb.es/rooms/1561703899200570207
Madrid,Tetuán,1406546160686052281,2026-06-01,Apartamento en Cuatro Caminos,231.0,6.0,2.0,2.0,1.0,5.0,6.0,https://www.airbnb.es/rooms/1406546160686052281
Madrid,Tetuán,1299999093618214954,2026-06-01,Apartamento en Tetuán,253.0,6.0,3.0,3.0,2.0,4.69,114.0,https://www.airbnb.es/rooms/1299999093618214954
Madrid,Tetuán,48245090,2026-06-01,Apto. residencial en Tetuán,215.0,4.0,2.0,2.0,2.0,4.88,410.0,https://www.airbnb.es/rooms/48245090
Madrid,Tetuán,761261866476528079,2026-06-01,Habitaciones en Simancas,33.0,,2.0,1.0,,4.78,247.0,https://www.airbnb.es/rooms/761261866476528079
Madrid,Tetuán,1309220875284474451,2026-06-01,Apartamento en Tetuán,130.0,4.0,1.0,1.0,1.0,4.41,37.0,https://www.airbnb.es/rooms/1309220875284474451
Madrid,Tetuán,1338973125565744182,2026-06-01,Habitación de hotel compartida en Arganzuela,26.0,,,,2.0,4.69,787.0,https://www.airbnb.es/rooms/1338973125565744182
Madrid,Tetuán,1234805143967326125,2026-06-01,Apartamento en Tetuán,134.0,5.0,2.0,3.0,0.0,3.67,3.0,https://www.airbnb.es/rooms/1234805143967326125
Madrid,Tetuán,1316862280238403879,2026-06-01,Alojamiento en Hortaleza,47.0,2.0,1.0,1.0,1.0,4.48,160.0,https://www.airbnb.es/rooms/1316862280238403879
Madrid,Tetuán,46416127,2026-06-01,Habitación compartida en Madrid,43.0,,,,2.0,4.82,1386.0,https://www.airbnb.es/rooms/46416127
Madrid,Tetuán,1549323431756706519,2026-06-01,Hostal en Madrid,73.0,1.0,,1.0,1.0,5.0,8.0,https://www.airbnb.es/rooms/1549323431756706519
Madrid,Tetuán,1150095988537072266,2026-06-01,Apartamento en Chamartín,123.0,4.0,2.0,2.0,2.0,4.68,90.0,https://www.airbnb.es/rooms/1150095988537072266
Madrid,Tetuán,1547744387824535671,2026-06-01,Apartamento en Madrid,126.0,2.0,1.0,1.0,1.0,4.86,14.0,https://www.airbnb.es/rooms/1547744387824535671
Madrid,Tetuán,1512228790083791344,2026-06-01,Alojamiento en Tetuán,70.0,2.0,1.0,1.0,3.0,4.44,57.0,https://www.airbnb.es/rooms/1512228790083791344
Madrid,Tetuán,1543513557245185703,2026-06-01,Alojamiento en Madrid,70.0,2.0,1.0,1.0,2.0,4.46,41.0,https://www.airbnb.es/rooms/1543513557245185703
Madrid,Tetuán,1410719633104272983,2026-06-01,Habitación compartida en Cuatro Caminos,23.0,,,1.0,,4.54,13.0,https://www.airbnb.es/rooms/1410719633104272983
Madrid,Tetuán,1299998536153948870,2026-06-01,Apartamento en Tetuán,247.0,6.0,3.0,3.0,2.0,4.72,95.0,https://www.airbnb.es/rooms/1299998536153948870
Madrid,Tetuán,1648626801548184794,2026-06-01,Apartamento en Madrid,176.0,4.0,2.0,3.0,2.0,5.0,7.0,https://www.airbnb.es/rooms/1648626801548184794
Madrid,Tetuán,1466022961369749060,2026-06-01,Habitación en Hortaleza,60.0,,,1.0,,4.5,76.0,https://www.airbnb.es/rooms/1466022961369749060
Madrid,Tetuán,1270195802834851581,2026-06-01,Habitación en Cuatro Caminos,122.0,,,1.0,,4.53,17.0,https://www.airbnb.es/rooms/1270195802834851581
Madrid,Tetuán,1528752336678449091,2026-06-01,Apartamento en Madrid,131.0,4.0,1.0,2.0,1.0,4.81,21.0,https://www.airbnb.es/rooms/1528752336678449091
Madrid,Tetuán,768217454691829279,2026-06-01,Apartamento en Cuatro Caminos,182.0,4.0,1.0,2.0,1.0,4.76,67.0,https://www.airbnb.es/rooms/768217454691829279
Madrid,Tetuán,882305552846878797,2026-06-01,Habitación en Embajadores,53.0,,,1.0,,4.9,360.0,https://www.airbnb.es/rooms/882305552846878797
Madrid,Tetuán,1549298958628187967,2026-06-01,Hostal en Madrid,86.0,2.0,1.0,1.0,1.0,4.93,46.0,https://www.airbnb.es/rooms/1549298958628187967
Madrid,Tetuán,1636324209699300181,2026-06-01,Apartamento en Madrid,161.0,4.0,1.0,2.0,1.0,,,https://www.airbnb.es/rooms/1636324209699300181
Madrid,Tetuán,1152275096552450880,2026-06-01,Alojamiento en Tetuán,94.0,2.0,1.0,1.0,1.0,4.67,110.0,https://www.airbnb.es/rooms/1152275096552450880
Madrid,Tetuán,1253538805180397570,2026-06-01,Habitación en Gran Vía,46.0,,,1.0,,4.38,65.0,https://www.airbnb.es/rooms/1253538805180397570
Madrid,Tetuán,999760690272797101,2026-06-01,Apartamento en Tetuán,130.0,4.0,1.0,1.0,1.0,4.5,6.0,https://www.airbnb.es/rooms/999760690272797101
Madrid,Tetuán,1652837684716954351,2026-06-01,Apartamento en Madrid,216.0,6.0,3.0,3.0,2.0,,,https://www.airbnb.es/rooms/1652837684716954351
Madrid,Tetuán,1183075127576522274,2026-06-01,Apartamento en Tetuán,206.0,4.0,1.0,2.0,1.0,4.93,42.0,https://www.airbnb.es/rooms/1183075127576522274
Madrid,Tetuán,1425887604750501809,2026-06-01,Hotel en Cuatro Caminos,105.0,2.0,1.0,1.0,1.0,4.4,5.0,https://www.airbnb.es/rooms/1425887604750501809
Madrid,Tetuán,805748664342844316,2026-06-01,Apartamento en Tetuán,126.0,2.0,1.0,1.0,1.0,4.72,18.0,https://www.airbnb.es/rooms/805748664342844316
Madrid,Tetuán,1466017106530591123,2026-06-01,Habitación en Hortaleza,50.0,,,1.0,,4.48,54.0,https://www.airbnb.es/rooms/1466017106530591123
Madrid,Tetuán,1445540804360145727,2026-06-01,Habitación en Tetuán,70.0,,,1.0,,4.35,68.0,https://www.airbnb.es/rooms/1445540804360145727
Madrid,Tetuán,1543517416420648852,2026-06-01,Alojamiento en Madrid,70.0,2.0,1.0,1.0,2.0,4.41,51.0,https://www.airbnb.es/rooms/1543517416420648852
Madrid,Tetuán,1410719131249796586,2026-06-01,Habitación compartida en Cuatro Caminos,23.0,,,1.0,,4.74,19.0,https://www.airbnb.es/rooms/1410719131249796586
Madrid,Tetuán,611227518398729877,2026-06-01,Apartamento en Cuatro Caminos,182.0,4.0,1.0,2.0,1.0,4.81,139.0,https://www.airbnb.es/rooms/611227518398729877
Madrid,Tetuán,1299999825182739121,2026-06-01,Apartamento en Tetuán,238.0,6.0,3.0,3.0,2.0,4.74,101.0,https://www.airbnb.es/rooms/1299999825182739121
Madrid,Tetuán,44230229,2026-06-01,Habitación en Madrid,47.0,,,1.0,,4.8,440.0,https://www.airbnb.es/rooms/44230229
Madrid,Tetuán,1561698894451261412,2026-06-01,Alojamiento en Madrid,70.0,1.0,1.0,1.0,2.0,4.69,45.0,https://www.airbnb.es/rooms/1561698894451261412
Madrid,Tetuán,1270196804548774788,2026-06-01,Habitación en Cuatro Caminos,122.0,,,1.0,,4.83,29.0,https://www.airbnb.es/rooms/1270196804548774788
Madrid,Tetuán,1523095046913526481,2026-06-01,Apartamento en Madrid,140.0,2.0,1.0,2.0,1.0,4.43,28.0,https://www.airbnb.es/rooms/1523095046913526481
Madrid,Tetuán,44697269,2026-06-01,Bed & breakfast en Gran Vía,101.0,2.0,1.0,1.0,1.0,4.84,980.0,https://www.airbnb.es/rooms/44697269
Madrid,Tetuán,1561716195850097046,2026-06-01,Alojamiento en Madrid,70.0,2.0,1.0,1.0,2.0,4.68,41.0,https://www.airbnb.es/rooms/1561716195850097046
Madrid,Tetuán,1086042696278539274,2026-06-01,Apartamento en Tetuán,168.0,4.0,1.0,2.0,1.0,4.85,209.0,https://www.airbnb.es/rooms/1086042696278539274
Madrid,Tetuán,53652613,2026-06-01,Apartamento en Tetuán,162.0,4.0,2.0,3.0,1.0,4.72,116.0,https://www.airbnb.es/rooms/53652613
Madrid,Tetuán,1339805513555889554,2026-06-01,Habitación en Madrid,41.0,,,2.0,,4.91,208.0,https://www.airbnb.es/rooms/1339805513555889554
Madrid,Tetuán,1517954825671806908,2026-06-01,Apartamento en Madrid,246.0,4.0,1.0,3.0,1.0,4.95,19.0,https://www.airbnb.es/rooms/1517954825671806908
Madrid,Tetuán,1549333880926329504,2026-06-01,Hotel boutique en Madrid,81.0,2.0,,1.0,1.0,4.89,28.0,https://www.airbnb.es/rooms/1549333880926329504
Madrid,Tetuán,853739035682361011,2026-06-01,Apartamento en Gran Vía,100.0,2.0,1.0,1.0,1.0,4.56,346.0,https://www.airbnb.es/rooms/853739035682361011
Madrid,Tetuán,1410681382314036442,2026-06-01,Habitación compartida en Cuatro Caminos,23.0,,,1.0,,4.11,18.0,https://www.airbnb.es/rooms/1410681382314036442
Madrid,Tetuán,1664475911228989752,2026-06-01,Apartamento en Madrid,226.0,6.0,2.0,2.0,2.0,,,https://www.airbnb.es/rooms/1664475911228989752
Madrid,Tetuán,45186871,2026-06-01,Apartamento en Tetuán,148.0,3.0,1.0,2.0,0.0,4.65,343.0,https://www.airbnb.es/rooms/45186871
Madrid,Tetuán,1549332439817137124,2026-06-01,Apartamento en Madrid,88.0,2.0,1.0,1.0,1.0,4.83,18.0,https://www.airbnb.es/rooms/1549332439817137124
Madrid,Tetuán,1445560011099053768,2026-06-01,Habitación en Tetuán,70.0,,,1.0,,4.53,80.0,https://www.airbnb.es/rooms/1445560011099053768
Madrid,Tetuán,1253642607837316042,2026-06-01,Habitación compartida en Cuatro Caminos,23.0,,,1.0,,4.51,65.0,https://www.airbnb.es/rooms/1253642607837316042
Madrid,Tetuán,599089213728132465,2026-06-01,Apartamento en Cuatro Caminos,182.0,4.0,1.0,2.0,1.0,4.71,111.0,https://www.airbnb.es/rooms/599089213728132465
Madrid,Tetuán,1633914591967912998,2026-06-01,Hotel en Madrid,112.0,2.0,1.0,1.0,1.0,4.57,7.0,https://www.airbnb.es/rooms/1633914591967912998
Madrid,Tetuán,1633916394629371447,2026-06-01,Hotel en Madrid,133.0,3.0,1.0,2.0,1.0,4.73,11.0,https://www.airbnb.es/rooms/1633916394629371447
Madrid,Tetuán,1016441089314560630,2026-06-01,Apartamento en Chamartín,181.0,4.0,2.0,3.0,1.0,4.79,162.0,https://www.airbnb.es/rooms/1016441089314560630
Madrid,Tetuán,1391221423206197239,2026-06-01,Habitación en Salamanca,70.0,,,1.0,,4.57,131.0,https://www.airbnb.es/rooms/1391221423206197239
Madrid,Tetuán,1463786895192726077,2026-06-01,Habitación en Hortaleza,60.0,,,1.0,,4.58,72.0,https://www.airbnb.es/rooms/1463786895192726077
Madrid,Tetuán,23674803,2026-06-01,Loft en Arganzuela,112.0,3.0,1.0,3.0,1.0,4.7,852.0,https://www.airbnb.es/rooms/23674803
Madrid,Tetuán,846101428969678874,2026-06-01,Apartamento en Chamartín,150.0,4.0,1.0,2.0,1.0,4.79,208.0,https://www.airbnb.es/rooms/846101428969678874
Madrid,Tetuán,880260552950118225,2026-06-01,Apartamento en Hortaleza,168.0,6.0,2.0,4.0,2.0,4.61,304.0,https://www.airbnb.es/rooms/880260552950118225
Madrid,Tetuán,37444466,2026-06-01,Habitación en Puente de Vallecas,56.0,,,1.0,,4.88,320.0,https://www.airbnb.es/rooms/37444466
Madrid,Tetuán,1559347183853476693,2026-06-01,Apartahotel en Madrid,126.0,2.0,1.0,1.0,1.0,4.44,9.0,https://www.airbnb.es/rooms/1559347183853476693
Madrid,Tetuán,1211509543946144532,2026-06-01,Habitación en La Paz,70.0,,,3.0,,4.5,8.0,https://www.airbnb.es/rooms/1211509543946144532
Madrid,Tetuán,1106581922386027292,2026-06-01,Apartamento en Puente de Vallecas,96.0,2.0,1.0,1.0,1.0,4.7,56.0,https://www.airbnb.es/rooms/1106581922386027292
Madrid,Tetuán,936633365938200343,2026-06-01,Apartamento en Cuatro Caminos,172.0,2.0,1.0,1.0,1.0,4.67,48.0,https://www.airbnb.es/rooms/936633365938200343
Madrid,Tetuán,1243673086593229972,2026-06-01,Habitación en Tetuán,70.0,,,1.0,,4.78,65.0,https://www.airbnb.es/rooms/1243673086593229972
Madrid,Tetuán,813174206646920800,2026-06-01,Habitación en Cuatro Caminos,71.0,,,1.0,,4.76,46.0,https://www.airbnb.es/rooms/813174206646920800
Madrid,Tetuán,47280629,2026-06-01,Loft en Plaza Mayor,121.0,3.0,,3.0,1.0,4.69,543.0,https://www.airbnb.es/rooms/47280629
Madrid,Tetuán,1410720332219612702,2026-06-01,Habitación compartida en Cuatro Caminos,23.0,,,,,4.22,9.0,https://www.airbnb.es/rooms/1410720332219612702
Madrid,Tetuán,789876591664852064,2026-06-01,Apartamento en Cuatro Caminos,183.0,,,,,4.56,98.0,https://www.airbnb.es/rooms/789876591664852064
Madrid,Tetuán,1512289462930437698,2026-06-01,Alojamiento en Tetuán,80.0,2.0,1.0,1.0,3.0,4.48,54.0,https://www.airbnb.es/rooms/1512289462930437698
Madrid,Tetuán,1410687423547529170,2026-06-01,Habitación compartida en Cuatro Caminos,23.0,,,1.0,,4.54,13.0,https://www.airbnb.es/rooms/1410687423547529170
Madrid,Tetuán,908786992979930521,2026-06-01,Alojamiento en Madrid,34.0,1.0,1.0,1.0,1.0,4.65,40.0,https://www.airbnb.es/rooms/908786992979930521
Madrid,Tetuán,1374572430844210862,2026-06-01,Apartamento en Chamberí,135.0,3.0,1.0,2.0,1.0,4.91,92.0,https://www.airbnb.es/rooms/1374572430844210862
Madrid,Tetuán,984727411948523754,2026-06-01,Hotel en Chamberí,79.0,1.0,1.0,1.0,1.0,4.41,59.0,https://www.airbnb.es/rooms/984727411948523754
Madrid,Tetuán,1294070546540467225,2026-06-01,Habitación en Tetuán,68.0,,,1.0,,4.14,28.0,https://www.airbnb.es/rooms/1294070546540467225
Madrid,Tetuán,22985103,2026-06-01,Habitación en Sol,81.0,,,2.0,,4.74,96.0,https://www.airbnb.es/rooms/22985103
Madrid,Tetuán,31929550,2026-06-01,Habitación en Gran Vía,81.0,,,2.0,,4.65,132.0,https://www.airbnb.es/rooms/31929550
Madrid,Tetuán,1199075564505436992,2026-06-01,Hostal en Tetuán,84.0,2.0,1.0,1.0,1.0,4.22,50.0,https://www.airbnb.es/rooms/1199075564505436992
Madrid,Tetuán,1081879585353230151,2026-06-01,Apartamento en Fuentelarreina,104.0,4.0,,,1.0,4.52,46.0,https://www.airbnb.es/rooms/1081879585353230151
Madrid,Tetuán,1498460323810838438,2026-06-01,Apartamento en Cuatro Caminos,130.0,4.0,1.0,2.0,1.0,4.47,17.0,https://www.airbnb.es/rooms/1498460323810838438
Madrid,Tetuán,23137302,2026-06-01,Hotel boutique en Tetuán,90.0,1.0,1.0,1.0,1.0,4.67,18.0,https://www.airbnb.es/rooms/23137302
Madrid,Tetuán,1064594507132636947,2026-06-01,Habitación en Madrid,67.0,,,1.0,,4.96,84.0,https://www.airbnb.es/rooms/1064594507132636947
Madrid,Tetuán,1642709010579576351,2026-06-01,Alojamiento en Madrid,70.0,2.0,1.0,1.0,1.0,4.36,22.0,https://www.airbnb.es/rooms/1642709010579576351
Madrid,Tetuán,902810630153262672,2026-06-01,Habitación en Embajadores,53.0,,,1.0,,4.85,227.0,https://www.airbnb.es/rooms/902810630153262672
Madrid,Tetuán,1173829405748540723,2026-06-01,Habitación en Madrid,75.0,,,1.0,,4.54,237.0,https://www.airbnb.es/rooms/1173829405748540723
Madrid,Tetuán,1451430377896816290,2026-06-01,Hostal en Pilar,104.0,2.0,1.0,1.0,0.0,4.86,22.0,https://www.airbnb.es/rooms/1451430377896816290
Madrid,Tetuán,1463770819250836737,2026-06-01,Habitación en Hortaleza,75.0,,,1.0,,4.54,96.0,https://www.airbnb.es/rooms/1463770819250836737
Madrid,Tetuán,1547750376123415469,2026-06-01,Apartamento en Madrid,139.0,2.0,1.0,1.0,1.0,5.0,3.0,https://www.airbnb.es/rooms/1547750376123415469
Madrid,Tetuán,45234416,2026-06-01,Apartamento en Tetuán,148.0,3.0,1.0,2.0,1.0,4.61,107.0,https://www.airbnb.es/rooms/45234416
Madrid,Tetuán,1600595466516637719,2026-06-01,Apartamento en Madrid,170.0,2.0,,1.0,1.0,5.0,9.0,https://www.airbnb.es/rooms/1600595466516637719
Madrid,Tetuán,1512291785336976554,2026-06-01,Alojamiento en Tetuán,80.0,2.0,1.0,1.0,3.0,4.17,47.0,https://www.airbnb.es/rooms/1512291785336976554
Madrid,Tetuán,1410733373798188645,2026-06-01,Habitación compartida en Cuatro Caminos,23.0,,,1.0,,4.6,30.0,https://www.airbnb.es/rooms/1410733373798188645
Madrid,Tetuán,927379206358920854,2026-06-01,Habitación en Madrid,72.0,,,1.0,,4.89,84.0,https://www.airbnb.es/rooms/927379206358920854
Madrid,Tetuán,907778347466471297,2026-06-01,Habitación en Madrid,75.0,,,1.0,,4.54,266.0,https://www.airbnb.es/rooms/907778347466471297
Madrid,Tetuán,1680191216363415867,2026-06-01,Alojamiento en Madrid,64.0,1.0,1.0,1.0,1.0,5.0,3.0,https://www.airbnb.es/rooms/1680191216363415867
Madrid,Tetuán,1642693547012324783,2026-06-01,Alojamiento en Madrid,70.0,2.0,1.0,1.0,1.0,4.43,14.0,https://www.airbnb.es/rooms/1642693547012324783
Madrid,Tetuán,49173577,2026-06-01,Hotel boutique en Madrid,111.0,2.0,1.0,1.0,1.0,4.47,32.0,https://www.airbnb.es/rooms/49173577
Madrid,Tetuán,1633299203188256965,2026-06-01,Apartamento en Madrid,190.0,3.0,1.0,1.0,1.0,,,https://www.airbnb.es/rooms/1633299203188256965
Madrid,Tetuán,1559323897669547200,2026-06-01,Apartahotel en Madrid,126.0,2.0,1.0,1.0,1.0,3.67,3.0,https://www.airbnb.es/rooms/1559323897669547200
Madrid,Tetuán,1348668492966092681,2026-06-01,Alojamiento en Madrid,115.0,1.0,1.0,1.0,1.0,5.0,7.0,https://www.airbnb.es/rooms/1348668492966092681
Madrid,Tetuán,1231671516375598885,2026-06-01,Apartamento en Chamartín,188.0,5.0,2.0,4.0,2.0,4.96,170.0,https://www.airbnb.es/rooms/1231671516375598885
Madrid,Tetuán,1524902595804100653,2026-06-01,Apartamento en Madrid,141.0,2.0,,1.0,1.0,4.96,46.0,https://www.airbnb.es/rooms/1524902595804100653
Madrid,Tetuán,1353704048293100920,2026-06-01,Apartamento en Chamartín,150.0,4.0,1.0,3.0,1.0,4.76,37.0,https://www.airbnb.es/rooms/1353704048293100920
Madrid,Tetuán,1142050300938848764,2026-06-01,Apartamento en Embajadores,90.0,4.0,2.0,2.0,1.0,4.54,48.0,https://www.airbnb.es/rooms/1142050300938848764
Madrid,Tetuán,1244224576957017794,2026-06-01,Habitación en Madrid,75.0,,,1.0,,4.67,205.0,https://www.airbnb.es/rooms/1244224576957017794
Madrid,Tetuán,1630552669520490830,2026-06-01,Apartamento en Madrid,121.0,4.0,1.0,2.0,1.0,4.67,9.0,https://www.airbnb.es/rooms/1630552669520490830
Madrid,Tetuán,36204716,2026-06-01,Apartamento en Hortaleza,126.0,4.0,1.0,2.0,1.0,4.74,523.0,https://www.airbnb.es/rooms/36204716
Madrid,Tetuán,49206824,2026-06-01,Apto. residencial en Chamberí,160.0,4.0,1.0,2.0,1.0,4.73,161.0,https://www.airbnb.es/rooms/49206824
Madrid,Tetuán,1497048877752816133,2026-06-01,Apartamento en Tetuán,161.0,4.0,1.0,3.0,1.0,4.61,28.0,https://www.airbnb.es/rooms/1497048877752816133
Madrid,Tetuán,1262805065517684702,2026-06-01,Apartamento en Chamartín,162.0,,,,,4.57,21.0,https://www.airbnb.es/rooms/1262805065517684702
Madrid,Tetuán,1637614633557746156,2026-06-01,Apartamento en Madrid,178.0,4.0,,2.0,1.0,5.0,3.0,https://www.airbnb.es/rooms/1637614633557746156
Madrid,Tetuán,1512282093248168102,2026-06-01,Alojamiento en Tetuán,80.0,2.0,1.0,1.0,3.0,4.46,56.0,https://www.airbnb.es/rooms/1512282093248168102
Madrid,Tetuán,1512278537527964402,2026-06-01,Alojamiento en Tetuán,80.0,2.0,1.0,1.0,3.0,4.25,53.0,https://www.airbnb.es/rooms/1512278537527964402
Madrid,Tetuán,1410705946544210515,2026-06-01,Habitación compartida en Cuatro Caminos,23.0,,,1.0,,4.67,9.0,https://www.airbnb.es/rooms/1410705946544210515
Madrid,Tetuán,1642711625979955102,2026-06-01,Alojamiento en Madrid,70.0,2.0,1.0,1.0,1.0,3.88,17.0,https://www.airbnb.es/rooms/1642711625979955102
Madrid,Tetuán,1523114081339180264,2026-06-01,Alojamiento en Madrid,70.0,2.0,1.0,1.0,2.0,4.54,59.0,https://www.airbnb.es/rooms/1523114081339180264
Madrid,Tetuán,1567662804157254149,2026-06-01,Apartamento en Madrid,218.0,4.0,1.0,2.0,1.0,4.8,10.0,https://www.airbnb.es/rooms/1567662804157254149
Madrid,Tetuán,795355958374161082,2026-06-01,Habitación en Tetuán,100.0,,,1.0,,4.88,65.0,https://www.airbnb.es/rooms/795355958374161082
Madrid,Tetuán,1407233893719014163,2026-06-01,Apartamento en Cuatro Caminos,230.0,4.0,1.0,1.0,1.0,5.0,5.0,https://www.airbnb.es/rooms/1407233893719014163
Madrid,Tetuán,907888221198200660,2026-06-01,Habitación en Madrid,75.0,,,1.0,,4.6,253.0,https://www.airbnb.es/rooms/907888221198200660
Madrid,Tetuán,32406953,2026-06-01,Apartamento en Tetuán,271.0,4.0,2.0,2.0,2.0,4.53,125.0,https://www.airbnb.es/rooms/32406953
Madrid,Tetuán,1637735414893403189,2026-06-01,Apartamento en Madrid,178.0,2.0,1.0,2.0,1.0,5.0,4.0,https://www.airbnb.es/rooms/1637735414893403189
Madrid,Tetuán,1637749270544103351,2026-06-01,Apartamento en Madrid,178.0,4.0,,2.0,1.0,5.0,3.0,https://www.airbnb.es/rooms/1637749270544103351
Madrid,Tetuán,1648729293755555355,2026-06-01,Apartamento en Madrid,158.0,2.0,1.0,1.0,1.0,5.0,3.0,https://www.airbnb.es/rooms/1648729293755555355
Madrid,Tetuán,1665128751598165028,2026-06-01,Apartamento en Madrid,193.0,6.0,2.0,2.0,2.0,,,https://www.airbnb.es/rooms/1665128751598165028
Madrid,Tetuán,1554965093761113920,2026-06-01,Apartamento en Madrid,210.0,4.0,1.0,2.0,1.0,4.92,26.0,https://www.airbnb.es/rooms/1554965093761113920
Madrid,Tetuán,1026991865595731242,2026-06-01,Apartamento en Madrid,123.0,2.0,1.0,1.0,1.0,4.7,128.0,https://www.airbnb.es/rooms/1026991865595731242
Madrid,Tetuán,45184972,2026-06-01,Apartamento en Tetuán,148.0,3.0,1.0,2.0,0.0,4.61,31.0,https://www.airbnb.es/rooms/45184972
Madrid,Tetuán,1648453503502926546,2026-06-01,Apartamento en Madrid,190.0,7.0,2.0,4.0,2.0,4.82,11.0,https://www.airbnb.es/rooms/1648453503502926546
Madrid,Tetuán,1032657188689626178,2026-06-01,Apartamento en Chamartín,211.0,,,,,4.93,83.0,https://www.airbnb.es/rooms/1032657188689626178
Madrid,Tetuán,973640747156798972,2026-06-01,Apartamento en Salamanca,132.0,2.0,1.0,1.0,1.0,4.88,26.0,https://www.airbnb.es/rooms/973640747156798972
Madrid,Tetuán,663616412063513584,2026-06-01,Apartamento en Quintana,132.0,5.0,2.0,3.0,1.0,4.58,227.0,https://www.airbnb.es/rooms/663616412063513584
Madrid,Tetuán,1410734729057070420,2026-06-01,Habitación compartida en Cuatro Caminos,23.0,,,1.0,,4.44,25.0,https://www.airbnb.es/rooms/1410734729057070420
Madrid,Tetuán,1410720133431954056,2026-06-01,Habitación compartida en Cuatro Caminos,23.0,,,1.0,,4.55,11.0,https://www.airbnb.es/rooms/1410720133431954056
Madrid,Tetuán,1637656046312224488,2026-06-01,Apartamento en Madrid,178.0,4.0,,2.0,1.0,4.63,8.0,https://www.airbnb.es/rooms/1637656046312224488
Madrid,Tetuán,1217999363447466312,2026-06-01,Habitación en Tetuán,67.0,,,1.0,,4.65,26.0,https://www.airbnb.es/rooms/1217999363447466312
Madrid,Tetuán,52715140,2026-06-01,Apartamento en Chamartín,158.0,2.0,1.0,1.0,1.0,4.56,34.0,https://www.airbnb.es/rooms/52715140
Madrid,Tetuán,1204268899425587161,2026-06-01,Apartamento en Madrid,201.0,6.0,2.0,3.0,1.0,4.51,70.0,https://www.airbnb.es/rooms/1204268899425587161
Madrid,Tetuán,1440451108804053578,2026-06-01,Apartamento en Cuatro Caminos,143.0,2.0,1.0,1.0,1.0,,,https://www.airbnb.es/rooms/1440451108804053578
Madrid,Tetuán,1391236645904621007,2026-06-01,Habitación en Salamanca,90.0,,,1.0,,4.73,112.0,https://www.airbnb.es/rooms/1391236645904621007
Madrid,Tetuán,49238337,2026-06-01,Hotel boutique en Madrid,132.0,3.0,2.0,3.0,1.0,4.74,54.0,https://www.airbnb.es/rooms/49238337
Madrid,Tetuán,1192629511920186859,2026-06-01,Apartamento en Chamberí,176.0,3.0,1.0,2.0,1.0,4.84,116.0,https://www.airbnb.es/rooms/1192629511920186859
Madrid,Tetuán,53227837,2026-06-01,Apartamento en Cuatro Caminos,105.0,1.0,1.0,1.0,1.0,4.8,5.0,https://www.airbnb.es/rooms/53227837
Madrid,Tetuán,1002286613497817563,2026-06-01,Apartahotel en Chamartín,173.0,4.0,1.0,5.0,1.0,4.76,17.0,https://www.airbnb.es/rooms/1002286613497817563
Madrid,Tetuán,1494195837241349645,2026-06-01,Apartamento en Hortaleza,174.0,4.0,1.0,2.0,1.0,4.96,23.0,https://www.airbnb.es/rooms/1494195837241349645
Madrid,Tetuán,1681292570763906245,2026-06-01,Alojamiento en Madrid,41.0,2.0,1.0,1.0,1.0,,,https://www.airbnb.es/rooms/1681292570763906245
Madrid,Tetuán,1358106560398851535,2026-06-01,Apartamento en Madrid,123.0,3.0,1.0,2.0,1.0,4.46,117.0,https://www.airbnb.es/rooms/1358106560398851535
Madrid,Tetuán,44328380,2026-06-01,Apartamento en Madrid,129.0,2.0,,1.0,1.0,4.83,366.0,https://www.airbnb.es/rooms/44328380
Madrid,Tetuán,1640013023211391833,2026-06-01,Apartamento en Madrid,118.0,4.0,1.0,2.0,1.0,4.53,15.0,https://www.airbnb.es/rooms/1640013023211391833
Madrid,Tetuán,1139642006892987613,2026-06-01,Apartamento en Salamanca,170.0,4.0,1.0,2.0,1.0,4.89,202.0,https://www.airbnb.es/rooms/1139642006892987613
Madrid,Tetuán,21923038,2026-06-01,Apartamento en Madrid,118.0,5.0,1.0,3.0,1.0,4.66,258.0,https://www.airbnb.es/rooms/21923038
Madrid,Tetuán,38740472,2026-06-01,Apartamento en Hortaleza,136.0,2.0,,3.0,1.0,4.86,376.0,https://www.airbnb.es/rooms/38740472
Madrid,Tetuán,1309982476048784217,2026-06-01,Apartamento en Tetuán,178.0,4.0,1.0,2.0,1.0,4.76,29.0,https://www.airbnb.es/rooms/1309982476048784217
Madrid,Tetuán,994841175711949058,2026-06-01,Apartamento en Salamanca,163.0,2.0,1.0,1.0,1.0,4.62,129.0,https://www.airbnb.es/rooms/994841175711949058
Madrid,Tetuán,1542978383459057260,2026-06-01,Apartamento en Madrid,163.0,4.0,1.0,2.0,1.0,4.71,63.0,https://www.airbnb.es/rooms/1542978383459057260
Madrid,Tetuán,1406533888069763456,2026-06-01,Apartamento en Cuatro Caminos,230.0,4.0,1.0,1.0,1.0,,,https://www.airbnb.es/rooms/1406533888069763456
Madrid,Tetuán,1639808640732006378,2026-06-01,Casa de invitados en Madrid,70.0,2.0,1.0,1.0,1.0,4.56,9.0,https://www.airbnb.es/rooms/1639808640732006378
Madrid,Tetuán,1394929778555367289,2026-06-01,Apartamento en Chamberí,159.0,2.0,1.0,1.0,1.0,4.94,16.0,https://www.airbnb.es/rooms/1394929778555367289
Madrid,Tetuán,1642705062049956783,2026-06-01,Alojamiento en Madrid,70.0,1.0,1.0,1.0,1.0,4.5,6.0,https://www.airbnb.es/rooms/1642705062049956783
Madrid,Tetuán,1260744038671855847,2026-06-01,Hotel en Cuatro Caminos,86.0,1.0,1.0,1.0,3.0,4.37,68.0,https://www.airbnb.es/rooms/1260744038671855847
Madrid,Tetuán,1016443633879357802,2026-06-01,Apartamento en Sol,195.0,5.0,2.0,4.0,1.0,4.83,159.0,https://www.airbnb.es/rooms/1016443633879357802
Madrid,Tetuán,573227205699099606,2026-06-01,Habitación en Chamberí,106.0,,,1.0,,4.88,85.0,https://www.airbnb.es/rooms/573227205699099606
Madrid,Tetuán,950023237737716657,2026-06-01,Apartamento en Madrid,95.0,5.0,1.0,3.0,1.0,4.74,332.0,https://www.airbnb.es/rooms/950023237737716657
Madrid,Tetuán,1379520654226740717,2026-06-01,Hotel en Cuatro Caminos,101.0,2.0,1.0,1.0,1.0,4.32,22.0,https://www.airbnb.es/rooms/1379520654226740717
Madrid,Tetuán,44238211,2026-06-01,Apartamento en Madrid,142.0,2.0,1.0,2.0,1.0,4.76,21.0,https://www.airbnb.es/rooms/44238211
Madrid,Tetuán,1662900862769700613,2026-06-01,Apartamento en Madrid,91.0,1.0,1.0,1.0,1.0,,,https://www.airbnb.es/rooms/1662900862769700613
Madrid,Tetuán,1531782176675910994,2026-06-01,Alojamiento en Madrid,70.0,2.0,1.0,1.0,2.0,4.35,46.0,https://www.airbnb.es/rooms/1531782176675910994
Madrid,Tetuán,1410735738777888904,2026-06-01,Habitación compartida en Cuatro Caminos,23.0,,,1.0,,4.59,17.0,https://www.airbnb.es/rooms/1410735738777888904
Madrid,Tetuán,1447013443717309222,2026-06-01,Habitación en Sol,55.0,,,1.0,,4.46,105.0,https://www.airbnb.es/rooms/1447013443717309222
Madrid,Tetuán,1603563960122593762,2026-06-01,Hotel en Madrid,137.0,2.0,1.0,1.0,1.0,,,https://www.airbnb.es/rooms/1603563960122593762
Madrid,Tetuán,1665146515751675487,2026-06-01,Apartamento en Madrid,193.0,6.0,2.0,2.0,2.0,,,https://www.airbnb.es/rooms/1665146515751675487
Madrid,Tetuán,1441823446092132988,2026-06-01,Apartamento en Sol,137.0,2.0,1.0,1.0,1.0,4.8,49.0,https://www.airbnb.es/rooms/1441823446092132988
Madrid,Tetuán,1379528392738165133,2026-06-01,Hotel en Cuatro Caminos,101.0,2.0,1.0,2.0,1.0,4.43,42.0,https://www.airbnb.es/rooms/1379528392738165133
Madrid,Tetuán,1394976636336120791,2026-06-01,Apartamento en Chamberí,168.0,3.0,1.0,2.0,1.0,4.86,7.0,https://www.airbnb.es/rooms/1394976636336120791
Madrid,Tetuán,1410732219899380994,2026-06-01,Habitación compartida en Cuatro Caminos,23.0,,,1.0,,4.75,4.0,https://www.airbnb.es/rooms/1410732219899380994
Madrid,Tetuán,628862416538883821,2026-06-01,Apartamento en Salamanca,207.0,6.0,2.0,3.0,2.0,4.85,399.0,https://www.airbnb.es/rooms/628862416538883821
Madrid,Tetuán,22985266,2026-06-01,Habitación en Sol,81.0,,,2.0,,4.71,104.0,https://www.airbnb.es/rooms/22985266
Madrid,Tetuán,1678407386515195299,2026-06-01,Casa de invitados en Madrid,45.0,2.0,1.0,1.0,2.0,,,https://www.airbnb.es/rooms/1678407386515195299
Madrid,Tetuán,758004952449186583,2026-06-01,Apartamento en Madrid,142.0,2.0,1.0,1.0,1.0,4.89,305.0,https://www.airbnb.es/rooms/758004952449186583
Madrid,Tetuán,1562386820687585168,2026-06-01,Habitación compartida en Madrid,30.0,,,1.0,,4.64,141.0,https://www.airbnb.es/rooms/1562386820687585168
Madrid,Tetuán,1106580286129900744,2026-06-01,Apartamento en Puente de Vallecas,96.0,2.0,1.0,1.0,1.0,4.72,36.0,https://www.airbnb.es/rooms/1106580286129900744
Madrid,Tetuán,1679879417196305125,2026-06-01,Apartamento en Madrid,164.0,6.0,2.0,2.0,1.0,,,https://www.airbnb.es/rooms/1679879417196305125
Madrid,Tetuán,41375947,2026-06-01,Habitación en Madrid,81.0,,,2.0,,4.96,76.0,https://www.airbnb.es/rooms/41375947
Madrid,Tetuán,1594896685940700869,2026-06-01,Alojamiento en Madrid,86.0,2.0,1.0,1.0,2.0,3.89,9.0,https://www.airbnb.es/rooms/1594896685940700869
Madrid,Tetuán,1114529764362056213,2026-06-01,Apartamento en Cuatro Caminos,176.0,3.0,2.0,2.0,1.0,4.45,64.0,https://www.airbnb.es/rooms/1114529764362056213
Madrid,Tetuán,767478386933876115,2026-06-01,Habitación en Ciudad Lineal,53.0,,,1.0,,5.0,18.0,https://www.airbnb.es/rooms/767478386933876115
Madrid,Tetuán,1233350870027135262,2026-06-01,Habitación en Simancas,44.0,,,1.0,,4.76,192.0,https://www.airbnb.es/rooms/1233350870027135262
Madrid,Tetuán,1638447033670437943,2026-06-01,Apartamento en Madrid,149.0,4.0,1.0,2.0,1.0,5.0,10.0,https://www.airbnb.es/rooms/1638447033670437943
Madrid,Tetuán,52559824,2026-06-01,Apto. residencial en Chamberí,164.0,2.0,1.0,1.0,1.0,4.7,524.0,https://www.airbnb.es/rooms/52559824
Madrid,Tetuán,51293911,2026-06-01,Apartamento en Chamartín,153.0,2.0,1.0,1.0,1.0,4.68,37.0,https://www.airbnb.es/rooms/51293911
Madrid,Tetuán,1234787464692607040,2026-06-01,Vivienda en Tetuán,124.0,4.0,1.0,2.0,0.0,3.67,6.0,https://www.airbnb.es/rooms/1234787464692607040
Madrid,Tetuán,46565987,2026-06-01,Habitación compartida en Madrid,48.0,,,4.0,,4.83,379.0,https://www.airbnb.es/rooms/46565987
Madrid,Carabanchel,1357477953481569144,2026-06-01,Habitación en Madrid,32.0,,,1.0,,4.82,113.0,https://www.airbnb.es/rooms/1357477953481569144
Madrid,Carabanchel,970201844572404654,2026-06-01,Apartamento en Vista Alegre,88.0,4.0,1.0,1.0,1.0,4.19,93.0,https://www.airbnb.es/rooms/970201844572404654
Madrid,Carabanchel,1563641069355474962,2026-06-01,Apartamento en Madrid,93.0,4.0,,1.0,1.0,,,https://www.airbnb.es/rooms/1563641069355474962
Madrid,Carabanchel,1678407386515195299,2026-06-01,Casa de invitados en Madrid,45.0,2.0,1.0,1.0,2.0,,,https://www.airbnb.es/rooms/1678407386515195299
Madrid,Carabanchel,1424491930901399062,2026-06-01,Apartamento en Madrid,136.0,3.0,1.0,1.0,1.0,4.82,83.0,https://www.airbnb.es/rooms/1424491930901399062
Madrid,Carabanchel,1511521967672905695,2026-06-01,Apartamento en Madrid,134.0,2.0,1.0,1.0,1.0,4.78,18.0,https://www.airbnb.es/rooms/1511521967672905695
Madrid,Carabanchel,52386268,2026-06-01,Habitación en Vista Alegre,122.0,,,1.0,,4.99,79.0,https://www.airbnb.es/rooms/52386268
Madrid,Carabanchel,33575979,2026-06-01,Habitación en Vista Alegre,43.0,,,1.0,,4.93,221.0,https://www.airbnb.es/rooms/33575979
Madrid,Carabanchel,753388245514744021,2026-06-01,Habitación en Casa de Campo,36.0,,,2.0,,4.8,116.0,https://www.airbnb.es/rooms/753388245514744021
Madrid,Carabanchel,1452901140914285418,2026-06-01,Apartamento en Madrid,168.0,2.0,1.0,1.0,1.0,4.84,19.0,https://www.airbnb.es/rooms/1452901140914285418
Madrid,Carabanchel,978814536403009668,2026-06-01,Apartamento en Madrid,223.0,4.0,1.0,2.0,1.0,4.82,129.0,https://www.airbnb.es/rooms/978814536403009668
Madrid,Carabanchel,1338973125565744182,2026-06-01,Habitación de hotel compartida en Arganzuela,27.0,,,,2.0,4.69,787.0,https://www.airbnb.es/rooms/1338973125565744182
Madrid,Carabanchel,1548734407324873332,2026-06-01,Alojamiento en Madrid,53.0,2.0,1.0,1.0,1.0,4.91,22.0,https://www.airbnb.es/rooms/1548734407324873332
Madrid,Carabanchel,1472247368252946528,2026-06-01,Alojamiento en Estación de Puerta del Ángel,49.0,2.0,1.0,1.0,1.0,4.64,44.0,https://www.airbnb.es/rooms/1472247368252946528
Madrid,Carabanchel,1187346940116587429,2026-06-01,Habitación en Madrid,57.0,,,2.0,,4.95,92.0,https://www.airbnb.es/rooms/1187346940116587429
Madrid,Carabanchel,1670203374952453570,2026-06-01,Alojamiento en Madrid,34.0,1.0,1.0,1.0,1.0,,,https://www.airbnb.es/rooms/1670203374952453570
Madrid,Carabanchel,1398612962508089420,2026-06-01,Apartamento en Usera,109.0,2.0,1.0,1.0,1.0,4.74,82.0,https://www.airbnb.es/rooms/1398612962508089420
Madrid,Carabanchel,1668030304373875893,2026-06-01,Alojamiento en Madrid,45.0,2.0,1.0,1.0,1.0,3.0,3.0,https://www.airbnb.es/rooms/1668030304373875893
Madrid,Carabanchel,15465539,2026-06-01,Alojamiento en Vista Alegre,75.0,3.0,1.0,2.0,0.0,4.8,94.0,https://www.airbnb.es/rooms/15465539
Madrid,Carabanchel,1080925151754759220,2026-06-01,Apartamento en Madrid,159.0,3.0,1.0,2.0,1.0,4.68,136.0,https://www.airbnb.es/rooms/1080925151754759220
Madrid,Carabanchel,912128231177506384,2026-06-01,Habitación en Vista Alegre,65.0,,,1.0,,4.7,118.0,https://www.airbnb.es/rooms/912128231177506384
Madrid,Carabanchel,1625308457746976629,2026-06-01,Apartamento en Madrid,62.0,2.0,1.0,1.0,1.0,4.61,18.0,https://www.airbnb.es/rooms/1625308457746976629
Madrid,Carabanchel,1461290291734415238,2026-06-01,Habitación en Sol,25.0,,,1.0,,4.64,84.0,https://www.airbnb.es/rooms/1461290291734415238
Madrid,Carabanchel,1446346084502380252,2026-06-01,Apartamento en Vista Alegre,194.0,4.0,1.0,2.0,1.0,4.9,40.0,https://www.airbnb.es/rooms/1446346084502380252
Madrid,Carabanchel,709327134454429897,2026-06-01,Habitación en Madrid,29.0,,,1.0,,4.66,271.0,https://www.airbnb.es/rooms/709327134454429897
Madrid,Carabanchel,17166723,2026-06-01,Habitación en Madrid,53.0,,,1.0,,4.89,620.0,https://www.airbnb.es/rooms/17166723
Madrid,Carabanchel,982577325821347767,2026-06-01,Habitación en Madrid,39.0,,,1.0,,4.84,285.0,https://www.airbnb.es/rooms/982577325821347767
Madrid,Carabanchel,1349196106122539187,2026-06-01,Apartamento en Madrid,70.0,2.0,,1.0,1.0,4.5,46.0,https://www.airbnb.es/rooms/1349196106122539187
Madrid,Carabanchel,882759479445807232,2026-06-01,Habitación en Madrid,64.0,,,1.0,,4.77,172.0,https://www.airbnb.es/rooms/882759479445807232
Madrid,Carabanchel,1213841192465478904,2026-06-01,Apartamento en Madrid,91.0,4.0,2.0,2.0,1.0,4.53,34.0,https://www.airbnb.es/rooms/1213841192465478904
Madrid,Carabanchel,31505010,2026-06-01,Habitación en Madrid,29.0,,,1.0,,4.8,360.0,https://www.airbnb.es/rooms/31505010
Madrid,Carabanchel,1340376110053785468,2026-06-01,easyHotel Madrid Alcala,83.0,,,,,4.74,1189.0,https://www.airbnb.es/rooms/1340376110053785468
Madrid,Carabanchel,1558001589726044179,2026-06-01,Hotel Acta Pirámides,163.0,,,,,4.82,28.0,https://www.airbnb.es/rooms/1558001589726044179
Madrid,Carabanchel,1543292911660162821,2026-06-01,Madrid Atipico,171.0,,,,,4.79,95.0,https://www.airbnb.es/rooms/1543292911660162821
Madrid,Carabanchel,1548364732773397400,2026-06-01,Sercotel Togumar,129.0,,,,,4.7,40.0,https://www.airbnb.es/rooms/1548364732773397400
Madrid,Carabanchel,1486125837835237307,2026-06-01,Hotel Suites Feria de Madrid,109.0,,,,,4.84,178.0,https://www.airbnb.es/rooms/1486125837835237307
Madrid,Carabanchel,1574502210259408768,2026-06-01,Hotel Acta Madfor,164.0,,,,,4.62,47.0,https://www.airbnb.es/rooms/1574502210259408768
Madrid,Carabanchel,1594902380071464129,2026-06-01,Welco Valdebebas,133.0,,,,,4.79,187.0,https://www.airbnb.es/rooms/1594902380071464129
Madrid,Carabanchel,1513716274577759902,2026-06-01,Inhala Hotel Garden,189.0,,,,,4.61,144.0,https://www.airbnb.es/rooms/1513716274577759902
Madrid,Carabanchel,1537655105132466678,2026-06-01,NH Madrid Ribera Del Manzanares,166.0,,,,,4.25,8.0,https://www.airbnb.es/rooms/1537655105132466678
Madrid,Carabanchel,1548359480153638381,2026-06-01,Sercotel Pozuelo,160.0,,,,,,,https://www.airbnb.es/rooms/1548359480153638381
Madrid,Carabanchel,882305552846878797,2026-06-01,Habitación en Madrid,53.0,,,1.0,,4.9,360.0,https://www.airbnb.es/rooms/882305552846878797
Madrid,Carabanchel,1264331307430968279,2026-06-01,Habitación en Madrid,65.0,,,1.0,,4.84,62.0,https://www.airbnb.es/rooms/1264331307430968279
Madrid,Carabanchel,46416127,2026-06-01,Habitación compartida en Madrid,43.0,,,,2.0,4.82,1386.0,https://www.airbnb.es/rooms/46416127
Madrid,Carabanchel,1371079491398504987,2026-06-01,Apartamento en Madrid,159.0,4.0,1.0,2.0,1.0,4.89,19.0,https://www.airbnb.es/rooms/1371079491398504987
Madrid,Carabanchel,914057,2026-06-01,Habitación en Madrid,30.0,,,2.0,,4.88,345.0,https://www.airbnb.es/rooms/914057
Madrid,Carabanchel,1424490638677457802,2026-06-01,Apartamento en Madrid,148.0,3.0,1.0,1.0,1.0,4.71,14.0,https://www.airbnb.es/rooms/1424490638677457802
Madrid,Carabanchel,1106581922386027292,2026-06-01,Apartamento en Madrid,96.0,2.0,1.0,1.0,1.0,4.7,56.0,https://www.airbnb.es/rooms/1106581922386027292
Madrid,Carabanchel,23674803,2026-06-01,Loft en Madrid,113.0,3.0,1.0,3.0,1.0,4.7,852.0,https://www.airbnb.es/rooms/23674803
Madrid,Carabanchel,18016295,2026-06-01,Habitación en Madrid,59.0,,,1.0,,4.83,312.0,https://www.airbnb.es/rooms/18016295
Madrid,Carabanchel,1683195903446863431,2026-06-01,Alojamiento en Leganés,75.0,2.0,1.0,3.0,1.0,,,https://www.airbnb.es/rooms/1683195903446863431
Madrid,Carabanchel,1492003551426094733,2026-06-01,Apartamento en Madrid,103.0,4.0,2.0,3.0,1.0,4.4,43.0,https://www.airbnb.es/rooms/1492003551426094733
Madrid,Carabanchel,1242677685438952483,2026-06-01,Apartamento en Cuatro Caminos,82.0,2.0,1.0,1.0,1.0,4.44,112.0,https://www.airbnb.es/rooms/1242677685438952483
Madrid,Carabanchel,1555862842887425769,2026-06-01,Apartamento en Madrid,115.0,2.0,1.0,1.0,1.0,5.0,22.0,https://www.airbnb.es/rooms/1555862842887425769
Madrid,Carabanchel,1332698376438370063,2026-06-01,Apartamento en Las Águilas,122.0,4.0,1.0,2.0,1.0,4.54,13.0,https://www.airbnb.es/rooms/1332698376438370063
Madrid,Carabanchel,6827442,2026-06-01,Habitación en Madrid,86.0,,,1.0,,4.96,653.0,https://www.airbnb.es/rooms/6827442
Madrid,Carabanchel,1064377409157116477,2026-06-01,Habitaciones en Usera,47.0,,4.0,1.0,,4.59,44.0,https://www.airbnb.es/rooms/1064377409157116477
Madrid,Carabanchel,1231958785890449565,2026-06-01,Habitación en Madrid,82.0,,,1.0,,4.88,42.0,https://www.airbnb.es/rooms/1231958785890449565
Madrid,Carabanchel,1684004062255612325,2026-06-01,Alojamiento en Madrid,65.0,2.0,1.0,1.0,2.0,,,https://www.airbnb.es/rooms/1684004062255612325
Madrid,Carabanchel,1447013443717309222,2026-06-01,Habitación en Sol,55.0,,,1.0,,4.46,105.0,https://www.airbnb.es/rooms/1447013443717309222
Madrid,Carabanchel,36760070,2026-06-01,Habitación en Latina,44.0,,,1.0,,4.82,238.0,https://www.airbnb.es/rooms/36760070
Madrid,Carabanchel,953778038279439272,2026-06-01,Habitación en Vista Alegre,53.0,,,4.0,,4.71,31.0,https://www.airbnb.es/rooms/953778038279439272
Madrid,Carabanchel,1679879417196305125,2026-06-01,Apartamento en Madrid,164.0,6.0,2.0,2.0,1.0,,,https://www.airbnb.es/rooms/1679879417196305125
Madrid,Carabanchel,21923038,2026-06-01,Apartamento en Madrid,118.0,5.0,1.0,3.0,1.0,4.66,258.0,https://www.airbnb.es/rooms/21923038
Madrid,Carabanchel,1371081588665629412,2026-06-01,Apartamento en Madrid,160.0,4.0,1.0,2.0,1.0,4.81,31.0,https://www.airbnb.es/rooms/1371081588665629412
Madrid,Carabanchel,1647801033166085592,2026-06-01,Apartamento en Madrid,152.0,4.0,2.0,3.0,1.0,4.8,10.0,https://www.airbnb.es/rooms/1647801033166085592
Madrid,Carabanchel,47280629,2026-06-01,Loft en Plaza Mayor,121.0,3.0,,3.0,1.0,4.69,543.0,https://www.airbnb.es/rooms/47280629
Madrid,Carabanchel,1524902595804100653,2026-06-01,Apartamento en Madrid,141.0,2.0,,1.0,1.0,4.96,46.0,https://www.airbnb.es/rooms/1524902595804100653
Madrid,Carabanchel,1662900862769700613,2026-06-01,Apartamento en Madrid,91.0,1.0,1.0,1.0,1.0,,,https://www.airbnb.es/rooms/1662900862769700613
Madrid,Carabanchel,1552943804398189739,2026-06-01,Habitación compartida en Madrid,26.0,,,1.0,,4.69,62.0,https://www.airbnb.es/rooms/1552943804398189739
Madrid,Carabanchel,886682235824983049,2026-06-01,Habitación en Vista Alegre,71.0,,,1.0,,5.0,13.0,https://www.airbnb.es/rooms/886682235824983049
Madrid,Carabanchel,853739035682361011,2026-06-01,Apartamento en Gran Vía,100.0,2.0,1.0,1.0,1.0,4.56,346.0,https://www.airbnb.es/rooms/853739035682361011
Madrid,Carabanchel,1201290113798216032,2026-06-01,Apartamento en Usera,135.0,2.0,,1.0,1.0,4.59,49.0,https://www.airbnb.es/rooms/1201290113798216032
Madrid,Carabanchel,21158218,2026-06-01,Habitación en Usera,53.0,,,1.0,,4.59,191.0,https://www.airbnb.es/rooms/21158218
Madrid,Carabanchel,1424493708317022411,2026-06-01,Apartamento en Madrid,136.0,3.0,1.0,1.0,1.0,,,https://www.airbnb.es/rooms/1424493708317022411
Madrid,Carabanchel,44697269,2026-06-01,Bed & breakfast en Gran Vía,101.0,2.0,1.0,1.0,1.0,4.84,980.0,https://www.airbnb.es/rooms/44697269
Madrid,Carabanchel,1339805513555889554,2026-06-01,Habitación en Madrid,41.0,,,2.0,,4.91,208.0,https://www.airbnb.es/rooms/1339805513555889554
Madrid,Carabanchel,1106580286129900744,2026-06-01,Apartamento en Puente de Vallecas,96.0,2.0,1.0,1.0,1.0,4.72,36.0,https://www.airbnb.es/rooms/1106580286129900744
Madrid,Carabanchel,1424494423591415866,2026-06-01,Apartamento en Madrid,136.0,3.0,1.0,1.0,1.0,4.2,5.0,https://www.airbnb.es/rooms/1424494423591415866
Madrid,Carabanchel,1102699693864729490,2026-06-01,Apartamento en Madrid,159.0,4.0,1.0,1.0,1.0,4.79,67.0,https://www.airbnb.es/rooms/1102699693864729490
Madrid,Carabanchel,902810630153262672,2026-06-01,Habitación en Embajadores,53.0,,,1.0,,4.85,227.0,https://www.airbnb.es/rooms/902810630153262672
Madrid,Carabanchel,44328380,2026-06-01,Apartamento en Madrid,129.0,2.0,,1.0,1.0,4.83,366.0,https://www.airbnb.es/rooms/44328380
Madrid,Carabanchel,730406034031219972,2026-06-01,Habitación en Latina,52.0,,,,,4.81,159.0,https://www.airbnb.es/rooms/730406034031219972
Madrid,Carabanchel,1368927593272564098,2026-06-01,Habitación en Latina,37.0,,,1.0,,4.48,67.0,https://www.airbnb.es/rooms/1368927593272564098
Madrid,Carabanchel,37444466,2026-06-01,Habitación en Puente de Vallecas,56.0,,,1.0,,4.88,320.0,https://www.airbnb.es/rooms/37444466
Madrid,Carabanchel,1191437981226770621,2026-06-01,Habitaciones en Usera,38.0,,2.0,1.0,,4.86,42.0,https://www.airbnb.es/rooms/1191437981226770621
Madrid,Carabanchel,645352260145108648,2026-06-01,Apartamento en Madrid,129.0,2.0,1.0,2.0,1.0,4.91,449.0,https://www.airbnb.es/rooms/645352260145108648
Madrid,Carabanchel,16300009,2026-06-01,Apartamento en Madrid,94.0,3.0,1.0,3.0,1.0,4.75,32.0,https://www.airbnb.es/rooms/16300009
Madrid,Carabanchel,1652994921110322087,2026-06-01,Apartamento en Madrid,89.0,4.0,1.0,2.0,1.0,5.0,9.0,https://www.airbnb.es/rooms/1652994921110322087
Madrid,Carabanchel,1026991865595731242,2026-06-01,Apartamento en Madrid,123.0,2.0,1.0,1.0,1.0,4.7,128.0,https://www.airbnb.es/rooms/1026991865595731242
Madrid,Carabanchel,1138351147330962769,2026-06-01,Habitación en Puente de Vallecas,56.0,,,1.0,,4.84,199.0,https://www.airbnb.es/rooms/1138351147330962769
Madrid,Carabanchel,1382578240001983116,2026-06-01,Habitación en Madrid,59.0,,,1.0,,4.97,147.0,https://www.airbnb.es/rooms/1382578240001983116
Madrid,Carabanchel,1253538805180397570,2026-06-01,Habitación en Gran Vía,46.0,,,1.0,,4.38,65.0,https://www.airbnb.es/rooms/1253538805180397570
Madrid,Carabanchel,1142050300938848764,2026-06-01,Apartamento en Embajadores,90.0,4.0,2.0,2.0,1.0,4.54,48.0,https://www.airbnb.es/rooms/1142050300938848764
Madrid,Carabanchel,820881063737375856,2026-06-01,Apartamento en Puente de Vallecas,116.0,3.0,2.0,2.0,1.0,4.92,181.0,https://www.airbnb.es/rooms/820881063737375856
Madrid,Carabanchel,795405693750606575,2026-06-01,Habitación en Ventas,30.0,,,1.0,,4.64,389.0,https://www.airbnb.es/rooms/795405693750606575
Madrid,Carabanchel,1667309265981825934,2026-06-01,Apartamento en Madrid,164.0,6.0,3.0,4.0,1.0,,,https://www.airbnb.es/rooms/1667309265981825934
Madrid,Carabanchel,1640013023211391833,2026-06-01,Apartamento en Madrid,118.0,4.0,1.0,2.0,1.0,4.53,15.0,https://www.airbnb.es/rooms/1640013023211391833
Madrid,Carabanchel,1105539859196826108,2026-06-01,Apartamento en Arganzuela,122.0,2.0,1.0,1.0,1.0,4.94,152.0,https://www.airbnb.es/rooms/1105539859196826108
Madrid,Carabanchel,954142566731605385,2026-06-01,Alojamiento en Usera,81.0,4.0,1.0,3.0,,4.88,57.0,https://www.airbnb.es/rooms/954142566731605385
Madrid,Carabanchel,1006474949452112287,2026-06-01,Apartamento en Tetuán,106.0,4.0,,,1.0,4.4,55.0,https://www.airbnb.es/rooms/1006474949452112287
Madrid,Carabanchel,1471027627217765287,2026-06-01,Habitación de hotel compartida en Argüelles,26.0,,,1.0,,4.18,110.0,https://www.airbnb.es/rooms/1471027627217765287
Madrid,Carabanchel,51558636,2026-06-01,Habitación compartida en Madrid,37.0,,,,,4.8,1306.0,https://www.airbnb.es/rooms/51558636
Madrid,Carabanchel,1549321306621134078,2026-06-01,Hostal en Madrid,73.0,2.0,,1.0,1.0,4.94,18.0,https://www.airbnb.es/rooms/1549321306621134078
Madrid,Carabanchel,644962710503905533,2026-06-01,Apartamento en Madrid,125.0,2.0,1.0,2.0,1.0,4.91,473.0,https://www.airbnb.es/rooms/644962710503905533
Madrid,Carabanchel,1670340481431190104,2026-06-01,Alojamiento en Madrid,61.0,2.0,1.0,1.0,1.0,,,https://www.airbnb.es/rooms/1670340481431190104
Madrid,Carabanchel,1444260498660224000,2026-06-01,Habitación en Madrid,40.0,,,1.0,,4.83,24.0,https://www.airbnb.es/rooms/1444260498660224000
Madrid,Carabanchel,1639296495946437153,2026-06-01,Apartamento en Madrid,86.0,2.0,1.0,2.0,1.0,4.8,10.0,https://www.airbnb.es/rooms/1639296495946437153
Madrid,Carabanchel,31929550,2026-06-01,Habitación en Madrid,81.0,,,2.0,,4.65,132.0,https://www.airbnb.es/rooms/31929550
Madrid,Carabanchel,44230229,2026-06-01,Habitación en Madrid,47.0,,,1.0,,4.8,440.0,https://www.airbnb.es/rooms/44230229
Madrid,Carabanchel,1371070903719842435,2026-06-01,Apartamento en Madrid,175.0,4.0,1.0,2.0,1.0,4.83,29.0,https://www.airbnb.es/rooms/1371070903719842435
Madrid,Carabanchel,989843259462476442,2026-06-01,Apartamento en Madrid,147.0,4.0,2.0,2.0,1.0,4.48,29.0,https://www.airbnb.es/rooms/989843259462476442
Madrid,Carabanchel,1136035927061531038,2026-06-01,Habitación compartida en Madrid,31.0,,,14.0,,4.85,462.0,https://www.airbnb.es/rooms/1136035927061531038
Madrid,Carabanchel,1381028869463724456,2026-06-01,Habitación compartida en Madrid,28.0,,,8.0,,4.71,251.0,https://www.airbnb.es/rooms/1381028869463724456
Madrid,Carabanchel,1593325982733082577,2026-06-01,Apartamento en Madrid,71.0,2.0,1.0,1.0,1.0,4.33,21.0,https://www.airbnb.es/rooms/1593325982733082577
Madrid,Carabanchel,1414486056547325912,2026-06-01,Apartamento en Madrid,154.0,4.0,1.0,2.0,1.0,4.5,18.0,https://www.airbnb.es/rooms/1414486056547325912
Madrid,Carabanchel,1186774626079715696,2026-06-01,Habitación en Pozuelo de Alarcón,66.0,,,3.0,,4.76,37.0,https://www.airbnb.es/rooms/1186774626079715696
Madrid,Carabanchel,1642709010579576351,2026-06-01,Alojamiento en Madrid,70.0,2.0,1.0,1.0,1.0,4.36,22.0,https://www.airbnb.es/rooms/1642709010579576351
Madrid,Carabanchel,46565987,2026-06-01,Habitación compartida en Madrid,48.0,,,4.0,,4.83,379.0,https://www.airbnb.es/rooms/46565987
Madrid,Carabanchel,958068264244749440,2026-06-01,Apartamento en Madrid,100.0,3.0,1.0,1.0,1.0,4.3,63.0,https://www.airbnb.es/rooms/958068264244749440
Madrid,Carabanchel,1515884987516028679,2026-06-01,Apartamento en Madrid,177.0,4.0,1.0,2.0,1.0,,,https://www.airbnb.es/rooms/1515884987516028679
Madrid,Carabanchel,1642693547012324783,2026-06-01,Alojamiento en Madrid,70.0,2.0,1.0,1.0,1.0,4.43,14.0,https://www.airbnb.es/rooms/1642693547012324783
Madrid,Carabanchel,1173829405748540723,2026-06-01,Habitación en Madrid,75.0,,,1.0,,4.54,237.0,https://www.airbnb.es/rooms/1173829405748540723
Madrid,Carabanchel,1537571099272969419,2026-06-01,Alojamiento en Madrid,70.0,2.0,1.0,1.0,1.0,4.78,77.0,https://www.airbnb.es/rooms/1537571099272969419
Madrid,Carabanchel,1488189685781371498,2026-06-01,Habitación de hotel compartida en Sol,36.0,,,1.0,,4.71,38.0,https://www.airbnb.es/rooms/1488189685781371498
Madrid,Carabanchel,1451673568388520438,2026-06-01,Loft en Villaverde,129.0,3.0,1.0,2.0,1.0,4.95,62.0,https://www.airbnb.es/rooms/1451673568388520438
Madrid,Carabanchel,862945987642116253,2026-06-01,Apartamento en Tetuán,86.0,4.0,,1.0,1.0,4.39,61.0,https://www.airbnb.es/rooms/862945987642116253
Madrid,Carabanchel,26771360,2026-06-01,Habitación en Retiro,53.0,,,1.0,,4.77,639.0,https://www.airbnb.es/rooms/26771360
Madrid,Carabanchel,1132338120957858091,2026-06-01,Apartamento en Arganzuela,144.0,,,,,4.68,121.0,https://www.airbnb.es/rooms/1132338120957858091
Madrid,Carabanchel,924532544626967749,2026-06-01,Habitación compartida en Atocha,33.0,,,,,4.82,22.0,https://www.airbnb.es/rooms/924532544626967749
Madrid,Carabanchel,1665180061563867382,2026-06-01,Apartamento en Madrid,121.0,2.0,1.0,1.0,1.0,,,https://www.airbnb.es/rooms/1665180061563867382
Madrid,Carabanchel,36924333,2026-06-01,Habitación en Usera,79.0,,,3.0,,4.48,222.0,https://www.airbnb.es/rooms/36924333
Madrid,Carabanchel,822426161744963141,2026-06-01,Habitaciones en Estación de Puerta del Ángel,43.0,,2.0,2.0,,4.71,68.0,https://www.airbnb.es/rooms/822426161744963141
Madrid,Carabanchel,1679049635517436561,2026-06-01,Alojamiento en Madrid,65.0,1.0,1.0,1.0,1.0,,,https://www.airbnb.es/rooms/1679049635517436561
Madrid,Carabanchel,1648626332453926946,2026-06-01,Apartamento en Madrid,122.0,2.0,1.0,1.0,1.0,4.83,6.0,https://www.airbnb.es/rooms/1648626332453926946
Madrid,Carabanchel,1358106560398851535,2026-06-01,Apartamento en Madrid,123.0,3.0,1.0,2.0,1.0,4.46,117.0,https://www.airbnb.es/rooms/1358106560398851535
Madrid,Carabanchel,907778347466471297,2026-06-01,Habitación en Madrid,75.0,,,1.0,,4.54,266.0,https://www.airbnb.es/rooms/907778347466471297
Madrid,Carabanchel,908786992979930521,2026-06-01,Alojamiento en Madrid,34.0,1.0,1.0,1.0,1.0,4.65,40.0,https://www.airbnb.es/rooms/908786992979930521
Madrid,Carabanchel,1638447033670437943,2026-06-01,Apartamento en Madrid,149.0,4.0,1.0,2.0,1.0,5.0,10.0,https://www.airbnb.es/rooms/1638447033670437943
Madrid,Carabanchel,761261866476528079,2026-06-01,Habitaciones en Simancas,33.0,,2.0,1.0,,4.78,247.0,https://www.airbnb.es/rooms/761261866476528079
Madrid,Carabanchel,49173577,2026-06-01,Hotel boutique en Madrid,111.0,2.0,1.0,1.0,1.0,4.47,32.0,https://www.airbnb.es/rooms/49173577
Madrid,Carabanchel,1131142326389957998,2026-06-01,Apartamento en Arganzuela,144.0,4.0,1.0,2.0,1.0,4.64,90.0,https://www.airbnb.es/rooms/1131142326389957998
Madrid,Carabanchel,1642711625979955102,2026-06-01,Alojamiento en Madrid,70.0,2.0,1.0,1.0,1.0,3.88,17.0,https://www.airbnb.es/rooms/1642711625979955102
Madrid,Carabanchel,1391221423206197239,2026-06-01,Habitación en Salamanca,70.0,,,1.0,,4.57,131.0,https://www.airbnb.es/rooms/1391221423206197239
Madrid,Carabanchel,1562386820687585168,2026-06-01,Habitación compartida en Madrid,30.0,,,1.0,,4.63,142.0,https://www.airbnb.es/rooms/1562386820687585168
Madrid,Carabanchel,22985103,2026-06-01,Habitación en Sol,81.0,,,2.0,,4.74,96.0,https://www.airbnb.es/rooms/22985103
Madrid,Carabanchel,1144840477997971926,2026-06-01,Habitaciones en Latina,34.0,,2.0,1.0,,4.56,45.0,https://www.airbnb.es/rooms/1144840477997971926
Madrid,Carabanchel,22225748,2026-06-01,Habitación en Usera,45.0,,,1.0,,4.85,434.0,https://www.airbnb.es/rooms/22225748
Madrid,Carabanchel,1156533140873491951,2026-06-01,Alojamiento en Estación de Puerta del Ángel,97.0,2.0,1.0,1.0,1.0,4.67,27.0,https://www.airbnb.es/rooms/1156533140873491951
Madrid,Carabanchel,1202285360546850589,2026-06-01,Habitación en Ensanche de Vallecas,37.0,,,1.0,,4.8,44.0,https://www.airbnb.es/rooms/1202285360546850589
Madrid,Carabanchel,1446543994856224294,2026-06-01,Apartamento en Usera,94.0,2.0,1.0,1.0,1.0,4.36,61.0,https://www.airbnb.es/rooms/1446543994856224294
Madrid,Carabanchel,1202981479518851567,2026-06-01,Apartamento en Embajadores,135.0,4.0,1.0,1.0,1.0,4.6,88.0,https://www.airbnb.es/rooms/1202981479518851567
Madrid,Carabanchel,758004952449186583,2026-06-01,Apartamento en Madrid,142.0,2.0,1.0,1.0,1.0,4.89,305.0,https://www.airbnb.es/rooms/758004952449186583
Madrid,Carabanchel,1244224576957017794,2026-06-01,Habitación en Madrid,75.0,,,1.0,,4.67,205.0,https://www.airbnb.es/rooms/1244224576957017794
Madrid,Carabanchel,1589882956823328975,2026-06-01,Apartamento en Madrid,108.0,4.0,1.0,1.0,1.0,4.56,16.0,https://www.airbnb.es/rooms/1589882956823328975
Madrid,Carabanchel,553641883859735849,2026-06-01,Apto. residencial en Madrid,158.0,4.0,1.0,3.0,1.0,4.81,238.0,https://www.airbnb.es/rooms/553641883859735849
Madrid,Carabanchel,1571672732512548331,2026-06-01,Apartamento en Madrid,120.0,3.0,1.0,2.0,1.0,4.69,16.0,https://www.airbnb.es/rooms/1571672732512548331
Madrid,Carabanchel,811527387619841941,2026-06-01,Apartamento en Madrid,207.0,6.0,2.0,4.0,2.0,4.86,174.0,https://www.airbnb.es/rooms/811527387619841941
Madrid,Carabanchel,992736500979911194,2026-06-01,Habitación en Usera,61.0,,,1.0,,4.75,151.0,https://www.airbnb.es/rooms/992736500979911194
Madrid,Carabanchel,1411584619646106170,2026-06-01,Habitación en Arganzuela,75.0,,,1.0,,4.9,70.0,https://www.airbnb.es/rooms/1411584619646106170
Madrid,Carabanchel,1410706900579981710,2026-06-01,Habitación compartida en Cuatro Caminos,23.0,,,1.0,,4.85,13.0,https://www.airbnb.es/rooms/1410706900579981710
Madrid,Carabanchel,1537584798404847783,2026-06-01,Alojamiento en Madrid,70.0,2.0,1.0,1.0,1.0,4.7,70.0,https://www.airbnb.es/rooms/1537584798404847783
Madrid,Carabanchel,1181124454279980679,2026-06-01,Apartamento en Arganzuela,133.0,4.0,1.0,2.0,1.0,4.57,108.0,https://www.airbnb.es/rooms/1181124454279980679
Madrid,Carabanchel,1228012202527297844,2026-06-01,Apartamento en Madrid,167.0,6.0,2.0,4.0,1.0,4.89,9.0,https://www.airbnb.es/rooms/1228012202527297844
Madrid,Carabanchel,950023237737716657,2026-06-01,Apartamento en Madrid,95.0,5.0,1.0,3.0,1.0,4.74,332.0,https://www.airbnb.es/rooms/950023237737716657
Madrid,Carabanchel,1016443633879357802,2026-06-01,Apartamento en Sol,195.0,5.0,2.0,4.0,1.0,4.83,159.0,https://www.airbnb.es/rooms/1016443633879357802
Madrid,Carabanchel,990681879045720181,2026-06-01,Apartamento en Vista Alegre,199.0,4.0,1.0,2.0,1.0,4.87,84.0,https://www.airbnb.es/rooms/990681879045720181
Madrid,Carabanchel,1139742507012664386,2026-06-01,Habitación en Madrid,77.0,,,,,4.81,26.0,https://www.airbnb.es/rooms/1139742507012664386
Madrid,Carabanchel,1643581508304888800,2026-06-01,Alojamiento en Madrid,49.0,1.0,1.0,1.0,1.0,4.2,5.0,https://www.airbnb.es/rooms/1643581508304888800
Madrid,Carabanchel,49238337,2026-06-01,Hotel boutique en Madrid,132.0,3.0,2.0,3.0,1.0,4.74,54.0,https://www.airbnb.es/rooms/49238337
Madrid,Carabanchel,1523114081339180264,2026-06-01,Alojamiento en Madrid,70.0,2.0,1.0,1.0,2.0,4.54,59.0,https://www.airbnb.es/rooms/1523114081339180264
Madrid,Carabanchel,1131196012925310812,2026-06-01,Habitación en Aluche,38.0,,,1.0,,4.69,48.0,https://www.airbnb.es/rooms/1131196012925310812
Madrid,Carabanchel,1542978383459057260,2026-06-01,Apartamento en Madrid,163.0,4.0,1.0,2.0,1.0,4.71,63.0,https://www.airbnb.es/rooms/1542978383459057260
Madrid,Carabanchel,803420085604916312,2026-06-01,Apartamento en Estación de Puerta del Ángel,231.0,6.0,3.0,2.0,1.0,4.75,114.0,https://www.airbnb.es/rooms/803420085604916312
Madrid,Carabanchel,1411431369265366667,2026-06-01,Habitación en Las Águilas,38.0,,,1.0,,4.34,47.0,https://www.airbnb.es/rooms/1411431369265366667
Madrid,Carabanchel,1549330908681234871,2026-06-01,Hostal en Madrid,73.0,2.0,1.0,1.0,0.0,4.86,35.0,https://www.airbnb.es/rooms/1549330908681234871
Madrid,Carabanchel,1463784194161638134,2026-06-01,Habitación en Hortaleza,55.0,,,1.0,,4.51,65.0,https://www.airbnb.es/rooms/1463784194161638134
Madrid,Carabanchel,907888221198200660,2026-06-01,Habitación en Madrid,75.0,,,1.0,,4.6,253.0,https://www.airbnb.es/rooms/907888221198200660
Madrid,Carabanchel,1371073764016802428,2026-06-01,Apartamento en Madrid,167.0,2.0,1.0,1.0,1.0,4.92,13.0,https://www.airbnb.es/rooms/1371073764016802428
Madrid,Carabanchel,34767374,2026-06-01,Habitación en Chamartín,61.0,,,1.0,,4.91,191.0,https://www.airbnb.es/rooms/34767374
Madrid,Carabanchel,1131768478034959185,2026-06-01,Apartamento en Atocha,180.0,6.0,2.0,3.0,2.0,4.83,116.0,https://www.airbnb.es/rooms/1131768478034959185
Madrid,Carabanchel,1549298958628187967,2026-06-01,Hostal en Madrid,86.0,2.0,1.0,1.0,1.0,4.93,46.0,https://www.airbnb.es/rooms/1549298958628187967
Madrid,Carabanchel,1658209631455324799,2026-06-01,Apartamento en Madrid,187.0,4.0,3.0,3.0,2.0,5.0,4.0,https://www.airbnb.es/rooms/1658209631455324799
Madrid,Carabanchel,1199047735711626678,2026-06-01,Apartamento en Arganzuela,133.0,4.0,1.0,2.0,1.0,4.49,96.0,https://www.airbnb.es/rooms/1199047735711626678
Madrid,Carabanchel,1531782176675910994,2026-06-01,Alojamiento en Madrid,70.0,2.0,1.0,1.0,2.0,4.35,46.0,https://www.airbnb.es/rooms/1531782176675910994
Madrid,Carabanchel,645326923050932776,2026-06-01,Apartamento en Madrid,147.0,2.0,1.0,2.0,1.0,4.93,454.0,https://www.airbnb.es/rooms/645326923050932776
Madrid,Carabanchel,1294251382515378300,2026-06-01,Apartamento en Arganzuela,150.0,4.0,1.0,2.0,1.0,4.08,53.0,https://www.airbnb.es/rooms/1294251382515378300
Madrid,Carabanchel,1536338930438960351,2026-06-01,Alojamiento en Madrid,49.0,1.0,1.0,1.0,1.0,4.94,31.0,https://www.airbnb.es/rooms/1536338930438960351
Madrid,Carabanchel,1564494581796109030,2026-06-01,Apartamento en Madrid,121.0,3.0,1.0,2.0,1.0,4.49,49.0,https://www.airbnb.es/rooms/1564494581796109030
Madrid,Carabanchel,22985266,2026-06-01,Habitación en Sol,81.0,,,2.0,,4.71,104.0,https://www.airbnb.es/rooms/22985266
Madrid,Carabanchel,1629752859851582303,2026-06-01,Suite con entrada independiente en Madrid,139.0,2.0,1.0,1.0,1.0,4.88,17.0,https://www.airbnb.es/rooms/1629752859851582303
Madrid,Carabanchel,1051328807606324225,2026-06-01,Habitación compartida en Ópera,29.0,,,,,4.33,285.0,https://www.airbnb.es/rooms/1051328807606324225
Madrid,Carabanchel,1322567264800622761,2026-06-01,Habitación de hotel compartida en Cuatro Caminos,23.0,,,15.0,3.0,4.56,105.0,https://www.airbnb.es/rooms/1322567264800622761
Madrid,Carabanchel,1549336735254432699,2026-06-01,Hostal en Madrid,73.0,1.0,1.0,1.0,1.0,5.0,10.0,https://www.airbnb.es/rooms/1549336735254432699
Madrid,Carabanchel,1635818116982589398,2026-06-01,Alojamiento en Madrid,51.0,1.0,1.0,1.0,1.0,4.73,11.0,https://www.airbnb.es/rooms/1635818116982589398
Madrid,Carabanchel,1553020093296972429,2026-06-01,Alojamiento en Madrid,75.0,2.0,1.0,1.0,2.0,4.36,59.0,https://www.airbnb.es/rooms/1553020093296972429
Madrid,Carabanchel,1223028650171340325,2026-06-01,Apartamento en Madrid,139.0,2.0,1.0,1.0,1.0,4.91,203.0,https://www.airbnb.es/rooms/1223028650171340325
Madrid,Carabanchel,879749682363206532,2026-06-01,Apartamento en Madrid,123.0,4.0,1.0,1.0,1.0,4.86,64.0,https://www.airbnb.es/rooms/879749682363206532
Madrid,Carabanchel,1441823446092132988,2026-06-01,Apartamento en Madrid,137.0,2.0,1.0,1.0,1.0,4.8,49.0,https://www.airbnb.es/rooms/1441823446092132988
Madrid,Carabanchel,1642705062049956783,2026-06-01,Alojamiento en Madrid,70.0,1.0,1.0,1.0,1.0,4.5,6.0,https://www.airbnb.es/rooms/1642705062049956783
Madrid,Carabanchel,19112582,2026-06-01,Habitación en Madrid,88.0,,,1.0,,4.91,365.0,https://www.airbnb.es/rooms/19112582
Madrid,Carabanchel,918282646881889674,2026-06-01,Habitación en Madrid,80.0,,,1.0,,5.0,24.0,https://www.airbnb.es/rooms/918282646881889674
Madrid,Carabanchel,1287694344052615772,2026-06-01,Apartamento en Madrid,142.0,3.0,1.0,2.0,1.0,4.24,21.0,https://www.airbnb.es/rooms/1287694344052615772
Madrid,Carabanchel,1106582222119830136,2026-06-01,Apartamento en Madrid,162.0,6.0,2.0,3.0,1.0,4.82,50.0,https://www.airbnb.es/rooms/1106582222119830136
Madrid,Carabanchel,1167526027706189559,2026-06-01,Apartamento en Madrid,133.0,4.0,1.0,2.0,1.0,4.62,125.0,https://www.airbnb.es/rooms/1167526027706189559
Madrid,Carabanchel,1435338155897404989,2026-06-01,Apartamento en Madrid,147.0,4.0,1.0,2.0,1.0,,,https://www.airbnb.es/rooms/1435338155897404989
Madrid,Carabanchel,1381007980046165384,2026-06-01,Habitación de hotel compartida en Madrid,35.0,,,12.0,,4.89,72.0,https://www.airbnb.es/rooms/1381007980046165384
Madrid,Carabanchel,935927233926803692,2026-06-01,Apartamento en Madrid,89.0,2.0,1.0,1.0,1.0,4.5,8.0,https://www.airbnb.es/rooms/935927233926803692
Madrid,Carabanchel,52396752,2026-06-01,Apartamento en Madrid,118.0,2.0,,1.0,1.0,4.69,26.0,https://www.airbnb.es/rooms/52396752
Madrid,Carabanchel,1672773431152615520,2026-06-01,Hotel en Pozuelo de Alarcón,69.0,2.0,1.0,2.0,1.0,,,https://www.airbnb.es/rooms/1672773431152615520
Madrid,Carabanchel,1393742005709570725,2026-06-01,Apartamento en Madrid,99.0,2.0,1.0,1.0,1.0,4.27,70.0,https://www.airbnb.es/rooms/1393742005709570725
Madrid,Carabanchel,1374572430844210862,2026-06-01,Apartamento en Madrid,135.0,3.0,1.0,2.0,1.0,4.91,92.0,https://www.airbnb.es/rooms/1374572430844210862
Madrid,Carabanchel,1628902793121955357,2026-06-01,Alojamiento en Leganés,41.0,1.0,,1.0,,4.5,6.0,https://www.airbnb.es/rooms/1628902793121955357
Madrid,Carabanchel,1204268899425587161,2026-06-01,Apartamento en Madrid,201.0,6.0,2.0,3.0,1.0,4.51,70.0,https://www.airbnb.es/rooms/1204268899425587161
Madrid,Carabanchel,1183801349836359209,2026-06-01,Apartamento en Arganzuela,197.0,4.0,1.0,2.0,1.0,4.72,83.0,https://www.airbnb.es/rooms/1183801349836359209
Madrid,Carabanchel,1480811662530349063,2026-06-01,Apartamento en Plaza Mayor,175.0,3.0,1.0,1.0,1.0,4.75,81.0,https://www.airbnb.es/rooms/1480811662530349063
Madrid,Carabanchel,587016498753826181,2026-06-01,Loft en Sol,160.0,4.0,1.0,2.0,1.0,4.66,236.0,https://www.airbnb.es/rooms/587016498753826181
Madrid,Carabanchel,725775654247275393,2026-06-01,Hostal en Sol,120.0,2.0,1.0,1.0,1.0,4.8,346.0,https://www.airbnb.es/rooms/725775654247275393
Madrid,Carabanchel,1657873362560487022,2026-06-01,Hostal en Madrid,120.0,2.0,1.0,1.0,1.0,5.0,3.0,https://www.airbnb.es/rooms/1657873362560487022
Madrid,Carabanchel,1648626801548184794,2026-06-01,Apartamento en Madrid,176.0,4.0,2.0,3.0,2.0,5.0,7.0,https://www.airbnb.es/rooms/1648626801548184794
Madrid,Carabanchel,1277430795219869662,2026-06-01,Apartamento en Tetuán,141.0,4.0,1.0,2.0,1.0,4.87,95.0,https://www.airbnb.es/rooms/1277430795219869662
Madrid,Carabanchel,1148282994057847547,2026-06-01,Habitación en Madrid,75.0,,,1.0,,4.68,219.0,https://www.airbnb.es/rooms/1148282994057847547
Madrid,Carabanchel,1638522789967825616,2026-06-01,Apartamento en Madrid,162.0,4.0,1.0,2.0,1.0,4.83,23.0,https://www.airbnb.es/rooms/1638522789967825616
Madrid,Carabanchel,867240806228932831,2026-06-01,Apartamento en Embajadores,173.0,4.0,1.0,2.0,1.0,4.65,31.0,https://www.airbnb.es/rooms/867240806228932831
Madrid,Carabanchel,1587747795648692990,2026-06-01,Apartamento en Madrid,225.0,6.0,2.0,3.0,1.0,4.83,58.0,https://www.airbnb.es/rooms/1587747795648692990
Madrid,Carabanchel,1424672658983187485,2026-06-01,Apartamento en Arganzuela,145.0,4.0,1.0,2.0,1.0,4.57,47.0,https://www.airbnb.es/rooms/1424672658983187485
Madrid,Carabanchel,1369537907640511783,2026-06-01,Habitación en Lucero,90.0,,,1.0,,4.38,13.0,https://www.airbnb.es/rooms/1369537907640511783
Madrid,Carabanchel,846101428969678874,2026-06-01,Apartamento en Chamartín,150.0,4.0,1.0,2.0,1.0,4.79,208.0,https://www.airbnb.es/rooms/846101428969678874
Madrid,Carabanchel,1426003829332352387,2026-06-01,Hotel en Cuatro Caminos,108.0,2.0,1.0,1.0,1.0,4.82,45.0,https://www.airbnb.es/rooms/1426003829332352387
Madrid,Carabanchel,1391236645904621007,2026-06-01,Habitación en Salamanca,90.0,,,1.0,,4.73,112.0,https://www.airbnb.es/rooms/1391236645904621007
Madrid,Carabanchel,907020474144584788,2026-06-01,Habitación en Madrid,90.0,,,1.0,,4.62,354.0,https://www.airbnb.es/rooms/907020474144584788
Madrid,Carabanchel,54269445,2026-06-01,Apartamento en Madrid,153.0,4.0,1.0,2.0,1.0,4.8,208.0,https://www.airbnb.es/rooms/54269445
Madrid,Carabanchel,1237009849487604189,2026-06-01,Habitación en Madrid,59.0,,,1.0,,4.89,276.0,https://www.airbnb.es/rooms/1237009849487604189
Madrid,Carabanchel,1549332439817137124,2026-06-01,Apartamento en Madrid,88.0,2.0,1.0,1.0,1.0,4.83,18.0,https://www.airbnb.es/rooms/1549332439817137124
Madrid,Carabanchel,1269499095444942789,2026-06-01,Hostal en Cuatro Caminos,122.0,2.0,1.0,1.0,0.0,4.86,74.0,https://www.airbnb.es/rooms/1269499095444942789
Madrid,Carabanchel,32017580,2026-06-01,Habitación en Gran Vía,81.0,,,3.0,,4.64,185.0,https://www.airbnb.es/rooms/32017580
Madrid,Carabanchel,1481016517758879136,2026-06-01,Habitación en Madrid,90.0,,,1.0,,4.6,104.0,https://www.airbnb.es/rooms/1481016517758879136
Madrid,Carabanchel,1362294249473405797,2026-06-01,Apartamento en Retiro,128.0,2.0,1.0,1.0,1.0,4.54,24.0,https://www.airbnb.es/rooms/1362294249473405797
Madrid,Carabanchel,1451432280189260074,2026-06-01,Habitación en Pilar,104.0,,,1.0,,4.8,86.0,https://www.airbnb.es/rooms/1451432280189260074
Madrid,Carabanchel,44238211,2026-06-01,Apartamento en Madrid,142.0,,,,,4.76,21.0,https://www.airbnb.es/rooms/44238211
Madrid,Carabanchel,1371076877261460055,2026-06-01,Apartamento en Madrid,172.0,4.0,1.0,3.0,1.0,4.67,6.0,https://www.airbnb.es/rooms/1371076877261460055
Madrid,Carabanchel,1511523585315939575,2026-06-01,Apartamento en Madrid,211.0,4.0,1.0,2.0,2.0,4.92,24.0,https://www.airbnb.es/rooms/1511523585315939575
Madrid,Carabanchel,1283902065604455817,2026-06-01,Apartamento en Tetuán,135.0,4.0,1.0,2.0,1.0,4.86,51.0,https://www.airbnb.es/rooms/1283902065604455817
Madrid,Carabanchel,1294712015241664838,2026-06-01,Apartamento en Tetuán,118.0,2.0,1.0,1.0,1.0,4.68,53.0,https://www.airbnb.es/rooms/1294712015241664838
Madrid,Carabanchel,1681292570763906245,2026-06-01,Alojamiento en Madrid,41.0,2.0,1.0,1.0,1.0,,,https://www.airbnb.es/rooms/1681292570763906245
Madrid,Carabanchel,1543507873645010049,2026-06-01,Alojamiento en Madrid,80.0,2.0,1.0,1.0,2.0,4.65,48.0,https://www.airbnb.es/rooms/1543507873645010049
Madrid,Carabanchel,984727411948523754,2026-06-01,Hotel en Chamberí,79.0,1.0,1.0,1.0,1.0,4.41,59.0,https://www.airbnb.es/rooms/984727411948523754
Madrid,Carabanchel,989843381400105619,2026-06-01,Apartamento en Estación de Puerta del Ángel,134.0,3.0,1.0,2.0,1.0,4.65,55.0,https://www.airbnb.es/rooms/989843381400105619
Madrid,Carabanchel,1392034152720039417,2026-06-01,Apartamento en Madrid,185.0,6.0,2.0,3.0,2.0,,,https://www.airbnb.es/rooms/1392034152720039417
Madrid,Carabanchel,54276569,2026-06-01,Apartamento en Madrid,189.0,6.0,2.0,3.0,1.0,4.84,230.0,https://www.airbnb.es/rooms/54276569
Madrid,Carabanchel,696783863425842112,2026-06-01,Hostal en Madrid,128.0,2.0,1.0,1.0,1.0,4.67,15.0,https://www.airbnb.es/rooms/696783863425842112
Madrid,Carabanchel,1208550686266104086,2026-06-01,Habitación en Madrid,65.0,,,2.0,,4.88,89.0,https://www.airbnb.es/rooms/1208550686266104086
Madrid,Carabanchel,1461726745885788602,2026-06-01,Apartamento en Madrid,175.0,6.0,3.0,4.0,1.0,4.84,38.0,https://www.airbnb.es/rooms/1461726745885788602
Madrid,Carabanchel,1472363648622040333,2026-06-01,Apartamento en Madrid,128.0,3.0,1.0,1.0,1.0,4.64,55.0,https://www.airbnb.es/rooms/1472363648622040333
Madrid,Carabanchel,1270940850149559440,2026-06-01,Apartamento en Madrid,116.0,2.0,1.0,1.0,1.0,4.47,15.0,https://www.airbnb.es/rooms/1270940850149559440
Madrid,Carabanchel,994841175711949058,2026-06-01,Apartamento en Madrid,163.0,2.0,1.0,1.0,1.0,4.62,129.0,https://www.airbnb.es/rooms/994841175711949058
Madrid,Carabanchel,1658034250392764273,2026-06-01,Habitación de hotel compartida en Madrid,54.0,,,2.0,,,,https://www.airbnb.es/rooms/1658034250392764273
Madrid,Carabanchel,1549323431756706519,2026-06-01,Hostal en Madrid,73.0,1.0,,1.0,1.0,5.0,8.0,https://www.airbnb.es/rooms/1549323431756706519
Madrid,Carabanchel,1233350870027135262,2026-06-01,Habitación en Madrid,44.0,,,1.0,,4.76,192.0,https://www.airbnb.es/rooms/1233350870027135262
Madrid,Carabanchel,1178097915632865561,2026-06-01,Habitación en Madrid,87.0,,,1.0,,4.69,132.0,https://www.airbnb.es/rooms/1178097915632865561
Madrid,Carabanchel,1380294853387571454,2026-06-01,Habitación de hotel en Madrid,149.0,2.0,1.0,1.0,1.0,4.89,114.0,https://www.airbnb.es/rooms/1380294853387571454
Madrid,Carabanchel,1672783678185944028,2026-06-01,Hotel en Pozuelo de Alarcón,67.0,1.0,1.0,1.0,1.0,,,https://www.airbnb.es/rooms/1672783678185944028
Madrid,Carabanchel,1493478575947715942,2026-06-01,Alojamiento en Madrid,64.0,2.0,1.0,1.0,1.0,,,https://www.airbnb.es/rooms/1493478575947715942
Madrid,Carabanchel,1150095988537072266,2026-06-01,Apartamento en Madrid,123.0,4.0,2.0,2.0,2.0,4.68,90.0,https://www.airbnb.es/rooms/1150095988537072266
Madrid,Carabanchel,49238159,2026-06-01,Hotel boutique en Madrid,116.0,2.0,18.0,1.0,1.0,4.46,103.0,https://www.airbnb.es/rooms/49238159
Madrid,Carabanchel,1232584399843385088,2026-06-01,Apartamento en Madrid,153.0,4.0,1.0,1.0,1.0,4.53,30.0,https://www.airbnb.es/rooms/1232584399843385088
Madrid,Carabanchel,1239151946923493544,2026-06-01,Alojamiento en Madrid,56.0,2.0,1.0,2.0,1.0,4.75,48.0,https://www.airbnb.es/rooms/1239151946923493544
Madrid,Carabanchel,1349971330967545854,2026-06-01,Habitación en Sol,95.0,,,1.0,,4.51,140.0,https://www.airbnb.es/rooms/1349971330967545854
Madrid,Carabanchel,718045039094139137,2026-06-01,Apartamento en Arganzuela,131.0,2.0,1.0,2.0,1.0,4.64,323.0,https://www.airbnb.es/rooms/718045039094139137
Madrid,Carabanchel,1333310417765191916,2026-06-01,Habitación en Sol,130.0,,,1.0,,,,https://www.airbnb.es/rooms/1333310417765191916
Madrid,Carabanchel,617381097035078586,2026-06-01,Habitación en Puente de Vallecas,56.0,,,1.0,,4.77,305.0,https://www.airbnb.es/rooms/617381097035078586
Madrid,Carabanchel,1445555081312991832,2026-06-01,Habitación en Tetuán,70.0,,,1.0,,4.65,82.0,https://www.airbnb.es/rooms/1445555081312991832
Madrid,Carabanchel,1008051668339393206,2026-06-01,Habitación en Estación de Puerta del Ángel,78.0,,,1.0,,4.83,48.0,https://www.airbnb.es/rooms/1008051668339393206
Madrid,Carabanchel,1639808640732006378,2026-06-01,Casa de invitados en Madrid,70.0,2.0,1.0,1.0,1.0,4.56,9.0,https://www.airbnb.es/rooms/1639808640732006378
Madrid,Carabanchel,1381317911859805586,2026-06-01,Casa de invitados en Usera,83.0,2.0,,1.0,1.0,4.22,90.0,https://www.airbnb.es/rooms/1381317911859805586
Madrid,Carabanchel,921596832669859047,2026-06-01,Apartamento en Usera,190.0,6.0,3.0,4.0,1.0,4.79,97.0,https://www.airbnb.es/rooms/921596832669859047
Madrid,Carabanchel,1528243977441060535,2026-06-01,Apartamento en Madrid,131.0,4.0,1.0,2.0,1.0,5.0,11.0,https://www.airbnb.es/rooms/1528243977441060535
Madrid,Carabanchel,1512285756050278380,2026-06-01,Alojamiento en Tetuán,60.0,2.0,1.0,1.0,3.0,4.61,46.0,https://www.airbnb.es/rooms/1512285756050278380
Madrid,Carabanchel,10676283,2026-06-01,Apartamento en Sol,210.0,6.0,2.0,3.0,1.0,4.62,778.0,https://www.airbnb.es/rooms/10676283
Madrid,Carabanchel,1292766085510805414,2026-06-01,Apartamento en Usera,149.0,4.0,1.0,2.0,1.0,4.53,36.0,https://www.airbnb.es/rooms/1292766085510805414
Madrid,Carabanchel,1466022961369749060,2026-06-01,Habitación en Hortaleza,60.0,,,1.0,,4.5,76.0,https://www.airbnb.es/rooms/1466022961369749060
Madrid,Carabanchel,47959830,2026-06-01,Apartamento en Gran Vía,113.0,2.0,1.0,1.0,1.0,4.5,50.0,https://www.airbnb.es/rooms/47959830
Madrid,Carabanchel,1198405789318912782,2026-06-01,Hotel en Madrid,109.0,2.0,1.0,1.0,1.0,4.79,14.0,https://www.airbnb.es/rooms/1198405789318912782
Madrid,Carabanchel,22984725,2026-06-01,Habitación en Sol,81.0,,,3.0,,4.72,53.0,https://www.airbnb.es/rooms/22984725
Madrid,Carabanchel,1512225909580465102,2026-06-01,Alojamiento en Tetuán,50.0,1.0,1.0,1.0,3.0,4.56,41.0,https://www.airbnb.es/rooms/1512225909580465102
Madrid,Usera,1106005671443436276,2026-06-01,Alojamiento en Usera,38.0,,,1.0,,4.82,217.0,https://www.airbnb.es/rooms/1106005671443436276
Madrid,Usera,982577325821347767,2026-06-01,Habitación en Usera,39.0,,,1.0,,4.84,285.0,https://www.airbnb.es/rooms/982577325821347767
Madrid,Usera,1670203374952453570,2026-06-01,Alojamiento en Madrid,34.0,1.0,1.0,1.0,1.0,,,https://www.airbnb.es/rooms/1670203374952453570
Madrid,Usera,1213841192465478904,2026-06-01,Apartamento en Usera,91.0,4.0,2.0,2.0,1.0,4.53,34.0,https://www.airbnb.es/rooms/1213841192465478904
Madrid,Usera,1191437981226770621,2026-06-01,Habitaciones en Usera,38.0,,2.0,1.0,,4.86,42.0,https://www.airbnb.es/rooms/1191437981226770621
Madrid,Usera,21158218,2026-06-01,Habitación en Usera,53.0,,,1.0,,4.59,191.0,https://www.airbnb.es/rooms/21158218
Madrid,Usera,1398612962508089420,2026-06-01,Apartamento en Usera,109.0,2.0,1.0,1.0,1.0,4.74,82.0,https://www.airbnb.es/rooms/1398612962508089420
Madrid,Usera,1605996623385178146,2026-06-01,Apartamento en Madrid,219.0,4.0,1.0,2.0,1.0,4.82,11.0,https://www.airbnb.es/rooms/1605996623385178146
Madrid,Usera,1338973125565744182,2026-06-01,Habitación de hotel compartida en Arganzuela,27.0,,,,2.0,4.69,787.0,https://www.airbnb.es/rooms/1338973125565744182
Madrid,Usera,921046742132973689,2026-06-01,Apartamento en Usera,268.0,4.0,1.0,2.0,1.0,4.83,105.0,https://www.airbnb.es/rooms/921046742132973689
Madrid,Usera,840048123938851575,2026-06-01,Habitación en Usera,122.0,,,1.0,,4.75,72.0,https://www.airbnb.es/rooms/840048123938851575
Madrid,Usera,957277992369981935,2026-06-01,Alojamiento en Usera,36.0,1.0,1.0,1.0,1.0,4.81,73.0,https://www.airbnb.es/rooms/957277992369981935
Madrid,Usera,908378309682575667,2026-06-01,Apartamento en Usera,250.0,2.0,1.0,2.0,1.0,4.78,97.0,https://www.airbnb.es/rooms/908378309682575667
Madrid,Usera,1667309265981825934,2026-06-01,Apartamento en Madrid,164.0,6.0,3.0,4.0,1.0,,,https://www.airbnb.es/rooms/1667309265981825934
Madrid,Usera,1593325982733082577,2026-06-01,Apartamento en Madrid,71.0,2.0,1.0,1.0,1.0,4.33,21.0,https://www.airbnb.es/rooms/1593325982733082577
Madrid,Usera,22225748,2026-06-01,Habitación en Usera,45.0,,,1.0,,4.85,434.0,https://www.airbnb.es/rooms/22225748
Madrid,Usera,1187346940116587429,2026-06-01,Habitación en Madrid,57.0,,,2.0,,4.95,92.0,https://www.airbnb.es/rooms/1187346940116587429
Madrid,Usera,1292766085510805414,2026-06-01,Apartamento en Usera,149.0,4.0,1.0,2.0,1.0,4.53,36.0,https://www.airbnb.es/rooms/1292766085510805414
Madrid,Usera,1064377409157116477,2026-06-01,Habitaciones en Usera,47.0,,4.0,1.0,,4.59,44.0,https://www.airbnb.es/rooms/1064377409157116477
Madrid,Usera,1488070290467498745,2026-06-01,Apartamento en Usera,144.0,6.0,2.0,3.0,1.0,4.83,6.0,https://www.airbnb.es/rooms/1488070290467498745
Madrid,Usera,1493478575947715942,2026-06-01,Alojamiento en Usera,64.0,2.0,1.0,1.0,1.0,,,https://www.airbnb.es/rooms/1493478575947715942
Madrid,Usera,18016295,2026-06-01,Habitación en Usera,59.0,,,1.0,,4.83,312.0,https://www.airbnb.es/rooms/18016295
Madrid,Usera,1065154081605836215,2026-06-01,Casa de invitados en Usera,63.0,2.0,1.0,2.0,1.0,4.03,33.0,https://www.airbnb.es/rooms/1065154081605836215
Madrid,Usera,954142566731605385,2026-06-01,Alojamiento en Usera,81.0,4.0,1.0,3.0,,4.88,57.0,https://www.airbnb.es/rooms/954142566731605385
Madrid,Usera,709327134454429897,2026-06-01,Habitación en San Cristóbal,29.0,,,1.0,,4.66,271.0,https://www.airbnb.es/rooms/709327134454429897
Madrid,Usera,1106581922386027292,2026-06-01,Apartamento en Puente de Vallecas,96.0,2.0,1.0,1.0,1.0,4.7,56.0,https://www.airbnb.es/rooms/1106581922386027292
Madrid,Usera,1349196106122539187,2026-06-01,Apartamento en Madrid,70.0,2.0,,1.0,1.0,4.5,46.0,https://www.airbnb.es/rooms/1349196106122539187
Madrid,Usera,1357477953481569144,2026-06-01,Habitación en Madrid,32.0,,,1.0,,4.82,113.0,https://www.airbnb.es/rooms/1357477953481569144
Madrid,Usera,921596832669859047,2026-06-01,Apartamento en Usera,190.0,6.0,3.0,4.0,1.0,4.79,97.0,https://www.airbnb.es/rooms/921596832669859047
Madrid,Usera,914057,2026-06-01,Habitación en Puente de Vallecas,30.0,,,2.0,,4.88,345.0,https://www.airbnb.es/rooms/914057
Madrid,Usera,31505010,2026-06-01,Habitación en Madrid,29.0,,,1.0,,4.8,360.0,https://www.airbnb.es/rooms/31505010
Madrid,Usera,1340376110053785468,2026-06-01,easyHotel Madrid Alcala,83.0,,,,,4.74,1189.0,https://www.airbnb.es/rooms/1340376110053785468
Madrid,Usera,1151975378636983500,2026-06-01,Vincci Capitol,270.0,,,,,4.71,7.0,https://www.airbnb.es/rooms/1151975378636983500
Madrid,Usera,1558001589726044179,2026-06-01,Hotel Acta Pirámides,163.0,,,,,4.82,28.0,https://www.airbnb.es/rooms/1558001589726044179
Madrid,Usera,1548364732773397400,2026-06-01,Sercotel Togumar,129.0,,,,,4.7,40.0,https://www.airbnb.es/rooms/1548364732773397400
Madrid,Usera,1486125837835237307,2026-06-01,Hotel Suites Feria de Madrid,109.0,,,,,4.84,178.0,https://www.airbnb.es/rooms/1486125837835237307
Madrid,Usera,1574502210259408768,2026-06-01,Hotel Acta Madfor,164.0,,,,,4.62,47.0,https://www.airbnb.es/rooms/1574502210259408768
Madrid,Usera,1594902380071464129,2026-06-01,Welco Valdebebas,133.0,,,,,4.79,187.0,https://www.airbnb.es/rooms/1594902380071464129
Madrid,Usera,1513716274577759902,2026-06-01,Inhala Hotel Garden,191.0,,,,,4.61,144.0,https://www.airbnb.es/rooms/1513716274577759902
Madrid,Usera,1638314870111458557,2026-06-01,Sercotel Alcalá 611,147.0,,,,,4.78,23.0,https://www.airbnb.es/rooms/1638314870111458557
Madrid,Usera,1578153666639460768,2026-06-01,Hotel 1881 Madrid Ventas,135.0,,,,,5.0,6.0,https://www.airbnb.es/rooms/1578153666639460768
Madrid,Usera,23674803,2026-06-01,Loft en Arganzuela,113.0,3.0,1.0,3.0,1.0,4.7,852.0,https://www.airbnb.es/rooms/23674803
Madrid,Usera,1371079491398504987,2026-06-01,Apartamento en Madrid,159.0,4.0,1.0,2.0,1.0,4.89,19.0,https://www.airbnb.es/rooms/1371079491398504987
Madrid,Usera,882305552846878797,2026-06-01,Habitación en Embajadores,53.0,,,1.0,,4.9,360.0,https://www.airbnb.es/rooms/882305552846878797
Madrid,Usera,1461290291734415238,2026-06-01,Habitación en Sol,25.0,,,1.0,,4.64,84.0,https://www.airbnb.es/rooms/1461290291734415238
Madrid,Usera,17166723,2026-06-01,Habitación en Salamanca,53.0,,,1.0,,4.89,620.0,https://www.airbnb.es/rooms/17166723
Madrid,Usera,1446543994856224294,2026-06-01,Apartamento en Usera,94.0,2.0,1.0,1.0,1.0,4.36,61.0,https://www.airbnb.es/rooms/1446543994856224294
Madrid,Usera,1066713129972958713,2026-06-01,Apartamento en Usera,129.0,4.0,2.0,3.0,1.0,4.72,162.0,https://www.airbnb.es/rooms/1066713129972958713
Madrid,Usera,1106580286129900744,2026-06-01,Apartamento en Puente de Vallecas,96.0,2.0,1.0,1.0,1.0,4.72,36.0,https://www.airbnb.es/rooms/1106580286129900744
Madrid,Usera,1658209631455324799,2026-06-01,Apartamento en Madrid,187.0,4.0,3.0,3.0,2.0,5.0,4.0,https://www.airbnb.es/rooms/1658209631455324799
Madrid,Usera,820881063737375856,2026-06-01,Apartamento en Puente de Vallecas,116.0,3.0,2.0,2.0,1.0,4.92,181.0,https://www.airbnb.es/rooms/820881063737375856
Madrid,Usera,1393742005709570725,2026-06-01,Apartamento en Usera,99.0,2.0,1.0,1.0,1.0,4.27,70.0,https://www.airbnb.es/rooms/1393742005709570725
Madrid,Usera,46416127,2026-06-01,Habitación compartida en Madrid,43.0,,,,2.0,4.82,1386.0,https://www.airbnb.es/rooms/46416127
Madrid,Usera,970201844572404654,2026-06-01,Apartamento en Vista Alegre,88.0,4.0,1.0,1.0,1.0,4.19,93.0,https://www.airbnb.es/rooms/970201844572404654
Madrid,Usera,820879352630849982,2026-06-01,Habitación en Usera,64.0,,,2.0,,4.89,111.0,https://www.airbnb.es/rooms/820879352630849982
Madrid,Usera,1381317911859805586,2026-06-01,Casa de invitados en Usera,83.0,2.0,,1.0,1.0,4.22,90.0,https://www.airbnb.es/rooms/1381317911859805586
Madrid,Usera,1039103666621686080,2026-06-01,Apartamento en Usera,148.0,6.0,2.0,3.0,1.0,4.44,32.0,https://www.airbnb.es/rooms/1039103666621686080
Madrid,Usera,1678407386515195299,2026-06-01,Casa de invitados en Madrid,45.0,2.0,1.0,1.0,2.0,,,https://www.airbnb.es/rooms/1678407386515195299
Madrid,Usera,1065153919351159473,2026-06-01,Casa de invitados en Usera,63.0,2.0,1.0,1.0,1.0,3.92,12.0,https://www.airbnb.es/rooms/1065153919351159473
Madrid,Usera,1339805513555889554,2026-06-01,Habitación en Madrid,41.0,,,2.0,,4.91,208.0,https://www.airbnb.es/rooms/1339805513555889554
Madrid,Usera,37444466,2026-06-01,Habitación en Puente de Vallecas,56.0,,,1.0,,4.88,320.0,https://www.airbnb.es/rooms/37444466
Madrid,Usera,1038337779193919072,2026-06-01,Apartamento en Usera,148.0,6.0,2.0,2.0,1.0,4.42,26.0,https://www.airbnb.es/rooms/1038337779193919072
Madrid,Usera,36924333,2026-06-01,Habitación en Usera,79.0,,,3.0,,4.48,222.0,https://www.airbnb.es/rooms/36924333
Madrid,Usera,1242677685438952483,2026-06-01,Apartamento en Cuatro Caminos,82.0,2.0,1.0,1.0,1.0,4.44,112.0,https://www.airbnb.es/rooms/1242677685438952483
Madrid,Usera,1545631158724855253,2026-06-01,Apartamento en Madrid,88.0,2.0,1.0,1.0,1.0,4.06,17.0,https://www.airbnb.es/rooms/1545631158724855253
Madrid,Usera,1138351147330962769,2026-06-01,Habitación en Puente de Vallecas,56.0,,,1.0,,4.84,199.0,https://www.airbnb.es/rooms/1138351147330962769
Madrid,Usera,1447013443717309222,2026-06-01,Habitación en Sol,55.0,,,1.0,,4.46,105.0,https://www.airbnb.es/rooms/1447013443717309222
Madrid,Usera,1201290113798216032,2026-06-01,Apartamento en Usera,135.0,2.0,,1.0,1.0,4.59,49.0,https://www.airbnb.es/rooms/1201290113798216032
Madrid,Usera,21923038,2026-06-01,Apartamento en Madrid,118.0,5.0,1.0,3.0,1.0,4.66,258.0,https://www.airbnb.es/rooms/21923038
Madrid,Usera,1640013023211391833,2026-06-01,Apartamento en Madrid,118.0,4.0,1.0,2.0,1.0,4.53,15.0,https://www.airbnb.es/rooms/1640013023211391833
Madrid,Usera,1132338120957858091,2026-06-01,Apartamento en Madrid,144.0,4.0,1.0,2.0,1.0,4.68,121.0,https://www.airbnb.es/rooms/1132338120957858091
Madrid,Usera,992736500979911194,2026-06-01,Habitación en Madrid,61.0,,,1.0,,4.75,151.0,https://www.airbnb.es/rooms/992736500979911194
Madrid,Usera,902810630153262672,2026-06-01,Habitación en Madrid,53.0,,,1.0,,4.85,227.0,https://www.airbnb.es/rooms/902810630153262672
Madrid,Usera,1371081588665629412,2026-06-01,Apartamento en Madrid,160.0,4.0,1.0,2.0,1.0,4.81,31.0,https://www.airbnb.es/rooms/1371081588665629412
Madrid,Usera,1625308457746976629,2026-06-01,Apartamento en Madrid,62.0,2.0,1.0,1.0,1.0,4.61,18.0,https://www.airbnb.es/rooms/1625308457746976629
Madrid,Usera,1552943804398189739,2026-06-01,Habitación compartida en Madrid,26.0,,,1.0,,4.69,62.0,https://www.airbnb.es/rooms/1552943804398189739
Madrid,Usera,1548734407324873332,2026-06-01,Alojamiento en Madrid,53.0,2.0,1.0,1.0,1.0,4.91,22.0,https://www.airbnb.es/rooms/1548734407324873332
Madrid,Usera,1679879417196305125,2026-06-01,Apartamento en Madrid,164.0,6.0,2.0,2.0,1.0,,,https://www.airbnb.es/rooms/1679879417196305125
Madrid,Usera,26771360,2026-06-01,Habitación en Madrid,53.0,,,1.0,,4.77,639.0,https://www.airbnb.es/rooms/26771360
Madrid,Usera,1181124454279980679,2026-06-01,Apartamento en Madrid,133.0,4.0,1.0,2.0,1.0,4.57,108.0,https://www.airbnb.es/rooms/1181124454279980679
Madrid,Usera,853739035682361011,2026-06-01,Apartamento en Madrid,100.0,2.0,1.0,1.0,1.0,4.56,346.0,https://www.airbnb.es/rooms/853739035682361011
Madrid,Usera,1683195903446863431,2026-06-01,Alojamiento en Leganés,75.0,2.0,1.0,3.0,1.0,,,https://www.airbnb.es/rooms/1683195903446863431
Madrid,Usera,1592832526294704227,2026-06-01,Apartamento en Madrid,94.0,2.0,1.0,1.0,1.0,4.46,24.0,https://www.airbnb.es/rooms/1592832526294704227
Madrid,Usera,1524902595804100653,2026-06-01,Apartamento en Madrid,141.0,2.0,,1.0,1.0,4.96,46.0,https://www.airbnb.es/rooms/1524902595804100653
Madrid,Usera,44697269,2026-06-01,Bed & breakfast en Madrid,101.0,2.0,1.0,1.0,1.0,4.84,980.0,https://www.airbnb.es/rooms/44697269
Madrid,Usera,1371070903719842435,2026-06-01,Apartamento en Madrid,175.0,4.0,1.0,2.0,1.0,4.83,29.0,https://www.airbnb.es/rooms/1371070903719842435
Madrid,Usera,47280629,2026-06-01,Loft en Madrid,121.0,3.0,,3.0,1.0,4.69,543.0,https://www.airbnb.es/rooms/47280629
Madrid,Usera,1668030304373875893,2026-06-01,Alojamiento en Madrid,45.0,2.0,1.0,1.0,1.0,3.0,3.0,https://www.airbnb.es/rooms/1668030304373875893
Madrid,Usera,645352260145108648,2026-06-01,Apartamento en Madrid,129.0,2.0,1.0,2.0,1.0,4.91,449.0,https://www.airbnb.es/rooms/645352260145108648
Madrid,Usera,795405693750606575,2026-06-01,Habitación en Ventas,30.0,,,1.0,,4.64,389.0,https://www.airbnb.es/rooms/795405693750606575
Madrid,Usera,1142050300938848764,2026-06-01,Apartamento en Embajadores,90.0,4.0,2.0,2.0,1.0,4.54,48.0,https://www.airbnb.es/rooms/1142050300938848764
Madrid,Usera,16300009,2026-06-01,Apartamento en Madrid,94.0,3.0,1.0,3.0,1.0,4.75,32.0,https://www.airbnb.es/rooms/16300009
Madrid,Usera,1511521967672905695,2026-06-01,Apartamento en Madrid,134.0,2.0,1.0,1.0,1.0,4.78,18.0,https://www.airbnb.es/rooms/1511521967672905695
Madrid,Usera,1563641069355474962,2026-06-01,Apartamento en Madrid,93.0,4.0,,1.0,1.0,,,https://www.airbnb.es/rooms/1563641069355474962
Madrid,Usera,1208550686266104086,2026-06-01,Habitación en Puente de Vallecas,65.0,,,2.0,,4.88,89.0,https://www.airbnb.es/rooms/1208550686266104086
Madrid,Usera,1472247368252946528,2026-06-01,Alojamiento en Estación de Puerta del Ángel,49.0,2.0,1.0,1.0,1.0,4.64,44.0,https://www.airbnb.es/rooms/1472247368252946528
Madrid,Usera,6827442,2026-06-01,Habitación en Madrid,86.0,,,1.0,,4.96,653.0,https://www.airbnb.es/rooms/6827442
Madrid,Usera,1679049635517436561,2026-06-01,Alojamiento en Madrid,65.0,1.0,1.0,1.0,1.0,,,https://www.airbnb.es/rooms/1679049635517436561
Madrid,Usera,1371073764016802428,2026-06-01,Apartamento en Madrid,167.0,2.0,1.0,1.0,1.0,4.92,13.0,https://www.airbnb.es/rooms/1371073764016802428
Madrid,Usera,1199047735711626678,2026-06-01,Apartamento en Arganzuela,133.0,4.0,1.0,2.0,1.0,4.49,96.0,https://www.airbnb.es/rooms/1199047735711626678
Madrid,Usera,1485479169831506548,2026-06-01,Apartamento en Hortaleza,103.0,2.0,1.0,1.0,0.0,4.79,730.0,https://www.airbnb.es/rooms/1485479169831506548
Madrid,Usera,908786992979930521,2026-06-01,Alojamiento en Madrid,34.0,1.0,1.0,1.0,1.0,4.65,40.0,https://www.airbnb.es/rooms/908786992979930521
Madrid,Usera,644962710503905533,2026-06-01,Apartamento en Madrid,125.0,2.0,1.0,2.0,1.0,4.91,473.0,https://www.airbnb.es/rooms/644962710503905533
Madrid,Usera,1652994921110322087,2026-06-01,Apartamento en Madrid,89.0,4.0,1.0,2.0,1.0,5.0,9.0,https://www.airbnb.es/rooms/1652994921110322087
Madrid,Usera,44328380,2026-06-01,Apartamento en Madrid,129.0,2.0,,1.0,1.0,4.83,366.0,https://www.airbnb.es/rooms/44328380
Madrid,Usera,1660463899128150046,2026-06-01,Alojamiento en Madrid,37.0,1.0,1.0,1.0,1.0,,,https://www.airbnb.es/rooms/1660463899128150046
Madrid,Usera,1424491930901399062,2026-06-01,Apartamento en Madrid,136.0,3.0,1.0,1.0,1.0,4.82,83.0,https://www.airbnb.es/rooms/1424491930901399062
Madrid,Usera,1136035927061531038,2026-06-01,Habitación compartida en Madrid,31.0,,,14.0,,4.85,462.0,https://www.airbnb.es/rooms/1136035927061531038
Madrid,Usera,1665180061563867382,2026-06-01,Apartamento en Madrid,121.0,2.0,1.0,1.0,1.0,,,https://www.airbnb.es/rooms/1665180061563867382
Madrid,Usera,1202285360546850589,2026-06-01,Habitación en Ensanche de Vallecas,37.0,,,1.0,,4.8,44.0,https://www.airbnb.es/rooms/1202285360546850589
Madrid,Usera,1593375348588843991,2026-06-01,Apartamento en Madrid,93.0,2.0,1.0,1.0,1.0,4.55,20.0,https://www.airbnb.es/rooms/1593375348588843991
Madrid,Usera,51558636,2026-06-01,Habitación compartida en Madrid,37.0,,,,,4.8,1306.0,https://www.airbnb.es/rooms/51558636
Madrid,Usera,979955278080859390,2026-06-01,Apartamento en Madrid,88.0,3.0,,2.0,1.0,4.89,38.0,https://www.airbnb.es/rooms/979955278080859390
Madrid,Usera,1549321306621134078,2026-06-01,Hostal en Madrid,73.0,2.0,,1.0,1.0,4.94,18.0,https://www.airbnb.es/rooms/1549321306621134078
Madrid,Usera,924532544626967749,2026-06-01,Habitación compartida en Atocha,33.0,,,,,4.82,22.0,https://www.airbnb.es/rooms/924532544626967749
Madrid,Usera,1026991865595731242,2026-06-01,Apartamento en Madrid,123.0,2.0,1.0,1.0,1.0,4.7,128.0,https://www.airbnb.es/rooms/1026991865595731242
Madrid,Usera,1239151946923493544,2026-06-01,Alojamiento en Usera,56.0,2.0,1.0,2.0,1.0,4.75,48.0,https://www.airbnb.es/rooms/1239151946923493544
Madrid,Usera,761261866476528079,2026-06-01,Habitaciones en Simancas,33.0,,2.0,1.0,,4.78,247.0,https://www.airbnb.es/rooms/761261866476528079
Madrid,Usera,958068264244749440,2026-06-01,Apartamento en Madrid,100.0,3.0,1.0,1.0,1.0,4.3,63.0,https://www.airbnb.es/rooms/958068264244749440
Madrid,Usera,1381028869463724456,2026-06-01,Habitación compartida en Madrid,28.0,,,8.0,,4.71,251.0,https://www.airbnb.es/rooms/1381028869463724456
Madrid,Usera,1131142326389957998,2026-06-01,Apartamento en Arganzuela,144.0,4.0,1.0,2.0,1.0,4.64,90.0,https://www.airbnb.es/rooms/1131142326389957998
Madrid,Usera,1106582222119830136,2026-06-01,Apartamento en Puente de Vallecas,162.0,6.0,2.0,3.0,1.0,4.82,50.0,https://www.airbnb.es/rooms/1106582222119830136
Madrid,Usera,1253538805180397570,2026-06-01,Habitación en Gran Vía,46.0,,,1.0,,4.38,65.0,https://www.airbnb.es/rooms/1253538805180397570
Madrid,Usera,46565987,2026-06-01,Habitación compartida en Madrid,48.0,,,4.0,,4.83,379.0,https://www.airbnb.es/rooms/46565987
Madrid,Usera,1382578240001983116,2026-06-01,Habitación en Madrid,59.0,,,1.0,,4.97,147.0,https://www.airbnb.es/rooms/1382578240001983116
Madrid,Usera,31929550,2026-06-01,Habitación en Gran Vía,81.0,,,2.0,,4.65,132.0,https://www.airbnb.es/rooms/31929550
Madrid,Usera,1638447033670437943,2026-06-01,Apartamento en Madrid,149.0,4.0,1.0,2.0,1.0,5.0,10.0,https://www.airbnb.es/rooms/1638447033670437943
Madrid,Usera,1515884987516028679,2026-06-01,Apartamento en Madrid,177.0,4.0,1.0,2.0,1.0,,,https://www.airbnb.es/rooms/1515884987516028679
Madrid,Usera,44230229,2026-06-01,Habitación en Madrid,47.0,,,1.0,,4.8,440.0,https://www.airbnb.es/rooms/44230229
Madrid,Usera,1131768478034959185,2026-06-01,Apartamento en Atocha,180.0,6.0,2.0,3.0,2.0,4.83,116.0,https://www.airbnb.es/rooms/1131768478034959185
Madrid,Usera,1006474949452112287,2026-06-01,Apartamento en Tetuán,106.0,4.0,,,1.0,4.4,55.0,https://www.airbnb.es/rooms/1006474949452112287
Madrid,Usera,1451673568388520438,2026-06-01,Loft en Villaverde,129.0,3.0,1.0,2.0,1.0,4.95,62.0,https://www.airbnb.es/rooms/1451673568388520438
Madrid,Usera,1202981479518851567,2026-06-01,Apartamento en Embajadores,135.0,4.0,1.0,1.0,1.0,4.6,88.0,https://www.airbnb.es/rooms/1202981479518851567
Madrid,Usera,1545086895820786464,2026-06-01,Alojamiento en Madrid,46.0,2.0,1.0,1.0,0.0,4.53,15.0,https://www.airbnb.es/rooms/1545086895820786464
Madrid,Usera,1391221423206197239,2026-06-01,Habitación en Salamanca,70.0,,,1.0,,4.57,131.0,https://www.airbnb.es/rooms/1391221423206197239
Madrid,Usera,1173829405748540723,2026-06-01,Habitación en Madrid,75.0,,,1.0,,4.54,237.0,https://www.airbnb.es/rooms/1173829405748540723
Madrid,Usera,1613972875213637577,2026-06-01,Apartamento en Madrid,139.0,6.0,,2.0,1.0,4.43,7.0,https://www.airbnb.es/rooms/1613972875213637577
Madrid,Usera,36760070,2026-06-01,Habitación en Latina,44.0,,,1.0,,4.82,238.0,https://www.airbnb.es/rooms/36760070
Madrid,Usera,882759479445807232,2026-06-01,Habitación en Madrid,64.0,,,1.0,,4.77,172.0,https://www.airbnb.es/rooms/882759479445807232
Madrid,Usera,1488189685781371498,2026-06-01,Habitación de hotel compartida en Sol,36.0,,,1.0,,4.71,38.0,https://www.airbnb.es/rooms/1488189685781371498
Madrid,Usera,1471027627217765287,2026-06-01,Habitación de hotel compartida en Argüelles,26.0,,,1.0,,4.18,110.0,https://www.airbnb.es/rooms/1471027627217765287
Madrid,Usera,1167526027706189559,2026-06-01,Apartamento en Arganzuela,133.0,4.0,1.0,2.0,1.0,4.62,125.0,https://www.airbnb.es/rooms/1167526027706189559
Madrid,Usera,1537571099272969419,2026-06-01,Alojamiento en Madrid,70.0,2.0,1.0,1.0,1.0,4.78,77.0,https://www.airbnb.es/rooms/1537571099272969419
Madrid,Usera,1647801033166085592,2026-06-01,Apartamento en Madrid,152.0,4.0,2.0,3.0,1.0,4.8,10.0,https://www.airbnb.es/rooms/1647801033166085592
Madrid,Usera,22985103,2026-06-01,Habitación en Sol,81.0,,,2.0,,4.74,96.0,https://www.airbnb.es/rooms/22985103
Madrid,Usera,1205891725255959023,2026-06-01,Habitación en Usera,88.0,,,2.0,,4.71,73.0,https://www.airbnb.es/rooms/1205891725255959023
Madrid,Usera,1105539859196826108,2026-06-01,Apartamento en Arganzuela,122.0,2.0,1.0,1.0,1.0,4.94,152.0,https://www.airbnb.es/rooms/1105539859196826108
Madrid,Usera,1008829300827407001,2026-06-01,Habitación en Santa Eugenia,40.0,,,3.0,,4.69,261.0,https://www.airbnb.es/rooms/1008829300827407001
Madrid,Usera,758004952449186583,2026-06-01,Apartamento en Madrid,142.0,2.0,1.0,1.0,1.0,4.89,305.0,https://www.airbnb.es/rooms/758004952449186583
Madrid,Usera,617381097035078586,2026-06-01,Habitación en Puente de Vallecas,56.0,,,1.0,,4.77,305.0,https://www.airbnb.es/rooms/617381097035078586
Madrid,Usera,907778347466471297,2026-06-01,Habitación en Madrid,75.0,,,1.0,,4.54,266.0,https://www.airbnb.es/rooms/907778347466471297
Madrid,Usera,1642709010579576351,2026-06-01,Alojamiento en Madrid,70.0,2.0,1.0,1.0,1.0,4.36,22.0,https://www.airbnb.es/rooms/1642709010579576351
Madrid,Usera,950023237737716657,2026-06-01,Apartamento en Madrid,95.0,5.0,1.0,3.0,1.0,4.74,332.0,https://www.airbnb.es/rooms/950023237737716657
Madrid,Usera,1681292570763906245,2026-06-01,Alojamiento en Madrid,41.0,2.0,1.0,1.0,1.0,,,https://www.airbnb.es/rooms/1681292570763906245
Madrid,Usera,1123101037619963484,2026-06-01,Apartamento en Puente de Vallecas,162.0,4.0,2.0,2.0,1.0,4.87,94.0,https://www.airbnb.es/rooms/1123101037619963484
Madrid,Usera,1536338930438960351,2026-06-01,Alojamiento en Madrid,49.0,1.0,1.0,1.0,1.0,4.94,31.0,https://www.airbnb.es/rooms/1536338930438960351
Madrid,Usera,49173577,2026-06-01,Hotel boutique en Madrid,111.0,2.0,1.0,1.0,1.0,4.47,32.0,https://www.airbnb.es/rooms/49173577
Madrid,Usera,1662900862769700613,2026-06-01,Apartamento en Madrid,91.0,1.0,1.0,1.0,1.0,,,https://www.airbnb.es/rooms/1662900862769700613
Madrid,Usera,1564494581796109030,2026-06-01,Apartamento en Madrid,121.0,3.0,1.0,2.0,1.0,4.49,49.0,https://www.airbnb.es/rooms/1564494581796109030
Madrid,Usera,50337762,2026-06-01,Apartamento en Usera,223.0,6.0,2.0,4.0,1.0,4.48,31.0,https://www.airbnb.es/rooms/50337762
Madrid,Usera,1244224576957017794,2026-06-01,Habitación en Madrid,75.0,,,1.0,,4.67,205.0,https://www.airbnb.es/rooms/1244224576957017794
Madrid,Usera,1643581508304888800,2026-06-01,Alojamiento en Madrid,49.0,1.0,1.0,1.0,1.0,4.2,5.0,https://www.airbnb.es/rooms/1643581508304888800
Madrid,Usera,1642693547012324783,2026-06-01,Alojamiento en Madrid,70.0,2.0,1.0,1.0,1.0,4.43,14.0,https://www.airbnb.es/rooms/1642693547012324783
Madrid,Usera,1547360413246918602,2026-06-01,Apartamento en Madrid,94.0,2.0,1.0,1.0,1.0,4.44,9.0,https://www.airbnb.es/rooms/1547360413246918602
Madrid,Usera,1555862842887425769,2026-06-01,Apartamento en Madrid,115.0,2.0,1.0,1.0,1.0,5.0,22.0,https://www.airbnb.es/rooms/1555862842887425769
Madrid,Usera,1228012202527297844,2026-06-01,Apartamento en Madrid,167.0,6.0,2.0,4.0,1.0,4.89,9.0,https://www.airbnb.es/rooms/1228012202527297844
Madrid,Usera,1571672732512548331,2026-06-01,Apartamento en Madrid,120.0,3.0,1.0,2.0,1.0,4.69,16.0,https://www.airbnb.es/rooms/1571672732512548331
Madrid,Usera,645326923050932776,2026-06-01,Apartamento en Madrid,147.0,2.0,1.0,2.0,1.0,4.93,454.0,https://www.airbnb.es/rooms/645326923050932776
Madrid,Usera,34767374,2026-06-01,Habitación en Chamartín,61.0,,,1.0,,4.91,191.0,https://www.airbnb.es/rooms/34767374
Madrid,Usera,553641883859735849,2026-06-01,Apto. residencial en Madrid,158.0,4.0,1.0,3.0,1.0,4.81,238.0,https://www.airbnb.es/rooms/553641883859735849
Madrid,Usera,1589882956823328975,2026-06-01,Apartamento en Madrid,108.0,4.0,1.0,1.0,1.0,4.56,16.0,https://www.airbnb.es/rooms/1589882956823328975
Madrid,Usera,49238337,2026-06-01,Hotel boutique en Madrid,132.0,3.0,2.0,3.0,1.0,4.74,54.0,https://www.airbnb.es/rooms/49238337
Madrid,Usera,1640492759096705085,2026-06-01,Habitación en Madrid,84.0,,,1.0,,4.67,3.0,https://www.airbnb.es/rooms/1640492759096705085
Madrid,Usera,1436318414981713048,2026-06-01,Habitación en Puente de Vallecas,59.0,,,1.0,,4.82,39.0,https://www.airbnb.es/rooms/1436318414981713048
Madrid,Usera,1670340481431190104,2026-06-01,Alojamiento en Madrid,61.0,2.0,1.0,1.0,1.0,,,https://www.airbnb.es/rooms/1670340481431190104
Madrid,Usera,1549298958628187967,2026-06-01,Hostal en Madrid,86.0,2.0,1.0,1.0,1.0,4.93,46.0,https://www.airbnb.es/rooms/1549298958628187967
Madrid,Usera,1523114081339180264,2026-06-01,Alojamiento en Madrid,70.0,2.0,1.0,1.0,2.0,4.54,59.0,https://www.airbnb.es/rooms/1523114081339180264
Madrid,Usera,1549330908681234871,2026-06-01,Hostal en Madrid,73.0,2.0,1.0,1.0,0.0,4.86,35.0,https://www.airbnb.es/rooms/1549330908681234871
Madrid,Usera,1654937527056601913,2026-06-01,Apartamento en Madrid,94.0,2.0,1.0,1.0,1.0,,,https://www.airbnb.es/rooms/1654937527056601913
Madrid,Usera,730406034031219972,2026-06-01,Habitación en Latina,52.0,,,1.0,,4.81,159.0,https://www.airbnb.es/rooms/730406034031219972
Madrid,Usera,1410706900579981710,2026-06-01,Habitación compartida en Cuatro Caminos,23.0,,,1.0,,4.85,13.0,https://www.airbnb.es/rooms/1410706900579981710
Madrid,Usera,795028440067994497,2026-06-01,Habitación en Los Ángeles,39.0,,,,,4.89,73.0,https://www.airbnb.es/rooms/795028440067994497
Madrid,Usera,1562386820687585168,2026-06-01,Habitación compartida en Madrid,30.0,,,1.0,,4.63,142.0,https://www.airbnb.es/rooms/1562386820687585168
Madrid,Usera,1642711625979955102,2026-06-01,Alojamiento en Madrid,70.0,2.0,1.0,1.0,1.0,3.88,17.0,https://www.airbnb.es/rooms/1642711625979955102
Madrid,Usera,1016443633879357802,2026-06-01,Apartamento en Sol,195.0,5.0,2.0,4.0,1.0,4.83,159.0,https://www.airbnb.es/rooms/1016443633879357802
Madrid,Usera,1651337218922242683,2026-06-01,Alojamiento en Madrid,73.0,2.0,1.0,1.0,1.0,,,https://www.airbnb.es/rooms/1651337218922242683
Madrid,Usera,1237009849487604189,2026-06-01,Habitación en Madrid,59.0,,,1.0,,4.89,276.0,https://www.airbnb.es/rooms/1237009849487604189
Madrid,Usera,907888221198200660,2026-06-01,Habitación en Madrid,75.0,,,1.0,,4.6,253.0,https://www.airbnb.es/rooms/907888221198200660
Madrid,Usera,1542978383459057260,2026-06-01,Apartamento en Madrid,163.0,4.0,1.0,2.0,1.0,4.71,63.0,https://www.airbnb.es/rooms/1542978383459057260
Madrid,Usera,1463784194161638134,2026-06-01,Habitación en Hortaleza,55.0,,,1.0,,4.51,65.0,https://www.airbnb.es/rooms/1463784194161638134
Madrid,Usera,1549336735254432699,2026-06-01,Hostal en Madrid,73.0,1.0,1.0,1.0,1.0,5.0,10.0,https://www.airbnb.es/rooms/1549336735254432699
Madrid,Usera,22985266,2026-06-01,Habitación en Sol,81.0,,,2.0,,4.71,104.0,https://www.airbnb.es/rooms/22985266
Madrid,Usera,1424672658983187485,2026-06-01,Apartamento en Arganzuela,145.0,4.0,1.0,2.0,1.0,4.57,47.0,https://www.airbnb.es/rooms/1424672658983187485
Madrid,Usera,989843259462476442,2026-06-01,Apartamento en Estación de Puerta del Ángel,147.0,4.0,2.0,2.0,1.0,4.48,29.0,https://www.airbnb.es/rooms/989843259462476442
Madrid,Usera,1635818116982589398,2026-06-01,Alojamiento en Madrid,51.0,1.0,1.0,1.0,1.0,4.73,11.0,https://www.airbnb.es/rooms/1635818116982589398
Madrid,Usera,1650002781422647187,2026-06-01,Apartamento en Madrid,112.0,3.0,1.0,1.0,1.0,4.89,9.0,https://www.airbnb.es/rooms/1650002781422647187
Madrid,Usera,1233350870027135262,2026-06-01,Habitación en Simancas,44.0,,,1.0,,4.76,192.0,https://www.airbnb.es/rooms/1233350870027135262
Madrid,Usera,1441823446092132988,2026-06-01,Apartamento en Sol,137.0,2.0,1.0,1.0,1.0,4.8,49.0,https://www.airbnb.es/rooms/1441823446092132988
Madrid,Usera,1322567264800622761,2026-06-01,Habitación de hotel compartida en Cuatro Caminos,23.0,,,15.0,3.0,4.56,105.0,https://www.airbnb.es/rooms/1322567264800622761
Madrid,Usera,1531782176675910994,2026-06-01,Alojamiento en Madrid,70.0,2.0,1.0,1.0,2.0,4.35,46.0,https://www.airbnb.es/rooms/1531782176675910994
Madrid,Usera,1381007980046165384,2026-06-01,Habitación de hotel compartida en Madrid,35.0,,,12.0,,4.89,72.0,https://www.airbnb.es/rooms/1381007980046165384
Madrid,Usera,1080925151754759220,2026-06-01,Apartamento en Madrid,159.0,3.0,1.0,2.0,1.0,4.68,136.0,https://www.airbnb.es/rooms/1080925151754759220
Madrid,Usera,1362294249473405797,2026-06-01,Apartamento en Retiro,128.0,2.0,1.0,1.0,1.0,4.54,24.0,https://www.airbnb.es/rooms/1362294249473405797
Madrid,Usera,1424490638677457802,2026-06-01,Apartamento en Madrid,148.0,3.0,1.0,1.0,1.0,4.71,14.0,https://www.airbnb.es/rooms/1424490638677457802
Madrid,Usera,1629752859851582303,2026-06-01,Suite con entrada independiente en Madrid,139.0,2.0,1.0,1.0,1.0,4.88,17.0,https://www.airbnb.es/rooms/1629752859851582303
Madrid,Usera,19112582,2026-06-01,Habitación en Chamartín,88.0,,,1.0,,4.91,365.0,https://www.airbnb.es/rooms/19112582
Madrid,Usera,1223028650171340325,2026-06-01,Apartamento en Arganzuela,139.0,2.0,1.0,1.0,1.0,4.91,204.0,https://www.airbnb.es/rooms/1223028650171340325
Madrid,Usera,1435338155897404989,2026-06-01,Apartamento en Sol,147.0,4.0,1.0,2.0,1.0,,,https://www.airbnb.es/rooms/1435338155897404989
Madrid,Usera,1264331307430968279,2026-06-01,Habitación en Vista Alegre,65.0,,,1.0,,4.84,62.0,https://www.airbnb.es/rooms/1264331307430968279
Madrid,Usera,1648626332453926946,2026-06-01,Apartamento en Madrid,122.0,2.0,1.0,1.0,1.0,4.83,6.0,https://www.airbnb.es/rooms/1648626332453926946
Madrid,Usera,1472363648622040333,2026-06-01,Apartamento en Puente de Vallecas,128.0,3.0,1.0,1.0,1.0,4.64,55.0,https://www.airbnb.es/rooms/1472363648622040333
Madrid,Usera,1374572430844210862,2026-06-01,Apartamento en Chamberí,135.0,3.0,1.0,2.0,1.0,4.91,92.0,https://www.airbnb.es/rooms/1374572430844210862
Madrid,Usera,1642705062049956783,2026-06-01,Alojamiento en Madrid,70.0,1.0,1.0,1.0,1.0,4.5,6.0,https://www.airbnb.es/rooms/1642705062049956783
Madrid,Usera,18146906,2026-06-01,Loft en Atocha,139.0,4.0,1.0,2.0,1.0,4.68,294.0,https://www.airbnb.es/rooms/18146906
Madrid,Usera,1270940850149559440,2026-06-01,Apartamento en Puente de Vallecas,116.0,2.0,1.0,1.0,1.0,4.47,15.0,https://www.airbnb.es/rooms/1270940850149559440
Madrid,Usera,1371076877261460055,2026-06-01,Apartamento en Madrid,172.0,4.0,1.0,3.0,1.0,4.67,6.0,https://www.airbnb.es/rooms/1371076877261460055
Madrid,Usera,867240806228932831,2026-06-01,Apartamento en Embajadores,173.0,4.0,1.0,2.0,1.0,4.65,31.0,https://www.airbnb.es/rooms/867240806228932831
Madrid,Usera,1106580452746571461,2026-06-01,Apartamento en Puente de Vallecas,144.0,4.0,2.0,2.0,1.0,4.68,31.0,https://www.airbnb.es/rooms/1106580452746571461
Madrid,Usera,1114941310995216975,2026-06-01,Apartamento en Puente de Vallecas,162.0,6.0,2.0,3.0,1.0,4.48,21.0,https://www.airbnb.es/rooms/1114941310995216975
Madrid,Usera,1643516025791993784,2026-06-01,Apartamento en Madrid,128.0,4.0,1.0,2.0,1.0,5.0,6.0,https://www.airbnb.es/rooms/1643516025791993784
Madrid,Usera,1480811662530349063,2026-06-01,Apartamento en Plaza Mayor,175.0,3.0,1.0,1.0,1.0,4.75,81.0,https://www.airbnb.es/rooms/1480811662530349063
Madrid,Usera,1657873362560487022,2026-06-01,Hostal en Madrid,120.0,2.0,1.0,1.0,1.0,5.0,3.0,https://www.airbnb.es/rooms/1657873362560487022
Madrid,Usera,1391236645904621007,2026-06-01,Habitación en Salamanca,90.0,,,1.0,,4.73,112.0,https://www.airbnb.es/rooms/1391236645904621007
Madrid,Usera,811527387619841941,2026-06-01,Apartamento en Madrid,207.0,6.0,2.0,4.0,2.0,4.86,174.0,https://www.airbnb.es/rooms/811527387619841941
Madrid,Usera,587016498753826181,2026-06-01,Loft en Sol,160.0,4.0,1.0,2.0,1.0,4.66,236.0,https://www.airbnb.es/rooms/587016498753826181
Madrid,Usera,725775654247275393,2026-06-01,Hostal en Sol,120.0,2.0,1.0,1.0,1.0,4.8,346.0,https://www.airbnb.es/rooms/725775654247275393
Madrid,Usera,718045039094139137,2026-06-01,Apartamento en Arganzuela,131.0,2.0,1.0,2.0,1.0,4.64,323.0,https://www.airbnb.es/rooms/718045039094139137
Madrid,Usera,1148282994057847547,2026-06-01,Habitación en Madrid,75.0,,,1.0,,4.68,219.0,https://www.airbnb.es/rooms/1148282994057847547
Madrid,Usera,1553020093296972429,2026-06-01,Alojamiento en Madrid,75.0,2.0,1.0,1.0,2.0,4.36,59.0,https://www.airbnb.es/rooms/1553020093296972429
Madrid,Usera,862945987642116253,2026-06-01,Apartamento en Tetuán,86.0,4.0,,1.0,1.0,4.39,61.0,https://www.airbnb.es/rooms/862945987642116253
Madrid,Usera,846101428969678874,2026-06-01,Apartamento en Chamartín,150.0,4.0,1.0,2.0,1.0,4.79,208.0,https://www.airbnb.es/rooms/846101428969678874
Madrid,Usera,1187424312352140777,2026-06-01,Apartamento en Madrid,144.0,3.0,1.0,2.0,1.0,4.86,14.0,https://www.airbnb.es/rooms/1187424312352140777
Madrid,Usera,797752501770055290,2026-06-01,Apartamento en Puente de Vallecas,129.0,4.0,1.0,2.0,1.0,4.84,105.0,https://www.airbnb.es/rooms/797752501770055290
Madrid,Usera,1549332439817137124,2026-06-01,Apartamento en Madrid,88.0,2.0,1.0,1.0,1.0,4.83,18.0,https://www.airbnb.es/rooms/1549332439817137124
Madrid,Usera,1358106560398851535,2026-06-01,Apartamento en Madrid,123.0,3.0,1.0,2.0,1.0,4.46,117.0,https://www.airbnb.es/rooms/1358106560398851535
Madrid,Usera,935927233926803692,2026-06-01,Apartamento en Tetuán,89.0,2.0,1.0,1.0,1.0,4.5,8.0,https://www.airbnb.es/rooms/935927233926803692
Madrid,Usera,1478483543684088263,2026-06-01,Apartamento en Usera,182.0,3.0,,3.0,1.0,4.67,3.0,https://www.airbnb.es/rooms/1478483543684088263
Madrid,Usera,1206000198548574592,2026-06-01,Apartamento en Delicias,143.0,4.0,1.0,3.0,1.0,4.58,36.0,https://www.airbnb.es/rooms/1206000198548574592
Madrid,Usera,1537584798404847783,2026-06-01,Alojamiento en Madrid,70.0,2.0,1.0,1.0,1.0,4.7,70.0,https://www.airbnb.es/rooms/1537584798404847783
Madrid,Usera,1648626801548184794,2026-06-01,Apartamento en Madrid,176.0,4.0,2.0,3.0,2.0,5.0,7.0,https://www.airbnb.es/rooms/1648626801548184794
Madrid,Usera,1107364511673446145,2026-06-01,Apartamento en Puente de Vallecas,162.0,4.0,2.0,2.0,1.0,4.73,48.0,https://www.airbnb.es/rooms/1107364511673446145
Madrid,Usera,1324983597835462209,2026-06-01,Habitación en Usera,77.0,,,1.0,,4.5,20.0,https://www.airbnb.es/rooms/1324983597835462209
Madrid,Usera,1639808640732006378,2026-06-01,Casa de invitados en Madrid,70.0,2.0,1.0,1.0,1.0,4.56,9.0,https://www.airbnb.es/rooms/1639808640732006378
Madrid,Usera,1094967818848402539,2026-06-01,Habitación en Usera,82.0,,,1.0,,4.39,18.0,https://www.airbnb.es/rooms/1094967818848402539
Madrid,Usera,1638522789967825616,2026-06-01,Apartamento en Madrid,162.0,4.0,1.0,2.0,1.0,4.83,23.0,https://www.airbnb.es/rooms/1638522789967825616
Madrid,Usera,1587747795648692990,2026-06-01,Apartamento en Madrid,225.0,6.0,2.0,3.0,1.0,4.83,58.0,https://www.airbnb.es/rooms/1587747795648692990
Madrid,Usera,52250344,2026-06-01,Hotel en Embajadores,139.0,2.0,1.0,1.0,0.0,4.72,127.0,https://www.airbnb.es/rooms/52250344
Madrid,Usera,907020474144584788,2026-06-01,Habitación en Madrid,90.0,,,1.0,,4.62,354.0,https://www.airbnb.es/rooms/907020474144584788
Madrid,Usera,1178097915632865561,2026-06-01,Habitación en Embajadores,87.0,,,1.0,,4.69,132.0,https://www.airbnb.es/rooms/1178097915632865561
Madrid,Usera,1392034152720039417,2026-06-01,Apartamento en Madrid,185.0,6.0,2.0,3.0,2.0,,,https://www.airbnb.es/rooms/1392034152720039417
Madrid,Usera,654195963500489634,2026-06-01,Apartamento en Arganzuela,246.0,4.0,2.0,3.0,2.0,4.69,259.0,https://www.airbnb.es/rooms/654195963500489634
Madrid,Usera,52396752,2026-06-01,Apartamento en Madrid,118.0,2.0,,1.0,1.0,4.69,26.0,https://www.airbnb.es/rooms/52396752
Madrid,Usera,1277430795219869662,2026-06-01,Apartamento en Tetuán,141.0,4.0,1.0,2.0,1.0,4.87,95.0,https://www.airbnb.es/rooms/1277430795219869662
Madrid,Usera,1446346084502380252,2026-06-01,Apartamento en Vista Alegre,194.0,4.0,1.0,2.0,1.0,4.9,40.0,https://www.airbnb.es/rooms/1446346084502380252
Madrid,Usera,1426003829332352387,2026-06-01,Hotel en Cuatro Caminos,108.0,2.0,1.0,1.0,1.0,4.82,45.0,https://www.airbnb.es/rooms/1426003829332352387
Madrid,Usera,44238211,2026-06-01,Apartamento en Madrid,142.0,2.0,1.0,2.0,1.0,4.76,21.0,https://www.airbnb.es/rooms/44238211
Madrid,Usera,994841175711949058,2026-06-01,Apartamento en Salamanca,163.0,2.0,1.0,1.0,1.0,4.62,129.0,https://www.airbnb.es/rooms/994841175711949058
Madrid,Usera,1481016517758879136,2026-06-01,Habitación en Madrid,90.0,,,1.0,,4.6,104.0,https://www.airbnb.es/rooms/1481016517758879136
Madrid,Usera,1411584619646106170,2026-06-01,Habitación en Arganzuela,75.0,,,1.0,,4.9,70.0,https://www.airbnb.es/rooms/1411584619646106170
Madrid,Usera,1649963093276953392,2026-06-01,Apartamento en Madrid,163.0,4.0,,2.0,1.0,5.0,6.0,https://www.airbnb.es/rooms/1649963093276953392
Madrid,Usera,1201446110425479538,2026-06-01,Apartamento en Puente de Vallecas,169.0,6.0,2.0,4.0,1.0,4.71,28.0,https://www.airbnb.es/rooms/1201446110425479538
Madrid,Usera,955680357816392127,2026-06-01,Apartamento en Embajadores,153.0,3.0,2.0,,1.0,4.68,141.0,https://www.airbnb.es/rooms/955680357816392127
Madrid,Usera,1549323431756706519,2026-06-01,Hostal en Madrid,73.0,1.0,,1.0,1.0,5.0,8.0,https://www.airbnb.es/rooms/1549323431756706519
Madrid,Usera,1338355735013084708,2026-06-01,Habitación de hotel compartida en Arganzuela,44.0,,,,2.0,4.65,48.0,https://www.airbnb.es/rooms/1338355735013084708
Madrid,Usera,32017580,2026-06-01,Habitación en Gran Vía,81.0,,,3.0,,4.64,185.0,https://www.airbnb.es/rooms/32017580
Madrid,Usera,1492003551426094733,2026-06-01,Apartamento en Estación de Puerta del Ángel,103.0,4.0,2.0,3.0,1.0,4.4,43.0,https://www.airbnb.es/rooms/1492003551426094733
Madrid,Usera,1269499095444942789,2026-06-01,Hostal en Cuatro Caminos,122.0,2.0,1.0,1.0,0.0,4.86,74.0,https://www.airbnb.es/rooms/1269499095444942789
Madrid,Usera,1289669402276559559,2026-06-01,Apartamento en Arganzuela,155.0,5.0,1.0,5.0,1.0,4.69,86.0,https://www.airbnb.es/rooms/1289669402276559559
Madrid,Usera,1150095988537072266,2026-06-01,Apartamento en Chamartín,123.0,4.0,2.0,2.0,2.0,4.68,90.0,https://www.airbnb.es/rooms/1150095988537072266
Madrid,Usera,1424493708317022411,2026-06-01,Apartamento en Madrid,136.0,3.0,1.0,1.0,1.0,,,https://www.airbnb.es/rooms/1424493708317022411
Madrid,Usera,54269445,2026-06-01,Apartamento en Madrid,153.0,4.0,1.0,2.0,1.0,4.8,208.0,https://www.airbnb.es/rooms/54269445
Madrid,Usera,973640747156798972,2026-06-01,Apartamento en Salamanca,132.0,2.0,1.0,1.0,1.0,4.88,26.0,https://www.airbnb.es/rooms/973640747156798972
Madrid,Usera,663616412063513584,2026-06-01,Apartamento en Quintana,132.0,5.0,2.0,3.0,1.0,4.58,227.0,https://www.airbnb.es/rooms/663616412063513584
Madrid,Usera,1658034250392764273,2026-06-01,Habitación de hotel compartida en Madrid,54.0,,,2.0,,,,https://www.airbnb.es/rooms/1658034250392764273
Madrid,Usera,1231958785890449565,2026-06-01,Habitación en Madrid,82.0,,,1.0,,4.88,42.0,https://www.airbnb.es/rooms/1231958785890449565
Madrid,Usera,1451432280189260074,2026-06-01,Habitación en Pilar,104.0,,,1.0,,4.8,86.0,https://www.airbnb.es/rooms/1451432280189260074
Madrid,Usera,1294251382515378300,2026-06-01,Apartamento en Arganzuela,150.0,4.0,1.0,2.0,1.0,4.08,53.0,https://www.airbnb.es/rooms/1294251382515378300
Madrid,Usera,905672799514033111,2026-06-01,Apartamento en Madrid,182.0,4.0,2.0,2.0,1.0,4.91,195.0,https://www.airbnb.es/rooms/905672799514033111
Madrid,Usera,1198405789318912782,2026-06-01,Hotel en Madrid,109.0,2.0,1.0,1.0,1.0,4.79,14.0,https://www.airbnb.es/rooms/1198405789318912782
Madrid,Usera,984727411948523754,2026-06-01,Hotel en Chamberí,79.0,1.0,1.0,1.0,1.0,4.41,59.0,https://www.airbnb.es/rooms/984727411948523754
Madrid,Usera,1294712015241664838,2026-06-01,Apartamento en Tetuán,118.0,2.0,1.0,1.0,1.0,4.68,53.0,https://www.airbnb.es/rooms/1294712015241664838
Madrid,Usera,1339624970520133873,2026-06-01,Habitación en Villaverde,72.0,,,1.0,,,,https://www.airbnb.es/rooms/1339624970520133873
Madrid,Usera,1549333880926329504,2026-06-01,Hotel boutique en Madrid,81.0,2.0,,1.0,1.0,4.89,28.0,https://www.airbnb.es/rooms/1549333880926329504
Madrid,Usera,1575237223295476452,2026-06-01,Alojamiento en Madrid,161.0,2.0,1.0,1.0,1.0,4.98,44.0,https://www.airbnb.es/rooms/1575237223295476452
Madrid,Usera,1259340674485761204,2026-06-01,Habitación en Salamanca,61.0,,,1.0,,4.8,88.0,https://www.airbnb.es/rooms/1259340674485761204
Madrid,Valdebebas,1485479169831506548,2026-06-01,Apartamento en Madrid,103.0,2.0,1.0,1.0,0.0,4.79,730.0,https://www.airbnb.es/rooms/1485479169831506548
Madrid,Valdebebas,1673051128555029327,2026-06-01,Hotel en Madrid,100.0,2.0,1.0,2.0,0.0,4.67,3.0,https://www.airbnb.es/rooms/1673051128555029327
Madrid,Valdebebas,677526310239241354,2026-06-01,Habitación en Madrid,36.0,,,1.0,,4.91,590.0,https://www.airbnb.es/rooms/677526310239241354
Madrid,Valdebebas,1549321306621134078,2026-06-01,Hostal en Madrid,73.0,2.0,,1.0,1.0,4.94,18.0,https://www.airbnb.es/rooms/1549321306621134078
Madrid,Valdebebas,50201000,2026-06-01,Habitación en Madrid,47.0,,,,,4.78,479.0,https://www.airbnb.es/rooms/50201000
Madrid,Valdebebas,35067184,2026-06-01,Habitación en Madrid,77.0,,,1.0,,4.81,338.0,https://www.airbnb.es/rooms/35067184
Madrid,Valdebebas,1340376110053785468,2026-06-01,easyHotel Madrid Alcala,83.0,,,,,4.74,1190.0,https://www.airbnb.es/rooms/1340376110053785468
Madrid,Valdebebas,1532499178983258112,2026-06-01,The Loft House Madrid,368.0,,,,,4.95,19.0,https://www.airbnb.es/rooms/1532499178983258112
Madrid,Valdebebas,1594902380071464129,2026-06-01,Welco Valdebebas,133.0,,,,,4.79,187.0,https://www.airbnb.es/rooms/1594902380071464129
Madrid,Valdebebas,1548694541637185294,2026-06-01,Sercotel de los Reyes,90.0,,,,,4.73,89.0,https://www.airbnb.es/rooms/1548694541637185294
Madrid,Valdebebas,1547139222728474749,2026-06-01,Sercotel Madrid Aeropuerto,140.0,,,,,4.85,41.0,https://www.airbnb.es/rooms/1547139222728474749
Madrid,Valdebebas,1486125207238545074,2026-06-01,Hotel Suites Feria de Madrid,109.0,,,,,4.84,178.0,https://www.airbnb.es/rooms/1486125207238545074
Madrid,Valdebebas,1638314870111458557,2026-06-01,Sercotel Alcalá 611,147.0,,,,,4.78,23.0,https://www.airbnb.es/rooms/1638314870111458557
Madrid,Valdebebas,1462887823030869510,2026-06-01,Truliving Vallecas by Habyt,110.0,,,,,4.77,199.0,https://www.airbnb.es/rooms/1462887823030869510
Madrid,Valdebebas,1537666264584681050,2026-06-01,NH Madrid Las Tablas,169.0,,,,,4.73,52.0,https://www.airbnb.es/rooms/1537666264584681050
Madrid,Valdebebas,1548364732773397400,2026-06-01,Sercotel Togumar,129.0,,,,,4.7,40.0,https://www.airbnb.es/rooms/1548364732773397400
Madrid,Valdebebas,1463784194161638134,2026-06-01,Habitación en Madrid,55.0,,,1.0,,4.51,65.0,https://www.airbnb.es/rooms/1463784194161638134
Madrid,Valdebebas,909892240700301021,2026-06-01,Habitación de hotel compartida en Madrid,37.0,,,1.0,,4.68,472.0,https://www.airbnb.es/rooms/909892240700301021
Madrid,Valdebebas,1368099670545132698,2026-06-01,Apartamento en Coslada,92.0,2.0,1.0,1.0,1.0,4.95,131.0,https://www.airbnb.es/rooms/1368099670545132698
Madrid,Valdebebas,17166723,2026-06-01,Habitación en Madrid,53.0,,,1.0,,4.89,620.0,https://www.airbnb.es/rooms/17166723
Madrid,Valdebebas,761261866476528079,2026-06-01,Habitaciones en Madrid,33.0,,2.0,1.0,,4.78,247.0,https://www.airbnb.es/rooms/761261866476528079
Madrid,Valdebebas,1549330908681234871,2026-06-01,Hostal en Madrid,73.0,2.0,1.0,1.0,0.0,4.86,35.0,https://www.airbnb.es/rooms/1549330908681234871
Madrid,Valdebebas,872974635642360691,2026-06-01,Habitación en Madrid,74.0,,,2.0,,4.79,149.0,https://www.airbnb.es/rooms/872974635642360691
Madrid,Valdebebas,1069050670952676452,2026-06-01,Apartamento en Madrid,176.0,6.0,2.0,3.0,2.0,4.81,447.0,https://www.airbnb.es/rooms/1069050670952676452
Madrid,Valdebebas,795405693750606575,2026-06-01,Habitación en Madrid,30.0,,,1.0,,4.64,389.0,https://www.airbnb.es/rooms/795405693750606575
Madrid,Valdebebas,36204716,2026-06-01,Apartamento en Madrid,126.0,4.0,1.0,2.0,1.0,4.74,523.0,https://www.airbnb.es/rooms/36204716
Madrid,Valdebebas,1232689735307110661,2026-06-01,Habitación en Madrid,115.0,,,2.0,,4.92,113.0,https://www.airbnb.es/rooms/1232689735307110661
Madrid,Valdebebas,1549298958628187967,2026-06-01,Hostal en Madrid,86.0,2.0,1.0,1.0,1.0,4.93,46.0,https://www.airbnb.es/rooms/1549298958628187967
Madrid,Valdebebas,1106005671443436276,2026-06-01,Alojamiento en Madrid,38.0,,,1.0,,4.82,217.0,https://www.airbnb.es/rooms/1106005671443436276
Madrid,Valdebebas,1549336735254432699,2026-06-01,Hostal en Madrid,73.0,1.0,1.0,1.0,1.0,5.0,10.0,https://www.airbnb.es/rooms/1549336735254432699
Madrid,Valdebebas,1092805075383565540,2026-06-01,Habitación en Madrid,51.0,,,1.0,,4.77,245.0,https://www.airbnb.es/rooms/1092805075383565540
Madrid,Valdebebas,1485473259922119458,2026-06-01,Apartamento en Madrid,105.0,2.0,1.0,1.0,1.0,4.85,20.0,https://www.airbnb.es/rooms/1485473259922119458
Madrid,Valdebebas,1368286347722493002,2026-06-01,Habitación en Madrid,52.0,,,2.0,,4.84,43.0,https://www.airbnb.es/rooms/1368286347722493002
Madrid,Valdebebas,1145533383450378654,2026-06-01,Habitación en Alcobendas,41.0,,1.0,,,4.8,128.0,https://www.airbnb.es/rooms/1145533383450378654
Madrid,Valdebebas,1349196106122539187,2026-06-01,Apartamento en Madrid,70.0,2.0,,1.0,1.0,4.5,46.0,https://www.airbnb.es/rooms/1349196106122539187
Madrid,Valdebebas,1319730678417332450,2026-06-01,Habitación en Madrid,98.0,,,1.0,,4.91,54.0,https://www.airbnb.es/rooms/1319730678417332450
Madrid,Valdebebas,1241836962285079007,2026-06-01,Hotel en Madrid,113.0,6.0,1.0,5.0,1.0,4.43,115.0,https://www.airbnb.es/rooms/1241836962285079007
Madrid,Valdebebas,862945987642116253,2026-06-01,Apartamento en Madrid,86.0,4.0,,1.0,1.0,4.39,61.0,https://www.airbnb.es/rooms/862945987642116253
Madrid,Valdebebas,52677588,2026-06-01,Loft en Madrid,235.0,3.0,1.0,2.0,1.0,4.92,186.0,https://www.airbnb.es/rooms/52677588
Madrid,Valdebebas,1338973125565744182,2026-06-01,Habitación de hotel compartida en Madrid,27.0,,,,2.0,4.69,787.0,https://www.airbnb.es/rooms/1338973125565744182
Madrid,Valdebebas,1283043460371792026,2026-06-01,Habitación en Madrid,92.0,,,1.0,,4.85,260.0,https://www.airbnb.es/rooms/1283043460371792026
Madrid,Valdebebas,896329041408931607,2026-06-01,Habitación en Madrid,59.0,,,1.0,,4.95,219.0,https://www.airbnb.es/rooms/896329041408931607
Madrid,Valdebebas,844000325499446880,2026-06-01,Habitación en Madrid,103.0,,,1.0,,4.93,85.0,https://www.airbnb.es/rooms/844000325499446880
Madrid,Valdebebas,1549339690403407985,2026-06-01,Hostal en Madrid,73.0,1.0,1.0,1.0,1.0,4.91,23.0,https://www.airbnb.es/rooms/1549339690403407985
Madrid,Valdebebas,1680191216363415867,2026-06-01,Alojamiento en Madrid,64.0,1.0,1.0,1.0,1.0,5.0,3.0,https://www.airbnb.es/rooms/1680191216363415867
Madrid,Valdebebas,1175993345405674214,2026-06-01,Apartamento en San Sebastián de los Reyes,105.0,6.0,2.0,1.0,1.0,4.38,53.0,https://www.airbnb.es/rooms/1175993345405674214
Madrid,Valdebebas,1316862280238403879,2026-06-01,Alojamiento en Madrid,47.0,2.0,1.0,1.0,1.0,4.48,160.0,https://www.airbnb.es/rooms/1316862280238403879
Madrid,Valdebebas,710880492122657462,2026-06-01,Habitación en Madrid,100.0,,,1.0,,4.98,190.0,https://www.airbnb.es/rooms/710880492122657462
Madrid,Valdebebas,950023237737716657,2026-06-01,Apartamento en Madrid,95.0,5.0,1.0,3.0,1.0,4.74,332.0,https://www.airbnb.es/rooms/950023237737716657
Madrid,Valdebebas,38740472,2026-06-01,Apartamento en Madrid,136.0,2.0,,3.0,1.0,4.86,376.0,https://www.airbnb.es/rooms/38740472
Madrid,Valdebebas,35341155,2026-06-01,Loft en San Sebastián de los Reyes,129.0,4.0,1.0,2.0,1.0,4.78,372.0,https://www.airbnb.es/rooms/35341155
Madrid,Valdebebas,1242677685438952483,2026-06-01,Apartamento en Madrid,82.0,2.0,1.0,1.0,1.0,4.44,112.0,https://www.airbnb.es/rooms/1242677685438952483
Madrid,Valdebebas,1006474949452112287,2026-06-01,Apartamento en Madrid,106.0,4.0,,,1.0,4.4,55.0,https://www.airbnb.es/rooms/1006474949452112287
Madrid,Valdebebas,34767374,2026-06-01,Habitación en Madrid,61.0,,,1.0,,4.91,191.0,https://www.airbnb.es/rooms/34767374
Madrid,Valdebebas,914057,2026-06-01,Habitación en Madrid,30.0,,,2.0,,4.88,345.0,https://www.airbnb.es/rooms/914057
Madrid,Valdebebas,1417434392284395045,2026-06-01,Apartamento en San Sebastián de los Reyes,236.0,8.0,3.0,5.0,1.0,5.0,110.0,https://www.airbnb.es/rooms/1417434392284395045
Madrid,Valdebebas,1358700749117197515,2026-06-01,Habitación en Madrid,50.0,,,1.0,,4.81,111.0,https://www.airbnb.es/rooms/1358700749117197515
Madrid,Valdebebas,1674852864108111993,2026-06-01,Alojamiento en Madrid,87.0,4.0,1.0,2.0,1.0,,,https://www.airbnb.es/rooms/1674852864108111993
Madrid,Valdebebas,1549323431756706519,2026-06-01,Hostal en Madrid,73.0,1.0,,1.0,1.0,5.0,8.0,https://www.airbnb.es/rooms/1549323431756706519
Madrid,Valdebebas,1255732613041251220,2026-06-01,Apartamento en San Sebastián de los Reyes,137.0,2.0,1.0,1.0,1.0,4.95,38.0,https://www.airbnb.es/rooms/1255732613041251220
Madrid,Valdebebas,1652994921110322087,2026-06-01,Apartamento en Madrid,89.0,4.0,1.0,2.0,1.0,5.0,9.0,https://www.airbnb.es/rooms/1652994921110322087
Madrid,Valdebebas,1466022961369749060,2026-06-01,Habitación en Madrid,60.0,,,1.0,,4.5,76.0,https://www.airbnb.es/rooms/1466022961369749060
Madrid,Valdebebas,1339805513555889554,2026-06-01,Habitación en Madrid,41.0,,,2.0,,4.91,208.0,https://www.airbnb.es/rooms/1339805513555889554
Madrid,Valdebebas,1475916941487984993,2026-06-01,Apartamento en Madrid,159.0,6.0,2.0,2.0,1.0,4.82,50.0,https://www.airbnb.es/rooms/1475916941487984993
Madrid,Valdebebas,1190736150133306608,2026-06-01,Habitación en San Sebastián de los Reyes,36.0,,,1.0,,4.86,103.0,https://www.airbnb.es/rooms/1190736150133306608
Madrid,Valdebebas,46416127,2026-06-01,Habitación compartida en Madrid,43.0,,,,2.0,4.82,1386.0,https://www.airbnb.es/rooms/46416127
Madrid,Valdebebas,1304410070115201891,2026-06-01,Apartamento en Madrid,174.0,6.0,2.0,3.0,1.0,4.8,79.0,https://www.airbnb.es/rooms/1304410070115201891
Madrid,Valdebebas,1233350870027135262,2026-06-01,Habitación en Madrid,44.0,,,1.0,,4.76,192.0,https://www.airbnb.es/rooms/1233350870027135262
Madrid,Valdebebas,19112582,2026-06-01,Habitación en Madrid,88.0,,,1.0,,4.91,365.0,https://www.airbnb.es/rooms/19112582
Madrid,Valdebebas,34713449,2026-06-01,Apartamento en Madrid,120.0,4.0,1.0,2.0,1.0,4.72,634.0,https://www.airbnb.es/rooms/34713449
Madrid,Valdebebas,41375947,2026-06-01,Habitación en Madrid,81.0,,,2.0,,4.96,76.0,https://www.airbnb.es/rooms/41375947
Madrid,Valdebebas,1465892521417096823,2026-06-01,Apartamento en San Sebastián de los Reyes,91.0,2.0,1.0,1.0,1.0,4.52,192.0,https://www.airbnb.es/rooms/1465892521417096823
Madrid,Valdebebas,1538983892400067967,2026-06-01,Vivienda en Madrid,147.0,4.0,1.0,2.0,1.0,4.68,88.0,https://www.airbnb.es/rooms/1538983892400067967
Madrid,Valdebebas,1158576785264702565,2026-06-01,Apartahotel en Alcobendas,83.0,2.0,,1.0,1.0,4.45,683.0,https://www.airbnb.es/rooms/1158576785264702565
Madrid,Valdebebas,912043480561765485,2026-06-01,Habitación de hotel compartida en Madrid,41.0,,,1.0,,4.84,114.0,https://www.airbnb.es/rooms/912043480561765485
Madrid,Valdebebas,1549332439817137124,2026-06-01,Apartamento en Madrid,88.0,2.0,1.0,1.0,1.0,4.83,18.0,https://www.airbnb.es/rooms/1549332439817137124
Madrid,Valdebebas,1414597922798710350,2026-06-01,Alojamiento en Madrid,50.0,1.0,1.0,1.0,,4.91,23.0,https://www.airbnb.es/rooms/1414597922798710350
Madrid,Valdebebas,1466017106530591123,2026-06-01,Habitación en Madrid,50.0,,,1.0,,4.48,54.0,https://www.airbnb.es/rooms/1466017106530591123
Madrid,Valdebebas,1568924099654474600,2026-06-01,Alojamiento en Madrid,53.0,2.0,1.0,1.0,1.0,4.68,80.0,https://www.airbnb.es/rooms/1568924099654474600
Madrid,Valdebebas,880260552950118225,2026-06-01,Apartamento en Madrid,168.0,6.0,2.0,4.0,2.0,4.61,304.0,https://www.airbnb.es/rooms/880260552950118225
Madrid,Valdebebas,663616412063513584,2026-06-01,Apartamento en Madrid,132.0,5.0,2.0,3.0,1.0,4.58,227.0,https://www.airbnb.es/rooms/663616412063513584
Madrid,Valdebebas,1549333880926329504,2026-06-01,Hotel boutique en Madrid,81.0,2.0,,1.0,1.0,4.89,28.0,https://www.airbnb.es/rooms/1549333880926329504
Madrid,Valdebebas,889283971711447634,2026-06-01,Apartamento en Madrid,149.0,3.0,1.0,2.0,1.0,4.77,271.0,https://www.airbnb.es/rooms/889283971711447634
Madrid,Valdebebas,37581704,2026-06-01,Habitación de hotel en Madrid,64.0,2.0,1.0,1.0,1.0,4.36,308.0,https://www.airbnb.es/rooms/37581704
Madrid,Valdebebas,38836201,2026-06-01,Apto. residencial en Madrid,153.0,4.0,1.0,2.0,1.0,4.82,786.0,https://www.airbnb.es/rooms/38836201
Madrid,Valdebebas,1537571099272969419,2026-06-01,Alojamiento en Madrid,70.0,2.0,1.0,1.0,1.0,4.78,77.0,https://www.airbnb.es/rooms/1537571099272969419
Madrid,Valdebebas,1463786895192726077,2026-06-01,Habitación en Hortaleza,60.0,,,1.0,,4.58,72.0,https://www.airbnb.es/rooms/1463786895192726077
Madrid,Valdebebas,1639808640732006378,2026-06-01,Casa de invitados en Madrid,70.0,2.0,1.0,1.0,1.0,4.56,9.0,https://www.airbnb.es/rooms/1639808640732006378
Madrid,Valdebebas,31505010,2026-06-01,Habitación en Madrid,29.0,,,1.0,,4.8,360.0,https://www.airbnb.es/rooms/31505010
Madrid,Valdebebas,1237009849487604189,2026-06-01,Habitación en Madrid,59.0,,,1.0,,4.89,276.0,https://www.airbnb.es/rooms/1237009849487604189
Madrid,Valdebebas,744005210080743389,2026-06-01,Habitación en Madrid,47.0,,,1.0,,4.88,92.0,https://www.airbnb.es/rooms/744005210080743389
Madrid,Valdebebas,1692689399242391850,2026-06-01,Hotel en Madrid,140.0,2.0,1.0,1.0,1.0,,,https://www.airbnb.es/rooms/1692689399242391850
Madrid,Valdebebas,1423776813334431113,2026-06-01,Apartamento en Madrid,114.0,4.0,1.0,2.0,1.0,4.75,20.0,https://www.airbnb.es/rooms/1423776813334431113
Madrid,Valdebebas,1512225909580465102,2026-06-01,Alojamiento en Tetuán,50.0,1.0,1.0,1.0,3.0,4.56,41.0,https://www.airbnb.es/rooms/1512225909580465102
Madrid,Valdebebas,882305552846878797,2026-06-01,Habitación en Embajadores,53.0,,,1.0,,4.9,360.0,https://www.airbnb.es/rooms/882305552846878797
Madrid,Valdebebas,1322567264800622761,2026-06-01,Habitación de hotel compartida en Cuatro Caminos,23.0,,,15.0,3.0,4.56,105.0,https://www.airbnb.es/rooms/1322567264800622761
Madrid,Valdebebas,1310790636401663309,2026-06-01,Hotel en Hortaleza,49.0,2.0,1.0,1.0,1.0,3.57,14.0,https://www.airbnb.es/rooms/1310790636401663309
Madrid,Valdebebas,37444466,2026-06-01,Habitación en Puente de Vallecas,56.0,,,1.0,,4.88,320.0,https://www.airbnb.es/rooms/37444466
Madrid,Valdebebas,1382578240001983116,2026-06-01,Habitación en Madrid,59.0,,,1.0,,4.97,147.0,https://www.airbnb.es/rooms/1382578240001983116
Madrid,Valdebebas,1150095988537072266,2026-06-01,Apartamento en Chamartín,123.0,4.0,2.0,2.0,2.0,4.68,90.0,https://www.airbnb.es/rooms/1150095988537072266
Madrid,Valdebebas,1376191703902297726,2026-06-01,Habitación en Canillejas,43.0,,,1.0,,4.93,71.0,https://www.airbnb.es/rooms/1376191703902297726
Madrid,Valdebebas,1410706900579981710,2026-06-01,Habitación compartida en Cuatro Caminos,23.0,,,1.0,,4.85,13.0,https://www.airbnb.es/rooms/1410706900579981710
Madrid,Valdebebas,697508099137458332,2026-06-01,Apartamento en Madrid,120.0,4.0,1.0,2.0,1.0,4.79,195.0,https://www.airbnb.es/rooms/697508099137458332
Madrid,Valdebebas,1561711800911512048,2026-06-01,Alojamiento en Madrid,70.0,2.0,1.0,1.0,2.0,4.68,59.0,https://www.airbnb.es/rooms/1561711800911512048
Madrid,Valdebebas,1455783539483048525,2026-06-01,Apartamento en Alcobendas,103.0,2.0,1.0,1.0,1.0,4.7,257.0,https://www.airbnb.es/rooms/1455783539483048525
Madrid,Valdebebas,1449142060346708366,2026-06-01,Habitación en Madrid,66.0,,,1.0,,4.78,45.0,https://www.airbnb.es/rooms/1449142060346708366
Madrid,Valdebebas,1652837684716954351,2026-06-01,Apartamento en Madrid,216.0,6.0,3.0,3.0,2.0,,,https://www.airbnb.es/rooms/1652837684716954351
Madrid,Valdebebas,1391221423206197239,2026-06-01,Habitación en Madrid,70.0,,,1.0,,4.57,131.0,https://www.airbnb.es/rooms/1391221423206197239
Madrid,Valdebebas,1106581922386027292,2026-06-01,Apartamento en Madrid,96.0,2.0,1.0,1.0,1.0,4.7,56.0,https://www.airbnb.es/rooms/1106581922386027292
Madrid,Valdebebas,1463770819250836737,2026-06-01,Habitación en Madrid,75.0,,,1.0,,4.54,96.0,https://www.airbnb.es/rooms/1463770819250836737
Madrid,Valdebebas,1512285756050278380,2026-06-01,Alojamiento en Madrid,60.0,2.0,1.0,1.0,3.0,4.61,46.0,https://www.airbnb.es/rooms/1512285756050278380
Madrid,Valdebebas,1692681459004573760,2026-06-01,Hotel en Madrid,140.0,2.0,1.0,1.0,1.0,,,https://www.airbnb.es/rooms/1692681459004573760
Madrid,Valdebebas,1451432280189260074,2026-06-01,Habitación en Madrid,104.0,,,1.0,,4.8,86.0,https://www.airbnb.es/rooms/1451432280189260074
Madrid,Valdebebas,908786992979930521,2026-06-01,Alojamiento en Madrid,34.0,1.0,1.0,1.0,1.0,4.65,40.0,https://www.airbnb.es/rooms/908786992979930521
Madrid,Valdebebas,1321785762494698176,2026-06-01,Apartamento en Madrid,141.0,3.0,1.0,1.0,1.0,4.92,12.0,https://www.airbnb.es/rooms/1321785762494698176
Madrid,Valdebebas,36310344,2026-06-01,Habitación en Alcobendas,31.0,,,1.0,,4.79,146.0,https://www.airbnb.es/rooms/36310344
Madrid,Valdebebas,1336816776128935292,2026-06-01,Apartamento en Madrid,121.0,4.0,1.0,2.0,1.0,4.81,52.0,https://www.airbnb.es/rooms/1336816776128935292
Madrid,Valdebebas,1143596488730623908,2026-06-01,Apartamento en Madrid,121.0,4.0,1.0,2.0,1.0,4.88,64.0,https://www.airbnb.es/rooms/1143596488730623908
Madrid,Valdebebas,767478386933876115,2026-06-01,Habitación en Madrid,53.0,,,1.0,,5.0,18.0,https://www.airbnb.es/rooms/767478386933876115
Madrid,Valdebebas,1429030634724700404,2026-06-01,Apartamento en Paracuellos de Jarama,209.0,10.0,3.0,5.0,3.0,4.8,25.0,https://www.airbnb.es/rooms/1429030634724700404
Madrid,Valdebebas,920117616624475575,2026-06-01,Habitación en Madrid,61.0,,,1.0,,4.86,136.0,https://www.airbnb.es/rooms/920117616624475575
Madrid,Valdebebas,1008829300827407001,2026-06-01,Habitación en Madrid,40.0,,,3.0,,4.69,261.0,https://www.airbnb.es/rooms/1008829300827407001
Madrid,Valdebebas,853739035682361011,2026-06-01,Apartamento en Madrid,100.0,2.0,1.0,1.0,1.0,4.56,347.0,https://www.airbnb.es/rooms/853739035682361011
Madrid,Valdebebas,1197644361608374612,2026-06-01,Apartamento en Alcobendas,80.0,4.0,,2.0,1.0,4.5,18.0,https://www.airbnb.es/rooms/1197644361608374612
Madrid,Valdebebas,1420779191506971677,2026-06-01,Habitación en Madrid,47.0,,,1.0,,4.35,77.0,https://www.airbnb.es/rooms/1420779191506971677
Madrid,Valdebebas,983960666270047156,2026-06-01,Apartamento en San Sebastián de los Reyes,98.0,4.0,,,1.0,4.57,98.0,https://www.airbnb.es/rooms/983960666270047156
Madrid,Valdebebas,1494195837241349645,2026-06-01,Apartamento en Madrid,174.0,4.0,1.0,2.0,1.0,4.96,23.0,https://www.airbnb.es/rooms/1494195837241349645
Madrid,Valdebebas,1561707443086656877,2026-06-01,Alojamiento en Madrid,70.0,2.0,1.0,1.0,2.0,4.67,57.0,https://www.airbnb.es/rooms/1561707443086656877
Madrid,Valdebebas,1537584798404847783,2026-06-01,Alojamiento en Madrid,70.0,2.0,1.0,1.0,1.0,4.7,70.0,https://www.airbnb.es/rooms/1537584798404847783
Madrid,Valdebebas,1463780816178846366,2026-06-01,Habitación en Madrid,65.0,,,1.0,,4.53,83.0,https://www.airbnb.es/rooms/1463780816178846366
Madrid,Valdebebas,1294712015241664838,2026-06-01,Apartamento en Madrid,118.0,2.0,1.0,1.0,1.0,4.68,53.0,https://www.airbnb.es/rooms/1294712015241664838
Madrid,Valdebebas,44697269,2026-06-01,Bed & breakfast en Madrid,101.0,2.0,1.0,1.0,1.0,4.84,980.0,https://www.airbnb.es/rooms/44697269
Madrid,Valdebebas,705693258105953565,2026-06-01,Hotel en Madrid,78.0,2.0,1.0,1.0,1.0,3.92,65.0,https://www.airbnb.es/rooms/705693258105953565
Madrid,Valdebebas,1678407386515195299,2026-06-01,Casa de invitados en Madrid,45.0,2.0,1.0,1.0,2.0,,,https://www.airbnb.es/rooms/1678407386515195299
Madrid,Valdebebas,1457286674549960714,2026-06-01,Apartamento en Alcobendas,105.0,2.0,1.0,1.0,1.0,4.87,47.0,https://www.airbnb.es/rooms/1457286674549960714
Madrid,Valdebebas,1138351147330962769,2026-06-01,Habitación en Madrid,56.0,,,1.0,,4.84,199.0,https://www.airbnb.es/rooms/1138351147330962769
Madrid,Valdebebas,23674803,2026-06-01,Loft en Madrid,113.0,3.0,1.0,3.0,1.0,4.7,852.0,https://www.airbnb.es/rooms/23674803
Madrid,Valdebebas,871688989890591370,2026-06-01,Apartamento en Madrid,121.0,4.0,1.0,2.0,1.0,4.78,114.0,https://www.airbnb.es/rooms/871688989890591370
Madrid,Valdebebas,1253538805180397570,2026-06-01,Habitación en Madrid,46.0,,,1.0,,4.38,65.0,https://www.airbnb.es/rooms/1253538805180397570
Madrid,Valdebebas,705700644816824969,2026-06-01,Hotel en Madrid,116.0,3.0,1.0,2.0,1.0,4.51,204.0,https://www.airbnb.es/rooms/705700644816824969
Madrid,Valdebebas,1426003829332352387,2026-06-01,Hotel en Madrid,108.0,2.0,1.0,1.0,1.0,4.82,45.0,https://www.airbnb.es/rooms/1426003829332352387
Madrid,Valdebebas,846101428969678874,2026-06-01,Apartamento en Madrid,150.0,4.0,1.0,2.0,1.0,4.79,208.0,https://www.airbnb.es/rooms/846101428969678874
Madrid,Valdebebas,44230229,2026-06-01,Habitación en Madrid,47.0,,,1.0,,4.8,440.0,https://www.airbnb.es/rooms/44230229
Madrid,Valdebebas,3944509,2026-06-01,Habitación en Madrid,100.0,,,1.0,,4.94,157.0,https://www.airbnb.es/rooms/3944509
Madrid,Valdebebas,1364282235000404403,2026-06-01,Habitación en Madrid,52.0,,,1.0,,4.76,148.0,https://www.airbnb.es/rooms/1364282235000404403
Madrid,Valdebebas,1202285360546850589,2026-06-01,Habitación en Madrid,37.0,,,1.0,,4.8,44.0,https://www.airbnb.es/rooms/1202285360546850589
Madrid,Valdebebas,1447696030474918335,2026-06-01,Hostal en Madrid,116.0,3.0,1.0,2.0,1.0,4.5,28.0,https://www.airbnb.es/rooms/1447696030474918335
Madrid,Valdebebas,1561703899200570207,2026-06-01,Alojamiento en Madrid,70.0,1.0,1.0,1.0,2.0,4.82,45.0,https://www.airbnb.es/rooms/1561703899200570207
Madrid,Valdebebas,1465889783240531384,2026-06-01,Apartamento en San Sebastián de los Reyes,152.0,4.0,2.0,3.0,2.0,4.51,41.0,https://www.airbnb.es/rooms/1465889783240531384
Madrid,Valdebebas,1644298779012145945,2026-06-01,Apartamento en Madrid,147.0,4.0,1.0,1.0,1.0,5.0,6.0,https://www.airbnb.es/rooms/1644298779012145945
Madrid,Valdebebas,1528243977441060535,2026-06-01,Apartamento en Madrid,131.0,4.0,1.0,2.0,1.0,5.0,11.0,https://www.airbnb.es/rooms/1528243977441060535
Madrid,Valdebebas,1239676122314982962,2026-06-01,Habitación en Alcobendas,51.0,,,1.0,,4.78,58.0,https://www.airbnb.es/rooms/1239676122314982962
Madrid,Valdebebas,1648453503502926546,2026-06-01,Apartamento en Madrid,190.0,7.0,2.0,4.0,2.0,4.82,11.0,https://www.airbnb.es/rooms/1648453503502926546
Madrid,Valdebebas,1016441089314560630,2026-06-01,Apartamento en Madrid,181.0,4.0,2.0,3.0,1.0,4.79,162.0,https://www.airbnb.es/rooms/1016441089314560630
Madrid,Valdebebas,1157735090702987509,2026-06-01,Apartamento en Madrid,144.0,3.0,1.0,2.0,1.0,4.87,38.0,https://www.airbnb.es/rooms/1157735090702987509
Madrid,Valdebebas,1355894677758262891,2026-06-01,Apartamento en Madrid,121.0,4.0,1.0,2.0,1.0,4.81,57.0,https://www.airbnb.es/rooms/1355894677758262891
Madrid,Valdebebas,1349195896196412709,2026-06-01,Apartamento en San Sebastián de los Reyes,98.0,4.0,1.0,1.0,1.0,4.28,82.0,https://www.airbnb.es/rooms/1349195896196412709
Madrid,Valdebebas,1685377032345721314,2026-06-01,Hotel en Madrid,140.0,2.0,1.0,1.0,1.0,,,https://www.airbnb.es/rooms/1685377032345721314
Madrid,Valdebebas,1640514289959944891,2026-06-01,Casa de invitados en Madrid,101.0,2.0,1.0,1.0,1.0,4.38,8.0,https://www.airbnb.es/rooms/1640514289959944891
Madrid,Valdebebas,1556077877512807898,2026-06-01,Alojamiento en Madrid,88.0,2.0,1.0,1.0,1.0,5.0,32.0,https://www.airbnb.es/rooms/1556077877512807898
Madrid,Valdebebas,1558651172826931490,2026-06-01,Hostal en Madrid,84.0,2.0,1.0,1.0,1.0,4.65,17.0,https://www.airbnb.es/rooms/1558651172826931490
Madrid,Valdebebas,823126638240366936,2026-06-01,Apartamento en San Sebastián de los Reyes,98.0,4.0,,,1.0,4.6,87.0,https://www.airbnb.es/rooms/823126638240366936
Madrid,Valdebebas,1426122211900712110,2026-06-01,Apartamento en Paracuellos de Jarama,111.0,4.0,1.0,2.0,1.0,4.78,18.0,https://www.airbnb.es/rooms/1426122211900712110
Madrid,Valdebebas,720395114930210044,2026-06-01,Apartamento en Madrid,170.0,2.0,1.0,2.0,1.0,4.97,157.0,https://www.airbnb.es/rooms/720395114930210044
Madrid,Valdebebas,1259340674485761204,2026-06-01,Habitación en Madrid,61.0,,,1.0,,4.8,88.0,https://www.airbnb.es/rooms/1259340674485761204
Madrid,Valdebebas,1461709529581594857,2026-06-01,Habitación en Coslada,79.0,,,,,4.91,53.0,https://www.airbnb.es/rooms/1461709529581594857
Madrid,Valdebebas,1445555081312991832,2026-06-01,Habitación en Madrid,70.0,,,1.0,,4.65,82.0,https://www.airbnb.es/rooms/1445555081312991832
Madrid,Valdebebas,1283902065604455817,2026-06-01,Apartamento en Madrid,135.0,4.0,1.0,2.0,1.0,4.86,51.0,https://www.airbnb.es/rooms/1283902065604455817
Madrid,Valdebebas,935927233926803692,2026-06-01,Apartamento en Madrid,89.0,2.0,1.0,1.0,1.0,4.5,8.0,https://www.airbnb.es/rooms/935927233926803692
Madrid,Valdebebas,1106580286129900744,2026-06-01,Apartamento en Madrid,96.0,2.0,1.0,1.0,1.0,4.72,36.0,https://www.airbnb.es/rooms/1106580286129900744
Madrid,Valdebebas,902810630153262672,2026-06-01,Habitación en Madrid,53.0,,,1.0,,4.85,227.0,https://www.airbnb.es/rooms/902810630153262672
Madrid,Valdebebas,1536338930438960351,2026-06-01,Alojamiento en Madrid,49.0,1.0,1.0,1.0,1.0,4.94,31.0,https://www.airbnb.es/rooms/1536338930438960351
Madrid,Valdebebas,1064594507132636947,2026-06-01,Habitación en Madrid,67.0,,,1.0,,4.96,84.0,https://www.airbnb.es/rooms/1064594507132636947
Madrid,Valdebebas,1561698894451261412,2026-06-01,Alojamiento en Madrid,70.0,1.0,1.0,1.0,2.0,4.69,45.0,https://www.airbnb.es/rooms/1561698894451261412
Madrid,Valdebebas,26771360,2026-06-01,Habitación en Madrid,53.0,,,1.0,,4.77,639.0,https://www.airbnb.es/rooms/26771360
Madrid,Valdebebas,927379206358920854,2026-06-01,Habitación en Madrid,72.0,,,1.0,,4.89,84.0,https://www.airbnb.es/rooms/927379206358920854
Madrid,Valdebebas,1500783816585928300,2026-06-01,Apartamento en Madrid,121.0,4.0,1.0,2.0,1.0,4.87,23.0,https://www.airbnb.es/rooms/1500783816585928300
Madrid,Valdebebas,1361433131662246535,2026-06-01,Habitación en Madrid,132.0,,,1.0,,4.83,137.0,https://www.airbnb.es/rooms/1361433131662246535
Madrid,Valdebebas,762222031612564072,2026-06-01,Apartamento en Madrid,131.0,2.0,1.0,1.0,1.0,4.7,37.0,https://www.airbnb.es/rooms/762222031612564072
Madrid,Valdebebas,1277430795219869662,2026-06-01,Apartamento en Madrid,141.0,4.0,1.0,2.0,1.0,4.87,95.0,https://www.airbnb.es/rooms/1277430795219869662
Madrid,Valdebebas,1160137493320848240,2026-06-01,Apartamento en Madrid,160.0,4.0,1.0,3.0,1.0,4.75,144.0,https://www.airbnb.es/rooms/1160137493320848240
Madrid,Valdebebas,1457286263938961978,2026-06-01,Apartamento en Alcobendas,106.0,2.0,1.0,1.0,1.0,4.66,176.0,https://www.airbnb.es/rooms/1457286263938961978
Madrid,Valdebebas,876136252113465208,2026-06-01,Alojamiento en Madrid,118.0,2.0,1.0,1.0,1.0,4.99,176.0,https://www.airbnb.es/rooms/876136252113465208
Madrid,Valdebebas,1231671516375598885,2026-06-01,Apartamento en Madrid,188.0,5.0,2.0,4.0,2.0,4.96,170.0,https://www.airbnb.es/rooms/1231671516375598885
Madrid,Valdebebas,29840482,2026-06-01,Apartamento en Coslada,195.0,9.0,3.0,5.0,1.0,4.88,403.0,https://www.airbnb.es/rooms/29840482
Madrid,Valdebebas,907778347466471297,2026-06-01,Habitación en Madrid,75.0,,,1.0,,4.54,266.0,https://www.airbnb.es/rooms/907778347466471297
Madrid,Valdebebas,1402530442411223422,2026-06-01,Habitación en Los Berrocales del Jarama,71.0,,,1.0,,4.74,35.0,https://www.airbnb.es/rooms/1402530442411223422
Madrid,Valdebebas,1465892805934717034,2026-06-01,Apartamento en San Sebastián de los Reyes,95.0,2.0,1.0,1.0,1.0,4.53,81.0,https://www.airbnb.es/rooms/1465892805934717034
Madrid,Valdebebas,1466028994198384812,2026-06-01,Habitación en Madrid,80.0,,,1.0,,4.48,62.0,https://www.airbnb.es/rooms/1466028994198384812
Madrid,Valdebebas,1445536324074192191,2026-06-01,Habitación en Madrid,70.0,,,1.0,,4.55,88.0,https://www.airbnb.es/rooms/1445536324074192191
Madrid,Valdebebas,1642711625979955102,2026-06-01,Alojamiento en Madrid,70.0,2.0,1.0,1.0,1.0,3.88,17.0,https://www.airbnb.es/rooms/1642711625979955102
Madrid,Valdebebas,905672799514033111,2026-06-01,Apartamento en Madrid,182.0,4.0,2.0,2.0,1.0,4.91,195.0,https://www.airbnb.es/rooms/905672799514033111
Madrid,Valdebebas,1081879585353230151,2026-06-01,Apartamento en Fuentelarreina,104.0,4.0,,,1.0,4.52,46.0,https://www.airbnb.es/rooms/1081879585353230151
Madrid,Valdebebas,1645190558150238668,2026-06-01,Hostal en Madrid,98.0,2.0,1.0,1.0,1.0,4.75,4.0,https://www.airbnb.es/rooms/1645190558150238668
Madrid,Valdebebas,1543507873645010049,2026-06-01,Alojamiento en Madrid,80.0,2.0,1.0,1.0,2.0,4.65,48.0,https://www.airbnb.es/rooms/1543507873645010049
Madrid,Valdebebas,1389281650389545424,2026-06-01,Apartamento en Madrid,160.0,4.0,1.0,2.0,1.0,4.94,49.0,https://www.airbnb.es/rooms/1389281650389545424
Madrid,Valdebebas,1360021039973445303,2026-06-01,Apartamento en Madrid,122.0,4.0,1.0,2.0,1.0,4.77,44.0,https://www.airbnb.es/rooms/1360021039973445303
Madrid,Valdebebas,803393200678448586,2026-06-01,Apartamento en Madrid,127.0,4.0,1.0,2.0,1.0,4.77,177.0,https://www.airbnb.es/rooms/803393200678448586
Madrid,Valdebebas,786152909321109689,2026-06-01,Apartamento en Tetuán,126.0,2.0,1.0,1.0,1.0,4.83,35.0,https://www.airbnb.es/rooms/786152909321109689
Madrid,Valdebebas,41307914,2026-06-01,Habitación en Madrid,94.0,,,1.0,,4.89,100.0,https://www.airbnb.es/rooms/41307914
Madrid,Valdebebas,907888221198200660,2026-06-01,Habitación en Madrid,75.0,,,1.0,,4.6,253.0,https://www.airbnb.es/rooms/907888221198200660
Madrid,Valdebebas,1269499095444942789,2026-06-01,Hostal en Cuatro Caminos,122.0,2.0,1.0,1.0,0.0,4.86,74.0,https://www.airbnb.es/rooms/1269499095444942789
Madrid,Valdebebas,1286109923595627381,2026-06-01,Vivienda en Madrid,164.0,3.0,1.0,2.0,1.0,4.91,76.0,https://www.airbnb.es/rooms/1286109923595627381
Madrid,Valdebebas,1391236645904621007,2026-06-01,Habitación en Salamanca,90.0,,,1.0,,4.73,112.0,https://www.airbnb.es/rooms/1391236645904621007
Madrid,Valdebebas,551265359663353557,2026-06-01,Vivienda en Hortaleza,134.0,2.0,1.0,1.0,1.0,4.96,244.0,https://www.airbnb.es/rooms/551265359663353557
Madrid,Valdebebas,1607266629835662043,2026-06-01,Apartamento en Madrid,140.0,2.0,1.0,1.0,1.0,4.67,15.0,https://www.airbnb.es/rooms/1607266629835662043
Madrid,Valdebebas,1211583077777641986,2026-06-01,Habitación en Ciudad Lineal,115.0,,,1.0,,4.78,23.0,https://www.airbnb.es/rooms/1211583077777641986
Madrid,Valdebebas,1547744387824535671,2026-06-01,Apartamento en Madrid,126.0,2.0,1.0,1.0,1.0,4.86,14.0,https://www.airbnb.es/rooms/1547744387824535671
Madrid,Valdebebas,833787881956866657,2026-06-01,Apartamento en Tetuán,163.0,4.0,1.0,2.0,1.0,4.81,249.0,https://www.airbnb.es/rooms/833787881956866657
Madrid,Valdebebas,981026027862256081,2026-06-01,Apartamento en Tetuán,194.0,8.0,3.0,3.0,2.0,4.31,74.0,https://www.airbnb.es/rooms/981026027862256081
Madrid,Valdebebas,1299771712861765478,2026-06-01,Apartamento en Madrid,191.0,6.0,2.0,2.0,2.0,4.72,72.0,https://www.airbnb.es/rooms/1299771712861765478
Madrid,Valdebebas,1648626801548184794,2026-06-01,Apartamento en Madrid,176.0,4.0,2.0,3.0,2.0,5.0,7.0,https://www.airbnb.es/rooms/1648626801548184794
Madrid,Valdebebas,1510908159659674180,2026-06-01,Apartamento en Madrid,131.0,4.0,1.0,2.0,1.0,4.95,20.0,https://www.airbnb.es/rooms/1510908159659674180
Madrid,Valdebebas,1524902595804100653,2026-06-01,Apartamento en Madrid,141.0,2.0,,1.0,1.0,4.96,46.0,https://www.airbnb.es/rooms/1524902595804100653
Madrid,Valdebebas,1640013023211391833,2026-06-01,Apartamento en Madrid,118.0,4.0,1.0,2.0,1.0,4.53,15.0,https://www.airbnb.es/rooms/1640013023211391833
Madrid,Valdebebas,41029671,2026-06-01,Apartamento en Madrid,176.0,2.0,,1.0,1.0,4.86,350.0,https://www.airbnb.es/rooms/41029671
Madrid,Valdebebas,1681292570763906245,2026-06-01,Alojamiento en Madrid,41.0,2.0,1.0,1.0,1.0,,,https://www.airbnb.es/rooms/1681292570763906245
Madrid,Valdebebas,1643516025791993784,2026-06-01,Apartamento en Madrid,128.0,4.0,1.0,2.0,1.0,5.0,6.0,https://www.airbnb.es/rooms/1643516025791993784
Madrid,Valdebebas,1561716195850097046,2026-06-01,Alojamiento en Madrid,70.0,2.0,1.0,1.0,2.0,4.68,41.0,https://www.airbnb.es/rooms/1561716195850097046
Madrid,Valdebebas,628862416538883821,2026-06-01,Apartamento en Madrid,207.0,6.0,2.0,3.0,2.0,4.85,399.0,https://www.airbnb.es/rooms/628862416538883821
Madrid,Valdebebas,888434863492657302,2026-06-01,Apartamento en Madrid,180.0,9.0,2.0,5.0,1.0,4.73,78.0,https://www.airbnb.es/rooms/888434863492657302
Madrid,Valdebebas,1139642006892987613,2026-06-01,Apartamento en Madrid,170.0,4.0,1.0,2.0,1.0,4.89,202.0,https://www.airbnb.es/rooms/1139642006892987613
Madrid,Valdebebas,1353704048293100920,2026-06-01,Apartamento en Madrid,150.0,4.0,1.0,3.0,1.0,4.76,37.0,https://www.airbnb.es/rooms/1353704048293100920
Madrid,Valdebebas,983961592248317249,2026-06-01,Apartamento en San Sebastián de los Reyes,98.0,4.0,,,1.0,4.33,78.0,https://www.airbnb.es/rooms/983961592248317249
Madrid,Valdebebas,1204127346617066575,2026-06-01,Apartamento en Madrid,147.0,4.0,1.0,2.0,1.0,4.9,121.0,https://www.airbnb.es/rooms/1204127346617066575
Madrid,Valdebebas,1268897681863454214,2026-06-01,Apartamento en San Sebastián de los Reyes,155.0,4.0,2.0,3.0,1.0,4.61,18.0,https://www.airbnb.es/rooms/1268897681863454214
Madrid,Valdebebas,1244224576957017794,2026-06-01,Habitación en Madrid,75.0,,,1.0,,4.67,205.0,https://www.airbnb.es/rooms/1244224576957017794
Madrid,Valdebebas,1642693547012324783,2026-06-01,Alojamiento en Madrid,70.0,2.0,1.0,1.0,1.0,4.43,14.0,https://www.airbnb.es/rooms/1642693547012324783
Madrid,Valdebebas,1400697340928345647,2026-06-01,Apartamento en Madrid,158.0,4.0,1.0,2.0,1.0,4.72,54.0,https://www.airbnb.es/rooms/1400697340928345647
Madrid,Valdebebas,1642709010579576351,2026-06-01,Alojamiento en Madrid,70.0,2.0,1.0,1.0,1.0,4.36,22.0,https://www.airbnb.es/rooms/1642709010579576351
Madrid,Valdebebas,1136035927061531038,2026-06-01,Habitación compartida en Madrid,31.0,,,14.0,,4.85,462.0,https://www.airbnb.es/rooms/1136035927061531038
Madrid,Valdebebas,1526911141571870997,2026-06-01,Casa de invitados en Rivas-Vaciamadrid,118.0,4.0,1.0,2.0,1.0,4.97,34.0,https://www.airbnb.es/rooms/1526911141571870997
Madrid,Valdebebas,1026991865595731242,2026-06-01,Apartamento en Madrid,123.0,2.0,1.0,1.0,1.0,4.7,128.0,https://www.airbnb.es/rooms/1026991865595731242
Madrid,Valdebebas,49851685,2026-06-01,Apto. residencial en Madrid,172.0,4.0,1.0,2.0,1.0,4.87,338.0,https://www.airbnb.es/rooms/49851685
Madrid,Valdebebas,1106582222119830136,2026-06-01,Apartamento en Madrid,162.0,6.0,2.0,3.0,1.0,4.82,50.0,https://www.airbnb.es/rooms/1106582222119830136
Madrid,Valdebebas,1173829405748540723,2026-06-01,Habitación en Madrid,75.0,,,1.0,,4.54,237.0,https://www.airbnb.es/rooms/1173829405748540723
Madrid,Valdebebas,1380452211035648930,2026-06-01,Apartamento en Madrid,126.0,2.0,1.0,2.0,1.0,4.8,54.0,https://www.airbnb.es/rooms/1380452211035648930
Madrid,Valdebebas,983961390081681460,2026-06-01,Apartamento en San Sebastián de los Reyes,98.0,4.0,,,1.0,4.26,85.0,https://www.airbnb.es/rooms/983961390081681460
Madrid,Valdebebas,1279722037192402039,2026-06-01,Habitación en Madrid,71.0,,,2.0,,4.68,38.0,https://www.airbnb.es/rooms/1279722037192402039
Madrid,Valdebebas,1523114081339180264,2026-06-01,Alojamiento en Madrid,70.0,2.0,1.0,1.0,2.0,4.54,59.0,https://www.airbnb.es/rooms/1523114081339180264
Madrid,Valdebebas,687391700326017150,2026-06-01,Apartamento en Madrid,175.0,4.0,1.0,2.0,1.0,4.72,191.0,https://www.airbnb.es/rooms/687391700326017150
Madrid,Valdebebas,44349389,2026-06-01,Apartamento en Madrid,222.0,6.0,2.0,3.0,2.0,4.9,416.0,https://www.airbnb.es/rooms/44349389
Madrid,Valdebebas,35049750,2026-06-01,Habitación en Madrid,74.0,,,2.0,,4.74,395.0,https://www.airbnb.es/rooms/35049750
Madrid,Valdebebas,1491845816857612252,2026-06-01,Apartamento en Madrid,270.0,4.0,2.0,2.0,1.0,4.96,23.0,https://www.airbnb.es/rooms/1491845816857612252
Madrid,Valdebebas,611600875982398989,2026-06-01,Habitación en Madrid,77.0,,,1.0,,4.54,69.0,https://www.airbnb.es/rooms/611600875982398989
Madrid,Valdebebas,1191992558667297801,2026-06-01,Apartamento en Madrid,149.0,4.0,1.0,2.0,1.0,4.86,239.0,https://www.airbnb.es/rooms/1191992558667297801
Madrid,Valdebebas,1042649968289741766,2026-06-01,Casa de invitados en Madrid,94.0,3.0,1.0,2.0,1.0,4.88,8.0,https://www.airbnb.es/rooms/1042649968289741766
Madrid,Valdebebas,1262780716268389428,2026-06-01,Apartamento en Madrid,152.0,2.0,1.0,1.0,1.0,4.78,406.0,https://www.airbnb.es/rooms/1262780716268389428
Madrid,Valdebebas,1103271401507193054,2026-06-01,Apartamento en Madrid,133.0,4.0,1.0,2.0,1.0,4.49,96.0,https://www.airbnb.es/rooms/1103271401507193054
Madrid,Valdebebas,1086042696278539274,2026-06-01,Apartamento en Madrid,168.0,4.0,1.0,2.0,1.0,4.85,209.0,https://www.airbnb.es/rooms/1086042696278539274
Madrid,Valdebebas,1400025246894536557,2026-06-01,Apartamento en Madrid,198.0,3.0,1.0,2.0,1.0,4.93,28.0,https://www.airbnb.es/rooms/1400025246894536557
Madrid,Valdebebas,825996863623765556,2026-06-01,Apartamento en San Sebastián de los Reyes,98.0,4.0,1.0,1.0,1.0,4.41,101.0,https://www.airbnb.es/rooms/825996863623765556
Madrid,Valdebebas,836289419837110160,2026-06-01,Apartamento en Madrid,211.0,5.0,2.0,3.0,2.0,4.71,175.0,https://www.airbnb.es/rooms/836289419837110160
Madrid,Valdebebas,46565987,2026-06-01,Habitación compartida en Madrid,48.0,,,4.0,,4.83,379.0,https://www.airbnb.es/rooms/46565987
Madrid,Valdebebas,1183079345536437587,2026-06-01,Apartamento en Madrid,215.0,6.0,2.0,3.0,1.0,4.9,86.0,https://www.airbnb.es/rooms/1183079345536437587
Madrid,Valdebebas,1277539086765989532,2026-06-01,Apartahotel en Alcobendas,102.0,2.0,,1.0,1.0,4.57,69.0,https://www.airbnb.es/rooms/1277539086765989532
Madrid,Valdebebas,1410732724754267208,2026-06-01,Habitación compartida en Madrid,23.0,,,1.0,,4.65,43.0,https://www.airbnb.es/rooms/1410732724754267208
Madrid,Valdebebas,1630552669520490830,2026-06-01,Apartamento en Madrid,121.0,4.0,1.0,2.0,1.0,4.67,9.0,https://www.airbnb.es/rooms/1630552669520490830
Madrid,Valdebebas,973640747156798972,2026-06-01,Apartamento en Madrid,132.0,2.0,1.0,1.0,1.0,4.88,26.0,https://www.airbnb.es/rooms/973640747156798972
Madrid,Valdebebas,52715140,2026-06-01,Apartamento en Madrid,158.0,2.0,1.0,1.0,1.0,4.56,34.0,https://www.airbnb.es/rooms/52715140
Madrid,Valdebebas,1679886552774951572,2026-06-01,Apartamento en Madrid,149.0,4.0,1.0,2.0,1.0,,,https://www.airbnb.es/rooms/1679886552774951572
Madrid,Valdebebas,21923038,2026-06-01,Apartamento en Madrid,118.0,5.0,1.0,3.0,1.0,4.66,258.0,https://www.airbnb.es/rooms/21923038
Madrid,Valdebebas,31929550,2026-06-01,Habitación en Madrid,81.0,,,2.0,,4.65,132.0,https://www.airbnb.es/rooms/31929550
Madrid,Valdebebas,1400051455053113948,2026-06-01,Apartamento en Madrid,187.0,2.0,1.0,1.0,1.0,5.0,13.0,https://www.airbnb.es/rooms/1400051455053113948
Madrid,Valdebebas,1381028869463724456,2026-06-01,Habitación compartida en Madrid,28.0,,,8.0,,4.71,251.0,https://www.airbnb.es/rooms/1381028869463724456
Madrid,Valdebebas,47280629,2026-06-01,Loft en Madrid,121.0,3.0,,3.0,1.0,4.69,543.0,https://www.airbnb.es/rooms/47280629
Madrid,Valdebebas,1497102583939040812,2026-06-01,Apartamento en Madrid,74.0,2.0,1.0,1.0,1.0,4.55,42.0,https://www.airbnb.es/rooms/1497102583939040812
Madrid,Valdebebas,1546404788999406804,2026-06-01,Alojamiento en Madrid,75.0,2.0,1.0,1.0,2.0,4.62,47.0,https://www.airbnb.es/rooms/1546404788999406804
Madrid,Valdebebas,1066787550536884640,2026-06-01,Habitación en Madrid,69.0,,,1.0,,4.9,104.0,https://www.airbnb.es/rooms/1066787550536884640
Madrid,Valdebebas,1546399101535973831,2026-06-01,Alojamiento en Madrid,70.0,2.0,1.0,1.0,2.0,4.47,36.0,https://www.airbnb.es/rooms/1546399101535973831
Madrid,Valdebebas,1447013443717309222,2026-06-01,Habitación en Madrid,55.0,,,1.0,,4.46,105.0,https://www.airbnb.es/rooms/1447013443717309222
Madrid,Valdebebas,970201844572404654,2026-06-01,Apartamento en Madrid,88.0,4.0,1.0,1.0,1.0,4.19,93.0,https://www.airbnb.es/rooms/970201844572404654
Madrid,Valdebebas,1184104034841554302,2026-06-01,Apartamento en San Sebastián de los Reyes,161.0,4.0,1.0,2.0,1.0,4.61,72.0,https://www.airbnb.es/rooms/1184104034841554302
Madrid,Valdebebas,866392134132099245,2026-06-01,Habitación en Madrid,81.0,,,1.0,,4.9,41.0,https://www.airbnb.es/rooms/866392134132099245
Madrid,Valdebebas,1214434324835176788,2026-06-01,Hostal en Madrid,132.0,2.0,1.0,1.0,1.0,4.8,127.0,https://www.airbnb.es/rooms/1214434324835176788
Madrid,Valdebebas,994841175711949058,2026-06-01,Apartamento en Madrid,163.0,2.0,1.0,1.0,1.0,4.62,129.0,https://www.airbnb.es/rooms/994841175711949058
Madrid,Valdebebas,1465891898441471133,2026-06-01,Apartamento en San Sebastián de los Reyes,144.0,4.0,2.0,2.0,2.0,4.44,43.0,https://www.airbnb.es/rooms/1465891898441471133
Madrid,Valdebebas,44328380,2026-06-01,Apartamento en Madrid,129.0,2.0,,1.0,1.0,4.83,366.0,https://www.airbnb.es/rooms/44328380
Madrid,Valdebebas,1451430377896816290,2026-06-01,Hostal en Madrid,104.0,2.0,1.0,1.0,0.0,4.86,22.0,https://www.airbnb.es/rooms/1451430377896816290
Madrid,Valdebebas,1299998536153948870,2026-06-01,Apartamento en Madrid,247.0,6.0,3.0,3.0,2.0,4.72,95.0,https://www.airbnb.es/rooms/1299998536153948870
Madrid,Puente-de-Vallecas,1106581922386027292,2026-06-01,Apartamento en Puente de Vallecas,96.0,2.0,1.0,1.0,1.0,4.7,56.0,https://www.airbnb.es/rooms/1106581922386027292
Madrid,Puente-de-Vallecas,914057,2026-06-01,Habitación en Puente de Vallecas,30.0,,,2.0,,4.88,345.0,https://www.airbnb.es/rooms/914057
Madrid,Puente-de-Vallecas,1349196106122539187,2026-06-01,Apartamento en Madrid,70.0,2.0,,1.0,1.0,4.5,46.0,https://www.airbnb.es/rooms/1349196106122539187
Madrid,Puente-de-Vallecas,1106005671443436276,2026-06-01,Alojamiento en Usera,38.0,,,1.0,,4.82,217.0,https://www.airbnb.es/rooms/1106005671443436276
Madrid,Puente-de-Vallecas,1339805513555889554,2026-06-01,Habitación en Madrid,41.0,,,2.0,,4.91,208.0,https://www.airbnb.es/rooms/1339805513555889554
Madrid,Puente-de-Vallecas,1138351147330962769,2026-06-01,Habitación en Puente de Vallecas,56.0,,,1.0,,4.84,199.0,https://www.airbnb.es/rooms/1138351147330962769
Madrid,Puente-de-Vallecas,1429235758371683833,2026-06-01,Apartamento en Puente de Vallecas,219.0,2.0,1.0,1.0,1.0,4.81,36.0,https://www.airbnb.es/rooms/1429235758371683833
Madrid,Puente-de-Vallecas,1338973125565744182,2026-06-01,Habitación de hotel compartida en Arganzuela,27.0,,,,2.0,4.69,787.0,https://www.airbnb.es/rooms/1338973125565744182
Madrid,Puente-de-Vallecas,1419528181833650609,2026-06-01,Habitación en Puente de Vallecas,75.0,,,1.0,,4.87,76.0,https://www.airbnb.es/rooms/1419528181833650609
Madrid,Puente-de-Vallecas,1251426835096901463,2026-06-01,Apartamento en Puente de Vallecas,328.0,4.0,1.0,2.0,1.0,4.77,87.0,https://www.airbnb.es/rooms/1251426835096901463
Madrid,Puente-de-Vallecas,1087391969354192107,2026-06-01,Apartamento en Puente de Vallecas,426.0,6.0,2.0,4.0,1.0,4.89,102.0,https://www.airbnb.es/rooms/1087391969354192107
Madrid,Puente-de-Vallecas,1447704808932754438,2026-06-01,Apartamento en Retiro,220.0,2.0,1.0,1.0,1.0,5.0,3.0,https://www.airbnb.es/rooms/1447704808932754438
Madrid,Puente-de-Vallecas,1208550686266104086,2026-06-01,Habitación en Puente de Vallecas,65.0,,,2.0,,4.88,89.0,https://www.airbnb.es/rooms/1208550686266104086
Madrid,Puente-de-Vallecas,820881063737375856,2026-06-01,Apartamento en Puente de Vallecas,116.0,3.0,2.0,2.0,1.0,4.92,181.0,https://www.airbnb.es/rooms/820881063737375856
Madrid,Puente-de-Vallecas,37444466,2026-06-01,Habitación en Puente de Vallecas,56.0,,,1.0,,4.88,320.0,https://www.airbnb.es/rooms/37444466
Madrid,Puente-de-Vallecas,1106582222119830136,2026-06-01,Apartamento en Puente de Vallecas,162.0,6.0,2.0,3.0,1.0,4.82,50.0,https://www.airbnb.es/rooms/1106582222119830136
Madrid,Puente-de-Vallecas,1545086895820786464,2026-06-01,Alojamiento en Madrid,46.0,2.0,1.0,1.0,0.0,4.53,15.0,https://www.airbnb.es/rooms/1545086895820786464
Madrid,Puente-de-Vallecas,709327134454429897,2026-06-01,Habitación en San Cristóbal,29.0,,,1.0,,4.66,271.0,https://www.airbnb.es/rooms/709327134454429897
Madrid,Puente-de-Vallecas,617381097035078586,2026-06-01,Habitación en Puente de Vallecas,56.0,,,1.0,,4.77,305.0,https://www.airbnb.es/rooms/617381097035078586
Madrid,Puente-de-Vallecas,957823891253947353,2026-06-01,Habitación de hotel compartida en Puente de Vallecas,32.0,,,20.0,8.0,4.56,16.0,https://www.airbnb.es/rooms/957823891253947353
Madrid,Puente-de-Vallecas,1106580452746571461,2026-06-01,Apartamento en Puente de Vallecas,144.0,4.0,2.0,2.0,1.0,4.68,31.0,https://www.airbnb.es/rooms/1106580452746571461
Madrid,Puente-de-Vallecas,26771360,2026-06-01,Habitación en Retiro,53.0,,,1.0,,4.77,639.0,https://www.airbnb.es/rooms/26771360
Madrid,Puente-de-Vallecas,908786992979930521,2026-06-01,Alojamiento en Madrid,34.0,1.0,1.0,1.0,1.0,4.65,40.0,https://www.airbnb.es/rooms/908786992979930521
Madrid,Puente-de-Vallecas,31505010,2026-06-01,Habitación en Madrid,29.0,,,1.0,,4.8,360.0,https://www.airbnb.es/rooms/31505010
Madrid,Puente-de-Vallecas,677526310239241354,2026-06-01,Habitación en Madrid,36.0,,,1.0,,4.91,590.0,https://www.airbnb.es/rooms/677526310239241354
Madrid,Puente-de-Vallecas,797752501770055290,2026-06-01,Apartamento en Puente de Vallecas,129.0,4.0,1.0,2.0,1.0,4.84,105.0,https://www.airbnb.es/rooms/797752501770055290
Madrid,Puente-de-Vallecas,1536338930438960351,2026-06-01,Alojamiento en Madrid,49.0,1.0,1.0,1.0,1.0,4.94,31.0,https://www.airbnb.es/rooms/1536338930438960351
Madrid,Puente-de-Vallecas,1106580286129900744,2026-06-01,Apartamento en Puente de Vallecas,96.0,2.0,1.0,1.0,1.0,4.72,36.0,https://www.airbnb.es/rooms/1106580286129900744
Madrid,Puente-de-Vallecas,1640013023211391833,2026-06-01,Apartamento en Madrid,118.0,4.0,1.0,2.0,1.0,4.53,15.0,https://www.airbnb.es/rooms/1640013023211391833
Madrid,Puente-de-Vallecas,17166723,2026-06-01,Habitación en Salamanca,53.0,,,1.0,,4.89,620.0,https://www.airbnb.es/rooms/17166723
Madrid,Puente-de-Vallecas,1202285360546850589,2026-06-01,Habitación en Ensanche de Vallecas,37.0,,,1.0,,4.8,44.0,https://www.airbnb.es/rooms/1202285360546850589
Madrid,Puente-de-Vallecas,1340376110053785468,2026-06-01,easyHotel Madrid Alcala,83.0,,,,,4.74,1190.0,https://www.airbnb.es/rooms/1340376110053785468
Madrid,Puente-de-Vallecas,1462887823030869510,2026-06-01,Truliving Vallecas by Habyt,110.0,,,,,4.77,199.0,https://www.airbnb.es/rooms/1462887823030869510
Madrid,Puente-de-Vallecas,1380990977526379544,2026-06-01,Vincci Soho,308.0,,,,,4.86,21.0,https://www.airbnb.es/rooms/1380990977526379544
Madrid,Puente-de-Vallecas,1486125837835237307,2026-06-01,Hotel Suites Feria de Madrid,109.0,,,,,4.84,178.0,https://www.airbnb.es/rooms/1486125837835237307
Madrid,Puente-de-Vallecas,1548364732773397400,2026-06-01,Sercotel Togumar,129.0,,,,,4.7,40.0,https://www.airbnb.es/rooms/1548364732773397400
Madrid,Puente-de-Vallecas,1547139222728474749,2026-06-01,Sercotel Madrid Aeropuerto,140.0,,,,,4.85,41.0,https://www.airbnb.es/rooms/1547139222728474749
Madrid,Puente-de-Vallecas,1558001589726044179,2026-06-01,Hotel Acta Pirámides,163.0,,,,,4.82,28.0,https://www.airbnb.es/rooms/1558001589726044179
Madrid,Puente-de-Vallecas,1594902380071464129,2026-06-01,Welco Valdebebas,133.0,,,,,4.79,187.0,https://www.airbnb.es/rooms/1594902380071464129
Madrid,Puente-de-Vallecas,1638314870111458557,2026-06-01,Sercotel Alcalá 611,147.0,,,,,4.78,23.0,https://www.airbnb.es/rooms/1638314870111458557
Madrid,Puente-de-Vallecas,1513716274577759902,2026-06-01,Inhala Hotel Garden,191.0,,,,,4.61,144.0,https://www.airbnb.es/rooms/1513716274577759902
Madrid,Puente-de-Vallecas,1123101037619963484,2026-06-01,Apartamento en Puente de Vallecas,162.0,4.0,2.0,2.0,1.0,4.87,94.0,https://www.airbnb.es/rooms/1123101037619963484
Madrid,Puente-de-Vallecas,1114941310995216975,2026-06-01,Apartamento en Puente de Vallecas,162.0,6.0,2.0,3.0,1.0,4.48,21.0,https://www.airbnb.es/rooms/1114941310995216975
Madrid,Puente-de-Vallecas,1594248663231508629,2026-06-01,Apartamento en Madrid,108.0,4.0,1.0,1.0,1.0,4.15,20.0,https://www.airbnb.es/rooms/1594248663231508629
Madrid,Puente-de-Vallecas,1447110967087160329,2026-06-01,Hotel en Puente de Vallecas,49.0,2.0,1.0,1.0,1.0,4.26,34.0,https://www.airbnb.es/rooms/1447110967087160329
Madrid,Puente-de-Vallecas,1634672633689716541,2026-06-01,Apartamento en Madrid,105.0,4.0,1.0,1.0,1.0,4.4,5.0,https://www.airbnb.es/rooms/1634672633689716541
Madrid,Puente-de-Vallecas,660279578104227624,2026-06-01,Habitación en Puente de Vallecas,77.0,,,1.0,,5.0,11.0,https://www.airbnb.es/rooms/660279578104227624
Madrid,Puente-de-Vallecas,1436318414981713048,2026-06-01,Habitación en Puente de Vallecas,59.0,,,1.0,,4.82,39.0,https://www.airbnb.es/rooms/1436318414981713048
Madrid,Puente-de-Vallecas,1618851699926780025,2026-06-01,Alojamiento en Madrid,50.0,2.0,1.0,1.0,1.0,5.0,5.0,https://www.airbnb.es/rooms/1618851699926780025
Madrid,Puente-de-Vallecas,1008829300827407001,2026-06-01,Habitación en Santa Eugenia,40.0,,,3.0,,4.69,261.0,https://www.airbnb.es/rooms/1008829300827407001
Madrid,Puente-de-Vallecas,1282538883198799514,2026-06-01,Apartamento en Puente de Vallecas,183.0,4.0,2.0,3.0,1.0,4.81,67.0,https://www.airbnb.es/rooms/1282538883198799514
Madrid,Puente-de-Vallecas,795405693750606575,2026-06-01,Habitación en Ventas,30.0,,,1.0,,4.64,389.0,https://www.airbnb.es/rooms/795405693750606575
Madrid,Puente-de-Vallecas,882305552846878797,2026-06-01,Habitación en Embajadores,53.0,,,1.0,,4.9,360.0,https://www.airbnb.es/rooms/882305552846878797
Madrid,Puente-de-Vallecas,1651337218922242683,2026-06-01,Alojamiento en Madrid,75.0,2.0,1.0,1.0,1.0,,,https://www.airbnb.es/rooms/1651337218922242683
Madrid,Puente-de-Vallecas,1201446110425479538,2026-06-01,Apartamento en Puente de Vallecas,169.0,6.0,2.0,4.0,1.0,4.71,28.0,https://www.airbnb.es/rooms/1201446110425479538
Madrid,Puente-de-Vallecas,777901724142489578,2026-06-01,Apartamento en Puente de Vallecas,131.0,2.0,,1.0,1.0,4.61,74.0,https://www.airbnb.es/rooms/777901724142489578
Madrid,Puente-de-Vallecas,1472363648622040333,2026-06-01,Apartamento en Puente de Vallecas,128.0,3.0,1.0,1.0,1.0,4.64,55.0,https://www.airbnb.es/rooms/1472363648622040333
Madrid,Puente-de-Vallecas,46416127,2026-06-01,Habitación compartida en Madrid,43.0,,,,2.0,4.82,1386.0,https://www.airbnb.es/rooms/46416127
Madrid,Puente-de-Vallecas,23674803,2026-06-01,Loft en Arganzuela,113.0,3.0,1.0,3.0,1.0,4.7,852.0,https://www.airbnb.es/rooms/23674803
Madrid,Puente-de-Vallecas,1564770934155787723,2026-06-01,Habitación de hotel compartida en Madrid,32.0,,,20.0,8.0,4.6,5.0,https://www.airbnb.es/rooms/1564770934155787723
Madrid,Puente-de-Vallecas,1650002781422647187,2026-06-01,Apartamento en Madrid,112.0,3.0,1.0,1.0,1.0,4.89,9.0,https://www.airbnb.es/rooms/1650002781422647187
Madrid,Puente-de-Vallecas,1242677685438952483,2026-06-01,Apartamento en Cuatro Caminos,82.0,2.0,1.0,1.0,1.0,4.44,112.0,https://www.airbnb.es/rooms/1242677685438952483
Madrid,Puente-de-Vallecas,950023237737716657,2026-06-01,Apartamento en Madrid,95.0,5.0,1.0,3.0,1.0,4.74,332.0,https://www.airbnb.es/rooms/950023237737716657
Madrid,Puente-de-Vallecas,46038068,2026-06-01,Habitación en Puente de Vallecas,53.0,,,2.0,,4.85,40.0,https://www.airbnb.es/rooms/46038068
Madrid,Puente-de-Vallecas,761261866476528079,2026-06-01,Habitaciones en Simancas,33.0,,2.0,1.0,,4.78,247.0,https://www.airbnb.es/rooms/761261866476528079
Madrid,Puente-de-Vallecas,32582408,2026-06-01,Hostal en Puente de Vallecas,44.0,2.0,1.0,1.0,1.0,4.32,124.0,https://www.airbnb.es/rooms/32582408
Madrid,Puente-de-Vallecas,982577325821347767,2026-06-01,Habitación en Usera,39.0,,,1.0,,4.84,285.0,https://www.airbnb.es/rooms/982577325821347767
Madrid,Puente-de-Vallecas,1191437981226770621,2026-06-01,Habitaciones en Usera,38.0,,2.0,1.0,,4.86,42.0,https://www.airbnb.es/rooms/1191437981226770621
Madrid,Puente-de-Vallecas,1107364511673446145,2026-06-01,Apartamento en Puente de Vallecas,162.0,4.0,2.0,2.0,1.0,4.73,48.0,https://www.airbnb.es/rooms/1107364511673446145
Madrid,Puente-de-Vallecas,1362294249473405797,2026-06-01,Apartamento en Retiro,128.0,2.0,1.0,1.0,1.0,4.54,24.0,https://www.airbnb.es/rooms/1362294249473405797
Madrid,Puente-de-Vallecas,1101937540879510367,2026-06-01,Apartamento en Puente de Vallecas,169.0,4.0,1.0,2.0,1.0,4.75,4.0,https://www.airbnb.es/rooms/1101937540879510367
Madrid,Puente-de-Vallecas,1558056101341913115,2026-06-01,Apartamento en Madrid,159.0,6.0,1.0,4.0,1.0,4.71,7.0,https://www.airbnb.es/rooms/1558056101341913115
Madrid,Puente-de-Vallecas,1485479169831506548,2026-06-01,Apartamento en Hortaleza,103.0,2.0,1.0,1.0,0.0,4.79,730.0,https://www.airbnb.es/rooms/1485479169831506548
Madrid,Puente-de-Vallecas,1436330519570659321,2026-06-01,Habitación en Puente de Vallecas,59.0,,,1.0,,4.78,51.0,https://www.airbnb.es/rooms/1436330519570659321
Madrid,Puente-de-Vallecas,1649963093276953392,2026-06-01,Apartamento en Madrid,163.0,4.0,,2.0,1.0,5.0,6.0,https://www.airbnb.es/rooms/1649963093276953392
Madrid,Puente-de-Vallecas,1270940850149559440,2026-06-01,Apartamento en Puente de Vallecas,116.0,2.0,1.0,1.0,1.0,4.47,15.0,https://www.airbnb.es/rooms/1270940850149559440
Madrid,Puente-de-Vallecas,1549321306621134078,2026-06-01,Hostal en Madrid,73.0,2.0,,1.0,1.0,4.94,18.0,https://www.airbnb.es/rooms/1549321306621134078
Madrid,Puente-de-Vallecas,1024571965787456002,2026-06-01,Apartamento en Puente de Vallecas,133.0,4.0,1.0,2.0,0.0,4.36,44.0,https://www.airbnb.es/rooms/1024571965787456002
Madrid,Puente-de-Vallecas,1368877684727617333,2026-06-01,Apartamento en Puente de Vallecas,122.0,4.0,1.0,2.0,1.0,4.54,24.0,https://www.airbnb.es/rooms/1368877684727617333
Madrid,Puente-de-Vallecas,1213841192465478904,2026-06-01,Apartamento en Usera,91.0,4.0,2.0,2.0,1.0,4.53,34.0,https://www.airbnb.es/rooms/1213841192465478904
Madrid,Puente-de-Vallecas,1658209631455324799,2026-06-01,Apartamento en Madrid,187.0,4.0,3.0,3.0,2.0,5.0,4.0,https://www.airbnb.es/rooms/1658209631455324799
Madrid,Puente-de-Vallecas,1670203374952453570,2026-06-01,Alojamiento en Madrid,34.0,1.0,1.0,1.0,1.0,,,https://www.airbnb.es/rooms/1670203374952453570
Madrid,Puente-de-Vallecas,1552943804398189739,2026-06-01,Habitación compartida en Madrid,26.0,,,1.0,,4.69,62.0,https://www.airbnb.es/rooms/1552943804398189739
Madrid,Puente-de-Vallecas,1447013443717309222,2026-06-01,Habitación en Sol,55.0,,,1.0,,4.46,105.0,https://www.airbnb.es/rooms/1447013443717309222
Madrid,Puente-de-Vallecas,1678407386515195299,2026-06-01,Casa de invitados en Madrid,45.0,2.0,1.0,1.0,2.0,,,https://www.airbnb.es/rooms/1678407386515195299
Madrid,Puente-de-Vallecas,1501360724881561050,2026-06-01,Habitación en Valdebernardo,41.0,,,1.0,,4.27,41.0,https://www.airbnb.es/rooms/1501360724881561050
Madrid,Puente-de-Vallecas,1201452489545612646,2026-06-01,Apartamento en Puente de Vallecas,151.0,4.0,1.0,2.0,1.0,4.76,17.0,https://www.airbnb.es/rooms/1201452489545612646
Madrid,Puente-de-Vallecas,1652994921110322087,2026-06-01,Apartamento en Madrid,89.0,4.0,1.0,2.0,1.0,5.0,9.0,https://www.airbnb.es/rooms/1652994921110322087
Madrid,Puente-de-Vallecas,21923038,2026-06-01,Apartamento en Madrid,118.0,5.0,1.0,3.0,1.0,4.66,258.0,https://www.airbnb.es/rooms/21923038
Madrid,Puente-de-Vallecas,1643516025791993784,2026-06-01,Apartamento en Madrid,128.0,4.0,1.0,2.0,1.0,5.0,6.0,https://www.airbnb.es/rooms/1643516025791993784
Madrid,Puente-de-Vallecas,44697269,2026-06-01,Bed & breakfast en Madrid,101.0,2.0,1.0,1.0,1.0,4.84,980.0,https://www.airbnb.es/rooms/44697269
Madrid,Puente-de-Vallecas,1398612962508089420,2026-06-01,Apartamento en Madrid,109.0,2.0,1.0,1.0,1.0,4.74,82.0,https://www.airbnb.es/rooms/1398612962508089420
Madrid,Puente-de-Vallecas,853739035682361011,2026-06-01,Apartamento en Madrid,100.0,2.0,1.0,1.0,1.0,4.56,347.0,https://www.airbnb.es/rooms/853739035682361011
Madrid,Puente-de-Vallecas,1639808640732006378,2026-06-01,Casa de invitados en Madrid,70.0,2.0,1.0,1.0,1.0,4.56,9.0,https://www.airbnb.es/rooms/1639808640732006378
Madrid,Puente-de-Vallecas,777901588199992029,2026-06-01,Apartamento en Madrid,153.0,3.0,,3.0,1.0,4.69,49.0,https://www.airbnb.es/rooms/777901588199992029
Madrid,Puente-de-Vallecas,1683195903446863431,2026-06-01,Alojamiento en Leganés,75.0,2.0,1.0,3.0,1.0,,,https://www.airbnb.es/rooms/1683195903446863431
Madrid,Puente-de-Vallecas,1558750344646078171,2026-06-01,Apartamento en Madrid,192.0,6.0,3.0,4.0,1.0,4.76,21.0,https://www.airbnb.es/rooms/1558750344646078171
Madrid,Puente-de-Vallecas,902810630153262672,2026-06-01,Habitación en Madrid,53.0,,,1.0,,4.85,227.0,https://www.airbnb.es/rooms/902810630153262672
Madrid,Puente-de-Vallecas,17725607,2026-06-01,Apartamento en Madrid,174.0,5.0,3.0,3.0,1.0,4.84,79.0,https://www.airbnb.es/rooms/17725607
Madrid,Puente-de-Vallecas,1629782400981212627,2026-06-01,Apartamento en Madrid,159.0,2.0,1.0,1.0,1.0,5.0,8.0,https://www.airbnb.es/rooms/1629782400981212627
Madrid,Puente-de-Vallecas,1006474949452112287,2026-06-01,Apartamento en Madrid,106.0,4.0,,,1.0,4.4,55.0,https://www.airbnb.es/rooms/1006474949452112287
Madrid,Puente-de-Vallecas,1357477953481569144,2026-06-01,Habitación en Madrid,32.0,,,1.0,,4.82,113.0,https://www.airbnb.es/rooms/1357477953481569144
Madrid,Puente-de-Vallecas,1681292570763906245,2026-06-01,Alojamiento en Madrid,41.0,2.0,1.0,1.0,1.0,,,https://www.airbnb.es/rooms/1681292570763906245
Madrid,Puente-de-Vallecas,1417846804570327335,2026-06-01,Apartamento en Madrid,159.0,3.0,1.0,2.0,1.0,4.88,52.0,https://www.airbnb.es/rooms/1417846804570327335
Madrid,Puente-de-Vallecas,970201844572404654,2026-06-01,Apartamento en Madrid,88.0,4.0,1.0,1.0,1.0,4.19,93.0,https://www.airbnb.es/rooms/970201844572404654
Madrid,Puente-de-Vallecas,1672547876910519321,2026-06-01,Alojamiento en Madrid,77.0,1.0,1.0,1.0,,,,https://www.airbnb.es/rooms/1672547876910519321
Madrid,Puente-de-Vallecas,1549330908681234871,2026-06-01,Hostal en Madrid,73.0,2.0,1.0,1.0,0.0,4.86,35.0,https://www.airbnb.es/rooms/1549330908681234871
Madrid,Puente-de-Vallecas,47280629,2026-06-01,Loft en Plaza Mayor,121.0,3.0,,3.0,1.0,4.69,543.0,https://www.airbnb.es/rooms/47280629
Madrid,Puente-de-Vallecas,924532544626967749,2026-06-01,Habitación compartida en Atocha,34.0,,,,,4.82,22.0,https://www.airbnb.es/rooms/924532544626967749
Madrid,Puente-de-Vallecas,1420889591151526424,2026-06-01,Apartamento en Puente de Vallecas,201.0,4.0,1.0,3.0,1.0,5.0,4.0,https://www.airbnb.es/rooms/1420889591151526424
Madrid,Puente-de-Vallecas,1253538805180397570,2026-06-01,Habitación en Gran Vía,46.0,,,,,4.38,65.0,https://www.airbnb.es/rooms/1253538805180397570
Madrid,Puente-de-Vallecas,1391221423206197239,2026-06-01,Habitación en Salamanca,70.0,,,1.0,,4.57,131.0,https://www.airbnb.es/rooms/1391221423206197239
Madrid,Puente-de-Vallecas,44230229,2026-06-01,Habitación en Madrid,47.0,,,1.0,,4.8,440.0,https://www.airbnb.es/rooms/44230229
Madrid,Puente-de-Vallecas,1549298958628187967,2026-06-01,Hostal en Madrid,86.0,2.0,1.0,1.0,1.0,4.93,46.0,https://www.airbnb.es/rooms/1549298958628187967
Madrid,Puente-de-Vallecas,862945987642116253,2026-06-01,Apartamento en Tetuán,86.0,4.0,,1.0,1.0,4.39,61.0,https://www.airbnb.es/rooms/862945987642116253
Madrid,Puente-de-Vallecas,51558636,2026-06-01,Habitación compartida en Madrid,37.0,,,,,4.8,1306.0,https://www.airbnb.es/rooms/51558636
Madrid,Puente-de-Vallecas,1237009849487604189,2026-06-01,Habitación en Madrid,59.0,,,1.0,,4.89,276.0,https://www.airbnb.es/rooms/1237009849487604189
Madrid,Puente-de-Vallecas,1381028869463724456,2026-06-01,Habitación compartida en Madrid,28.0,,,8.0,,4.71,251.0,https://www.airbnb.es/rooms/1381028869463724456
Madrid,Puente-de-Vallecas,909892240700301021,2026-06-01,Habitación de hotel compartida en Barajas,37.0,,,1.0,,4.68,472.0,https://www.airbnb.es/rooms/909892240700301021
Madrid,Puente-de-Vallecas,1524902595804100653,2026-06-01,Apartamento en Madrid,141.0,2.0,,1.0,1.0,4.96,46.0,https://www.airbnb.es/rooms/1524902595804100653
Madrid,Puente-de-Vallecas,1402883915034258000,2026-06-01,Habitaciones en Valdebernardo,57.0,,4.0,1.0,,4.56,25.0,https://www.airbnb.es/rooms/1402883915034258000
Madrid,Puente-de-Vallecas,1549336735254432699,2026-06-01,Hostal en Madrid,73.0,1.0,1.0,1.0,1.0,5.0,10.0,https://www.airbnb.es/rooms/1549336735254432699
Madrid,Puente-de-Vallecas,1136035927061531038,2026-06-01,Habitación compartida en Madrid,31.0,,,14.0,,4.85,462.0,https://www.airbnb.es/rooms/1136035927061531038
Madrid,Puente-de-Vallecas,46565987,2026-06-01,Habitación compartida en Madrid,48.0,,,4.0,,4.83,379.0,https://www.airbnb.es/rooms/46565987
Madrid,Puente-de-Vallecas,34767374,2026-06-01,Habitación en Chamartín,61.0,,,1.0,,4.91,191.0,https://www.airbnb.es/rooms/34767374
Madrid,Puente-de-Vallecas,1619640746738815234,2026-06-01,Alojamiento en Madrid,82.0,3.0,1.0,2.0,1.0,4.2,5.0,https://www.airbnb.es/rooms/1619640746738815234
Madrid,Puente-de-Vallecas,1382578240001983116,2026-06-01,Habitación en Madrid,59.0,,,1.0,,4.97,147.0,https://www.airbnb.es/rooms/1382578240001983116
Madrid,Puente-de-Vallecas,16300009,2026-06-01,Apartamento en Madrid,94.0,3.0,1.0,3.0,1.0,4.75,32.0,https://www.airbnb.es/rooms/16300009
Madrid,Puente-de-Vallecas,1537571099272969419,2026-06-01,Alojamiento en Madrid,70.0,2.0,1.0,1.0,1.0,4.78,77.0,https://www.airbnb.es/rooms/1537571099272969419
Madrid,Puente-de-Vallecas,1173829405748540723,2026-06-01,Habitación en Madrid,75.0,,,1.0,,4.54,237.0,https://www.airbnb.es/rooms/1173829405748540723
Madrid,Puente-de-Vallecas,1131768478034959185,2026-06-01,Apartamento en Atocha,180.0,6.0,2.0,3.0,2.0,4.83,116.0,https://www.airbnb.es/rooms/1131768478034959185
Madrid,Puente-de-Vallecas,1563919124519855835,2026-06-01,Habitación de hotel compartida en Madrid,32.0,,,20.0,8.0,3.75,4.0,https://www.airbnb.es/rooms/1563919124519855835
Madrid,Puente-de-Vallecas,1350636496548226533,2026-06-01,Apartamento en Retiro,171.0,4.0,,2.0,1.0,4.25,4.0,https://www.airbnb.es/rooms/1350636496548226533
Madrid,Puente-de-Vallecas,1295613277238498559,2026-06-01,Apartamento en Puente de Vallecas,141.0,4.0,1.0,1.0,1.0,4.78,23.0,https://www.airbnb.es/rooms/1295613277238498559
Madrid,Puente-de-Vallecas,31929550,2026-06-01,Habitación en Gran Vía,81.0,,,2.0,,4.65,132.0,https://www.airbnb.es/rooms/31929550
Madrid,Puente-de-Vallecas,1233350870027135262,2026-06-01,Habitación en Simancas,44.0,,,1.0,,4.76,192.0,https://www.airbnb.es/rooms/1233350870027135262
Madrid,Puente-de-Vallecas,1665180061563867382,2026-06-01,Apartamento en Madrid,121.0,2.0,1.0,1.0,1.0,,,https://www.airbnb.es/rooms/1665180061563867382
Madrid,Puente-de-Vallecas,1625308457746976629,2026-06-01,Apartamento en Madrid,62.0,2.0,1.0,1.0,1.0,4.61,18.0,https://www.airbnb.es/rooms/1625308457746976629
Madrid,Puente-de-Vallecas,1279722037192402039,2026-06-01,Habitación en Pueblo Nuevo,71.0,,,2.0,,4.68,38.0,https://www.airbnb.es/rooms/1279722037192402039
Madrid,Puente-de-Vallecas,1202981479518851567,2026-06-01,Apartamento en Embajadores,135.0,4.0,1.0,1.0,1.0,4.6,88.0,https://www.airbnb.es/rooms/1202981479518851567
Madrid,Puente-de-Vallecas,22985103,2026-06-01,Habitación en Sol,81.0,,,2.0,,4.74,96.0,https://www.airbnb.es/rooms/22985103
Madrid,Puente-de-Vallecas,40225286,2026-06-01,Apartamento en Puente de Vallecas,156.0,4.0,1.0,2.0,1.0,4.55,49.0,https://www.airbnb.es/rooms/40225286
Madrid,Puente-de-Vallecas,907778347466471297,2026-06-01,Habitación en Madrid,75.0,,,1.0,,4.54,266.0,https://www.airbnb.es/rooms/907778347466471297
Madrid,Puente-de-Vallecas,1463784194161638134,2026-06-01,Habitación en Hortaleza,55.0,,,1.0,,4.51,65.0,https://www.airbnb.es/rooms/1463784194161638134
Madrid,Puente-de-Vallecas,1638447033670437943,2026-06-01,Apartamento en Madrid,149.0,4.0,1.0,2.0,1.0,5.0,10.0,https://www.airbnb.es/rooms/1638447033670437943
Madrid,Puente-de-Vallecas,1565100074009861605,2026-06-01,Habitación de hotel compartida en Madrid,32.0,,,20.0,8.0,,,https://www.airbnb.es/rooms/1565100074009861605
Madrid,Puente-de-Vallecas,1378393519082955343,2026-06-01,Habitación en Puente de Vallecas,67.0,,,1.0,,4.71,14.0,https://www.airbnb.es/rooms/1378393519082955343
Madrid,Puente-de-Vallecas,744005210080743389,2026-06-01,Habitación en Madrid,47.0,,,1.0,,4.88,92.0,https://www.airbnb.es/rooms/744005210080743389
Madrid,Puente-de-Vallecas,1679879417196305125,2026-06-01,Apartamento en Madrid,153.0,6.0,2.0,2.0,1.0,,,https://www.airbnb.es/rooms/1679879417196305125
Madrid,Puente-de-Vallecas,1644298779012145945,2026-06-01,Apartamento en Madrid,147.0,4.0,1.0,1.0,1.0,5.0,6.0,https://www.airbnb.es/rooms/1644298779012145945
Madrid,Puente-de-Vallecas,820879352630849982,2026-06-01,Habitación en Usera,64.0,,,2.0,,4.89,111.0,https://www.airbnb.es/rooms/820879352630849982
Madrid,Puente-de-Vallecas,1131142326389957998,2026-06-01,Apartamento en Arganzuela,144.0,4.0,1.0,2.0,1.0,4.64,90.0,https://www.airbnb.es/rooms/1131142326389957998
Madrid,Puente-de-Vallecas,44328380,2026-06-01,Apartamento en Madrid,129.0,2.0,,1.0,1.0,4.83,366.0,https://www.airbnb.es/rooms/44328380
Madrid,Puente-de-Vallecas,1410706900579981710,2026-06-01,Habitación compartida en Cuatro Caminos,23.0,,,1.0,,4.85,13.0,https://www.airbnb.es/rooms/1410706900579981710
Madrid,Puente-de-Vallecas,1026991865595731242,2026-06-01,Apartamento en Madrid,123.0,2.0,1.0,1.0,1.0,4.7,128.0,https://www.airbnb.es/rooms/1026991865595731242
Madrid,Puente-de-Vallecas,645352260145108648,2026-06-01,Apartamento en Madrid,129.0,2.0,1.0,2.0,1.0,4.91,449.0,https://www.airbnb.es/rooms/645352260145108648
Madrid,Puente-de-Vallecas,1488189685781371498,2026-06-01,Habitación de hotel compartida en Sol,36.0,,,1.0,,4.71,38.0,https://www.airbnb.es/rooms/1488189685781371498
Madrid,Puente-de-Vallecas,32402933,2026-06-01,Apartamento en Puente de Vallecas,168.0,4.0,1.0,2.0,1.0,4.74,70.0,https://www.airbnb.es/rooms/32402933
Madrid,Puente-de-Vallecas,49173577,2026-06-01,Hotel boutique en Madrid,111.0,2.0,1.0,1.0,1.0,4.47,32.0,https://www.airbnb.es/rooms/49173577
Madrid,Puente-de-Vallecas,1414597922798710350,2026-06-01,Alojamiento en Madrid,50.0,1.0,1.0,1.0,,4.91,23.0,https://www.airbnb.es/rooms/1414597922798710350
Madrid,Puente-de-Vallecas,18016295,2026-06-01,Habitación en Usera,59.0,,,1.0,,4.83,312.0,https://www.airbnb.es/rooms/18016295
Madrid,Puente-de-Vallecas,1549332439817137124,2026-06-01,Apartamento en Madrid,88.0,2.0,1.0,1.0,1.0,4.83,18.0,https://www.airbnb.es/rooms/1549332439817137124
Madrid,Puente-de-Vallecas,1132338120957858091,2026-06-01,Apartamento en Arganzuela,144.0,4.0,1.0,2.0,1.0,4.68,121.0,https://www.airbnb.es/rooms/1132338120957858091
Madrid,Puente-de-Vallecas,1364282235000404403,2026-06-01,Habitación en Simancas,52.0,,,1.0,,4.76,148.0,https://www.airbnb.es/rooms/1364282235000404403
Madrid,Puente-de-Vallecas,1549323431756706519,2026-06-01,Hostal en Madrid,73.0,1.0,,1.0,1.0,5.0,8.0,https://www.airbnb.es/rooms/1549323431756706519
Madrid,Puente-de-Vallecas,1643505170698452440,2026-06-01,Apartamento en Madrid,151.0,5.0,1.0,3.0,2.0,4.73,11.0,https://www.airbnb.es/rooms/1643505170698452440
Madrid,Puente-de-Vallecas,1244224576957017794,2026-06-01,Habitación en Madrid,75.0,,,1.0,,4.67,205.0,https://www.airbnb.es/rooms/1244224576957017794
Madrid,Puente-de-Vallecas,41375947,2026-06-01,Habitación en Madrid,81.0,,,2.0,,4.96,76.0,https://www.airbnb.es/rooms/41375947
Madrid,Puente-de-Vallecas,1187346940116587429,2026-06-01,Habitación en Madrid,57.0,,,2.0,,4.95,92.0,https://www.airbnb.es/rooms/1187346940116587429
Madrid,Puente-de-Vallecas,1475916941487984993,2026-06-01,Apartamento en Madrid,159.0,6.0,2.0,2.0,1.0,4.82,50.0,https://www.airbnb.es/rooms/1475916941487984993
Madrid,Puente-de-Vallecas,1259340674485761204,2026-06-01,Habitación en Salamanca,61.0,,,1.0,,4.8,88.0,https://www.airbnb.es/rooms/1259340674485761204
Madrid,Puente-de-Vallecas,22225748,2026-06-01,Habitación en Usera,45.0,,,1.0,,4.85,434.0,https://www.airbnb.es/rooms/22225748
Madrid,Puente-de-Vallecas,1537584798404847783,2026-06-01,Alojamiento en Madrid,70.0,2.0,1.0,1.0,1.0,4.7,70.0,https://www.airbnb.es/rooms/1537584798404847783
Madrid,Puente-de-Vallecas,1451673568388520438,2026-06-01,Loft en Villaverde,129.0,3.0,1.0,2.0,1.0,4.95,62.0,https://www.airbnb.es/rooms/1451673568388520438
Madrid,Puente-de-Vallecas,48290903,2026-06-01,Apartamento en Retiro,176.0,4.0,1.0,2.0,1.0,4.6,107.0,https://www.airbnb.es/rooms/48290903
Madrid,Puente-de-Vallecas,1378399001087617538,2026-06-01,Habitación en Puente de Vallecas,73.0,,,1.0,,4.44,16.0,https://www.airbnb.es/rooms/1378399001087617538
Madrid,Puente-de-Vallecas,1362269516802674455,2026-06-01,Alojamiento en Puente de Vallecas,64.0,2.0,1.0,1.0,1.0,4.22,9.0,https://www.airbnb.es/rooms/1362269516802674455
Madrid,Puente-de-Vallecas,1563912907138411174,2026-06-01,Habitación de hotel compartida en Madrid,32.0,,,20.0,8.0,,,https://www.airbnb.es/rooms/1563912907138411174
Madrid,Puente-de-Vallecas,1642709010579576351,2026-06-01,Alojamiento en Madrid,70.0,2.0,1.0,1.0,1.0,4.36,22.0,https://www.airbnb.es/rooms/1642709010579576351
Madrid,Puente-de-Vallecas,19112582,2026-06-01,Habitación en Chamartín,88.0,,,1.0,,4.91,365.0,https://www.airbnb.es/rooms/19112582
Madrid,Puente-de-Vallecas,1593325982733082577,2026-06-01,Apartamento en Madrid,71.0,2.0,1.0,1.0,1.0,4.33,21.0,https://www.airbnb.es/rooms/1593325982733082577
Madrid,Puente-de-Vallecas,1322567264800622761,2026-06-01,Habitación de hotel compartida en Cuatro Caminos,23.0,,,15.0,3.0,4.56,105.0,https://www.airbnb.es/rooms/1322567264800622761
Madrid,Puente-de-Vallecas,1181124454279980679,2026-06-01,Apartamento en Arganzuela,133.0,4.0,1.0,2.0,1.0,4.57,108.0,https://www.airbnb.es/rooms/1181124454279980679
Madrid,Puente-de-Vallecas,1642693547012324783,2026-06-01,Alojamiento en Madrid,70.0,2.0,1.0,1.0,1.0,4.43,14.0,https://www.airbnb.es/rooms/1642693547012324783
Madrid,Puente-de-Vallecas,1523114081339180264,2026-06-01,Alojamiento en Madrid,70.0,2.0,1.0,1.0,2.0,4.54,59.0,https://www.airbnb.es/rooms/1523114081339180264
Madrid,Puente-de-Vallecas,1064377409157116477,2026-06-01,Habitaciones en Usera,47.0,,4.0,1.0,,4.59,44.0,https://www.airbnb.es/rooms/1064377409157116477
Madrid,Puente-de-Vallecas,907888221198200660,2026-06-01,Habitación en Madrid,75.0,,,1.0,,4.6,253.0,https://www.airbnb.es/rooms/907888221198200660
Madrid,Puente-de-Vallecas,1133082926244884842,2026-06-01,Habitación en Retiro,84.0,,,1.0,,4.88,163.0,https://www.airbnb.es/rooms/1133082926244884842
Madrid,Puente-de-Vallecas,1619654594179714392,2026-06-01,Alojamiento en Madrid,94.0,2.0,1.0,1.0,1.0,,,https://www.airbnb.es/rooms/1619654594179714392
Madrid,Puente-de-Vallecas,36760070,2026-06-01,Habitación en Latina,44.0,,,1.0,,4.82,238.0,https://www.airbnb.es/rooms/36760070
Madrid,Puente-de-Vallecas,758004952449186583,2026-06-01,Apartamento en Madrid,142.0,2.0,1.0,1.0,1.0,4.89,305.0,https://www.airbnb.es/rooms/758004952449186583
Madrid,Puente-de-Vallecas,1679049635517436561,2026-06-01,Alojamiento en Madrid,65.0,1.0,1.0,1.0,1.0,,,https://www.airbnb.es/rooms/1679049635517436561
Madrid,Puente-de-Vallecas,1643581508304888800,2026-06-01,Alojamiento en Madrid,49.0,1.0,1.0,1.0,1.0,4.2,5.0,https://www.airbnb.es/rooms/1643581508304888800
Madrid,Puente-de-Vallecas,663616412063513584,2026-06-01,Apartamento en Quintana,132.0,5.0,2.0,3.0,1.0,4.58,227.0,https://www.airbnb.es/rooms/663616412063513584
Madrid,Puente-de-Vallecas,905672799514033111,2026-06-01,Apartamento en Madrid,182.0,4.0,2.0,2.0,1.0,4.91,195.0,https://www.airbnb.es/rooms/905672799514033111
Madrid,Puente-de-Vallecas,22985266,2026-06-01,Habitación en Sol,81.0,,,2.0,,4.71,104.0,https://www.airbnb.es/rooms/22985266
Madrid,Puente-de-Vallecas,969385306023415916,2026-06-01,Alojamiento en Retiro,59.0,2.0,1.0,1.0,2.0,4.82,17.0,https://www.airbnb.es/rooms/969385306023415916
Madrid,Puente-de-Vallecas,1436131981187790617,2026-06-01,Habitación en Puente de Vallecas,129.0,,,1.0,,4.59,32.0,https://www.airbnb.es/rooms/1436131981187790617
Madrid,Puente-de-Vallecas,1619622184092161666,2026-06-01,Alojamiento en Madrid,93.0,2.0,1.0,1.0,1.0,,,https://www.airbnb.es/rooms/1619622184092161666
Madrid,Puente-de-Vallecas,876136252113465208,2026-06-01,Alojamiento en Simancas,118.0,2.0,1.0,1.0,1.0,4.99,176.0,https://www.airbnb.es/rooms/876136252113465208
Madrid,Puente-de-Vallecas,1549333880926329504,2026-06-01,Hotel boutique en Madrid,81.0,2.0,,1.0,1.0,4.89,28.0,https://www.airbnb.es/rooms/1549333880926329504
Madrid,Puente-de-Vallecas,1016443633879357802,2026-06-01,Apartamento en Sol,195.0,5.0,2.0,4.0,1.0,4.83,159.0,https://www.airbnb.es/rooms/1016443633879357802
Madrid,Puente-de-Vallecas,1368286347722493002,2026-06-01,Habitación en Barajas,52.0,,,2.0,,4.84,43.0,https://www.airbnb.es/rooms/1368286347722493002
Madrid,Puente-de-Vallecas,1199047735711626678,2026-06-01,Apartamento en Arganzuela,133.0,4.0,1.0,2.0,1.0,4.49,96.0,https://www.airbnb.es/rooms/1199047735711626678
Madrid,Puente-de-Vallecas,1642711625979955102,2026-06-01,Alojamiento en Madrid,70.0,2.0,1.0,1.0,1.0,3.88,17.0,https://www.airbnb.es/rooms/1642711625979955102
Madrid,Puente-de-Vallecas,1531782176675910994,2026-06-01,Alojamiento en Madrid,70.0,2.0,1.0,1.0,2.0,4.35,46.0,https://www.airbnb.es/rooms/1531782176675910994
Madrid,Puente-de-Vallecas,1150095988537072266,2026-06-01,Apartamento en Chamartín,123.0,4.0,2.0,2.0,2.0,4.68,90.0,https://www.airbnb.es/rooms/1150095988537072266
Madrid,Puente-de-Vallecas,6827442,2026-06-01,Habitación en Madrid,86.0,,,1.0,,4.96,653.0,https://www.airbnb.es/rooms/6827442
Madrid,Puente-de-Vallecas,1391236645904621007,2026-06-01,Habitación en Salamanca,90.0,,,1.0,,4.73,112.0,https://www.airbnb.es/rooms/1391236645904621007
Madrid,Puente-de-Vallecas,846101428969678874,2026-06-01,Apartamento en Chamartín,150.0,4.0,1.0,2.0,1.0,4.79,208.0,https://www.airbnb.es/rooms/846101428969678874
Madrid,Puente-de-Vallecas,1442826261594690365,2026-06-01,Apartamento en Puente de Vallecas,228.0,2.0,1.0,1.0,1.0,4.67,54.0,https://www.airbnb.es/rooms/1442826261594690365
Madrid,Puente-de-Vallecas,18146906,2026-06-01,Loft en Atocha,139.0,4.0,1.0,2.0,1.0,4.68,294.0,https://www.airbnb.es/rooms/18146906
Madrid,Puente-de-Vallecas,1365234138957513943,2026-06-01,Apartamento en Madrid,142.0,4.0,1.0,2.0,1.0,,,https://www.airbnb.es/rooms/1365234138957513943
Madrid,Puente-de-Vallecas,1371079491398504987,2026-06-01,Apartamento en Madrid,159.0,4.0,1.0,2.0,1.0,4.89,19.0,https://www.airbnb.es/rooms/1371079491398504987
Madrid,Puente-de-Vallecas,1167526027706189559,2026-06-01,Apartamento en Arganzuela,133.0,4.0,1.0,2.0,1.0,4.62,125.0,https://www.airbnb.es/rooms/1167526027706189559
Madrid,Puente-de-Vallecas,1105539859196826108,2026-06-01,Apartamento en Arganzuela,122.0,2.0,1.0,1.0,1.0,4.94,152.0,https://www.airbnb.es/rooms/1105539859196826108
Madrid,Puente-de-Vallecas,1249125579855363791,2026-06-01,Apartamento en Puente de Vallecas,217.0,6.0,2.0,3.0,1.0,4.52,50.0,https://www.airbnb.es/rooms/1249125579855363791
Madrid,Puente-de-Vallecas,921596832669859047,2026-06-01,Apartamento en Usera,190.0,6.0,3.0,4.0,1.0,4.79,97.0,https://www.airbnb.es/rooms/921596832669859047
Madrid,Puente-de-Vallecas,1662900862769700613,2026-06-01,Apartamento en Madrid,91.0,1.0,1.0,1.0,1.0,,,https://www.airbnb.es/rooms/1662900862769700613
Madrid,Puente-de-Vallecas,1441823446092132988,2026-06-01,Apartamento en Sol,137.0,2.0,1.0,1.0,1.0,4.8,49.0,https://www.airbnb.es/rooms/1441823446092132988
Madrid,Puente-de-Vallecas,1228012202527297844,2026-06-01,Apartamento en Madrid,167.0,6.0,2.0,4.0,1.0,4.89,9.0,https://www.airbnb.es/rooms/1228012202527297844
Madrid,Puente-de-Vallecas,1542978383459057260,2026-06-01,Apartamento en Madrid,163.0,4.0,1.0,2.0,1.0,4.71,63.0,https://www.airbnb.es/rooms/1542978383459057260
Madrid,Puente-de-Vallecas,1511521967672905695,2026-06-01,Apartamento en Madrid,134.0,2.0,1.0,1.0,1.0,4.78,18.0,https://www.airbnb.es/rooms/1511521967672905695
Madrid,Puente-de-Vallecas,1374572430844210862,2026-06-01,Apartamento en Chamberí,135.0,3.0,1.0,2.0,1.0,4.91,92.0,https://www.airbnb.es/rooms/1374572430844210862
Madrid,Puente-de-Vallecas,49238337,2026-06-01,Hotel boutique en Madrid,132.0,3.0,2.0,3.0,1.0,4.74,54.0,https://www.airbnb.es/rooms/49238337
Madrid,Puente-de-Vallecas,644962710503905533,2026-06-01,Apartamento en Madrid,125.0,2.0,1.0,2.0,1.0,4.91,473.0,https://www.airbnb.es/rooms/644962710503905533
Madrid,Puente-de-Vallecas,935927233926803692,2026-06-01,Apartamento en Tetuán,89.0,2.0,1.0,1.0,1.0,4.5,8.0,https://www.airbnb.es/rooms/935927233926803692
Madrid,Puente-de-Vallecas,645326923050932776,2026-06-01,Apartamento en Madrid,147.0,2.0,1.0,2.0,1.0,4.93,454.0,https://www.airbnb.es/rooms/645326923050932776
Madrid,Puente-de-Vallecas,994841175711949058,2026-06-01,Apartamento en Salamanca,163.0,2.0,1.0,1.0,1.0,4.62,129.0,https://www.airbnb.es/rooms/994841175711949058
Madrid,Puente-de-Vallecas,1148282994057847547,2026-06-01,Habitación en Madrid,75.0,,,1.0,,4.68,219.0,https://www.airbnb.es/rooms/1148282994057847547
Madrid,Puente-de-Vallecas,1648626801548184794,2026-06-01,Apartamento en Madrid,176.0,4.0,2.0,3.0,2.0,5.0,7.0,https://www.airbnb.es/rooms/1648626801548184794
Madrid,Puente-de-Vallecas,1066713129972958713,2026-06-01,Apartamento en Usera,129.0,4.0,2.0,3.0,1.0,4.72,162.0,https://www.airbnb.es/rooms/1066713129972958713
Madrid,Puente-de-Vallecas,1556077877512807898,2026-06-01,Alojamiento en Madrid,88.0,2.0,1.0,1.0,1.0,5.0,32.0,https://www.airbnb.es/rooms/1556077877512807898
Madrid,Puente-de-Vallecas,1564494581796109030,2026-06-01,Apartamento en Madrid,121.0,3.0,1.0,2.0,1.0,4.49,49.0,https://www.airbnb.es/rooms/1564494581796109030
Madrid,Puente-de-Vallecas,1426003829332352387,2026-06-01,Hotel en Cuatro Caminos,108.0,2.0,1.0,1.0,1.0,4.82,45.0,https://www.airbnb.es/rooms/1426003829332352387
Madrid,Puente-de-Vallecas,1139642006892987613,2026-06-01,Apartamento en Salamanca,170.0,4.0,1.0,2.0,1.0,4.89,202.0,https://www.airbnb.es/rooms/1139642006892987613
Madrid,Puente-de-Vallecas,958068264244749440,2026-06-01,Apartamento en Madrid,100.0,3.0,1.0,1.0,1.0,4.3,63.0,https://www.airbnb.es/rooms/958068264244749440
Madrid,Puente-de-Vallecas,1435338155897404989,2026-06-01,Apartamento en Sol,147.0,4.0,1.0,2.0,1.0,,,https://www.airbnb.es/rooms/1435338155897404989
Madrid,Puente-de-Vallecas,1647801033166085592,2026-06-01,Apartamento en Madrid,152.0,4.0,2.0,3.0,1.0,4.8,10.0,https://www.airbnb.es/rooms/1647801033166085592
Madrid,Puente-de-Vallecas,867240806228932831,2026-06-01,Apartamento en Embajadores,173.0,4.0,1.0,2.0,1.0,4.65,31.0,https://www.airbnb.es/rooms/867240806228932831
Madrid,Puente-de-Vallecas,1358106560398851535,2026-06-01,Apartamento en Madrid,123.0,3.0,1.0,2.0,1.0,4.46,117.0,https://www.airbnb.es/rooms/1358106560398851535
Madrid,Puente-de-Vallecas,1277430795219869662,2026-06-01,Apartamento en Tetuán,141.0,4.0,1.0,2.0,1.0,4.87,95.0,https://www.airbnb.es/rooms/1277430795219869662
Madrid,Puente-de-Vallecas,1642705062049956783,2026-06-01,Alojamiento en Madrid,70.0,1.0,1.0,1.0,1.0,4.5,6.0,https://www.airbnb.es/rooms/1642705062049956783
Madrid,Puente-de-Vallecas,1376240235080269625,2026-06-01,Habitación en Puente de Vallecas,67.0,,,1.0,,4.78,23.0,https://www.airbnb.es/rooms/1376240235080269625
Madrid,Puente-de-Vallecas,1204127346617066575,2026-06-01,Apartamento en Ventas,147.0,4.0,1.0,2.0,1.0,4.9,121.0,https://www.airbnb.es/rooms/1204127346617066575
Madrid,Puente-de-Vallecas,23225408,2026-06-01,Apartamento en Puente de Vallecas,155.0,4.0,1.0,1.0,1.0,4.57,215.0,https://www.airbnb.es/rooms/23225408
Madrid,Puente-de-Vallecas,1466022961369749060,2026-06-01,Habitación en Hortaleza,60.0,,,1.0,,4.5,76.0,https://www.airbnb.es/rooms/1466022961369749060
Madrid,Puente-de-Vallecas,907020474144584788,2026-06-01,Habitación en Madrid,90.0,,,1.0,,4.62,354.0,https://www.airbnb.es/rooms/907020474144584788
Madrid,Puente-de-Vallecas,1555862842887425769,2026-06-01,Apartamento en Madrid,115.0,2.0,1.0,1.0,1.0,5.0,22.0,https://www.airbnb.es/rooms/1555862842887425769
Madrid,Puente-de-Vallecas,1481016517758879136,2026-06-01,Habitación en Madrid,90.0,,,1.0,,4.6,104.0,https://www.airbnb.es/rooms/1481016517758879136
Madrid,Puente-de-Vallecas,1269499095444942789,2026-06-01,Hostal en Cuatro Caminos,122.0,2.0,1.0,1.0,0.0,4.86,74.0,https://www.airbnb.es/rooms/1269499095444942789
Madrid,Puente-de-Vallecas,1294712015241664838,2026-06-01,Apartamento en Tetuán,118.0,2.0,1.0,1.0,1.0,4.68,53.0,https://www.airbnb.es/rooms/1294712015241664838
Madrid,Puente-de-Vallecas,1381007980046165384,2026-06-01,Habitación de hotel compartida en Madrid,35.0,,,12.0,,4.89,72.0,https://www.airbnb.es/rooms/1381007980046165384
Madrid,Puente-de-Vallecas,1480811662530349063,2026-06-01,Apartamento en Plaza Mayor,175.0,3.0,1.0,1.0,1.0,4.75,81.0,https://www.airbnb.es/rooms/1480811662530349063
Madrid,Puente-de-Vallecas,1214434324835176788,2026-06-01,Hostal en Salamanca,132.0,2.0,1.0,1.0,1.0,4.8,127.0,https://www.airbnb.es/rooms/1214434324835176788
Madrid,Puente-de-Vallecas,1201290113798216032,2026-06-01,Apartamento en Usera,135.0,2.0,,1.0,1.0,4.59,49.0,https://www.airbnb.es/rooms/1201290113798216032
Madrid,Puente-de-Vallecas,1668030304373875893,2026-06-01,Alojamiento en Madrid,45.0,2.0,1.0,1.0,1.0,3.0,3.0,https://www.airbnb.es/rooms/1668030304373875893
Madrid,Puente-de-Vallecas,1488070290467498745,2026-06-01,Apartamento en Usera,144.0,6.0,2.0,3.0,1.0,4.83,6.0,https://www.airbnb.es/rooms/1488070290467498745
Madrid,Puente-de-Vallecas,1434732929563706677,2026-06-01,Apartamento en Retiro,179.0,2.0,1.0,1.0,1.0,4.85,85.0,https://www.airbnb.es/rooms/1434732929563706677
Madrid,Puente-de-Vallecas,1657873362560487022,2026-06-01,Hostal en Madrid,120.0,2.0,1.0,1.0,1.0,5.0,3.0,https://www.airbnb.es/rooms/1657873362560487022
Madrid,Puente-de-Vallecas,44238211,2026-06-01,Apartamento en Madrid,142.0,2.0,1.0,2.0,1.0,4.76,21.0,https://www.airbnb.es/rooms/44238211
Madrid,Puente-de-Vallecas,587016498753826181,2026-06-01,Loft en Sol,160.0,4.0,1.0,2.0,1.0,4.66,236.0,https://www.airbnb.es/rooms/587016498753826181
Madrid,Puente-de-Vallecas,1663862221542191877,2026-06-01,Apartamento en Madrid,168.0,2.0,1.0,1.0,1.0,5.0,5.0,https://www.airbnb.es/rooms/1663862221542191877
Madrid,Puente-de-Vallecas,1562386820687585168,2026-06-01,Habitación compartida en Madrid,30.0,,,1.0,,4.63,142.0,https://www.airbnb.es/rooms/1562386820687585168
Madrid,Puente-de-Vallecas,1553020093296972429,2026-06-01,Alojamiento en Madrid,75.0,2.0,1.0,1.0,2.0,4.36,59.0,https://www.airbnb.es/rooms/1553020093296972429
Madrid,Puente-de-Vallecas,34713449,2026-06-01,Apartamento en Madrid,120.0,4.0,1.0,2.0,1.0,4.72,634.0,https://www.airbnb.es/rooms/34713449
Madrid,Puente-de-Vallecas,7143136,2026-06-01,Apartamento en Plaza Mayor,169.0,4.0,1.0,1.0,1.0,4.71,170.0,https://www.airbnb.es/rooms/7143136
Madrid,Puente-de-Vallecas,718045039094139137,2026-06-01,Apartamento en Arganzuela,131.0,2.0,1.0,2.0,1.0,4.64,323.0,https://www.airbnb.es/rooms/718045039094139137
Madrid,Puente-de-Vallecas,1353704048293100920,2026-06-01,Apartamento en Chamartín,150.0,4.0,1.0,3.0,1.0,4.76,37.0,https://www.airbnb.es/rooms/1353704048293100920
Madrid,Puente-de-Vallecas,1472247368252946528,2026-06-01,Alojamiento en Estación de Puerta del Ángel,49.0,2.0,1.0,1.0,1.0,4.64,44.0,https://www.airbnb.es/rooms/1472247368252946528
Madrid,Puente-de-Vallecas,984727411948523754,2026-06-01,Hotel en Chamberí,79.0,1.0,1.0,1.0,1.0,4.41,59.0,https://www.airbnb.es/rooms/984727411948523754
Madrid,Puente-de-Vallecas,1380294853387571454,2026-06-01,Habitación de hotel en Argüelles,144.0,2.0,1.0,1.0,1.0,4.89,114.0,https://www.airbnb.es/rooms/1380294853387571454
Madrid,Puente-de-Vallecas,725775654247275393,2026-06-01,Hostal en Sol,120.0,2.0,1.0,1.0,1.0,4.8,346.0,https://www.airbnb.es/rooms/725775654247275393
Madrid,Puente-de-Vallecas,1069050670952676452,2026-06-01,Apartamento en Barajas,176.0,6.0,2.0,3.0,2.0,4.81,447.0,https://www.airbnb.es/rooms/1069050670952676452
Madrid,Puente-de-Vallecas,44349389,2026-06-01,Apartamento en Salamanca,222.0,6.0,2.0,3.0,2.0,4.9,416.0,https://www.airbnb.es/rooms/44349389
Madrid,Puente-de-Vallecas,1471027627217765287,2026-06-01,Habitación de hotel compartida en Argüelles,26.0,,,1.0,,4.18,110.0,https://www.airbnb.es/rooms/1471027627217765287
Madrid,Puente-de-Vallecas,1543507873645010049,2026-06-01,Alojamiento en Madrid,80.0,2.0,1.0,1.0,2.0,4.65,48.0,https://www.airbnb.es/rooms/1543507873645010049
Madrid,Puente-de-Vallecas,989843259462476442,2026-06-01,Apartamento en Estación de Puerta del Ángel,147.0,4.0,2.0,2.0,1.0,4.48,29.0,https://www.airbnb.es/rooms/989843259462476442
Madrid,Puente-de-Vallecas,1305772836528080619,2026-06-01,Hostal en Puente de Vallecas,158.0,3.0,1.0,2.0,1.0,4.67,109.0,https://www.airbnb.es/rooms/1305772836528080619
Madrid,Puente-de-Vallecas,553641883859735849,2026-06-01,Apto. residencial en Madrid,158.0,4.0,1.0,3.0,1.0,4.81,238.0,https://www.airbnb.es/rooms/553641883859735849
Madrid,Puente-de-Vallecas,32017580,2026-06-01,Habitación en Gran Vía,81.0,,,3.0,,4.64,185.0,https://www.airbnb.es/rooms/32017580
Madrid,Puente-de-Vallecas,36204716,2026-06-01,Apartamento en Hortaleza,126.0,4.0,1.0,2.0,1.0,4.74,523.0,https://www.airbnb.es/rooms/36204716
Madrid,Puente-de-Vallecas,38740472,2026-06-01,Apartamento en Hortaleza,136.0,2.0,,3.0,1.0,4.86,376.0,https://www.airbnb.es/rooms/38740472
Madrid,Chamberí,17166723,2026-06-01,Habitación en Salamanca,53.0,,,1.0,,4.89,620.0,https://www.airbnb.es/rooms/17166723
Madrid,Chamberí,1242677685438952483,2026-06-01,Apartamento en Cuatro Caminos,82.0,2.0,1.0,1.0,1.0,4.44,112.0,https://www.airbnb.es/rooms/1242677685438952483
Madrid,Chamberí,1374572430844210862,2026-06-01,Apartamento en Chamberí,135.0,3.0,1.0,2.0,1.0,4.91,92.0,https://www.airbnb.es/rooms/1374572430844210862
Madrid,Chamberí,1382578240001983116,2026-06-01,Habitación en Madrid,59.0,,,1.0,,4.97,147.0,https://www.airbnb.es/rooms/1382578240001983116
Madrid,Chamberí,49206824,2026-06-01,Apto. residencial en Chamberí,160.0,4.0,1.0,2.0,1.0,4.73,161.0,https://www.airbnb.es/rooms/49206824
Madrid,Chamberí,984727411948523754,2026-06-01,Hotel en Chamberí,79.0,1.0,1.0,1.0,1.0,4.41,59.0,https://www.airbnb.es/rooms/984727411948523754
Madrid,Chamberí,748392739923041480,2026-06-01,Habitación en Chamberí,135.0,,,1.0,,4.9,107.0,https://www.airbnb.es/rooms/748392739923041480
Madrid,Chamberí,36262428,2026-06-01,Apartamento en Chamberí,130.0,2.0,1.0,1.0,1.0,4.75,402.0,https://www.airbnb.es/rooms/36262428
Madrid,Chamberí,767013884849512261,2026-06-01,Habitación en Tetuán,133.0,,,1.0,,4.96,140.0,https://www.airbnb.es/rooms/767013884849512261
Madrid,Chamberí,714205478586403489,2026-06-01,Apartamento en Madrid,522.0,4.0,1.0,2.0,1.0,4.97,126.0,https://www.airbnb.es/rooms/714205478586403489
Madrid,Chamberí,1207810158298135624,2026-06-01,Apartamento en Chamberí,141.0,2.0,1.0,1.0,1.0,4.82,141.0,https://www.airbnb.es/rooms/1207810158298135624
Madrid,Chamberí,719370165149674464,2026-06-01,Habitación en Chamberí,153.0,,,1.0,,4.95,150.0,https://www.airbnb.es/rooms/719370165149674464
Madrid,Chamberí,1648626801548184794,2026-06-01,Apartamento en Madrid,176.0,4.0,2.0,3.0,2.0,5.0,7.0,https://www.airbnb.es/rooms/1648626801548184794
Madrid,Chamberí,1537571099272969419,2026-06-01,Alojamiento en Madrid,70.0,2.0,1.0,1.0,1.0,4.78,77.0,https://www.airbnb.es/rooms/1537571099272969419
Madrid,Chamberí,52559824,2026-06-01,Apto. residencial en Chamberí,164.0,2.0,1.0,1.0,1.0,4.7,524.0,https://www.airbnb.es/rooms/52559824
Madrid,Chamberí,1192629511920186859,2026-06-01,Apartamento en Chamberí,176.0,3.0,1.0,2.0,1.0,4.84,116.0,https://www.airbnb.es/rooms/1192629511920186859
Madrid,Chamberí,44697269,2026-06-01,Bed & breakfast en Gran Vía,101.0,2.0,1.0,1.0,1.0,4.84,980.0,https://www.airbnb.es/rooms/44697269
Madrid,Chamberí,984721049064283973,2026-06-01,Hotel en Chamberí,98.0,2.0,1.0,1.0,1.0,4.3,120.0,https://www.airbnb.es/rooms/984721049064283973
Madrid,Chamberí,44230229,2026-06-01,Habitación en Madrid,47.0,,,1.0,,4.8,440.0,https://www.airbnb.es/rooms/44230229
Madrid,Chamberí,1426003829332352387,2026-06-01,Hotel en Cuatro Caminos,108.0,2.0,1.0,1.0,1.0,4.82,45.0,https://www.airbnb.es/rooms/1426003829332352387
Madrid,Chamberí,1253538805180397570,2026-06-01,Habitación en Gran Vía,46.0,,,1.0,,4.38,65.0,https://www.airbnb.es/rooms/1253538805180397570
Madrid,Chamberí,1380294853387571454,2026-06-01,Habitación de hotel en Argüelles,144.0,2.0,1.0,1.0,1.0,4.89,114.0,https://www.airbnb.es/rooms/1380294853387571454
Madrid,Chamberí,1358106560398851535,2026-06-01,Apartamento en Madrid,123.0,3.0,1.0,2.0,1.0,4.46,117.0,https://www.airbnb.es/rooms/1358106560398851535
Madrid,Chamberí,50322960,2026-06-01,Apartamento en Chamberí,214.0,4.0,1.0,2.0,1.0,4.58,52.0,https://www.airbnb.es/rooms/50322960
Madrid,Chamberí,1652994921110322087,2026-06-01,Apartamento en Madrid,89.0,4.0,1.0,2.0,1.0,5.0,9.0,https://www.airbnb.es/rooms/1652994921110322087
Madrid,Chamberí,1106005671443436276,2026-06-01,Alojamiento en Usera,38.0,,,1.0,,4.82,217.0,https://www.airbnb.es/rooms/1106005671443436276
Madrid,Chamberí,853739035682361011,2026-06-01,Apartamento en Gran Vía,100.0,2.0,1.0,1.0,1.0,4.56,347.0,https://www.airbnb.es/rooms/853739035682361011
Madrid,Chamberí,1537584798404847783,2026-06-01,Alojamiento en Madrid,70.0,2.0,1.0,1.0,1.0,4.7,70.0,https://www.airbnb.es/rooms/1537584798404847783
Madrid,Chamberí,49238337,2026-06-01,Hotel boutique en Madrid,132.0,3.0,2.0,3.0,1.0,4.74,54.0,https://www.airbnb.es/rooms/49238337
Madrid,Chamberí,47280629,2026-06-01,Loft en Plaza Mayor,121.0,3.0,,3.0,1.0,4.69,543.0,https://www.airbnb.es/rooms/47280629
Madrid,Chamberí,573227205699099606,2026-06-01,Habitación en Chamberí,106.0,,,1.0,,4.88,85.0,https://www.airbnb.es/rooms/573227205699099606
Madrid,Chamberí,49203160,2026-06-01,Apto. residencial en Chamberí,160.0,4.0,1.0,2.0,1.0,4.78,180.0,https://www.airbnb.es/rooms/49203160
Madrid,Chamberí,1447013443717309222,2026-06-01,Habitación en Sol,55.0,,,1.0,,4.46,105.0,https://www.airbnb.es/rooms/1447013443717309222
Madrid,Chamberí,1410157633033510310,2026-06-01,easyHotel Madrid Alcala,83.0,,,,,4.74,1190.0,https://www.airbnb.es/rooms/1410157633033510310
Madrid,Chamberí,1548364822876140258,2026-06-01,Sercotel Togumar,129.0,,,,,4.7,40.0,https://www.airbnb.es/rooms/1548364822876140258
Madrid,Chamberí,1543292911660162821,2026-06-01,Madrid Atipico,171.0,,,,,4.79,95.0,https://www.airbnb.es/rooms/1543292911660162821
Madrid,Chamberí,1574502210259408768,2026-06-01,Hotel Acta Madfor,164.0,,,,,4.62,47.0,https://www.airbnb.es/rooms/1574502210259408768
Madrid,Chamberí,1505576789158362882,2026-06-01,chic&basic dot,195.0,,,,,4.89,218.0,https://www.airbnb.es/rooms/1505576789158362882
Madrid,Chamberí,1558001589726044179,2026-06-01,Hotel Acta Pirámides,163.0,,,,,4.82,28.0,https://www.airbnb.es/rooms/1558001589726044179
Madrid,Chamberí,1486125970355580583,2026-06-01,Hotel Suites Feria de Madrid,109.0,,,,,4.84,178.0,https://www.airbnb.es/rooms/1486125970355580583
Madrid,Chamberí,1638280336300627033,2026-06-01,Amber Plaza España Skyline,225.0,,,,,4.87,1876.0,https://www.airbnb.es/rooms/1638280336300627033
Madrid,Chamberí,1537664933803479152,2026-06-01,NH Madrid Chamberi,251.0,,,,,4.86,7.0,https://www.airbnb.es/rooms/1537664933803479152
Madrid,Chamberí,1578153666639460768,2026-06-01,Hotel 1881 Madrid Ventas,135.0,,,,,5.0,6.0,https://www.airbnb.es/rooms/1578153666639460768
Madrid,Chamberí,1028831881813269058,2026-06-01,Apartamento en Chamberí,130.0,2.0,1.0,1.0,1.0,4.64,89.0,https://www.airbnb.es/rooms/1028831881813269058
Madrid,Chamberí,1562386820687585168,2026-06-01,Habitación compartida en Madrid,30.0,,,1.0,,4.63,142.0,https://www.airbnb.es/rooms/1562386820687585168
Madrid,Chamberí,46416127,2026-06-01,Habitación compartida en Madrid,43.0,,,,2.0,4.82,1386.0,https://www.airbnb.es/rooms/46416127
Madrid,Chamberí,1036152002569554801,2026-06-01,Apartamento en Chamberí,178.0,3.0,1.0,2.0,1.0,4.48,79.0,https://www.airbnb.es/rooms/1036152002569554801
Madrid,Chamberí,1006474949452112287,2026-06-01,Apartamento en Tetuán,106.0,4.0,,,1.0,4.4,55.0,https://www.airbnb.es/rooms/1006474949452112287
Madrid,Chamberí,882305552846878797,2026-06-01,Habitación en Embajadores,53.0,,,1.0,,4.9,360.0,https://www.airbnb.es/rooms/882305552846878797
Madrid,Chamberí,4327320,2026-06-01,Alojamiento en Madrid,74.0,3.0,1.0,1.0,2.0,4.54,405.0,https://www.airbnb.es/rooms/4327320
Madrid,Chamberí,1173829405748540723,2026-06-01,Habitación en Madrid,75.0,,,1.0,,4.54,237.0,https://www.airbnb.es/rooms/1173829405748540723
Madrid,Chamberí,746039664594420842,2026-06-01,Habitación en Chamberí,59.0,,,1.0,,4.71,134.0,https://www.airbnb.es/rooms/746039664594420842
Madrid,Chamberí,1410706900579981710,2026-06-01,Habitación compartida en Cuatro Caminos,23.0,,,1.0,,4.85,13.0,https://www.airbnb.es/rooms/1410706900579981710
Madrid,Chamberí,862945987642116253,2026-06-01,Apartamento en Tetuán,86.0,4.0,,1.0,1.0,4.39,61.0,https://www.airbnb.es/rooms/862945987642116253
Madrid,Chamberí,907778347466471297,2026-06-01,Habitación en Madrid,75.0,,,1.0,,4.54,266.0,https://www.airbnb.es/rooms/907778347466471297
Madrid,Chamberí,935927233926803692,2026-06-01,Apartamento en Tetuán,89.0,2.0,1.0,1.0,1.0,4.5,8.0,https://www.airbnb.es/rooms/935927233926803692
Madrid,Chamberí,1132597898018669090,2026-06-01,Hotel en Madrid,76.0,2.0,1.0,1.0,1.0,3.76,66.0,https://www.airbnb.es/rooms/1132597898018669090
Madrid,Chamberí,984729687783484237,2026-06-01,Hotel en Chamberí,125.0,4.0,1.0,2.0,1.0,5.0,13.0,https://www.airbnb.es/rooms/984729687783484237
Madrid,Chamberí,49173577,2026-06-01,Hotel boutique en Madrid,111.0,2.0,1.0,1.0,1.0,4.47,32.0,https://www.airbnb.es/rooms/49173577
Madrid,Chamberí,1244224576957017794,2026-06-01,Habitación en Madrid,75.0,,,1.0,,4.67,205.0,https://www.airbnb.es/rooms/1244224576957017794
Madrid,Chamberí,1059948249334468151,2026-06-01,Alojamiento en Cuatro Caminos,105.0,2.0,1.0,1.0,1.0,4.78,18.0,https://www.airbnb.es/rooms/1059948249334468151
Madrid,Chamberí,1549321306621134078,2026-06-01,Hostal en Madrid,73.0,2.0,,1.0,1.0,4.94,18.0,https://www.airbnb.es/rooms/1549321306621134078
Madrid,Chamberí,1642762044397132285,2026-06-01,Hotel en Madrid,108.0,3.0,1.0,1.0,0.0,,,https://www.airbnb.es/rooms/1642762044397132285
Madrid,Chamberí,984724891979524769,2026-06-01,Hotel en Chamberí,98.0,2.0,1.0,2.0,1.0,4.36,131.0,https://www.airbnb.es/rooms/984724891979524769
Madrid,Chamberí,1391221423206197239,2026-06-01,Habitación en Salamanca,70.0,,,1.0,,4.57,131.0,https://www.airbnb.es/rooms/1391221423206197239
Madrid,Chamberí,1512225909580465102,2026-06-01,Alojamiento en Tetuán,50.0,1.0,1.0,1.0,3.0,4.56,41.0,https://www.airbnb.es/rooms/1512225909580465102
Madrid,Chamberí,1204269959031280563,2026-06-01,Apartamento en Madrid,201.0,6.0,2.0,3.0,1.0,4.58,36.0,https://www.airbnb.es/rooms/1204269959031280563
Madrid,Chamberí,1542978383459057260,2026-06-01,Apartamento en Madrid,163.0,4.0,1.0,2.0,1.0,4.71,63.0,https://www.airbnb.es/rooms/1542978383459057260
Madrid,Chamberí,795405693750606575,2026-06-01,Habitación en Ventas,30.0,,,1.0,,4.64,389.0,https://www.airbnb.es/rooms/795405693750606575
Madrid,Chamberí,1410732724754267208,2026-06-01,Habitación compartida en Cuatro Caminos,23.0,,,1.0,,4.65,43.0,https://www.airbnb.es/rooms/1410732724754267208
Madrid,Chamberí,31929550,2026-06-01,Habitación en Gran Vía,81.0,,,2.0,,4.65,132.0,https://www.airbnb.es/rooms/31929550
Madrid,Chamberí,1340376110053785468,2026-06-01,easyHotel Madrid Alcala,83.0,,,,,4.74,1190.0,https://www.airbnb.es/rooms/1340376110053785468
Madrid,Chamberí,1294712015241664838,2026-06-01,Apartamento en Tetuán,118.0,2.0,1.0,1.0,1.0,4.68,53.0,https://www.airbnb.es/rooms/1294712015241664838
Madrid,Chamberí,973640747156798972,2026-06-01,Apartamento en Salamanca,132.0,2.0,1.0,1.0,1.0,4.88,26.0,https://www.airbnb.es/rooms/973640747156798972
Madrid,Chamberí,23674803,2026-06-01,Loft en Arganzuela,113.0,3.0,1.0,3.0,1.0,4.7,852.0,https://www.airbnb.es/rooms/23674803
Madrid,Chamberí,44238211,2026-06-01,Apartamento en Madrid,142.0,2.0,1.0,2.0,1.0,4.76,21.0,https://www.airbnb.es/rooms/44238211
Madrid,Chamberí,1524902595804100653,2026-06-01,Apartamento en Madrid,141.0,2.0,,1.0,1.0,4.96,46.0,https://www.airbnb.es/rooms/1524902595804100653
Madrid,Chamberí,1318197240482825356,2026-06-01,Habitación en Chamberí,82.0,,,1.0,,5.0,5.0,https://www.airbnb.es/rooms/1318197240482825356
Madrid,Chamberí,1658591396467196842,2026-06-01,Hotel en Madrid,147.0,3.0,1.0,2.0,1.0,,,https://www.airbnb.es/rooms/1658591396467196842
Madrid,Chamberí,1523114081339180264,2026-06-01,Alojamiento en Madrid,70.0,2.0,1.0,1.0,2.0,4.54,59.0,https://www.airbnb.es/rooms/1523114081339180264
Madrid,Chamberí,21923038,2026-06-01,Apartamento en Madrid,118.0,5.0,1.0,3.0,1.0,4.66,258.0,https://www.airbnb.es/rooms/21923038
Madrid,Chamberí,1269499095444942789,2026-06-01,Hostal en Cuatro Caminos,122.0,2.0,1.0,1.0,0.0,4.86,74.0,https://www.airbnb.es/rooms/1269499095444942789
Madrid,Chamberí,22985103,2026-06-01,Habitación en Sol,81.0,,,2.0,,4.74,96.0,https://www.airbnb.es/rooms/22985103
Madrid,Chamberí,1016443633879357802,2026-06-01,Apartamento en Sol,195.0,5.0,2.0,4.0,1.0,4.83,159.0,https://www.airbnb.es/rooms/1016443633879357802
Madrid,Chamberí,16300009,2026-06-01,Apartamento en Madrid,94.0,3.0,1.0,3.0,1.0,4.75,32.0,https://www.airbnb.es/rooms/16300009
Madrid,Chamberí,34767374,2026-06-01,Habitación en Chamartín,61.0,,,1.0,,4.91,191.0,https://www.airbnb.es/rooms/34767374
Madrid,Chamberí,1322567264800622761,2026-06-01,Habitación de hotel compartida en Cuatro Caminos,23.0,,,15.0,3.0,4.56,105.0,https://www.airbnb.es/rooms/1322567264800622761
Madrid,Chamberí,1642709010579576351,2026-06-01,Alojamiento en Madrid,70.0,2.0,1.0,1.0,1.0,4.36,22.0,https://www.airbnb.es/rooms/1642709010579576351
Madrid,Chamberí,1105539859196826108,2026-06-01,Apartamento en Arganzuela,122.0,2.0,1.0,1.0,1.0,4.94,152.0,https://www.airbnb.es/rooms/1105539859196826108
Madrid,Chamberí,1100779801700922816,2026-06-01,Apartamento en Madrid,115.0,4.0,1.0,1.0,1.0,4.43,119.0,https://www.airbnb.es/rooms/1100779801700922816
Madrid,Chamberí,1172830977065312196,2026-06-01,Habitación en Sol,57.0,,,1.0,,4.66,169.0,https://www.airbnb.es/rooms/1172830977065312196
Madrid,Chamberí,1546399101535973831,2026-06-01,Alojamiento en Madrid,70.0,2.0,1.0,1.0,2.0,4.47,36.0,https://www.airbnb.es/rooms/1546399101535973831
Madrid,Chamberí,1349196106122539187,2026-06-01,Apartamento en Madrid,70.0,2.0,,1.0,1.0,4.5,46.0,https://www.airbnb.es/rooms/1349196106122539187
Madrid,Chamberí,1471027627217765287,2026-06-01,Habitación de hotel compartida en Argüelles,26.0,,,1.0,,4.18,110.0,https://www.airbnb.es/rooms/1471027627217765287
Madrid,Chamberí,936237855245893798,2026-06-01,Apartamento en Madrid,147.0,2.0,1.0,1.0,1.0,4.92,76.0,https://www.airbnb.es/rooms/936237855245893798
Madrid,Chamberí,1552943804398189739,2026-06-01,Habitación compartida en Madrid,26.0,,,1.0,,4.69,62.0,https://www.airbnb.es/rooms/1552943804398189739
Madrid,Chamberí,1485479169831506548,2026-06-01,Apartamento en Hortaleza,103.0,2.0,1.0,1.0,0.0,4.79,730.0,https://www.airbnb.es/rooms/1485479169831506548
Madrid,Chamberí,1235562227088526430,2026-06-01,Habitación en Tetuán,56.0,,,1.0,,4.69,68.0,https://www.airbnb.es/rooms/1235562227088526430
Madrid,Chamberí,1081671618060488991,2026-06-01,Apartamento en Madrid,155.0,2.0,1.0,,1.0,4.83,114.0,https://www.airbnb.es/rooms/1081671618060488991
Madrid,Chamberí,907888221198200660,2026-06-01,Habitación en Madrid,75.0,,,1.0,,4.6,253.0,https://www.airbnb.es/rooms/907888221198200660
Madrid,Chamberí,1546404788999406804,2026-06-01,Alojamiento en Madrid,75.0,2.0,1.0,1.0,2.0,4.62,47.0,https://www.airbnb.es/rooms/1546404788999406804
Madrid,Chamberí,1531782176675910994,2026-06-01,Alojamiento en Madrid,70.0,2.0,1.0,1.0,2.0,4.35,46.0,https://www.airbnb.es/rooms/1531782176675910994
Madrid,Chamberí,1150095988537072266,2026-06-01,Apartamento en Chamartín,123.0,4.0,2.0,2.0,2.0,4.68,90.0,https://www.airbnb.es/rooms/1150095988537072266
Madrid,Chamberí,914057,2026-06-01,Habitación en Puente de Vallecas,30.0,,,2.0,,4.88,345.0,https://www.airbnb.es/rooms/914057
Madrid,Chamberí,32802184,2026-06-01,Habitación en Madrid,50.0,,,1.0,,4.72,327.0,https://www.airbnb.es/rooms/32802184
Madrid,Chamberí,1512285756050278380,2026-06-01,Alojamiento en Tetuán,60.0,2.0,1.0,1.0,3.0,4.61,46.0,https://www.airbnb.es/rooms/1512285756050278380
Madrid,Chamberí,1642693547012324783,2026-06-01,Alojamiento en Madrid,70.0,2.0,1.0,1.0,1.0,4.43,14.0,https://www.airbnb.es/rooms/1642693547012324783
Madrid,Chamberí,1214434324835176788,2026-06-01,Hostal en Salamanca,132.0,2.0,1.0,1.0,1.0,4.8,127.0,https://www.airbnb.es/rooms/1214434324835176788
Madrid,Chamberí,1106581922386027292,2026-06-01,Apartamento en Puente de Vallecas,96.0,2.0,1.0,1.0,1.0,4.7,56.0,https://www.airbnb.es/rooms/1106581922386027292
Madrid,Chamberí,1244765837979335514,2026-06-01,Alojamiento en Gran Vía,63.0,2.0,,19.0,1.0,4.21,119.0,https://www.airbnb.es/rooms/1244765837979335514
Madrid,Chamberí,985959554913065855,2026-06-01,Apartamento en Chamberí,222.0,4.0,1.0,2.0,1.0,4.65,52.0,https://www.airbnb.es/rooms/985959554913065855
Madrid,Chamberí,1268866386663121354,2026-06-01,Apartamento en Madrid,167.0,2.0,1.0,1.0,1.0,4.76,74.0,https://www.airbnb.es/rooms/1268866386663121354
Madrid,Chamberí,1204272415263552049,2026-06-01,Apartamento en Madrid,198.0,6.0,2.0,3.0,1.0,4.75,32.0,https://www.airbnb.es/rooms/1204272415263552049
Madrid,Chamberí,1488189685781371498,2026-06-01,Habitación de hotel compartida en Sol,36.0,,,1.0,,4.71,38.0,https://www.airbnb.es/rooms/1488189685781371498
Madrid,Chamberí,813174206646920800,2026-06-01,Habitación en Cuatro Caminos,71.0,,,1.0,,4.76,46.0,https://www.airbnb.es/rooms/813174206646920800
Madrid,Chamberí,1638447033670437943,2026-06-01,Apartamento en Madrid,149.0,4.0,1.0,2.0,1.0,5.0,10.0,https://www.airbnb.es/rooms/1638447033670437943
Madrid,Chamberí,1283902065604455817,2026-06-01,Apartamento en Tetuán,135.0,4.0,1.0,2.0,1.0,4.86,51.0,https://www.airbnb.es/rooms/1283902065604455817
Madrid,Chamberí,32017580,2026-06-01,Habitación en Gran Vía,81.0,,,3.0,,4.64,185.0,https://www.airbnb.es/rooms/32017580
Madrid,Chamberí,1394929778555367289,2026-06-01,Apartamento en Chamberí,159.0,2.0,1.0,1.0,1.0,4.94,16.0,https://www.airbnb.es/rooms/1394929778555367289
Madrid,Chamberí,1528243977441060535,2026-06-01,Apartamento en Madrid,131.0,4.0,1.0,2.0,1.0,5.0,11.0,https://www.airbnb.es/rooms/1528243977441060535
Madrid,Chamberí,1543507873645010049,2026-06-01,Alojamiento en Madrid,80.0,2.0,1.0,1.0,2.0,4.65,48.0,https://www.airbnb.es/rooms/1543507873645010049
Madrid,Chamberí,1642711625979955102,2026-06-01,Alojamiento en Madrid,70.0,2.0,1.0,1.0,1.0,3.88,17.0,https://www.airbnb.es/rooms/1642711625979955102
Madrid,Chamberí,44778173,2026-06-01,Habitación en Gran Vía,114.0,,,1.0,,4.81,43.0,https://www.airbnb.es/rooms/44778173
Madrid,Chamberí,1441823446092132988,2026-06-01,Apartamento en Sol,137.0,2.0,1.0,1.0,1.0,4.8,49.0,https://www.airbnb.es/rooms/1441823446092132988
Madrid,Chamberí,1549298958628187967,2026-06-01,Hostal en Madrid,86.0,2.0,1.0,1.0,1.0,4.93,46.0,https://www.airbnb.es/rooms/1549298958628187967
Madrid,Chamberí,1676318954806489787,2026-06-01,Apartamento en Madrid,134.0,3.0,1.0,2.0,1.0,,,https://www.airbnb.es/rooms/1676318954806489787
Madrid,Chamberí,1536302501592248694,2026-06-01,Apartahotel en Madrid,134.0,2.0,1.0,1.0,1.0,4.32,214.0,https://www.airbnb.es/rooms/1536302501592248694
Madrid,Chamberí,1354412404758933044,2026-06-01,Apartamento en Madrid,164.0,4.0,2.0,2.0,1.0,4.36,80.0,https://www.airbnb.es/rooms/1354412404758933044
Madrid,Chamberí,1603832263676340043,2026-06-01,Alojamiento en Madrid,88.0,2.0,1.0,1.0,1.0,4.94,17.0,https://www.airbnb.es/rooms/1603832263676340043
Madrid,Chamberí,1636324209699300181,2026-06-01,Apartamento en Madrid,161.0,4.0,1.0,2.0,1.0,,,https://www.airbnb.es/rooms/1636324209699300181
Madrid,Chamberí,29841889,2026-06-01,Habitación en Madrid,65.0,,,1.0,,4.52,275.0,https://www.airbnb.es/rooms/29841889
Madrid,Chamberí,1549330908681234871,2026-06-01,Hostal en Madrid,73.0,2.0,1.0,1.0,0.0,4.86,35.0,https://www.airbnb.es/rooms/1549330908681234871
Madrid,Chamberí,41388849,2026-06-01,Hostal en Madrid,111.0,2.0,1.0,1.0,1.0,4.57,295.0,https://www.airbnb.es/rooms/41388849
Madrid,Chamberí,22985266,2026-06-01,Habitación en Sol,81.0,,,2.0,,4.71,104.0,https://www.airbnb.es/rooms/22985266
Madrid,Chamberí,999780427466755181,2026-06-01,Apartamento en Tetuán,125.0,3.0,1.0,1.0,1.0,4.66,98.0,https://www.airbnb.es/rooms/999780427466755181
Madrid,Chamberí,7143136,2026-06-01,Apartamento en Plaza Mayor,169.0,4.0,1.0,1.0,1.0,4.71,170.0,https://www.airbnb.es/rooms/7143136
Madrid,Chamberí,37444466,2026-06-01,Habitación en Puente de Vallecas,56.0,,,1.0,,4.88,320.0,https://www.airbnb.es/rooms/37444466
Madrid,Chamberí,44328380,2026-06-01,Apartamento en Madrid,129.0,2.0,,1.0,1.0,4.83,366.0,https://www.airbnb.es/rooms/44328380
Madrid,Chamberí,1136130760218303367,2026-06-01,Hotel en Madrid,69.0,2.0,1.0,1.0,1.0,3.99,611.0,https://www.airbnb.es/rooms/1136130760218303367
Madrid,Chamberí,47959830,2026-06-01,Apartamento en Gran Vía,113.0,2.0,1.0,1.0,1.0,4.5,50.0,https://www.airbnb.es/rooms/47959830
Madrid,Chamberí,1026991865595731242,2026-06-01,Apartamento en Madrid,123.0,2.0,1.0,1.0,1.0,4.7,128.0,https://www.airbnb.es/rooms/1026991865595731242
Madrid,Chamberí,1543513557245185703,2026-06-01,Alojamiento en Madrid,70.0,2.0,1.0,1.0,2.0,4.46,41.0,https://www.airbnb.es/rooms/1543513557245185703
Madrid,Chamberí,52396752,2026-06-01,Apartamento en Madrid,118.0,2.0,,1.0,1.0,4.69,26.0,https://www.airbnb.es/rooms/52396752
Madrid,Chamberí,1381028869463724456,2026-06-01,Habitación compartida en Madrid,28.0,,,8.0,,4.71,251.0,https://www.airbnb.es/rooms/1381028869463724456
Madrid,Chamberí,902810630153262672,2026-06-01,Habitación en Embajadores,53.0,,,1.0,,4.85,227.0,https://www.airbnb.es/rooms/902810630153262672
Madrid,Chamberí,973678060043479699,2026-06-01,Apartamento en Salamanca,125.0,2.0,1.0,1.0,1.0,4.67,70.0,https://www.airbnb.es/rooms/973678060043479699
Madrid,Chamberí,49238159,2026-06-01,Hotel boutique en Madrid,116.0,2.0,18.0,1.0,1.0,4.46,103.0,https://www.airbnb.es/rooms/49238159
Madrid,Chamberí,1410705031152160868,2026-06-01,Habitación compartida en Cuatro Caminos,23.0,,,1.0,,4.6,55.0,https://www.airbnb.es/rooms/1410705031152160868
Madrid,Chamberí,12908786,2026-06-01,Loft en Madrid,170.0,2.0,1.0,1.0,1.0,4.84,316.0,https://www.airbnb.es/rooms/12908786
Madrid,Chamberí,846101428969678874,2026-06-01,Apartamento en Chamartín,150.0,4.0,1.0,2.0,1.0,4.79,208.0,https://www.airbnb.es/rooms/846101428969678874
Madrid,Chamberí,19112582,2026-06-01,Habitación en Chamartín,88.0,,,1.0,,4.91,365.0,https://www.airbnb.es/rooms/19112582
Madrid,Chamberí,1339805513555889554,2026-06-01,Habitación en Madrid,41.0,,,2.0,,4.91,208.0,https://www.airbnb.es/rooms/1339805513555889554
Madrid,Chamberí,1549336735254432699,2026-06-01,Hostal en Madrid,73.0,1.0,1.0,1.0,1.0,5.0,10.0,https://www.airbnb.es/rooms/1549336735254432699
Madrid,Chamberí,46565987,2026-06-01,Habitación compartida en Madrid,48.0,,,4.0,,4.83,379.0,https://www.airbnb.es/rooms/46565987
Madrid,Chamberí,761261866476528079,2026-06-01,Habitaciones en Simancas,33.0,,2.0,1.0,,4.78,247.0,https://www.airbnb.es/rooms/761261866476528079
Madrid,Chamberí,1116062507405721060,2026-06-01,Habitación en Gran Vía,163.0,,,1.0,,4.82,103.0,https://www.airbnb.es/rooms/1116062507405721060
Madrid,Chamberí,1663784009828397296,2026-06-01,Apartamento en Madrid,146.0,4.0,1.0,1.0,1.0,,,https://www.airbnb.es/rooms/1663784009828397296
Madrid,Chamberí,26771360,2026-06-01,Habitación en Retiro,53.0,,,1.0,,4.77,639.0,https://www.airbnb.es/rooms/26771360
Madrid,Chamberí,1109679258972859696,2026-06-01,Apartamento en Salamanca,195.0,2.0,1.0,,1.0,4.98,61.0,https://www.airbnb.es/rooms/1109679258972859696
Madrid,Chamberí,599815876214706078,2026-06-01,Hotel boutique en Argüelles,126.0,2.0,1.0,1.0,0.0,4.81,233.0,https://www.airbnb.es/rooms/599815876214706078
Madrid,Chamberí,1590526019567781103,2026-06-01,Alojamiento en Madrid,71.0,2.0,1.0,2.0,1.0,4.78,18.0,https://www.airbnb.es/rooms/1590526019567781103
Madrid,Chamberí,1451432280189260074,2026-06-01,Habitación en Pilar,104.0,,,1.0,,4.8,86.0,https://www.airbnb.es/rooms/1451432280189260074
Madrid,Chamberí,1543517416420648852,2026-06-01,Alojamiento en Madrid,70.0,2.0,1.0,1.0,2.0,4.41,51.0,https://www.airbnb.es/rooms/1543517416420648852
Madrid,Chamberí,1410719633104272983,2026-06-01,Habitación compartida en Cuatro Caminos,23.0,,,1.0,,4.54,13.0,https://www.airbnb.es/rooms/1410719633104272983
Madrid,Chamberí,1044680474609035548,2026-06-01,Habitación en Madrid,68.0,,,1.0,,4.98,89.0,https://www.airbnb.es/rooms/1044680474609035548
Madrid,Chamberí,1340334547392003657,2026-06-01,Apartamento en Gran Vía,119.0,3.0,2.0,2.0,1.0,4.48,23.0,https://www.airbnb.es/rooms/1340334547392003657
Madrid,Chamberí,53652613,2026-06-01,Apartamento en Tetuán,162.0,4.0,2.0,3.0,1.0,4.72,116.0,https://www.airbnb.es/rooms/53652613
Madrid,Chamberí,1640013023211391833,2026-06-01,Apartamento en Madrid,118.0,4.0,1.0,2.0,1.0,4.53,15.0,https://www.airbnb.es/rooms/1640013023211391833
Madrid,Chamberí,758004952449186583,2026-06-01,Apartamento en Madrid,142.0,2.0,1.0,1.0,1.0,4.89,305.0,https://www.airbnb.es/rooms/758004952449186583
Madrid,Chamberí,1262780716268389428,2026-06-01,Apartamento en Chamartín,152.0,2.0,1.0,1.0,1.0,4.78,406.0,https://www.airbnb.es/rooms/1262780716268389428
Madrid,Chamberí,1657873362560487022,2026-06-01,Hostal en Madrid,120.0,2.0,1.0,1.0,1.0,5.0,3.0,https://www.airbnb.es/rooms/1657873362560487022
Madrid,Chamberí,1136035927061531038,2026-06-01,Habitación compartida en Madrid,31.0,,,14.0,,4.85,462.0,https://www.airbnb.es/rooms/1136035927061531038
Madrid,Chamberí,1481016517758879136,2026-06-01,Habitación en Madrid,90.0,,,1.0,,4.6,104.0,https://www.airbnb.es/rooms/1481016517758879136
Madrid,Chamberí,1232584399843385088,2026-06-01,Apartamento en Gran Vía,153.0,4.0,1.0,1.0,1.0,4.53,30.0,https://www.airbnb.es/rooms/1232584399843385088
Madrid,Chamberí,22984725,2026-06-01,Habitación en Sol,81.0,,,3.0,,4.72,53.0,https://www.airbnb.es/rooms/22984725
Madrid,Chamberí,1277430795219869662,2026-06-01,Apartamento en Tetuán,141.0,4.0,1.0,2.0,1.0,4.87,95.0,https://www.airbnb.es/rooms/1277430795219869662
Madrid,Chamberí,1498460323810838438,2026-06-01,Apartamento en Cuatro Caminos,130.0,4.0,1.0,2.0,1.0,4.47,17.0,https://www.airbnb.es/rooms/1498460323810838438
Madrid,Chamberí,908786992979930521,2026-06-01,Alojamiento en Madrid,34.0,1.0,1.0,1.0,1.0,4.65,40.0,https://www.airbnb.es/rooms/908786992979930521
Madrid,Chamberí,1435338155897404989,2026-06-01,Apartamento en Sol,147.0,4.0,1.0,2.0,1.0,,,https://www.airbnb.es/rooms/1435338155897404989
Madrid,Chamberí,1652837684716954351,2026-06-01,Apartamento en Madrid,216.0,6.0,3.0,3.0,2.0,,,https://www.airbnb.es/rooms/1652837684716954351
Madrid,Chamberí,1618182927577904169,2026-06-01,Apartamento en Madrid,155.0,3.0,1.0,2.0,1.0,4.81,21.0,https://www.airbnb.es/rooms/1618182927577904169
Madrid,Chamberí,23770161,2026-06-01,Loft en Gran Vía,179.0,4.0,1.0,2.0,1.0,4.83,402.0,https://www.airbnb.es/rooms/23770161
Madrid,Chamberí,1232596991473581716,2026-06-01,Apartamento en Gran Vía,153.0,4.0,1.0,2.0,1.0,4.41,22.0,https://www.airbnb.es/rooms/1232596991473581716
Madrid,Chamberí,1642705062049956783,2026-06-01,Alojamiento en Madrid,70.0,1.0,1.0,1.0,1.0,4.5,6.0,https://www.airbnb.es/rooms/1642705062049956783
Madrid,Chamberí,1204273707307442243,2026-06-01,Apartamento en Madrid,257.0,6.0,2.0,3.0,1.0,4.93,43.0,https://www.airbnb.es/rooms/1204273707307442243
Madrid,Chamberí,1410687626470328335,2026-06-01,Habitación compartida en Cuatro Caminos,23.0,,,1.0,,4.76,17.0,https://www.airbnb.es/rooms/1410687626470328335
Madrid,Chamberí,1148282994057847547,2026-06-01,Habitación en Madrid,75.0,,,1.0,,4.68,219.0,https://www.airbnb.es/rooms/1148282994057847547
Madrid,Chamberí,762222031612564072,2026-06-01,Apartamento en Tetuán,131.0,2.0,1.0,1.0,1.0,4.7,37.0,https://www.airbnb.es/rooms/762222031612564072
Madrid,Chamberí,1139642006892987613,2026-06-01,Apartamento en Salamanca,170.0,4.0,1.0,2.0,1.0,4.89,202.0,https://www.airbnb.es/rooms/1139642006892987613
Madrid,Chamberí,1594896685940700869,2026-06-01,Alojamiento en Madrid,86.0,2.0,1.0,1.0,2.0,3.89,9.0,https://www.airbnb.es/rooms/1594896685940700869
Madrid,Chamberí,1445555081312991832,2026-06-01,Habitación en Tetuán,70.0,,,1.0,,4.65,82.0,https://www.airbnb.es/rooms/1445555081312991832
Madrid,Chamberí,907020474144584788,2026-06-01,Habitación en Madrid,90.0,,,1.0,,4.62,354.0,https://www.airbnb.es/rooms/907020474144584788
Madrid,Chamberí,994841175711949058,2026-06-01,Apartamento en Salamanca,163.0,2.0,1.0,1.0,1.0,4.62,129.0,https://www.airbnb.es/rooms/994841175711949058
Madrid,Chamberí,855819866667039076,2026-06-01,Habitación en Madrid,73.0,,,1.0,,4.65,43.0,https://www.airbnb.es/rooms/855819866667039076
Madrid,Chamberí,1549332439817137124,2026-06-01,Apartamento en Madrid,88.0,2.0,1.0,1.0,1.0,4.83,18.0,https://www.airbnb.es/rooms/1549332439817137124
Madrid,Chamberí,587016498753826181,2026-06-01,Loft en Sol,160.0,4.0,1.0,2.0,1.0,4.66,236.0,https://www.airbnb.es/rooms/587016498753826181
Madrid,Chamberí,1662900862769700613,2026-06-01,Apartamento en Madrid,91.0,1.0,1.0,1.0,1.0,,,https://www.airbnb.es/rooms/1662900862769700613
Madrid,Chamberí,1548072682491979043,2026-06-01,Apartamento en Madrid,164.0,4.0,1.0,2.0,1.0,4.63,30.0,https://www.airbnb.es/rooms/1548072682491979043
Madrid,Chamberí,836159827856570368,2026-06-01,Habitación en Chamberí,129.0,,,1.0,,4.77,84.0,https://www.airbnb.es/rooms/836159827856570368
Madrid,Chamberí,1086066441228175565,2026-06-01,Apartamento en Gran Vía,151.0,2.0,1.0,,1.0,4.79,147.0,https://www.airbnb.es/rooms/1086066441228175565
Madrid,Chamberí,1394976636336120791,2026-06-01,Apartamento en Chamberí,168.0,3.0,1.0,2.0,1.0,4.86,7.0,https://www.airbnb.es/rooms/1394976636336120791
Madrid,Chamberí,1051328807606324225,2026-06-01,Habitación compartida en Ópera,29.0,,,,,4.33,285.0,https://www.airbnb.es/rooms/1051328807606324225
Madrid,Chamberí,1445536324074192191,2026-06-01,Habitación en Tetuán,70.0,,,1.0,,4.55,88.0,https://www.airbnb.es/rooms/1445536324074192191
Madrid,Chamberí,1181668924207094769,2026-06-01,Apartamento en Sol,107.0,2.0,1.0,1.0,1.0,4.24,67.0,https://www.airbnb.es/rooms/1181668924207094769
Madrid,Chamberí,20670897,2026-06-01,Habitación en Chamberí,118.0,,,1.0,,4.97,30.0,https://www.airbnb.es/rooms/20670897
Madrid,Chamberí,1391236645904621007,2026-06-01,Habitación en Salamanca,90.0,,,1.0,,4.73,112.0,https://www.airbnb.es/rooms/1391236645904621007
Madrid,Chamberí,41389046,2026-06-01,Hostal en Madrid,125.0,2.0,1.0,2.0,1.0,4.7,530.0,https://www.airbnb.es/rooms/41389046
Madrid,Chamberí,33775442,2026-06-01,Habitación en Chamberí,147.0,,,1.0,,4.74,155.0,https://www.airbnb.es/rooms/33775442
Madrid,Chamberí,1410719131249796586,2026-06-01,Habitación compartida en Cuatro Caminos,23.0,,,1.0,,4.74,19.0,https://www.airbnb.es/rooms/1410719131249796586
Madrid,Chamberí,1480811662530349063,2026-06-01,Apartamento en Plaza Mayor,175.0,3.0,1.0,1.0,1.0,4.75,81.0,https://www.airbnb.es/rooms/1480811662530349063
Madrid,Chamberí,1617505649224204364,2026-06-01,Loft en Madrid,160.0,2.0,,2.0,1.0,4.6,20.0,https://www.airbnb.es/rooms/1617505649224204364
Madrid,Chamberí,1080974547974722152,2026-06-01,Habitación en Gran Vía,88.0,,,1.0,,4.8,20.0,https://www.airbnb.es/rooms/1080974547974722152
Madrid,Chamberí,1270195802834851581,2026-06-01,Habitación en Cuatro Caminos,122.0,,,1.0,,4.53,17.0,https://www.airbnb.es/rooms/1270195802834851581
Madrid,Chamberí,1315067496641447584,2026-06-01,Habitación en Madrid,126.0,,,1.0,,4.34,29.0,https://www.airbnb.es/rooms/1315067496641447584
Madrid,Chamberí,1426008687481647991,2026-06-01,Hotel en Cuatro Caminos,123.0,2.0,1.0,1.0,1.0,3.8,5.0,https://www.airbnb.es/rooms/1426008687481647991
Madrid,Chamberí,1115902112439051866,2026-06-01,Habitación en Gran Vía,163.0,,,1.0,,4.75,28.0,https://www.airbnb.es/rooms/1115902112439051866
Madrid,Chamberí,985437540121072665,2026-06-01,Apartamento en Chamberí,211.0,4.0,1.0,1.0,1.0,4.74,23.0,https://www.airbnb.es/rooms/985437540121072665
Madrid,Chamberí,1568168581626209521,2026-06-01,Apartamento en Madrid,212.0,4.0,1.0,2.0,1.0,,,https://www.airbnb.es/rooms/1568168581626209521
Madrid,Chamberí,1376625027772889326,2026-06-01,Hotel en Gran Vía,140.0,2.0,1.0,1.0,1.0,4.49,102.0,https://www.airbnb.es/rooms/1376625027772889326
Madrid,Chamberí,1353704048293100920,2026-06-01,Apartamento en Chamartín,150.0,4.0,1.0,3.0,1.0,4.76,37.0,https://www.airbnb.es/rooms/1353704048293100920
Madrid,Chamberí,1674553467305625039,2026-06-01,Hotel boutique en Madrid,119.0,2.0,1.0,1.0,1.0,,,https://www.airbnb.es/rooms/1674553467305625039
Madrid,Chamberí,38561598,2026-06-01,Hostal en Gran Vía,127.0,2.0,1.0,1.0,0.0,4.82,11.0,https://www.airbnb.es/rooms/38561598
Madrid,Chamberí,1658643255987361167,2026-06-01,Hotel en Madrid,124.0,3.0,1.0,2.0,1.0,,,https://www.airbnb.es/rooms/1658643255987361167
Madrid,Chamberí,1587747795648692990,2026-06-01,Apartamento en Madrid,225.0,6.0,2.0,3.0,1.0,4.83,58.0,https://www.airbnb.es/rooms/1587747795648692990
Madrid,Chamberí,1054862784305201373,2026-06-01,Apartamento en Madrid,210.0,2.0,,1.0,1.0,4.91,117.0,https://www.airbnb.es/rooms/1054862784305201373
Madrid,Chamberí,52715140,2026-06-01,Apartamento en Chamartín,158.0,2.0,1.0,1.0,1.0,4.56,34.0,https://www.airbnb.es/rooms/52715140
Madrid,Chamberí,1523082388764857220,2026-06-01,Apartamento en Madrid,140.0,2.0,1.0,1.0,1.0,4.66,35.0,https://www.airbnb.es/rooms/1523082388764857220
Madrid,Chamberí,10676283,2026-06-01,Apartamento en Sol,210.0,6.0,2.0,3.0,1.0,4.62,778.0,https://www.airbnb.es/rooms/10676283
Madrid,Chamberí,1394795750420161233,2026-06-01,Apartamento en Chamberí,246.0,4.0,1.0,2.0,1.0,4.98,46.0,https://www.airbnb.es/rooms/1394795750420161233
Madrid,Chamberí,720062842720015995,2026-06-01,Apartamento en Chamberí,170.0,2.0,1.0,2.0,1.0,4.57,91.0,https://www.airbnb.es/rooms/720062842720015995
Madrid,Chamberí,1510908159659674180,2026-06-01,Apartamento en Valdezarza,131.0,4.0,1.0,2.0,1.0,4.95,20.0,https://www.airbnb.es/rooms/1510908159659674180
Madrid,Chamberí,611227518398729877,2026-06-01,Apartamento en Cuatro Caminos,182.0,4.0,1.0,2.0,1.0,4.81,139.0,https://www.airbnb.es/rooms/611227518398729877
Madrid,Chamberí,1380452211035648930,2026-06-01,Apartamento en Chamartín,124.0,2.0,1.0,2.0,1.0,4.8,54.0,https://www.airbnb.es/rooms/1380452211035648930
Madrid,Chamberí,645352260145108648,2026-06-01,Apartamento en Madrid,129.0,2.0,1.0,2.0,1.0,4.91,449.0,https://www.airbnb.es/rooms/645352260145108648
Madrid,Chamberí,1202981479518851567,2026-06-01,Apartamento en Embajadores,135.0,4.0,1.0,1.0,1.0,4.6,88.0,https://www.airbnb.es/rooms/1202981479518851567
Madrid,Chamberí,768217454691829279,2026-06-01,Apartamento en Cuatro Caminos,182.0,4.0,1.0,2.0,1.0,4.76,67.0,https://www.airbnb.es/rooms/768217454691829279
Madrid,Chamberí,1241869552722841041,2026-06-01,Apartamento en Gran Vía,153.0,4.0,1.0,2.0,1.0,4.37,41.0,https://www.airbnb.es/rooms/1241869552722841041
Madrid,Chamberí,1561711800911512048,2026-06-01,Alojamiento en Madrid,70.0,2.0,1.0,1.0,2.0,4.68,59.0,https://www.airbnb.es/rooms/1561711800911512048
Madrid,Chamberí,6827442,2026-06-01,Habitación en Madrid,86.0,,,1.0,,4.96,653.0,https://www.airbnb.es/rooms/6827442
Madrid,Chamberí,666045462835630676,2026-06-01,Apartamento en Madrid,266.0,6.0,1.0,4.0,1.0,4.85,47.0,https://www.airbnb.es/rooms/666045462835630676
Madrid,Chamberí,1547744387824535671,2026-06-01,Apartamento en Madrid,126.0,2.0,1.0,1.0,1.0,4.86,14.0,https://www.airbnb.es/rooms/1547744387824535671
Madrid,Chamberí,1016441089314560630,2026-06-01,Apartamento en Chamartín,181.0,4.0,2.0,3.0,1.0,4.79,162.0,https://www.airbnb.es/rooms/1016441089314560630
Madrid,Chamberí,1463129922053535871,2026-06-01,Habitación en Madrid,94.0,,,1.0,,4.86,65.0,https://www.airbnb.es/rooms/1463129922053535871
Madrid,Chamberí,1536867530919944880,2026-06-01,Apartamento en Madrid,141.0,1.0,1.0,1.0,1.0,4.53,40.0,https://www.airbnb.es/rooms/1536867530919944880
Madrid,Chamberí,725775654247275393,2026-06-01,Hostal en Sol,120.0,2.0,1.0,1.0,1.0,4.8,346.0,https://www.airbnb.es/rooms/725775654247275393
Madrid,Chamberí,833787881956866657,2026-06-01,Apartamento en Tetuán,163.0,4.0,1.0,2.0,1.0,4.81,249.0,https://www.airbnb.es/rooms/833787881956866657
Madrid,Chamberí,1679879417196305125,2026-06-01,Apartamento en Madrid,153.0,6.0,2.0,2.0,1.0,,,https://www.airbnb.es/rooms/1679879417196305125
Madrid,Chamberí,644962710503905533,2026-06-01,Apartamento en Madrid,125.0,2.0,1.0,2.0,1.0,4.91,473.0,https://www.airbnb.es/rooms/644962710503905533
Madrid,Chamberí,553641883859735849,2026-06-01,Apto. residencial en Madrid,151.0,4.0,1.0,3.0,1.0,4.81,238.0,https://www.airbnb.es/rooms/553641883859735849
Madrid,Chamberí,1647801033166085592,2026-06-01,Apartamento en Madrid,152.0,4.0,2.0,3.0,1.0,4.8,10.0,https://www.airbnb.es/rooms/1647801033166085592
Madrid,Chamberí,1638522789967825616,2026-06-01,Apartamento en Madrid,162.0,4.0,1.0,2.0,1.0,4.83,23.0,https://www.airbnb.es/rooms/1638522789967825616
Madrid,Chamberí,1629752859851582303,2026-06-01,Suite con entrada independiente en Madrid,139.0,2.0,1.0,1.0,1.0,4.88,17.0,https://www.airbnb.es/rooms/1629752859851582303
Madrid,Chamberí,1232590991896906188,2026-06-01,Apartamento en Gran Vía,153.0,4.0,1.0,2.0,1.0,4.42,38.0,https://www.airbnb.es/rooms/1232590991896906188
Madrid,Chamberí,10677284,2026-06-01,Apartamento en Sol,210.0,5.0,2.0,3.0,2.0,4.57,668.0,https://www.airbnb.es/rooms/10677284
Madrid,Chamberí,1188420399495489951,2026-06-01,Apartamento en Gran Vía,176.0,4.0,1.0,2.0,1.0,4.19,86.0,https://www.airbnb.es/rooms/1188420399495489951
Madrid,Chamberí,24862265,2026-06-01,Habitación en Madrid,78.0,,,1.0,,4.74,429.0,https://www.airbnb.es/rooms/24862265
Madrid,Chamberí,599089213728132465,2026-06-01,Apartamento en Cuatro Caminos,182.0,4.0,1.0,2.0,1.0,4.71,111.0,https://www.airbnb.es/rooms/599089213728132465
Madrid,Chamberí,1463784194161638134,2026-06-01,Habitación en Hortaleza,55.0,,,1.0,,4.51,65.0,https://www.airbnb.es/rooms/1463784194161638134
Madrid,Chamberí,1492650580038856111,2026-06-01,Hostal en Sol,156.0,2.0,1.0,1.0,1.0,4.83,35.0,https://www.airbnb.es/rooms/1492650580038856111
Madrid,Chamberí,1398612962508089420,2026-06-01,Apartamento en Usera,109.0,2.0,1.0,1.0,1.0,4.74,82.0,https://www.airbnb.es/rooms/1398612962508089420
Madrid,Chamberí,786152909321109689,2026-06-01,Apartamento en Tetuán,126.0,2.0,1.0,1.0,1.0,4.83,35.0,https://www.airbnb.es/rooms/786152909321109689
Madrid,Chamberí,1368760858391578391,2026-06-01,Apartamento en Plaza Mayor,173.0,4.0,1.0,2.0,1.0,4.65,74.0,https://www.airbnb.es/rooms/1368760858391578391
Madrid,Chamberí,1681292570763906245,2026-06-01,Alojamiento en Madrid,41.0,2.0,1.0,1.0,1.0,,,https://www.airbnb.es/rooms/1681292570763906245
Madrid,Chamberí,1091422450130501934,2026-06-01,Apartamento en Gran Vía,242.0,3.0,2.0,2.0,3.0,4.91,67.0,https://www.airbnb.es/rooms/1091422450130501934
Madrid,Chamberí,1188412227396041905,2026-06-01,Apartamento en Gran Vía,176.0,4.0,1.0,2.0,1.0,4.41,29.0,https://www.airbnb.es/rooms/1188412227396041905
Madrid,Chamberí,1523130978330163979,2026-06-01,Alojamiento en Madrid,70.0,2.0,1.0,1.0,2.0,4.49,49.0,https://www.airbnb.es/rooms/1523130978330163979
Madrid,Chamberí,43338866,2026-06-01,Apartamento en Madrid,229.0,6.0,1.0,3.0,1.0,4.67,217.0,https://www.airbnb.es/rooms/43338866
Madrid,Chamberí,1106580286129900744,2026-06-01,Apartamento en Puente de Vallecas,96.0,2.0,1.0,1.0,1.0,4.72,36.0,https://www.airbnb.es/rooms/1106580286129900744
Madrid,Chamberí,628862416538883821,2026-06-01,Apartamento en Salamanca,207.0,6.0,2.0,3.0,2.0,4.85,399.0,https://www.airbnb.es/rooms/628862416538883821
Madrid,Chamberí,51558636,2026-06-01,Habitación compartida en Madrid,37.0,,,,,4.8,1306.0,https://www.airbnb.es/rooms/51558636
Madrid,Chamberí,600398581741788896,2026-06-01,Alojamiento en Ópera,146.0,4.0,1.0,2.0,1.0,4.66,155.0,https://www.airbnb.es/rooms/600398581741788896
Madrid,Chamberí,41388931,2026-06-01,Hostal en Madrid,118.0,2.0,1.0,1.0,1.0,4.58,269.0,https://www.airbnb.es/rooms/41388931
Madrid,Chamberí,1549323431756706519,2026-06-01,Hostal en Madrid,73.0,1.0,,1.0,1.0,5.0,8.0,https://www.airbnb.es/rooms/1549323431756706519
Madrid,Chamberí,1572526880613191725,2026-06-01,Alojamiento en Madrid,58.0,2.0,1.0,1.0,1.0,4.64,14.0,https://www.airbnb.es/rooms/1572526880613191725
Madrid,Chamberí,1231779720251536851,2026-06-01,Vivienda en Chamberí,154.0,2.0,1.0,1.0,1.0,,,https://www.airbnb.es/rooms/1231779720251536851
Madrid,Chamberí,49699467,2026-06-01,Apartamento en Madrid,238.0,2.0,,1.0,1.0,4.73,197.0,https://www.airbnb.es/rooms/49699467
Madrid,Chamberí,1648626332453926946,2026-06-01,Apartamento en Madrid,122.0,2.0,1.0,1.0,1.0,4.83,6.0,https://www.airbnb.es/rooms/1648626332453926946
Madrid,Chamberí,645326923050932776,2026-06-01,Apartamento en Madrid,147.0,2.0,1.0,2.0,1.0,4.93,454.0,https://www.airbnb.es/rooms/645326923050932776
Madrid,Chamberí,1309333829193978946,2026-06-01,Apartamento en Sol,143.0,3.0,1.0,1.0,1.0,4.53,129.0,https://www.airbnb.es/rooms/1309333829193978946
Madrid,Chamberí,1665180061563867382,2026-06-01,Apartamento en Madrid,121.0,2.0,1.0,1.0,1.0,,,https://www.airbnb.es/rooms/1665180061563867382
Madrid,Chamberí,1080541612392968252,2026-06-01,Habitación en Ópera,100.0,,,1.0,,4.8,41.0,https://www.airbnb.es/rooms/1080541612392968252
Madrid,Chamberí,1553020093296972429,2026-06-01,Alojamiento en Madrid,75.0,2.0,1.0,1.0,2.0,4.36,59.0,https://www.airbnb.es/rooms/1553020093296972429
Madrid,Chamberí,924532544626967749,2026-06-01,Habitación compartida en Atocha,34.0,,,,,4.82,22.0,https://www.airbnb.es/rooms/924532544626967749
Madrid,Chamberí,696783863425842112,2026-06-01,Hostal en Ópera,128.0,2.0,1.0,1.0,1.0,4.67,15.0,https://www.airbnb.es/rooms/696783863425842112
Madrid,Chamberí,1492590291236910788,2026-06-01,Hostal en Sol,160.0,2.0,1.0,1.0,1.0,4.73,15.0,https://www.airbnb.es/rooms/1492590291236910788
Valencia,Rascanya,923219372883679828,2026-06-01,Loft en Valencia,114.0,2.0,1.0,1.0,1.0,4.94,312.0,https://www.airbnb.es/rooms/923219372883679828
Valencia,Rascanya,1029880800518857431,2026-06-01,Habitación en Extramurs,33.0,,,1.0,,4.56,177.0,https://www.airbnb.es/rooms/1029880800518857431
Valencia,Rascanya,1682733677251097264,2026-06-01,Apartamento en Valencia,120.0,2.0,1.0,,1.0,,,https://www.airbnb.es/rooms/1682733677251097264
Valencia,Rascanya,1679948472735002468,2026-06-01,Alojamiento en Benicalap,92.0,2.0,1.0,1.0,1.0,,,https://www.airbnb.es/rooms/1679948472735002468
Valencia,Rascanya,1568057759850207921,2026-06-01,Apartamento en Patraix,84.0,2.0,1.0,,1.0,4.73,80.0,https://www.airbnb.es/rooms/1568057759850207921
Valencia,Rascanya,1157414797154740052,2026-06-01,Alojamiento en Extramurs,32.0,1.0,1.0,1.0,1.0,4.4,68.0,https://www.airbnb.es/rooms/1157414797154740052
Valencia,Rascanya,1674523380186949406,2026-06-01,Alojamiento en L'Eixample,64.0,2.0,1.0,1.0,1.0,4.67,3.0,https://www.airbnb.es/rooms/1674523380186949406
Valencia,Rascanya,1243653269497433536,2026-06-01,Apartamento en Valencia,264.0,4.0,1.0,2.0,1.0,4.89,28.0,https://www.airbnb.es/rooms/1243653269497433536
Valencia,Rascanya,1191307464480254001,2026-06-01,Apartamento en Valencia,268.0,4.0,1.0,2.0,1.0,4.9,10.0,https://www.airbnb.es/rooms/1191307464480254001
Valencia,Rascanya,722021642187220119,2026-06-01,Loft en Valencia,260.0,4.0,1.0,2.0,1.0,4.91,94.0,https://www.airbnb.es/rooms/722021642187220119
Valencia,Rascanya,578250316279292052,2026-06-01,Loft en Ciutat Vella,237.0,3.0,1.0,2.0,1.0,4.87,254.0,https://www.airbnb.es/rooms/578250316279292052
Valencia,Rascanya,1272614679134126634,2026-06-01,Apartamento en Ciutat Vella,232.0,2.0,1.0,1.0,1.0,4.77,53.0,https://www.airbnb.es/rooms/1272614679134126634
Valencia,Rascanya,44563367,2026-06-01,Loft en Valencia,114.0,2.0,1.0,1.0,1.0,4.9,342.0,https://www.airbnb.es/rooms/44563367
Valencia,Rascanya,1522464652811906036,2026-06-01,Vivienda en Benimaclet,151.0,4.0,1.0,1.0,1.0,4.87,46.0,https://www.airbnb.es/rooms/1522464652811906036
Valencia,Rascanya,997063990758123324,2026-06-01,Apartamento en Benicalap,248.0,6.0,2.0,3.0,2.0,4.95,208.0,https://www.airbnb.es/rooms/997063990758123324
Valencia,Rascanya,1003301700089189824,2026-06-01,Apartamento en Extramurs,104.0,3.0,1.0,3.0,1.0,4.78,169.0,https://www.airbnb.es/rooms/1003301700089189824
Valencia,Rascanya,1215878839568324919,2026-06-01,Apartamento en Valencia,164.0,4.0,1.0,1.0,1.0,4.57,60.0,https://www.airbnb.es/rooms/1215878839568324919
Valencia,Rascanya,1190660601896254565,2026-06-01,Habitación en Valencia,48.0,,,1.0,,4.69,39.0,https://www.airbnb.es/rooms/1190660601896254565
Valencia,Rascanya,1213794089365977911,2026-06-01,Apartamento en Valencia,139.0,4.0,1.0,1.0,1.0,4.64,14.0,https://www.airbnb.es/rooms/1213794089365977911
Valencia,Rascanya,733261772280468540,2026-06-01,Apartamento en Camins al Grau,132.0,4.0,1.0,2.0,1.0,4.94,251.0,https://www.airbnb.es/rooms/733261772280468540
Valencia,Rascanya,1297984983049473441,2026-06-01,Habitación en Ciutat Vella,43.0,,,1.0,,4.34,134.0,https://www.airbnb.es/rooms/1297984983049473441
Valencia,Rascanya,1144221879917227281,2026-06-01,Apto. residencial en Extramurs,154.0,6.0,2.0,3.0,1.0,4.95,105.0,https://www.airbnb.es/rooms/1144221879917227281
Valencia,Rascanya,1104208387698709244,2026-06-01,Habitación compartida en Valencia,52.0,,,3.0,,4.75,20.0,https://www.airbnb.es/rooms/1104208387698709244
Valencia,Rascanya,1102600082626398888,2026-06-01,Apartamento en Ciutat Vella,116.0,5.0,1.0,3.0,1.0,4.26,117.0,https://www.airbnb.es/rooms/1102600082626398888
Valencia,Rascanya,50621566,2026-06-01,Loft en Valencia,175.0,4.0,2.0,2.0,1.0,4.91,237.0,https://www.airbnb.es/rooms/50621566
Valencia,Rascanya,1207703065724832169,2026-06-01,Apartamento en Valencia,150.0,6.0,2.0,3.0,1.0,4.86,70.0,https://www.airbnb.es/rooms/1207703065724832169
Valencia,Rascanya,975267274376124290,2026-06-01,Habitación en Sedaví,37.0,,,1.0,,4.84,184.0,https://www.airbnb.es/rooms/975267274376124290
Valencia,Rascanya,1679941376771509615,2026-06-01,Alojamiento en Valencia,95.0,2.0,1.0,1.0,1.0,,,https://www.airbnb.es/rooms/1679941376771509615
Valencia,Rascanya,902232330966264993,2026-06-01,Apartamento en Valencia,194.0,6.0,1.0,3.0,1.0,4.75,4.0,https://www.airbnb.es/rooms/902232330966264993
Valencia,Rascanya,1294117733059408297,2026-06-01,Apartamento en Valencia,104.0,4.0,1.0,1.0,1.0,4.82,96.0,https://www.airbnb.es/rooms/1294117733059408297
Valencia,Rascanya,46034145,2026-06-01,Apartamento en Valencia,102.0,2.0,,1.0,1.0,4.89,106.0,https://www.airbnb.es/rooms/46034145
Valencia,Rascanya,949351221159384808,2026-06-01,Alojamiento en Valencia,47.0,2.0,1.0,1.0,1.0,4.58,120.0,https://www.airbnb.es/rooms/949351221159384808
Valencia,Rascanya,819039969348702184,2026-06-01,Habitación en Sedaví,37.0,,,1.0,,4.91,208.0,https://www.airbnb.es/rooms/819039969348702184
Valencia,Rascanya,1390721458560665590,2026-06-01,Apartamento en Valencia,219.0,4.0,2.0,2.0,2.0,4.87,75.0,https://www.airbnb.es/rooms/1390721458560665590
Valencia,Rascanya,659910490316445110,2026-06-01,Apartamento en Valencia,141.0,5.0,2.0,3.0,1.0,4.74,170.0,https://www.airbnb.es/rooms/659910490316445110
Valencia,Rascanya,796294296520049808,2026-06-01,Habitaciones en Valencia,60.0,,2.0,2.0,,4.65,178.0,https://www.airbnb.es/rooms/796294296520049808
Valencia,Rascanya,1153832658973092503,2026-06-01,Habitación en Valencia,78.0,,,1.0,,4.58,132.0,https://www.airbnb.es/rooms/1153832658973092503
Valencia,Rascanya,743244065080966066,2026-06-01,Habitación en Valencia,82.0,,,2.0,,4.88,237.0,https://www.airbnb.es/rooms/743244065080966066
Valencia,Rascanya,1100856617104450645,2026-06-01,Apartamento en Valencia,135.0,4.0,,4.0,1.0,4.8,75.0,https://www.airbnb.es/rooms/1100856617104450645
Valencia,Rascanya,1287750819488598191,2026-06-01,Apartamento en Valencia,122.0,4.0,1.0,2.0,1.0,4.73,86.0,https://www.airbnb.es/rooms/1287750819488598191
Valencia,Rascanya,808573,2026-06-01,Habitación de hotel en Burjasot,93.0,6.0,2.0,,2.0,4.71,363.0,https://www.airbnb.es/rooms/808573
Valencia,Rascanya,842617138808615675,2026-06-01,Habitación en Valencia,39.0,,,1.0,,4.71,221.0,https://www.airbnb.es/rooms/842617138808615675
Valencia,Rascanya,1212159329910373880,2026-06-01,Apartamento en Valencia,182.0,3.0,1.0,2.0,1.0,4.68,37.0,https://www.airbnb.es/rooms/1212159329910373880
Valencia,Rascanya,45746964,2026-06-01,Bed & breakfast en Valencia,98.0,2.0,1.0,1.0,1.0,4.75,4.0,https://www.airbnb.es/rooms/45746964
Valencia,Rascanya,1428038427561918358,2026-06-01,Apartamento en Valencia,159.0,4.0,2.0,2.0,1.0,4.67,60.0,https://www.airbnb.es/rooms/1428038427561918358
Valencia,Rascanya,1512519028889881468,2026-06-01,Bed & breakfast en Valencia,47.0,1.0,1.0,1.0,1.0,4.42,31.0,https://www.airbnb.es/rooms/1512519028889881468
Valencia,Rascanya,1638883062776494747,2026-06-01,Alojamiento en Valencia,102.0,2.0,1.0,1.0,1.0,3.75,12.0,https://www.airbnb.es/rooms/1638883062776494747
Valencia,Rascanya,11678559,2026-06-01,Apartamento en Valencia,250.0,8.0,4.0,5.0,2.0,4.89,256.0,https://www.airbnb.es/rooms/11678559
Valencia,Rascanya,1457159715285449182,2026-06-01,Habitación en Valencia,90.0,,,1.0,,4.53,40.0,https://www.airbnb.es/rooms/1457159715285449182
Valencia,Rascanya,45746689,2026-06-01,Habitación en Valencia,68.0,,,1.0,,4.59,51.0,https://www.airbnb.es/rooms/45746689
Valencia,Rascanya,26770759,2026-06-01,Apartamento en Valencia,142.0,4.0,1.0,2.0,1.0,4.94,259.0,https://www.airbnb.es/rooms/26770759
Valencia,Rascanya,1364372676801870660,2026-06-01,Loft en Valencia,82.0,2.0,1.0,1.0,1.0,4.8,5.0,https://www.airbnb.es/rooms/1364372676801870660
Valencia,Rascanya,1333406438369114902,2026-06-01,Habitación en Valencia,71.0,,,2.0,,4.77,35.0,https://www.airbnb.es/rooms/1333406438369114902
Valencia,Rascanya,843965481980144443,2026-06-01,Habitación en Burjasot,40.0,,,1.0,,4.85,112.0,https://www.airbnb.es/rooms/843965481980144443
Valencia,Rascanya,1219388577599626609,2026-06-01,Apartamento en Valencia,149.0,2.0,1.0,2.0,1.0,4.81,52.0,https://www.airbnb.es/rooms/1219388577599626609
Valencia,Rascanya,1566522140026019963,2026-06-01,Habitación de hotel compartida en Valencia,22.0,,,1.0,,3.76,46.0,https://www.airbnb.es/rooms/1566522140026019963
Valencia,Rascanya,1567974835906278426,2026-06-01,Apartamento en Valencia,254.0,6.0,3.0,3.0,2.0,3.75,4.0,https://www.airbnb.es/rooms/1567974835906278426
Valencia,Rascanya,1318125955444191350,2026-06-01,Apartamento en Valencia,144.0,4.0,1.0,2.0,1.0,4.76,99.0,https://www.airbnb.es/rooms/1318125955444191350
Valencia,Rascanya,1425404072039542559,2026-06-01,Apartamento en Port Saplaya,159.0,6.0,3.0,6.0,0.0,4.63,65.0,https://www.airbnb.es/rooms/1425404072039542559
Valencia,Rascanya,1304531902497034848,2026-06-01,Apartamento en Valencia,112.0,4.0,,2.0,1.0,4.48,61.0,https://www.airbnb.es/rooms/1304531902497034848
Valencia,Rascanya,1155089812157305602,2026-06-01,Apartamento en Valencia,112.0,4.0,1.0,2.0,1.0,4.61,38.0,https://www.airbnb.es/rooms/1155089812157305602
Valencia,Rascanya,768839744509573011,2026-06-01,Apartamento en Valencia,126.0,3.0,1.0,1.0,1.0,4.68,215.0,https://www.airbnb.es/rooms/768839744509573011
Valencia,Rascanya,41880017,2026-06-01,Hotel en Valencia,59.0,2.0,1.0,1.0,1.0,4.15,13.0,https://www.airbnb.es/rooms/41880017
Valencia,Rascanya,26930146,2026-06-01,Apartamento en Valencia,196.0,8.0,4.0,6.0,2.0,4.81,259.0,https://www.airbnb.es/rooms/26930146
Valencia,Rascanya,49915574,2026-06-01,Apartamento en Valencia,125.0,2.0,1.0,1.0,1.0,4.76,148.0,https://www.airbnb.es/rooms/49915574
Valencia,Rascanya,1147137978413342367,2026-06-01,Apartahotel en Valencia,125.0,4.0,1.0,1.0,1.0,4.91,68.0,https://www.airbnb.es/rooms/1147137978413342367
Valencia,Rascanya,28836747,2026-06-01,Habitación de hotel en Valencia,37.0,1.0,1.0,1.0,1.0,4.77,181.0,https://www.airbnb.es/rooms/28836747
Valencia,Rascanya,1187589262229377567,2026-06-01,Apartamento en Valencia,125.0,4.0,1.0,2.0,1.0,4.85,66.0,https://www.airbnb.es/rooms/1187589262229377567
Valencia,Rascanya,948418106651889138,2026-06-01,Alojamiento en Valencia,53.0,2.0,1.0,1.0,1.0,4.29,31.0,https://www.airbnb.es/rooms/948418106651889138
Valencia,Rascanya,873224470188917364,2026-06-01,Apartamento en Valencia,194.0,6.0,1.0,3.0,1.0,4.5,18.0,https://www.airbnb.es/rooms/873224470188917364
Valencia,Rascanya,1543310920704023641,2026-06-01,Apartamento en Valencia,121.0,4.0,1.0,2.0,1.0,4.76,54.0,https://www.airbnb.es/rooms/1543310920704023641
Valencia,Rascanya,1418700031526549398,2026-06-01,Loft en Valencia,182.0,8.0,2.0,5.0,2.0,4.96,24.0,https://www.airbnb.es/rooms/1418700031526549398
Valencia,Rascanya,980347426047095844,2026-06-01,Apartamento en Valencia,119.0,4.0,1.0,2.0,1.0,4.82,33.0,https://www.airbnb.es/rooms/980347426047095844
Valencia,Rascanya,743186075147318111,2026-06-01,Apto. residencial en Valencia,201.0,6.0,3.0,4.0,2.0,4.72,193.0,https://www.airbnb.es/rooms/743186075147318111
Valencia,Rascanya,16441101,2026-06-01,Hotel en Burjasot,102.0,6.0,2.0,6.0,2.0,4.54,24.0,https://www.airbnb.es/rooms/16441101
Valencia,Rascanya,1415048562795297693,2026-06-01,Habitación en Valencia,87.0,,,1.0,,4.73,66.0,https://www.airbnb.es/rooms/1415048562795297693
Valencia,Rascanya,879731561064142425,2026-06-01,Suite con entrada independiente en Valencia,140.0,6.0,1.0,2.0,1.0,4.93,173.0,https://www.airbnb.es/rooms/879731561064142425
Valencia,Rascanya,1545824359332831130,2026-06-01,Apartamento en Valencia,258.0,8.0,3.0,5.0,1.0,4.72,25.0,https://www.airbnb.es/rooms/1545824359332831130
Valencia,Rascanya,875063778141749138,2026-06-01,Apartamento en Valencia,133.0,4.0,1.0,2.0,1.0,4.75,179.0,https://www.airbnb.es/rooms/875063778141749138
Valencia,Rascanya,1412374476597247594,2026-06-01,Apartamento en Valencia,280.0,6.0,3.0,3.0,2.0,4.77,39.0,https://www.airbnb.es/rooms/1412374476597247594
Valencia,Rascanya,710494612932574416,2026-06-01,Hotel boutique en Valencia,145.0,2.0,1.0,1.0,1.0,4.85,27.0,https://www.airbnb.es/rooms/710494612932574416
Valencia,Rascanya,856569637537340825,2026-06-01,Apto. residencial en Valencia,132.0,2.0,1.0,1.0,1.0,4.73,192.0,https://www.airbnb.es/rooms/856569637537340825
Valencia,Rascanya,1233846790081427267,2026-06-01,Hotel en Valencia,122.0,2.0,1.0,1.0,1.0,4.45,129.0,https://www.airbnb.es/rooms/1233846790081427267
Valencia,Rascanya,712712584892741915,2026-06-01,Apartamento en Valencia,236.0,5.0,2.0,3.0,1.0,4.84,295.0,https://www.airbnb.es/rooms/712712584892741915
Valencia,Rascanya,1420153352794910831,2026-06-01,Apartamento en Picanya,117.0,4.0,1.0,2.0,1.0,4.98,40.0,https://www.airbnb.es/rooms/1420153352794910831
Valencia,Rascanya,1543378220055626058,2026-06-01,Apartamento en Valencia,157.0,4.0,2.0,5.0,1.0,4.73,41.0,https://www.airbnb.es/rooms/1543378220055626058
Valencia,Rascanya,50185488,2026-06-01,Apartamento en Valencia,185.0,4.0,2.0,2.0,1.0,4.77,142.0,https://www.airbnb.es/rooms/50185488
Valencia,Rascanya,42823413,2026-06-01,Apartamento en Valencia,190.0,6.0,3.0,4.0,2.0,4.75,80.0,https://www.airbnb.es/rooms/42823413
Valencia,Rascanya,1145106173050203663,2026-06-01,Apartamento en Valencia,129.0,2.0,1.0,,1.0,4.85,81.0,https://www.airbnb.es/rooms/1145106173050203663
Valencia,Rascanya,46803758,2026-06-01,Alojamiento en Valencia,59.0,2.0,1.0,1.0,,4.43,126.0,https://www.airbnb.es/rooms/46803758
Valencia,Rascanya,696965243391455134,2026-06-01,Apartamento en Valencia,186.0,6.0,3.0,3.0,2.0,4.68,244.0,https://www.airbnb.es/rooms/696965243391455134
Valencia,Rascanya,1425405405832997380,2026-06-01,Apartamento en Port Saplaya,219.0,8.0,4.0,8.0,0.0,4.87,23.0,https://www.airbnb.es/rooms/1425405405832997380
Valencia,Rascanya,1492911962179548553,2026-06-01,Loft en Valencia,144.0,4.0,1.0,1.0,1.0,5.0,5.0,https://www.airbnb.es/rooms/1492911962179548553
Valencia,Rascanya,887699089860675354,2026-06-01,Habitación en Valencia,80.0,,,1.0,,4.29,34.0,https://www.airbnb.es/rooms/887699089860675354
Valencia,Rascanya,1080387598065347617,2026-06-01,Alojamiento en Valencia,105.0,2.0,1.0,1.0,1.0,4.54,112.0,https://www.airbnb.es/rooms/1080387598065347617
Valencia,Rascanya,1104101282540778290,2026-06-01,Habitaciones en Valencia,85.0,,2.0,2.0,,4.99,69.0,https://www.airbnb.es/rooms/1104101282540778290
Valencia,Rascanya,1192832580578840827,2026-06-01,Hotel en Valencia,113.0,2.0,1.0,1.0,1.0,4.7,79.0,https://www.airbnb.es/rooms/1192832580578840827
Valencia,Rascanya,49493986,2026-06-01,Apto. residencial en Valencia,187.0,7.0,4.0,4.0,2.0,4.71,103.0,https://www.airbnb.es/rooms/49493986
Valencia,Rascanya,1257825541503087694,2026-06-01,Loft en Valencia,122.0,4.0,1.0,2.0,1.0,4.96,70.0,https://www.airbnb.es/rooms/1257825541503087694
Valencia,Rascanya,980852262153350113,2026-06-01,Apartamento en Valencia,119.0,4.0,1.0,2.0,1.0,4.54,13.0,https://www.airbnb.es/rooms/980852262153350113
Valencia,Rascanya,1394766176732695921,2026-06-01,easyHotel Valencia Ciutat Vella,144.0,,,,,4.77,22.0,https://www.airbnb.es/rooms/1394766176732695921
Valencia,Rascanya,1019308545494852196,2026-06-01,Loft en Valencia,128.0,4.0,,2.0,1.0,4.76,67.0,https://www.airbnb.es/rooms/1019308545494852196
Valencia,Rascanya,1524494836395080564,2026-06-01,Habitación de hotel compartida en Valencia,26.0,,,10.0,,4.49,96.0,https://www.airbnb.es/rooms/1524494836395080564
Valencia,Rascanya,1381020234640096897,2026-06-01,Apartamento en Valencia,217.0,5.0,1.0,3.0,1.0,4.92,59.0,https://www.airbnb.es/rooms/1381020234640096897
Valencia,Rascanya,1220306924161071748,2026-06-01,Apartamento en Valencia,123.0,2.0,,1.0,1.0,4.67,21.0,https://www.airbnb.es/rooms/1220306924161071748
Valencia,Rascanya,1532483201983516419,2026-06-01,Apartamento en Valencia,176.0,5.0,2.0,5.0,1.0,5.0,3.0,https://www.airbnb.es/rooms/1532483201983516419
Valencia,Rascanya,1434887262722785904,2026-06-01,Loft en Valencia,147.0,4.0,1.0,2.0,1.0,4.78,60.0,https://www.airbnb.es/rooms/1434887262722785904
Valencia,Rascanya,1086688096488008371,2026-06-01,Loft en Valencia,100.0,3.0,1.0,1.0,1.0,4.67,132.0,https://www.airbnb.es/rooms/1086688096488008371
Valencia,Rascanya,1424625542168462164,2026-06-01,Apartamento en Benetúser,129.0,6.0,2.0,5.0,1.0,4.89,93.0,https://www.airbnb.es/rooms/1424625542168462164
Valencia,Rascanya,844857601566232239,2026-06-01,Apartamento en Valencia,189.0,6.0,2.0,3.0,1.0,4.6,272.0,https://www.airbnb.es/rooms/844857601566232239
Valencia,Rascanya,1542022700922565734,2026-06-01,Apartamento en Valencia,105.0,2.0,1.0,1.0,1.0,,,https://www.airbnb.es/rooms/1542022700922565734
Valencia,Rascanya,1277575559230116842,2026-06-01,Apartamento en Valencia,129.0,2.0,,1.0,1.0,4.86,7.0,https://www.airbnb.es/rooms/1277575559230116842
Valencia,Rascanya,1548715020442788801,2026-06-01,Apartamento en Valencia,126.0,3.0,1.0,2.0,1.0,4.93,15.0,https://www.airbnb.es/rooms/1548715020442788801
Valencia,Rascanya,1653688529301104002,2026-06-01,Habitación compartida en Valencia,53.0,,,1.0,,4.53,19.0,https://www.airbnb.es/rooms/1653688529301104002
Valencia,Rascanya,1170949559421381685,2026-06-01,Apartamento en Valencia,135.0,4.0,1.0,3.0,1.0,4.73,59.0,https://www.airbnb.es/rooms/1170949559421381685
Valencia,Rascanya,1422375968526249613,2026-06-01,Apartamento en Valencia,236.0,6.0,2.0,4.0,2.0,5.0,3.0,https://www.airbnb.es/rooms/1422375968526249613
Valencia,Rascanya,913632023760894090,2026-06-01,Habitación en Valencia,118.0,,,1.0,,5.0,22.0,https://www.airbnb.es/rooms/913632023760894090
Valencia,Rascanya,20135707,2026-06-01,Apartamento en Valencia,205.0,6.0,2.0,3.0,2.0,4.76,290.0,https://www.airbnb.es/rooms/20135707
Valencia,Rascanya,1524493297336768120,2026-06-01,Habitación de hotel compartida en Valencia,27.0,,,8.0,,4.59,39.0,https://www.airbnb.es/rooms/1524493297336768120
Valencia,Rascanya,865309801178588781,2026-06-01,Apartamento en Valencia,184.0,4.0,1.0,2.0,1.0,5.0,7.0,https://www.airbnb.es/rooms/865309801178588781
Valencia,Rascanya,1218679399975540970,2026-06-01,Apartamento en Valencia,133.0,4.0,,2.0,1.0,4.74,38.0,https://www.airbnb.es/rooms/1218679399975540970
Valencia,Rascanya,957105056123376288,2026-06-01,Loft en Valencia,129.0,2.0,,1.0,1.0,4.67,52.0,https://www.airbnb.es/rooms/957105056123376288
Valencia,Rascanya,53469371,2026-06-01,Hotel en Valencia,94.0,3.0,1.0,3.0,1.0,4.88,8.0,https://www.airbnb.es/rooms/53469371
Valencia,Rascanya,1390586084536110659,2026-06-01,Hotel en Valencia,85.0,3.0,2.0,2.0,1.0,4.3,20.0,https://www.airbnb.es/rooms/1390586084536110659
Valencia,Rascanya,1495763528567236413,2026-06-01,Loft en Valencia,143.0,4.0,1.0,1.0,1.0,4.35,20.0,https://www.airbnb.es/rooms/1495763528567236413
Valencia,Rascanya,1405974262281855257,2026-06-01,Apartamento en Valencia,119.0,4.0,2.0,2.0,1.0,4.74,23.0,https://www.airbnb.es/rooms/1405974262281855257
Valencia,Rascanya,1374406670352704529,2026-06-01,Apartamento en Port Saplaya,238.0,6.0,3.0,4.0,3.0,4.45,38.0,https://www.airbnb.es/rooms/1374406670352704529
Valencia,Rascanya,1547050451447063756,2026-06-01,Vivienda en Manises,235.0,8.0,4.0,7.0,2.0,4.95,20.0,https://www.airbnb.es/rooms/1547050451447063756
Valencia,Rascanya,24435383,2026-06-01,Loft en Valencia,159.0,2.0,1.0,1.0,1.0,4.81,258.0,https://www.airbnb.es/rooms/24435383
Valencia,Rascanya,503305262822613325,2026-06-01,Apartamento en Valencia,124.0,2.0,1.0,1.0,1.0,4.32,93.0,https://www.airbnb.es/rooms/503305262822613325
Valencia,Rascanya,1460907580928275190,2026-06-01,Alojamiento en Chirivella,42.0,2.0,2.0,1.0,2.0,4.8,5.0,https://www.airbnb.es/rooms/1460907580928275190
Valencia,Rascanya,988390690825353361,2026-06-01,Loft en Valencia,147.0,2.0,,2.0,1.0,4.95,59.0,https://www.airbnb.es/rooms/988390690825353361
Valencia,Rascanya,1170933099646009574,2026-06-01,Apartamento en Valencia,141.0,4.0,1.0,3.0,1.0,4.77,79.0,https://www.airbnb.es/rooms/1170933099646009574
Valencia,Rascanya,1425379131766964177,2026-06-01,Apartamento en Port Saplaya,155.0,4.0,2.0,4.0,0.0,4.68,19.0,https://www.airbnb.es/rooms/1425379131766964177
Valencia,Rascanya,19169345,2026-06-01,Apartamento en Valencia,165.0,4.0,1.0,2.0,1.0,4.55,42.0,https://www.airbnb.es/rooms/19169345
Valencia,Rascanya,1443374458501570121,2026-06-01,Habitación en Valencia,59.0,,,1.0,,4.53,34.0,https://www.airbnb.es/rooms/1443374458501570121
Valencia,Rascanya,1427767447708621364,2026-06-01,Apartamento en Valencia,136.0,2.0,1.0,2.0,1.0,4.77,30.0,https://www.airbnb.es/rooms/1427767447708621364
Valencia,Rascanya,1090385444452215714,2026-06-01,Apartamento en Valencia,129.0,4.0,,2.0,1.0,4.84,25.0,https://www.airbnb.es/rooms/1090385444452215714
Valencia,Rascanya,1208089309681136650,2026-06-01,Alojamiento en Valencia,91.0,2.0,1.0,1.0,1.0,4.76,51.0,https://www.airbnb.es/rooms/1208089309681136650
Valencia,Rascanya,1275656721580654328,2026-06-01,Apartamento en Valencia,117.0,2.0,,1.0,1.0,4.67,3.0,https://www.airbnb.es/rooms/1275656721580654328
Valencia,Rascanya,1295422269779961273,2026-06-01,Loft en Valencia,147.0,2.0,1.0,1.0,1.0,4.6,98.0,https://www.airbnb.es/rooms/1295422269779961273
Valencia,Rascanya,1097080390038260095,2026-06-01,Apartamento en Valencia,175.0,2.0,1.0,,1.0,4.91,57.0,https://www.airbnb.es/rooms/1097080390038260095
Valencia,Rascanya,1192919197425069113,2026-06-01,Hotel en Valencia,109.0,2.0,1.0,1.0,1.0,4.43,7.0,https://www.airbnb.es/rooms/1192919197425069113
Valencia,Rascanya,19905509,2026-06-01,Apartamento en Valencia,257.0,4.0,2.0,3.0,2.0,4.81,165.0,https://www.airbnb.es/rooms/19905509
Valencia,Rascanya,1347875013700163388,2026-06-01,Apartamento en Valencia,140.0,4.0,1.0,2.0,1.0,4.89,19.0,https://www.airbnb.es/rooms/1347875013700163388
Valencia,Rascanya,582973718271656183,2026-06-01,Apartamento en Valencia,208.0,6.0,2.0,3.0,1.0,4.88,8.0,https://www.airbnb.es/rooms/582973718271656183
Valencia,Rascanya,1076653638122481644,2026-06-01,Apartamento en Valencia,270.0,6.0,2.0,4.0,2.0,4.9,50.0,https://www.airbnb.es/rooms/1076653638122481644
Valencia,Rascanya,938734,2026-06-01,Apartamento en Valencia,118.0,2.0,1.0,1.0,,4.37,81.0,https://www.airbnb.es/rooms/938734
Valencia,Rascanya,1660747493393816910,2026-06-01,Habitación de hotel compartida en Valencia,25.0,,,1.0,,3.6,5.0,https://www.airbnb.es/rooms/1660747493393816910
Valencia,Rascanya,1532440405302494173,2026-06-01,Apartamento en Valencia,162.0,6.0,2.0,1.0,1.0,4.4,15.0,https://www.airbnb.es/rooms/1532440405302494173
Valencia,Rascanya,1147750626348882839,2026-06-01,Apartamento en Valencia,155.0,4.0,1.0,2.0,1.0,4.86,43.0,https://www.airbnb.es/rooms/1147750626348882839
Valencia,Rascanya,1434701573230361064,2026-06-01,Apartamento en Valencia,138.0,2.0,1.0,1.0,1.0,4.61,54.0,https://www.airbnb.es/rooms/1434701573230361064
Valencia,Rascanya,914940682850148989,2026-06-01,Apartamento en Puebla de Farnals,135.0,4.0,1.0,3.0,1.0,4.94,246.0,https://www.airbnb.es/rooms/914940682850148989
Valencia,Rascanya,1502042659796281704,2026-06-01,Loft en Valencia,160.0,2.0,1.0,2.0,1.0,4.59,32.0,https://www.airbnb.es/rooms/1502042659796281704
Valencia,Rascanya,1220306731131365935,2026-06-01,Apartamento en Valencia,131.0,4.0,,2.0,1.0,4.67,18.0,https://www.airbnb.es/rooms/1220306731131365935
Valencia,Rascanya,1401164747879817502,2026-06-01,Habitación en Valencia,64.0,,,2.0,,4.6,30.0,https://www.airbnb.es/rooms/1401164747879817502
Valencia,Rascanya,1187462188665949600,2026-06-01,Apartamento en Valencia,188.0,6.0,2.0,3.0,1.0,4.71,76.0,https://www.airbnb.es/rooms/1187462188665949600
Valencia,Rascanya,1581959407495999126,2026-06-01,Apartamento en Valencia,139.0,4.0,1.0,1.0,1.0,,,https://www.airbnb.es/rooms/1581959407495999126
Valencia,Rascanya,1269444243185740401,2026-06-01,Apartamento en Valencia,188.0,4.0,1.0,2.0,1.0,4.89,18.0,https://www.airbnb.es/rooms/1269444243185740401
Valencia,Rascanya,1599214253398035730,2026-06-01,Apartamento en Valencia,159.0,4.0,1.0,2.0,1.0,,,https://www.airbnb.es/rooms/1599214253398035730
Valencia,Rascanya,1034604446338143194,2026-06-01,Apartamento en Valencia,162.0,4.0,1.0,2.0,1.0,4.6,81.0,https://www.airbnb.es/rooms/1034604446338143194
Valencia,Rascanya,1192925496990459796,2026-06-01,Hotel en Valencia,137.0,3.0,1.0,2.0,1.0,4.85,40.0,https://www.airbnb.es/rooms/1192925496990459796
Valencia,Rascanya,1278156838577911108,2026-06-01,Apartamento en Valencia,141.0,4.0,,2.0,1.0,4.94,17.0,https://www.airbnb.es/rooms/1278156838577911108
Valencia,Rascanya,1309230633826024362,2026-06-01,Apartamento en Valencia,178.0,4.0,1.0,3.0,0.0,5.0,17.0,https://www.airbnb.es/rooms/1309230633826024362
Valencia,Rascanya,1643490258032948253,2026-06-01,Hostal en Valencia,89.0,2.0,1.0,1.0,1.0,4.8,10.0,https://www.airbnb.es/rooms/1643490258032948253
Valencia,Rascanya,1401282391679654922,2026-06-01,Apartamento en Valencia,235.0,6.0,2.0,2.0,2.0,4.96,52.0,https://www.airbnb.es/rooms/1401282391679654922
Valencia,Rascanya,1308580370407817420,2026-06-01,Habitación compartida en Valencia,29.0,,,8.0,,4.68,28.0,https://www.airbnb.es/rooms/1308580370407817420
Valencia,Rascanya,1477723372889332744,2026-06-01,Apartamento en Valencia,308.0,8.0,4.0,5.0,1.0,4.47,38.0,https://www.airbnb.es/rooms/1477723372889332744
Valencia,Rascanya,844619245994295364,2026-06-01,Apartamento en Valencia,189.0,5.0,,2.0,1.0,4.62,293.0,https://www.airbnb.es/rooms/844619245994295364
Valencia,Rascanya,1195435294898211375,2026-06-01,Loft en Valencia,169.0,4.0,1.0,2.0,1.0,4.99,76.0,https://www.airbnb.es/rooms/1195435294898211375
Valencia,Rascanya,1085513966444593612,2026-06-01,Loft en Valencia,100.0,3.0,1.0,1.0,1.0,4.48,95.0,https://www.airbnb.es/rooms/1085513966444593612
Valencia,Rascanya,931255016876977503,2026-06-01,Loft en Valencia,205.0,5.0,3.0,3.0,1.0,4.79,178.0,https://www.airbnb.es/rooms/931255016876977503
Valencia,Rascanya,1390406547431572803,2026-06-01,Apartamento en Valencia,153.0,3.0,2.0,5.0,1.0,4.79,39.0,https://www.airbnb.es/rooms/1390406547431572803
Valencia,Rascanya,844003211790758034,2026-06-01,Apartamento en Burjasot,104.0,2.0,1.0,2.0,1.0,4.77,196.0,https://www.airbnb.es/rooms/844003211790758034
Valencia,Rascanya,53355963,2026-06-01,Apartamento en Valencia,145.0,4.0,1.0,2.0,1.0,4.61,59.0,https://www.airbnb.es/rooms/53355963
Valencia,Rascanya,1395734874504535798,2026-06-01,Habitación compartida en Valencia,30.0,,,1.0,,4.63,27.0,https://www.airbnb.es/rooms/1395734874504535798
Valencia,Rascanya,1649123458044221333,2026-06-01,Hostal en Valencia,115.0,2.0,1.0,1.0,1.0,4.1,10.0,https://www.airbnb.es/rooms/1649123458044221333
Valencia,Rascanya,609042535173332206,2026-06-01,Vivienda vacacional en Valencia,247.0,6.0,2.0,3.0,2.0,4.76,165.0,https://www.airbnb.es/rooms/609042535173332206
Valencia,Rascanya,1259960882727342182,2026-06-01,Habitación en Valencia,86.0,,,1.0,,5.0,34.0,https://www.airbnb.es/rooms/1259960882727342182
Valencia,Rascanya,1028681600083538711,2026-06-01,Apartamento en Valencia,194.0,4.0,1.0,2.0,1.0,4.86,63.0,https://www.airbnb.es/rooms/1028681600083538711
Valencia,Rascanya,858817957978283523,2026-06-01,Apartamento en Valencia,194.0,6.0,1.0,3.0,1.0,4.33,3.0,https://www.airbnb.es/rooms/858817957978283523
Valencia,Rascanya,1187429399209424216,2026-06-01,Apartamento en Valencia,188.0,6.0,2.0,3.0,1.0,4.67,79.0,https://www.airbnb.es/rooms/1187429399209424216
Valencia,Rascanya,1366479408787658421,2026-06-01,Apartamento en Valencia,147.0,4.0,1.0,3.0,1.0,4.83,40.0,https://www.airbnb.es/rooms/1366479408787658421
Valencia,Rascanya,1340632888427451713,2026-06-01,Apartamento en Valencia,127.0,2.0,1.0,1.0,1.0,4.74,80.0,https://www.airbnb.es/rooms/1340632888427451713
Valencia,Rascanya,1347152892263592071,2026-06-01,Apartamento en Valencia,185.0,4.0,1.0,2.0,1.0,,,https://www.airbnb.es/rooms/1347152892263592071
Valencia,Rascanya,1289755008352546351,2026-06-01,Apartamento en Valencia,211.0,4.0,1.0,1.0,1.0,5.0,14.0,https://www.airbnb.es/rooms/1289755008352546351
Valencia,Rascanya,873124583053115835,2026-06-01,Apartamento en Torrefiel,194.0,5.0,1.0,3.0,1.0,4.29,14.0,https://www.airbnb.es/rooms/873124583053115835
Valencia,Rascanya,19169313,2026-06-01,Apartamento en Ciutat Vella,176.0,4.0,1.0,2.0,1.0,4.45,98.0,https://www.airbnb.es/rooms/19169313
Valencia,Rascanya,1637505118892363782,2026-06-01,Apartamento en Extramurs,172.0,4.0,1.0,1.0,1.0,4.27,11.0,https://www.airbnb.es/rooms/1637505118892363782
Valencia,Rascanya,1207704880595369214,2026-06-01,Apartamento en El Cabanyal-El Canyamelar,174.0,4.0,1.0,1.0,1.0,4.73,45.0,https://www.airbnb.es/rooms/1207704880595369214
Valencia,Rascanya,1029479461362811368,2026-06-01,Loft en Camins al Grau,157.0,2.0,,1.0,1.0,4.79,145.0,https://www.airbnb.es/rooms/1029479461362811368
Valencia,Rascanya,1516712870057318982,2026-06-01,Hotel en Ciutat Vella,205.0,4.0,1.0,2.0,1.0,4.58,19.0,https://www.airbnb.es/rooms/1516712870057318982
Valencia,Rascanya,1573124076168830789,2026-06-01,Apartamento en Valencia,182.0,4.0,1.0,2.0,1.0,5.0,7.0,https://www.airbnb.es/rooms/1573124076168830789
Valencia,Rascanya,1318236502182499555,2026-06-01,Apartamento en Cuatre Carreres,171.0,4.0,1.0,2.0,1.0,4.94,95.0,https://www.airbnb.es/rooms/1318236502182499555
Valencia,Rascanya,897619095049425307,2026-06-01,Habitación en El Cabanyal-El Canyamelar,65.0,,,1.0,,4.56,55.0,https://www.airbnb.es/rooms/897619095049425307
Valencia,Rascanya,1640554297357232763,2026-06-01,Hostal en Ciutat Vella,89.0,2.0,1.0,2.0,1.0,4.62,13.0,https://www.airbnb.es/rooms/1640554297357232763
Valencia,Rascanya,51611389,2026-06-01,Apartamento en El Cabanyal-El Canyamelar,231.0,6.0,2.0,3.0,1.0,4.66,161.0,https://www.airbnb.es/rooms/51611389
Valencia,Rascanya,1395777725220292713,2026-06-01,Habitación compartida en Camins al Grau,31.0,,,6.0,,4.63,19.0,https://www.airbnb.es/rooms/1395777725220292713
Valencia,Rascanya,1309334858285010777,2026-06-01,Habitación compartida en Camins al Grau,29.0,,,8.0,,4.08,12.0,https://www.airbnb.es/rooms/1309334858285010777
Valencia,Rascanya,1309223791917582762,2026-06-01,Apartamento en Camins al Grau,186.0,4.0,1.0,2.0,1.0,,,https://www.airbnb.es/rooms/1309223791917582762
Valencia,Rascanya,53460968,2026-06-01,Apartamento en Extramurs,198.0,3.0,,2.0,1.0,4.69,204.0,https://www.airbnb.es/rooms/53460968
Valencia,Rascanya,1404176697606872527,2026-06-01,Apartamento en Cuatre Carreres,138.0,4.0,1.0,1.0,1.0,4.82,22.0,https://www.airbnb.es/rooms/1404176697606872527
Valencia,Rascanya,53469225,2026-06-01,Hotel en Benimámet,84.0,2.0,1.0,1.0,1.0,3.8,5.0,https://www.airbnb.es/rooms/53469225
Valencia,Rascanya,979832090429693512,2026-06-01,Habitación en Ciutat Vella,118.0,,,1.0,,4.44,9.0,https://www.airbnb.es/rooms/979832090429693512
Valencia,Rascanya,866521635504366299,2026-06-01,Alojamiento en El Cabanyal-El Canyamelar,152.0,2.0,1.0,1.0,2.0,4.67,3.0,https://www.airbnb.es/rooms/866521635504366299
Valencia,Rascanya,552735701112668446,2026-06-01,Apartamento en Extramurs,121.0,2.0,1.0,1.0,1.0,4.63,8.0,https://www.airbnb.es/rooms/552735701112668446
Valencia,Rascanya,1603555216980767248,2026-06-01,Apartamento en Russafa,219.0,4.0,,,1.0,,,https://www.airbnb.es/rooms/1603555216980767248
Valencia,Rascanya,18426659,2026-06-01,Loft en Russafa,181.0,2.0,1.0,1.0,1.0,4.8,425.0,https://www.airbnb.es/rooms/18426659
Valencia,Rascanya,938110941050052733,2026-06-01,Loft en El Cabanyal-El Canyamelar,190.0,3.0,1.0,2.0,1.0,4.54,37.0,https://www.airbnb.es/rooms/938110941050052733
Valencia,Rascanya,1689031497526311726,2026-06-01,Apartamento en Patraix,146.0,2.0,1.0,2.0,1.0,,,https://www.airbnb.es/rooms/1689031497526311726
Valencia,Rascanya,51720969,2026-06-01,Apartamento en Ciutat Vella,179.0,4.0,1.0,2.0,1.0,5.0,3.0,https://www.airbnb.es/rooms/51720969
Valencia,Rascanya,50494851,2026-06-01,Loft en Ciutat Vella,191.0,4.0,1.0,2.0,1.0,4.66,93.0,https://www.airbnb.es/rooms/50494851
Valencia,Rascanya,45745106,2026-06-01,Hostal en Ciutat Vella,118.0,2.0,1.0,1.0,1.0,4.4,5.0,https://www.airbnb.es/rooms/45745106
Valencia,Rascanya,1116779529373427744,2026-06-01,Loft en Natzaret,138.0,4.0,1.0,2.0,1.0,4.75,80.0,https://www.airbnb.es/rooms/1116779529373427744
Valencia,Rascanya,1635471035965745054,2026-06-01,Apartamento en Patraix,168.0,4.0,1.0,2.0,1.0,,,https://www.airbnb.es/rooms/1635471035965745054
Valencia,Rascanya,42727914,2026-06-01,Apartamento en Russafa,252.0,4.0,2.0,2.0,1.0,4.93,190.0,https://www.airbnb.es/rooms/42727914
Valencia,Rascanya,50867896,2026-06-01,Apartamento en Extramurs,209.0,6.0,2.0,4.0,1.0,4.7,54.0,https://www.airbnb.es/rooms/50867896
Valencia,Rascanya,1034597057605446183,2026-06-01,Apartamento en Valencia,161.0,4.0,1.0,3.0,1.0,4.46,56.0,https://www.airbnb.es/rooms/1034597057605446183
Valencia,Rascanya,912186572570322061,2026-06-01,Apartamento en Ciutat Vella,167.0,4.0,1.0,2.0,1.0,4.79,14.0,https://www.airbnb.es/rooms/912186572570322061
Valencia,Rascanya,1295464547837969149,2026-06-01,Adosado en El Cabanyal-El Canyamelar,215.0,5.0,3.0,3.0,1.0,4.43,30.0,https://www.airbnb.es/rooms/1295464547837969149
Valencia,Rascanya,1358854821312431741,2026-06-01,Apartamento en Valencia,209.0,4.0,1.0,2.0,1.0,4.53,36.0,https://www.airbnb.es/rooms/1358854821312431741
Valencia,Rascanya,45745180,2026-06-01,Hostal en Ciutat Vella,134.0,2.0,1.0,1.0,1.0,4.64,39.0,https://www.airbnb.es/rooms/45745180
Valencia,Rascanya,1133019910389060816,2026-06-01,Apartamento en Valencia,200.0,4.0,1.0,2.0,1.0,4.78,46.0,https://www.airbnb.es/rooms/1133019910389060816
Valencia,Rascanya,1359271786157646377,2026-06-01,Apartamento en Valencia,190.0,3.0,1.0,2.0,1.0,,,https://www.airbnb.es/rooms/1359271786157646377
Valencia,Rascanya,7254820,2026-06-01,Apartamento en Valencia,233.0,4.0,2.0,2.0,1.0,4.88,220.0,https://www.airbnb.es/rooms/7254820
Valencia,Rascanya,663825601416591495,2026-06-01,Loft en Valencia,194.0,4.0,1.0,1.0,1.0,4.81,21.0,https://www.airbnb.es/rooms/663825601416591495
Valencia,Rascanya,1389150793764377405,2026-06-01,Hotel en Valencia,91.0,2.0,1.0,1.0,1.0,4.6,5.0,https://www.airbnb.es/rooms/1389150793764377405
Valencia,Rascanya,1425397851540825183,2026-06-01,Apartamento en Port Saplaya,169.0,6.0,3.0,6.0,0.0,4.4,15.0,https://www.airbnb.es/rooms/1425397851540825183
Valencia,Rascanya,1635502966918424255,2026-06-01,Apartamento en Valencia,168.0,4.0,1.0,2.0,1.0,,,https://www.airbnb.es/rooms/1635502966918424255
Valencia,Rascanya,1045441732698251354,2026-06-01,Apartamento en Valencia,152.0,4.0,1.0,1.0,1.0,4.38,129.0,https://www.airbnb.es/rooms/1045441732698251354
Valencia,Rascanya,1379523697187239243,2026-06-01,Apartamento en Valencia,116.0,4.0,,2.0,1.0,4.78,9.0,https://www.airbnb.es/rooms/1379523697187239243
Valencia,Rascanya,1275921238201173538,2026-06-01,Habitación de hotel en Valencia,120.0,4.0,1.0,2.0,1.0,4.76,115.0,https://www.airbnb.es/rooms/1275921238201173538
Valencia,Rascanya,38688752,2026-06-01,Habitación de hotel en Valencia,46.0,1.0,1.0,1.0,1.0,4.7,33.0,https://www.airbnb.es/rooms/38688752
Valencia,Rascanya,5628080,2026-06-01,Habitación en Paterna,53.0,,,1.0,,4.9,40.0,https://www.airbnb.es/rooms/5628080
Valencia,Rascanya,26252623,2026-06-01,Apartamento en Valencia,274.0,8.0,4.0,6.0,1.0,4.48,264.0,https://www.airbnb.es/rooms/26252623
Valencia,Rascanya,1254848865340952648,2026-06-01,Apartamento en Valencia,237.0,4.0,1.0,2.0,1.0,4.8,5.0,https://www.airbnb.es/rooms/1254848865340952648
Valencia,Rascanya,1302783550773951181,2026-06-01,Habitación en Valencia,68.0,,,1.0,,4.55,33.0,https://www.airbnb.es/rooms/1302783550773951181
Valencia,Rascanya,1445666480713235113,2026-06-01,Vivienda en Burjasot,293.0,4.0,2.0,3.0,2.0,5.0,22.0,https://www.airbnb.es/rooms/1445666480713235113
Valencia,Rascanya,19935603,2026-06-01,Apartamento en Valencia,270.0,5.0,3.0,4.0,2.0,4.69,176.0,https://www.airbnb.es/rooms/19935603
Valencia,Rascanya,861410996799190096,2026-06-01,Alojamiento en Valencia,153.0,4.0,1.0,4.0,1.0,4.81,94.0,https://www.airbnb.es/rooms/861410996799190096
Valencia,Rascanya,745489583366115986,2026-06-01,Hotel boutique en Valencia,160.0,2.0,1.0,1.0,0.0,5.0,3.0,https://www.airbnb.es/rooms/745489583366115986
Valencia,Rascanya,886998425075070494,2026-06-01,Habitación en Valencia,100.0,,,1.0,,4.46,26.0,https://www.airbnb.es/rooms/886998425075070494
Valencia,Rascanya,1309223714915716139,2026-06-01,Apartamento en Valencia,186.0,4.0,1.0,2.0,1.0,4.6,5.0,https://www.airbnb.es/rooms/1309223714915716139
Valencia,Rascanya,1188450940860544992,2026-06-01,Loft en Valencia,106.0,4.0,1.0,1.0,1.0,4.71,77.0,https://www.airbnb.es/rooms/1188450940860544992
Valencia,Rascanya,1233286051715314497,2026-06-01,Apartamento en Valencia,126.0,2.0,1.0,2.0,1.0,4.78,23.0,https://www.airbnb.es/rooms/1233286051715314497
Valencia,Rascanya,861413153718066055,2026-06-01,Alojamiento en Valencia,142.0,3.0,1.0,4.0,1.0,4.77,74.0,https://www.airbnb.es/rooms/861413153718066055
Valencia,Rascanya,23870127,2026-06-01,Apartamento en Valencia,200.0,6.0,3.0,3.0,1.0,4.77,13.0,https://www.airbnb.es/rooms/23870127
Valencia,Rascanya,1425961695106085987,2026-06-01,Apartamento en Valencia,190.0,4.0,1.0,1.0,1.0,,,https://www.airbnb.es/rooms/1425961695106085987
Valencia,Rascanya,1117763306906360041,2026-06-01,Apartamento en Valencia,138.0,4.0,1.0,2.0,1.0,4.58,80.0,https://www.airbnb.es/rooms/1117763306906360041
Valencia,Rascanya,1013893880064605677,2026-06-01,Apartamento en Godella,150.0,4.0,1.0,2.0,1.0,4.9,40.0,https://www.airbnb.es/rooms/1013893880064605677
Valencia,Rascanya,1151288988345949707,2026-06-01,Habitación de hotel en Valencia,118.0,3.0,1.0,2.0,1.0,4.72,25.0,https://www.airbnb.es/rooms/1151288988345949707
Valencia,Rascanya,1116764743700338104,2026-06-01,Apartamento en Valencia,138.0,2.0,1.0,2.0,1.0,4.74,73.0,https://www.airbnb.es/rooms/1116764743700338104
Valencia,Rascanya,1521694286655934392,2026-06-01,Vivienda en Manises,229.0,7.0,3.0,6.0,2.0,4.76,25.0,https://www.airbnb.es/rooms/1521694286655934392
Valencia,Rascanya,1075246798291751679,2026-06-01,Apartamento en Valencia,173.0,2.0,1.0,1.0,1.0,4.67,3.0,https://www.airbnb.es/rooms/1075246798291751679
Valencia,Rascanya,1607840187609887992,2026-06-01,Hotel en Valencia,152.0,2.0,1.0,1.0,0.0,,,https://www.airbnb.es/rooms/1607840187609887992
Valencia,Rascanya,1410922727762428454,2026-06-01,Loft en Valencia,323.0,4.0,2.0,,1.0,4.57,7.0,https://www.airbnb.es/rooms/1410922727762428454
Valencia,Rascanya,1074404568126123746,2026-06-01,Apartamento en Valencia,150.0,4.0,1.0,2.0,1.0,4.42,12.0,https://www.airbnb.es/rooms/1074404568126123746
Valencia,Rascanya,1635455386228720977,2026-06-01,Apartamento en Valencia,168.0,4.0,1.0,2.0,1.0,,,https://www.airbnb.es/rooms/1635455386228720977
Valencia,Rascanya,861430992314981197,2026-06-01,Habitación en Camins al Grau,208.0,,,5.0,,4.89,35.0,https://www.airbnb.es/rooms/861430992314981197
Valencia,Rascanya,1034610319570021185,2026-06-01,Apartamento en Valencia,180.0,4.0,1.0,3.0,1.0,4.4,10.0,https://www.airbnb.es/rooms/1034610319570021185
Valencia,Rascanya,50890366,2026-06-01,Apartamento en El Cabanyal-El Canyamelar,183.0,4.0,2.0,3.0,1.0,4.55,71.0,https://www.airbnb.es/rooms/50890366
Valencia,Rascanya,1648649467507702351,2026-06-01,Hostal en Ciutat Vella,96.0,2.0,1.0,1.0,1.0,4.67,6.0,https://www.airbnb.es/rooms/1648649467507702351
Valencia,Rascanya,1375245120707310190,2026-06-01,Habitación en Camins al Grau,212.0,,,1.0,,4.9,30.0,https://www.airbnb.es/rooms/1375245120707310190
Valencia,Rascanya,1084688564822099218,2026-06-01,Barco en Valencia,268.0,6.0,3.0,2.0,2.0,5.0,17.0,https://www.airbnb.es/rooms/1084688564822099218
Valencia,Rascanya,1092691689259355963,2026-06-01,Apartamento en Cuatre Carreres,140.0,2.0,1.0,1.0,1.0,4.4,5.0,https://www.airbnb.es/rooms/1092691689259355963
Valencia,Rascanya,1543404315943790513,2026-06-01,Apartamento en Benimámet,122.0,4.0,1.0,2.0,1.0,4.6,5.0,https://www.airbnb.es/rooms/1543404315943790513
Valencia,Rascanya,1298528201046989630,2026-06-01,Apartamento en Ciutat Vella,151.0,4.0,1.0,1.0,1.0,,,https://www.airbnb.es/rooms/1298528201046989630
Valencia,Rascanya,1167296448957671368,2026-06-01,Apartamento en Patraix,153.0,4.0,1.0,2.0,1.0,4.71,7.0,https://www.airbnb.es/rooms/1167296448957671368
Valencia,Rascanya,730832755247670221,2026-06-01,Apartamento en Russafa,229.0,4.0,1.0,2.0,1.0,4.92,12.0,https://www.airbnb.es/rooms/730832755247670221
Valencia,Rascanya,16578998,2026-06-01,Apartamento en Ciutat Vella,266.0,3.0,1.0,1.0,1.0,4.83,306.0,https://www.airbnb.es/rooms/16578998
Valencia,Rascanya,1461556181651064090,2026-06-01,Apartamento en Cuatre Carreres,174.0,3.0,1.0,2.0,1.0,4.43,14.0,https://www.airbnb.es/rooms/1461556181651064090
Valencia,Rascanya,1131934890511255838,2026-06-01,Habitación en Algirós,60.0,,,1.0,,4.67,6.0,https://www.airbnb.es/rooms/1131934890511255838
Valencia,Rascanya,1543396271146521105,2026-06-01,Apartamento en Benimámet,97.0,2.0,1.0,1.0,1.0,,,https://www.airbnb.es/rooms/1543396271146521105
Valencia,Rascanya,1450598521579781570,2026-06-01,Apartamento en Valencia,,4.0,2.0,3.0,1.0,4.76,33.0,https://www.airbnb.es/rooms/1450598521579781570
Valencia,Rascanya,1443604455776766845,2026-06-01,Habitación de hotel en El Cabanyal-El Canyamelar,139.0,2.0,1.0,1.0,1.0,4.17,12.0,https://www.airbnb.es/rooms/1443604455776766845
Valencia,Rascanya,1121525098311929924,2026-06-01,Apartamento en Extramurs,185.0,4.0,2.0,3.0,1.0,4.31,16.0,https://www.airbnb.es/rooms/1121525098311929924
Valencia,Campanar,1029880800518857431,2026-06-01,Habitación en Valencia,33.0,,,1.0,,4.56,177.0,https://www.airbnb.es/rooms/1029880800518857431
Valencia,Campanar,1003301700089189824,2026-06-01,Apartamento en Valencia,104.0,3.0,1.0,3.0,1.0,4.78,169.0,https://www.airbnb.es/rooms/1003301700089189824
Valencia,Campanar,1679948472735002468,2026-06-01,Alojamiento en Valencia,92.0,2.0,1.0,1.0,1.0,,,https://www.airbnb.es/rooms/1679948472735002468
Valencia,Campanar,1568057759850207921,2026-06-01,Apartamento en Valencia,84.0,2.0,1.0,,1.0,4.73,80.0,https://www.airbnb.es/rooms/1568057759850207921
Valencia,Campanar,1495763528567236413,2026-06-01,Loft en Valencia,143.0,4.0,1.0,1.0,1.0,4.35,20.0,https://www.airbnb.es/rooms/1495763528567236413
Valencia,Campanar,1157414797154740052,2026-06-01,Alojamiento en Valencia,32.0,1.0,1.0,1.0,1.0,4.4,68.0,https://www.airbnb.es/rooms/1157414797154740052
Valencia,Campanar,46034145,2026-06-01,Apartamento en Valencia,102.0,2.0,,1.0,1.0,4.89,106.0,https://www.airbnb.es/rooms/46034145
Valencia,Campanar,1144221879917227281,2026-06-01,Apto. residencial en Valencia,154.0,6.0,2.0,3.0,1.0,4.95,105.0,https://www.airbnb.es/rooms/1144221879917227281
Valencia,Campanar,1066369783450628624,2026-06-01,Apartamento en Valencia,250.0,4.0,1.0,2.0,1.0,4.67,104.0,https://www.airbnb.es/rooms/1066369783450628624
Valencia,Campanar,578250316279292052,2026-06-01,Loft en Valencia,237.0,3.0,1.0,2.0,1.0,4.87,254.0,https://www.airbnb.es/rooms/578250316279292052
Valencia,Campanar,53875212,2026-06-01,Habitación de hotel en Valencia,219.0,2.0,1.0,1.0,1.0,4.88,17.0,https://www.airbnb.es/rooms/53875212
Valencia,Campanar,1050702638622043658,2026-06-01,Apartamento en Aldaya,82.0,3.0,1.0,1.0,1.0,4.78,258.0,https://www.airbnb.es/rooms/1050702638622043658
Valencia,Campanar,1447145761273484453,2026-06-01,Habitación en Valencia,128.0,,,1.0,,4.88,26.0,https://www.airbnb.es/rooms/1447145761273484453
Valencia,Campanar,48145359,2026-06-01,Apartamento en Valencia,294.0,2.0,1.0,1.0,1.0,4.88,224.0,https://www.airbnb.es/rooms/48145359
Valencia,Campanar,1674523380186949406,2026-06-01,Alojamiento en Valencia,64.0,2.0,1.0,1.0,1.0,4.67,3.0,https://www.airbnb.es/rooms/1674523380186949406
Valencia,Campanar,1297984983049473441,2026-06-01,Habitación en Valencia,43.0,,,1.0,,4.34,134.0,https://www.airbnb.es/rooms/1297984983049473441
Valencia,Campanar,1304531902497034848,2026-06-01,Apartamento en Valencia,112.0,4.0,,2.0,1.0,4.48,61.0,https://www.airbnb.es/rooms/1304531902497034848
Valencia,Campanar,923219372883679828,2026-06-01,Loft en Valencia,114.0,2.0,1.0,1.0,1.0,4.94,312.0,https://www.airbnb.es/rooms/923219372883679828
Valencia,Campanar,743244065080966066,2026-06-01,Habitación en Valencia,82.0,,,2.0,,4.88,237.0,https://www.airbnb.es/rooms/743244065080966066
Valencia,Campanar,997063990758123324,2026-06-01,Apartamento en Valencia,248.0,6.0,2.0,3.0,2.0,4.95,208.0,https://www.airbnb.es/rooms/997063990758123324
Valencia,Campanar,1277575559230116842,2026-06-01,Apartamento en Valencia,129.0,2.0,,1.0,1.0,4.86,7.0,https://www.airbnb.es/rooms/1277575559230116842
Valencia,Campanar,796294296520049808,2026-06-01,Habitaciones en Valencia,60.0,,2.0,2.0,,4.65,178.0,https://www.airbnb.es/rooms/796294296520049808
Valencia,Campanar,1102600082626398888,2026-06-01,Apartamento en Valencia,116.0,5.0,1.0,3.0,1.0,4.26,117.0,https://www.airbnb.es/rooms/1102600082626398888
Valencia,Campanar,743186075147318111,2026-06-01,Apto. residencial en Valencia,201.0,6.0,3.0,4.0,2.0,4.72,193.0,https://www.airbnb.es/rooms/743186075147318111
Valencia,Campanar,975267274376124290,2026-06-01,Habitación en Sedaví,37.0,,,1.0,,4.84,184.0,https://www.airbnb.es/rooms/975267274376124290
Valencia,Campanar,1522464652811906036,2026-06-01,Vivienda en Valencia,151.0,4.0,1.0,1.0,1.0,4.87,46.0,https://www.airbnb.es/rooms/1522464652811906036
Valencia,Campanar,1390721458560665590,2026-06-01,Apartamento en Valencia,219.0,4.0,2.0,2.0,2.0,4.87,75.0,https://www.airbnb.es/rooms/1390721458560665590
Valencia,Campanar,1679941376771509615,2026-06-01,Alojamiento en Valencia,95.0,2.0,1.0,1.0,1.0,,,https://www.airbnb.es/rooms/1679941376771509615
Valencia,Campanar,819039969348702184,2026-06-01,Habitación en Sedaví,37.0,,,1.0,,4.91,208.0,https://www.airbnb.es/rooms/819039969348702184
Valencia,Campanar,949351221159384808,2026-06-01,Alojamiento en Valencia,47.0,2.0,1.0,1.0,1.0,4.58,120.0,https://www.airbnb.es/rooms/949351221159384808
Valencia,Campanar,1287750819488598191,2026-06-01,Apartamento en Valencia,122.0,4.0,1.0,2.0,1.0,4.73,86.0,https://www.airbnb.es/rooms/1287750819488598191
Valencia,Campanar,696965243391455134,2026-06-01,Apartamento en Valencia,186.0,6.0,3.0,3.0,2.0,4.68,244.0,https://www.airbnb.es/rooms/696965243391455134
Valencia,Campanar,733261772280468540,2026-06-01,Apartamento en Valencia,132.0,4.0,1.0,2.0,1.0,4.94,251.0,https://www.airbnb.es/rooms/733261772280468540
Valencia,Campanar,1100856617104450645,2026-06-01,Apartamento en Valencia,135.0,4.0,,4.0,1.0,4.8,75.0,https://www.airbnb.es/rooms/1100856617104450645
Valencia,Campanar,1104208387698709244,2026-06-01,Habitación compartida en Valencia,52.0,,,3.0,,4.75,20.0,https://www.airbnb.es/rooms/1104208387698709244
Valencia,Campanar,1512519028889881468,2026-06-01,Bed & breakfast en Valencia,47.0,1.0,1.0,1.0,1.0,4.42,31.0,https://www.airbnb.es/rooms/1512519028889881468
Valencia,Campanar,808573,2026-06-01,Habitación de hotel en Burjasot,93.0,6.0,2.0,,2.0,4.71,363.0,https://www.airbnb.es/rooms/808573
Valencia,Campanar,1145106173050203663,2026-06-01,Apartamento en Valencia,129.0,2.0,1.0,,1.0,4.85,81.0,https://www.airbnb.es/rooms/1145106173050203663
Valencia,Campanar,1294117733059408297,2026-06-01,Apartamento en Valencia,104.0,4.0,1.0,1.0,1.0,4.82,96.0,https://www.airbnb.es/rooms/1294117733059408297
Valencia,Campanar,1074404568126123746,2026-06-01,Apartamento en Valencia,150.0,4.0,1.0,2.0,1.0,4.42,12.0,https://www.airbnb.es/rooms/1074404568126123746
Valencia,Campanar,50621566,2026-06-01,Loft en Valencia,175.0,4.0,2.0,2.0,1.0,4.91,237.0,https://www.airbnb.es/rooms/50621566
Valencia,Campanar,1682733677251097264,2026-06-01,Apartamento en Valencia,120.0,2.0,1.0,,1.0,,,https://www.airbnb.es/rooms/1682733677251097264
Valencia,Campanar,42823413,2026-06-01,Apartamento en Valencia,190.0,6.0,3.0,4.0,2.0,4.75,80.0,https://www.airbnb.es/rooms/42823413
Valencia,Campanar,843965481980144443,2026-06-01,Habitación en Burjasot,40.0,,,1.0,,4.85,112.0,https://www.airbnb.es/rooms/843965481980144443
Valencia,Campanar,1418700031526549398,2026-06-01,Loft en Valencia,182.0,8.0,2.0,5.0,2.0,4.96,24.0,https://www.airbnb.es/rooms/1418700031526549398
Valencia,Campanar,1213794089365977911,2026-06-01,Apartamento en Valencia,139.0,4.0,1.0,1.0,1.0,4.64,14.0,https://www.airbnb.es/rooms/1213794089365977911
Valencia,Campanar,842617138808615675,2026-06-01,Habitación en Valencia,39.0,,,1.0,,4.71,221.0,https://www.airbnb.es/rooms/842617138808615675
Valencia,Campanar,1394766176732695921,2026-06-01,easyHotel Valencia Ciutat Vella,144.0,,,,,4.77,22.0,https://www.airbnb.es/rooms/1394766176732695921
Valencia,Campanar,1457159715285449182,2026-06-01,Habitación en Valencia,90.0,,,1.0,,4.53,40.0,https://www.airbnb.es/rooms/1457159715285449182
Valencia,Campanar,1278156838577911108,2026-06-01,Apartamento en Valencia,141.0,4.0,,2.0,1.0,4.94,17.0,https://www.airbnb.es/rooms/1278156838577911108
Valencia,Campanar,11678559,2026-06-01,Apartamento en Valencia,250.0,8.0,4.0,5.0,2.0,4.89,256.0,https://www.airbnb.es/rooms/11678559
Valencia,Campanar,1207703065724832169,2026-06-01,Apartamento en Valencia,150.0,6.0,2.0,3.0,1.0,4.86,70.0,https://www.airbnb.es/rooms/1207703065724832169
Valencia,Campanar,1434887262722785904,2026-06-01,Loft en Valencia,147.0,4.0,1.0,2.0,1.0,4.78,60.0,https://www.airbnb.es/rooms/1434887262722785904
Valencia,Campanar,659910490316445110,2026-06-01,Apartamento en Valencia,141.0,5.0,2.0,3.0,1.0,4.74,170.0,https://www.airbnb.es/rooms/659910490316445110
Valencia,Campanar,1080387598065347617,2026-06-01,Alojamiento en Valencia,105.0,2.0,1.0,1.0,1.0,4.54,112.0,https://www.airbnb.es/rooms/1080387598065347617
Valencia,Campanar,1415048562795297693,2026-06-01,Habitación en Valencia,87.0,,,1.0,,4.73,66.0,https://www.airbnb.es/rooms/1415048562795297693
Valencia,Campanar,1366479408787658421,2026-06-01,Apartamento en Valencia,147.0,4.0,1.0,3.0,1.0,4.83,40.0,https://www.airbnb.es/rooms/1366479408787658421
Valencia,Campanar,1019308545494852196,2026-06-01,Loft en Valencia,128.0,4.0,,2.0,1.0,4.76,67.0,https://www.airbnb.es/rooms/1019308545494852196
Valencia,Campanar,45746964,2026-06-01,Bed & breakfast en Valencia,98.0,2.0,1.0,1.0,1.0,4.75,4.0,https://www.airbnb.es/rooms/45746964
Valencia,Campanar,28836747,2026-06-01,Habitación de hotel en Valencia,37.0,1.0,1.0,1.0,1.0,4.77,181.0,https://www.airbnb.es/rooms/28836747
Valencia,Campanar,16441101,2026-06-01,Hotel en Burjasot,102.0,6.0,2.0,6.0,2.0,4.54,24.0,https://www.airbnb.es/rooms/16441101
Valencia,Campanar,1190660601896254565,2026-06-01,Habitación en Valencia,48.0,,,1.0,,4.69,39.0,https://www.airbnb.es/rooms/1190660601896254565
Valencia,Campanar,1318125955444191350,2026-06-01,Apartamento en Valencia,144.0,4.0,1.0,2.0,1.0,4.76,99.0,https://www.airbnb.es/rooms/1318125955444191350
Valencia,Campanar,948418106651889138,2026-06-01,Alojamiento en Valencia,53.0,2.0,1.0,1.0,1.0,4.29,31.0,https://www.airbnb.es/rooms/948418106651889138
Valencia,Campanar,1401282391679654922,2026-06-01,Apartamento en Valencia,235.0,6.0,2.0,2.0,2.0,4.96,52.0,https://www.airbnb.es/rooms/1401282391679654922
Valencia,Campanar,875063778141749138,2026-06-01,Apartamento en Valencia,133.0,4.0,1.0,2.0,1.0,4.75,179.0,https://www.airbnb.es/rooms/875063778141749138
Valencia,Campanar,1420153352794910831,2026-06-01,Apartamento en Picanya,117.0,4.0,1.0,2.0,1.0,4.98,40.0,https://www.airbnb.es/rooms/1420153352794910831
Valencia,Campanar,1543310920704023641,2026-06-01,Apartamento en Valencia,121.0,4.0,1.0,2.0,1.0,4.76,54.0,https://www.airbnb.es/rooms/1543310920704023641
Valencia,Campanar,41880017,2026-06-01,Hotel en Valencia,59.0,2.0,1.0,1.0,1.0,4.15,13.0,https://www.airbnb.es/rooms/41880017
Valencia,Campanar,45746689,2026-06-01,Habitación en Valencia,68.0,,,1.0,,4.59,51.0,https://www.airbnb.es/rooms/45746689
Valencia,Campanar,503305262822613325,2026-06-01,Apartamento en Valencia,124.0,2.0,1.0,1.0,1.0,4.32,93.0,https://www.airbnb.es/rooms/503305262822613325
Valencia,Campanar,1364372676801870660,2026-06-01,Loft en Valencia,82.0,2.0,1.0,1.0,1.0,4.8,5.0,https://www.airbnb.es/rooms/1364372676801870660
Valencia,Campanar,1147137978413342367,2026-06-01,Apartahotel en Valencia,125.0,4.0,1.0,1.0,1.0,4.91,68.0,https://www.airbnb.es/rooms/1147137978413342367
Valencia,Campanar,712712584892741915,2026-06-01,Apartamento en Valencia,236.0,5.0,2.0,3.0,1.0,4.84,295.0,https://www.airbnb.es/rooms/712712584892741915
Valencia,Campanar,856569637537340825,2026-06-01,Apto. residencial en Valencia,132.0,2.0,1.0,1.0,1.0,4.73,192.0,https://www.airbnb.es/rooms/856569637537340825
Valencia,Campanar,1412374476597247594,2026-06-01,Apartamento en Valencia,280.0,6.0,3.0,3.0,2.0,4.77,39.0,https://www.airbnb.es/rooms/1412374476597247594
Valencia,Campanar,1155089812157305602,2026-06-01,Apartamento en Valencia,112.0,4.0,1.0,2.0,1.0,4.61,38.0,https://www.airbnb.es/rooms/1155089812157305602
Valencia,Campanar,1192832580578840827,2026-06-01,Hotel en Valencia,113.0,2.0,1.0,1.0,1.0,4.7,79.0,https://www.airbnb.es/rooms/1192832580578840827
Valencia,Campanar,1153832658973092503,2026-06-01,Habitación en Valencia,78.0,,,1.0,,4.58,132.0,https://www.airbnb.es/rooms/1153832658973092503
Valencia,Campanar,1082437798138968198,2026-06-01,Hotel en Valencia,163.0,3.0,1.0,1.0,1.0,4.54,13.0,https://www.airbnb.es/rooms/1082437798138968198
Valencia,Campanar,1401164747879817502,2026-06-01,Habitación en Valencia,64.0,,,2.0,,4.6,30.0,https://www.airbnb.es/rooms/1401164747879817502
Valencia,Campanar,26770759,2026-06-01,Apartamento en Valencia,142.0,4.0,1.0,2.0,1.0,4.94,259.0,https://www.airbnb.es/rooms/26770759
Valencia,Campanar,1460907580928275190,2026-06-01,Alojamiento en Chirivella,42.0,2.0,2.0,1.0,2.0,4.8,5.0,https://www.airbnb.es/rooms/1460907580928275190
Valencia,Campanar,1443374458501570121,2026-06-01,Habitación en Valencia,59.0,,,1.0,,4.53,34.0,https://www.airbnb.es/rooms/1443374458501570121
Valencia,Campanar,1358854821312431741,2026-06-01,Apartamento en Valencia,209.0,4.0,1.0,2.0,1.0,4.53,36.0,https://www.airbnb.es/rooms/1358854821312431741
Valencia,Campanar,1428038427561918358,2026-06-01,Apartamento en Valencia,159.0,4.0,2.0,2.0,1.0,4.67,60.0,https://www.airbnb.es/rooms/1428038427561918358
Valencia,Campanar,1425404072039542559,2026-06-01,Apartamento en Port Saplaya,159.0,6.0,3.0,6.0,0.0,4.63,65.0,https://www.airbnb.es/rooms/1425404072039542559
Valencia,Campanar,1543378220055626058,2026-06-01,Apartamento en Valencia,157.0,4.0,2.0,5.0,1.0,4.73,41.0,https://www.airbnb.es/rooms/1543378220055626058
Valencia,Campanar,1566522140026019963,2026-06-01,Habitación de hotel compartida en Valencia,22.0,,,1.0,,3.76,46.0,https://www.airbnb.es/rooms/1566522140026019963
Valencia,Campanar,1187589262229377567,2026-06-01,Apartamento en Valencia,125.0,4.0,1.0,2.0,1.0,4.85,66.0,https://www.airbnb.es/rooms/1187589262229377567
Valencia,Campanar,26930146,2026-06-01,Apartamento en Valencia,196.0,8.0,4.0,6.0,2.0,4.81,259.0,https://www.airbnb.es/rooms/26930146
Valencia,Campanar,957105056123376288,2026-06-01,Loft en Valencia,129.0,2.0,,1.0,1.0,4.67,52.0,https://www.airbnb.es/rooms/957105056123376288
Valencia,Campanar,879731561064142425,2026-06-01,Suite con entrada independiente en Valencia,140.0,6.0,1.0,2.0,1.0,4.93,173.0,https://www.airbnb.es/rooms/879731561064142425
Valencia,Campanar,19169345,2026-06-01,Apartamento en Valencia,165.0,4.0,1.0,2.0,1.0,4.55,42.0,https://www.airbnb.es/rooms/19169345
Valencia,Campanar,46803758,2026-06-01,Alojamiento en Valencia,59.0,2.0,1.0,1.0,,4.43,126.0,https://www.airbnb.es/rooms/46803758
Valencia,Campanar,582973718271656183,2026-06-01,Apartamento en Valencia,208.0,6.0,2.0,3.0,1.0,4.88,8.0,https://www.airbnb.es/rooms/582973718271656183
Valencia,Campanar,1097080390038260095,2026-06-01,Apartamento en Valencia,175.0,2.0,1.0,,1.0,4.91,57.0,https://www.airbnb.es/rooms/1097080390038260095
Valencia,Campanar,1254848865340952648,2026-06-01,Apartamento en Valencia,237.0,4.0,1.0,2.0,1.0,4.8,5.0,https://www.airbnb.es/rooms/1254848865340952648
Valencia,Campanar,1257825541503087694,2026-06-01,Loft en Valencia,122.0,4.0,1.0,2.0,1.0,4.96,70.0,https://www.airbnb.es/rooms/1257825541503087694
Valencia,Campanar,887699089860675354,2026-06-01,Habitación en Valencia,80.0,,,1.0,,4.29,34.0,https://www.airbnb.es/rooms/887699089860675354
Valencia,Campanar,1289755008352546351,2026-06-01,Apartamento en Valencia,211.0,4.0,1.0,1.0,1.0,5.0,14.0,https://www.airbnb.es/rooms/1289755008352546351
Valencia,Campanar,768839744509573011,2026-06-01,Apartamento en Valencia,126.0,3.0,1.0,1.0,1.0,4.68,215.0,https://www.airbnb.es/rooms/768839744509573011
Valencia,Campanar,1424625542168462164,2026-06-01,Apartamento en Benetúser,129.0,6.0,2.0,5.0,1.0,4.89,93.0,https://www.airbnb.es/rooms/1424625542168462164
Valencia,Campanar,49915574,2026-06-01,Apartamento en Valencia,125.0,2.0,1.0,1.0,1.0,4.76,148.0,https://www.airbnb.es/rooms/49915574
Valencia,Campanar,913632023760894090,2026-06-01,Habitación en Valencia,118.0,,,1.0,,5.0,22.0,https://www.airbnb.es/rooms/913632023760894090
Valencia,Campanar,24435383,2026-06-01,Loft en Valencia,159.0,2.0,1.0,1.0,1.0,4.81,258.0,https://www.airbnb.es/rooms/24435383
Valencia,Campanar,1192919197425069113,2026-06-01,Hotel en Valencia,109.0,2.0,1.0,1.0,1.0,4.43,7.0,https://www.airbnb.es/rooms/1192919197425069113
Valencia,Campanar,988390690825353361,2026-06-01,Loft en Valencia,147.0,2.0,,2.0,1.0,4.95,59.0,https://www.airbnb.es/rooms/988390690825353361
Valencia,Campanar,50867896,2026-06-01,Apartamento en Valencia,209.0,6.0,2.0,4.0,1.0,4.7,54.0,https://www.airbnb.es/rooms/50867896
Valencia,Campanar,1653688529301104002,2026-06-01,Habitación compartida en Valencia,53.0,,,1.0,,4.53,19.0,https://www.airbnb.es/rooms/1653688529301104002
Valencia,Campanar,1133019910389060816,2026-06-01,Apartamento en Valencia,200.0,4.0,1.0,2.0,1.0,4.78,46.0,https://www.airbnb.es/rooms/1133019910389060816
Valencia,Campanar,1547050451447063756,2026-06-01,Vivienda en Manises,235.0,8.0,4.0,7.0,2.0,4.95,20.0,https://www.airbnb.es/rooms/1547050451447063756
Valencia,Campanar,1072417754507096408,2026-06-01,Apartamento en Valencia,170.0,3.0,1.0,2.0,1.0,4.76,21.0,https://www.airbnb.es/rooms/1072417754507096408
Valencia,Campanar,1192925496990459796,2026-06-01,Hotel en Valencia,137.0,3.0,1.0,2.0,1.0,4.85,40.0,https://www.airbnb.es/rooms/1192925496990459796
Valencia,Campanar,1637505118892363782,2026-06-01,Apartamento en Valencia,172.0,4.0,1.0,1.0,1.0,4.27,11.0,https://www.airbnb.es/rooms/1637505118892363782
Valencia,Campanar,1422375968526249613,2026-06-01,Apartamento en Valencia,236.0,6.0,2.0,4.0,2.0,5.0,3.0,https://www.airbnb.es/rooms/1422375968526249613
Valencia,Campanar,1219388577599626609,2026-06-01,Apartamento en Valencia,149.0,2.0,1.0,2.0,1.0,4.81,52.0,https://www.airbnb.es/rooms/1219388577599626609
Valencia,Campanar,1195435294898211375,2026-06-01,Loft en Valencia,169.0,4.0,1.0,2.0,1.0,4.99,76.0,https://www.airbnb.es/rooms/1195435294898211375
Valencia,Campanar,53469371,2026-06-01,Hotel en Valencia,94.0,3.0,1.0,3.0,1.0,4.88,8.0,https://www.airbnb.es/rooms/53469371
Valencia,Campanar,50185488,2026-06-01,Apartamento en Valencia,185.0,4.0,2.0,2.0,1.0,4.77,142.0,https://www.airbnb.es/rooms/50185488
Valencia,Campanar,1405974262281855257,2026-06-01,Apartamento en Valencia,119.0,4.0,2.0,2.0,1.0,4.74,23.0,https://www.airbnb.es/rooms/1405974262281855257
Valencia,Campanar,1609346408451818484,2026-06-01,Hotel en Valencia,184.0,3.0,1.0,1.0,1.0,,,https://www.airbnb.es/rooms/1609346408451818484
Valencia,Campanar,1425405405832997380,2026-06-01,Apartamento en Port Saplaya,219.0,8.0,4.0,8.0,0.0,4.87,23.0,https://www.airbnb.es/rooms/1425405405832997380
Valencia,Campanar,1542022700922565734,2026-06-01,Apartamento en Valencia,105.0,2.0,1.0,1.0,1.0,,,https://www.airbnb.es/rooms/1542022700922565734
Valencia,Campanar,1492911962179548553,2026-06-01,Loft en Valencia,144.0,4.0,1.0,1.0,1.0,5.0,5.0,https://www.airbnb.es/rooms/1492911962179548553
Valencia,Campanar,20135707,2026-06-01,Apartamento en Valencia,205.0,6.0,2.0,3.0,2.0,4.76,290.0,https://www.airbnb.es/rooms/20135707
Valencia,Campanar,1074382554534579679,2026-06-01,Apartamento en Valencia,180.0,4.0,1.0,2.0,1.0,4.6,47.0,https://www.airbnb.es/rooms/1074382554534579679
Valencia,Campanar,1390406547431572803,2026-06-01,Apartamento en Valencia,153.0,3.0,2.0,5.0,1.0,4.79,39.0,https://www.airbnb.es/rooms/1390406547431572803
Valencia,Campanar,938734,2026-06-01,Apartamento en Valencia,118.0,2.0,1.0,1.0,,4.37,81.0,https://www.airbnb.es/rooms/938734
Valencia,Campanar,1638883062776494747,2026-06-01,Alojamiento en Valencia,102.0,2.0,1.0,1.0,1.0,3.75,12.0,https://www.airbnb.es/rooms/1638883062776494747
Valencia,Campanar,1233846790081427267,2026-06-01,Hotel en Valencia,122.0,2.0,1.0,1.0,1.0,4.45,129.0,https://www.airbnb.es/rooms/1233846790081427267
Valencia,Campanar,1635471035965745054,2026-06-01,Apartamento en Valencia,168.0,4.0,1.0,2.0,1.0,,,https://www.airbnb.es/rooms/1635471035965745054
Valencia,Campanar,878820494292655166,2026-06-01,Apartamento en Valencia,190.0,4.0,1.0,3.0,1.0,5.0,3.0,https://www.airbnb.es/rooms/878820494292655166
Valencia,Campanar,1074423342182409239,2026-06-01,Apartamento en Valencia,189.0,4.0,1.0,2.0,1.0,4.67,9.0,https://www.airbnb.es/rooms/1074423342182409239
Valencia,Campanar,1086688096488008371,2026-06-01,Loft en Valencia,100.0,3.0,1.0,1.0,1.0,4.67,132.0,https://www.airbnb.es/rooms/1086688096488008371
Valencia,Campanar,710494612932574416,2026-06-01,Hotel boutique en Valencia,145.0,2.0,1.0,1.0,1.0,4.85,27.0,https://www.airbnb.es/rooms/710494612932574416
Valencia,Campanar,980347426047095844,2026-06-01,Apartamento en Valencia,119.0,4.0,1.0,2.0,1.0,4.82,33.0,https://www.airbnb.es/rooms/980347426047095844
Valencia,Campanar,1609302291357461191,2026-06-01,Hotel en Valencia,211.0,4.0,1.0,2.0,0.0,,,https://www.airbnb.es/rooms/1609302291357461191
Valencia,Campanar,1147750626348882839,2026-06-01,Apartamento en Valencia,155.0,4.0,1.0,2.0,1.0,4.86,43.0,https://www.airbnb.es/rooms/1147750626348882839
Valencia,Campanar,1269444243185740401,2026-06-01,Apartamento en Valencia,188.0,4.0,1.0,2.0,1.0,4.89,18.0,https://www.airbnb.es/rooms/1269444243185740401
Valencia,Campanar,19169313,2026-06-01,Apartamento en Valencia,176.0,4.0,1.0,2.0,1.0,4.45,98.0,https://www.airbnb.es/rooms/19169313
Valencia,Campanar,873980449234579085,2026-06-01,Apartamento en Valencia,204.0,6.0,3.0,4.0,1.0,4.53,30.0,https://www.airbnb.es/rooms/873980449234579085
Valencia,Campanar,844857601566232239,2026-06-01,Apartamento en Valencia,189.0,6.0,2.0,3.0,1.0,4.6,272.0,https://www.airbnb.es/rooms/844857601566232239
Valencia,Campanar,931255016876977503,2026-06-01,Loft en Valencia,205.0,5.0,3.0,3.0,1.0,4.79,178.0,https://www.airbnb.es/rooms/931255016876977503
Valencia,Campanar,1649123458044221333,2026-06-01,Hostal en Valencia,115.0,2.0,1.0,1.0,1.0,4.1,10.0,https://www.airbnb.es/rooms/1649123458044221333
Valencia,Campanar,1309230633826024362,2026-06-01,Apartamento en Valencia,178.0,4.0,1.0,3.0,0.0,5.0,17.0,https://www.airbnb.es/rooms/1309230633826024362
Valencia,Campanar,1689031497526311726,2026-06-01,Apartamento en Valencia,146.0,2.0,1.0,2.0,1.0,,,https://www.airbnb.es/rooms/1689031497526311726
Valencia,Campanar,1524494836395080564,2026-06-01,Habitación de hotel compartida en Valencia,26.0,,,10.0,,4.49,96.0,https://www.airbnb.es/rooms/1524494836395080564
Valencia,Campanar,844003211790758034,2026-06-01,Apartamento en Burjasot,104.0,2.0,1.0,2.0,1.0,4.77,196.0,https://www.airbnb.es/rooms/844003211790758034
Valencia,Campanar,1215878839568324919,2026-06-01,Apartamento en Valencia,164.0,4.0,1.0,1.0,1.0,4.57,60.0,https://www.airbnb.es/rooms/1215878839568324919
Valencia,Campanar,1104101282540778290,2026-06-01,Habitaciones en L'Amistat,85.0,,2.0,2.0,,4.99,69.0,https://www.airbnb.es/rooms/1104101282540778290
Valencia,Campanar,53460968,2026-06-01,Apartamento en Extramurs,198.0,3.0,,2.0,1.0,4.69,204.0,https://www.airbnb.es/rooms/53460968
Valencia,Campanar,1643490258032948253,2026-06-01,Hostal en Ciutat Vella,89.0,2.0,1.0,1.0,1.0,4.8,10.0,https://www.airbnb.es/rooms/1643490258032948253
Valencia,Campanar,49493986,2026-06-01,Apto. residencial en Camins al Grau,187.0,7.0,4.0,4.0,2.0,4.71,103.0,https://www.airbnb.es/rooms/49493986
Valencia,Campanar,1170933099646009574,2026-06-01,Apartamento en Algirós,141.0,4.0,1.0,3.0,1.0,4.77,79.0,https://www.airbnb.es/rooms/1170933099646009574
Valencia,Campanar,1599214253398035730,2026-06-01,Apartamento en Valencia,159.0,4.0,1.0,2.0,1.0,,,https://www.airbnb.es/rooms/1599214253398035730
Valencia,Campanar,1532483201983516419,2026-06-01,Apartamento en Valencia,176.0,5.0,2.0,5.0,1.0,5.0,3.0,https://www.airbnb.es/rooms/1532483201983516419
Valencia,Campanar,1607911063851267271,2026-06-01,Hotel en Valencia,140.0,2.0,1.0,1.0,0.0,,,https://www.airbnb.es/rooms/1607911063851267271
Valencia,Campanar,1319420598436902796,2026-06-01,Habitaciones en Mislata,59.0,,3.0,1.0,,,,https://www.airbnb.es/rooms/1319420598436902796
Valencia,Campanar,1545824359332831130,2026-06-01,Apartamento en Malvarrosa,258.0,8.0,3.0,5.0,1.0,4.72,25.0,https://www.airbnb.es/rooms/1545824359332831130
Valencia,Campanar,1524493297336768120,2026-06-01,Habitación de hotel compartida en Camins al Grau,27.0,,,8.0,,4.59,39.0,https://www.airbnb.es/rooms/1524493297336768120
Valencia,Campanar,1548715020442788801,2026-06-01,Apartamento en El Cabanyal-El Canyamelar,126.0,3.0,1.0,2.0,1.0,4.93,15.0,https://www.airbnb.es/rooms/1548715020442788801
Valencia,Campanar,1220306924161071748,2026-06-01,Apartamento en Algirós,123.0,2.0,,1.0,1.0,4.67,21.0,https://www.airbnb.es/rooms/1220306924161071748
Valencia,Campanar,1259960882727342182,2026-06-01,Habitación en Cuatre Carreres,86.0,,,1.0,,5.0,34.0,https://www.airbnb.es/rooms/1259960882727342182
Valencia,Campanar,1187462188665949600,2026-06-01,Apartamento en Cuatre Carreres,188.0,6.0,2.0,3.0,1.0,4.71,76.0,https://www.airbnb.es/rooms/1187462188665949600
Valencia,Campanar,7254820,2026-06-01,Apartamento en Extramurs,233.0,4.0,2.0,2.0,1.0,4.88,220.0,https://www.airbnb.es/rooms/7254820
Valencia,Campanar,1167296448957671368,2026-06-01,Apartamento en Patraix,153.0,4.0,1.0,2.0,1.0,4.71,7.0,https://www.airbnb.es/rooms/1167296448957671368
Valencia,Campanar,912186572570322061,2026-06-01,Apartamento en Ciutat Vella,167.0,4.0,1.0,2.0,1.0,4.79,14.0,https://www.airbnb.es/rooms/912186572570322061
Valencia,Campanar,1434701573230361064,2026-06-01,Apartamento en Valencia,138.0,2.0,1.0,1.0,1.0,4.61,54.0,https://www.airbnb.es/rooms/1434701573230361064
Valencia,Campanar,1340632888427451713,2026-06-01,Apartamento en Valencia,127.0,2.0,1.0,1.0,1.0,4.74,80.0,https://www.airbnb.es/rooms/1340632888427451713
Valencia,Campanar,980852262153350113,2026-06-01,Apartamento en Valencia,119.0,4.0,1.0,2.0,1.0,4.54,13.0,https://www.airbnb.es/rooms/980852262153350113
Valencia,Campanar,1090385444452215714,2026-06-01,Apartamento en Valencia,129.0,4.0,,2.0,1.0,4.84,25.0,https://www.airbnb.es/rooms/1090385444452215714
Valencia,Campanar,1427767447708621364,2026-06-01,Apartamento en Valencia,136.0,2.0,1.0,2.0,1.0,4.77,30.0,https://www.airbnb.es/rooms/1427767447708621364
Valencia,Campanar,1640554297357232763,2026-06-01,Hostal en Valencia,89.0,2.0,1.0,2.0,1.0,4.62,13.0,https://www.airbnb.es/rooms/1640554297357232763
Valencia,Campanar,1170949559421381685,2026-06-01,Apartamento en Valencia,135.0,4.0,1.0,3.0,1.0,4.73,59.0,https://www.airbnb.es/rooms/1170949559421381685
Valencia,Campanar,1635502966918424255,2026-06-01,Apartamento en Valencia,168.0,4.0,1.0,2.0,1.0,,,https://www.airbnb.es/rooms/1635502966918424255
Valencia,Campanar,1218679399975540970,2026-06-01,Apartamento en Valencia,133.0,4.0,,2.0,1.0,4.74,38.0,https://www.airbnb.es/rooms/1218679399975540970
Valencia,Campanar,1532440405302494173,2026-06-01,Apartamento en Valencia,162.0,6.0,2.0,1.0,1.0,4.4,15.0,https://www.airbnb.es/rooms/1532440405302494173
Valencia,Campanar,1446858614496961560,2026-06-01,Hostal en Manises,50.0,1.0,1.0,1.0,1.0,4.72,29.0,https://www.airbnb.es/rooms/1446858614496961560
Valencia,Campanar,51720969,2026-06-01,Apartamento en Valencia,179.0,4.0,1.0,2.0,1.0,5.0,3.0,https://www.airbnb.es/rooms/51720969
Valencia,Campanar,1333406438369114902,2026-06-01,Habitación en Valencia,71.0,,,2.0,,4.77,35.0,https://www.airbnb.es/rooms/1333406438369114902
Valencia,Campanar,1516712870057318982,2026-06-01,Hotel en Valencia,205.0,4.0,1.0,2.0,1.0,4.58,19.0,https://www.airbnb.es/rooms/1516712870057318982
Valencia,Campanar,1607840187609887992,2026-06-01,Hotel en Valencia,152.0,2.0,1.0,1.0,0.0,,,https://www.airbnb.es/rooms/1607840187609887992
Valencia,Campanar,1603555216980767248,2026-06-01,Apartamento en Valencia,219.0,4.0,,,1.0,,,https://www.airbnb.es/rooms/1603555216980767248
Valencia,Campanar,50494851,2026-06-01,Loft en Valencia,191.0,4.0,1.0,2.0,1.0,4.66,93.0,https://www.airbnb.es/rooms/50494851
Valencia,Campanar,844619245994295364,2026-06-01,Apartamento en Valencia,189.0,5.0,,2.0,1.0,4.62,293.0,https://www.airbnb.es/rooms/844619245994295364
Valencia,Campanar,1251535907417987288,2026-06-01,Habitación en Valencia,70.0,,,2.0,,4.0,3.0,https://www.airbnb.es/rooms/1251535907417987288
Valencia,Campanar,1347875013700163388,2026-06-01,Apartamento en Valencia,140.0,4.0,1.0,2.0,1.0,4.89,19.0,https://www.airbnb.es/rooms/1347875013700163388
Valencia,Campanar,1076653638122481644,2026-06-01,Apartamento en Valencia,270.0,6.0,2.0,4.0,2.0,4.9,50.0,https://www.airbnb.es/rooms/1076653638122481644
Valencia,Campanar,42727914,2026-06-01,Apartamento en Valencia,252.0,4.0,2.0,2.0,1.0,4.93,190.0,https://www.airbnb.es/rooms/42727914
Valencia,Campanar,19905509,2026-06-01,Apartamento en Valencia,257.0,4.0,2.0,3.0,2.0,4.81,165.0,https://www.airbnb.es/rooms/19905509
Valencia,Campanar,1187429399209424216,2026-06-01,Apartamento en Valencia,188.0,6.0,2.0,3.0,1.0,4.67,79.0,https://www.airbnb.es/rooms/1187429399209424216
Valencia,Campanar,1308580370407817420,2026-06-01,Habitación compartida en Valencia,29.0,,,8.0,,4.68,28.0,https://www.airbnb.es/rooms/1308580370407817420
Valencia,Campanar,26252623,2026-06-01,Apartamento en Valencia,274.0,8.0,4.0,6.0,1.0,4.48,264.0,https://www.airbnb.es/rooms/26252623
Valencia,Campanar,1295422269779961273,2026-06-01,Loft en Valencia,147.0,2.0,1.0,1.0,1.0,4.6,98.0,https://www.airbnb.es/rooms/1295422269779961273
Valencia,Campanar,5628080,2026-06-01,Habitación en Paterna,53.0,,,1.0,,4.9,40.0,https://www.airbnb.es/rooms/5628080
Valencia,Campanar,1318236502182499555,2026-06-01,Apartamento en Valencia,171.0,4.0,1.0,2.0,1.0,4.94,95.0,https://www.airbnb.es/rooms/1318236502182499555
Valencia,Campanar,860812362642417137,2026-06-01,Habitación en Valencia,59.0,,,1.0,,4.53,19.0,https://www.airbnb.es/rooms/860812362642417137
Valencia,Campanar,1404176697606872527,2026-06-01,Apartamento en Valencia,138.0,4.0,1.0,1.0,1.0,4.82,22.0,https://www.airbnb.es/rooms/1404176697606872527
Valencia,Campanar,1275656721580654328,2026-06-01,Apartamento en Valencia,117.0,2.0,,1.0,1.0,4.67,3.0,https://www.airbnb.es/rooms/1275656721580654328
Valencia,Campanar,51611389,2026-06-01,Apartamento en Valencia,231.0,6.0,2.0,3.0,1.0,4.66,161.0,https://www.airbnb.es/rooms/51611389
Valencia,Campanar,1212159329910373880,2026-06-01,Apartamento en Valencia,182.0,3.0,1.0,2.0,1.0,4.68,37.0,https://www.airbnb.es/rooms/1212159329910373880
Valencia,Campanar,53469225,2026-06-01,Hotel en Valencia,84.0,2.0,1.0,1.0,1.0,3.8,5.0,https://www.airbnb.es/rooms/53469225
Valencia,Campanar,1029479461362811368,2026-06-01,Loft en Valencia,157.0,2.0,,1.0,1.0,4.79,145.0,https://www.airbnb.es/rooms/1029479461362811368
Valencia,Campanar,18426659,2026-06-01,Loft en Valencia,181.0,2.0,1.0,1.0,1.0,4.8,425.0,https://www.airbnb.es/rooms/18426659
Valencia,Campanar,1635455386228720977,2026-06-01,Apartamento en Valencia,168.0,4.0,1.0,2.0,1.0,,,https://www.airbnb.es/rooms/1635455386228720977
Valencia,Campanar,1581959407495999126,2026-06-01,Apartamento en Valencia,139.0,4.0,1.0,1.0,1.0,,,https://www.airbnb.es/rooms/1581959407495999126
Valencia,Campanar,609042535173332206,2026-06-01,Vivienda vacacional en Valencia,247.0,6.0,2.0,3.0,2.0,4.76,165.0,https://www.airbnb.es/rooms/609042535173332206
Valencia,Campanar,1121525098311929924,2026-06-01,Apartamento en Valencia,185.0,4.0,2.0,3.0,1.0,4.31,16.0,https://www.airbnb.es/rooms/1121525098311929924
Valencia,Campanar,19935603,2026-06-01,Apartamento en Valencia,270.0,5.0,3.0,4.0,2.0,4.69,176.0,https://www.airbnb.es/rooms/19935603
Valencia,Campanar,1573124076168830789,2026-06-01,Apartamento en Valencia,182.0,4.0,1.0,2.0,1.0,5.0,7.0,https://www.airbnb.es/rooms/1573124076168830789
Valencia,Campanar,1233286051715314497,2026-06-01,Apartamento en Valencia,126.0,2.0,1.0,2.0,1.0,4.78,23.0,https://www.airbnb.es/rooms/1233286051715314497
Valencia,Campanar,1381020234640096897,2026-06-01,Apartamento en Valencia,217.0,5.0,1.0,3.0,1.0,4.92,59.0,https://www.airbnb.es/rooms/1381020234640096897
Valencia,Campanar,1220306731131365935,2026-06-01,Apartamento en Valencia,131.0,4.0,,2.0,1.0,4.67,18.0,https://www.airbnb.es/rooms/1220306731131365935
Valencia,Campanar,914940682850148989,2026-06-01,Apartamento en Puebla de Farnals,135.0,4.0,1.0,3.0,1.0,4.94,246.0,https://www.airbnb.es/rooms/914940682850148989
Valencia,Campanar,1502042659796281704,2026-06-01,Loft en Valencia,160.0,2.0,1.0,2.0,1.0,4.59,32.0,https://www.airbnb.es/rooms/1502042659796281704
Valencia,Campanar,16578998,2026-06-01,Apartamento en Valencia,266.0,3.0,1.0,1.0,1.0,4.83,306.0,https://www.airbnb.es/rooms/16578998
Valencia,Campanar,1521694286655934392,2026-06-01,Vivienda en Manises,229.0,7.0,3.0,6.0,2.0,4.76,25.0,https://www.airbnb.es/rooms/1521694286655934392
Valencia,Campanar,1192621607560178037,2026-06-01,Loft en Valencia,200.0,3.0,1.0,2.0,1.0,4.79,87.0,https://www.airbnb.es/rooms/1192621607560178037
Valencia,Campanar,1034604446338143194,2026-06-01,Apartamento en Valencia,162.0,4.0,1.0,2.0,1.0,4.6,81.0,https://www.airbnb.es/rooms/1034604446338143194
Valencia,Campanar,1208089309681136650,2026-06-01,Alojamiento en Valencia,91.0,2.0,1.0,1.0,1.0,4.76,51.0,https://www.airbnb.es/rooms/1208089309681136650
Valencia,Campanar,1425961695106085987,2026-06-01,Apartamento en Valencia,190.0,4.0,1.0,1.0,1.0,,,https://www.airbnb.es/rooms/1425961695106085987
Valencia,Campanar,938110941050052733,2026-06-01,Loft en Valencia,190.0,3.0,1.0,2.0,1.0,4.54,37.0,https://www.airbnb.es/rooms/938110941050052733
Valencia,Campanar,1379523697187239243,2026-06-01,Apartamento en Valencia,116.0,4.0,,2.0,1.0,4.78,9.0,https://www.airbnb.es/rooms/1379523697187239243
Valencia,Campanar,45745180,2026-06-01,Hostal en Valencia,134.0,2.0,1.0,1.0,1.0,4.64,39.0,https://www.airbnb.es/rooms/45745180
Valencia,Campanar,53355963,2026-06-01,Apartamento en Valencia,145.0,4.0,1.0,2.0,1.0,4.61,59.0,https://www.airbnb.es/rooms/53355963
Valencia,Campanar,1085513966444593612,2026-06-01,Loft en Valencia,100.0,3.0,1.0,1.0,1.0,4.48,95.0,https://www.airbnb.es/rooms/1085513966444593612
Valencia,Campanar,730832755247670221,2026-06-01,Apartamento en Valencia,229.0,4.0,1.0,2.0,1.0,4.92,12.0,https://www.airbnb.es/rooms/730832755247670221
Valencia,Campanar,45745106,2026-06-01,Hostal en Valencia,118.0,2.0,1.0,1.0,1.0,4.4,5.0,https://www.airbnb.es/rooms/45745106
Valencia,Campanar,38688752,2026-06-01,Habitación de hotel en Valencia,46.0,1.0,1.0,1.0,1.0,4.7,33.0,https://www.airbnb.es/rooms/38688752
Valencia,Campanar,1028681600083538711,2026-06-01,Apartamento en Valencia,194.0,4.0,1.0,2.0,1.0,4.86,63.0,https://www.airbnb.es/rooms/1028681600083538711
Valencia,Campanar,1445666480713235113,2026-06-01,Vivienda en Burjasot,293.0,4.0,2.0,3.0,2.0,5.0,22.0,https://www.airbnb.es/rooms/1445666480713235113
Valencia,Campanar,1374406670352704529,2026-06-01,Apartamento en Port Saplaya,238.0,6.0,3.0,4.0,3.0,4.45,38.0,https://www.airbnb.es/rooms/1374406670352704529
Valencia,Campanar,1151288988345949707,2026-06-01,Habitación de hotel en Valencia,118.0,3.0,1.0,2.0,1.0,4.72,25.0,https://www.airbnb.es/rooms/1151288988345949707
Valencia,Campanar,1116779529373427744,2026-06-01,Loft en Valencia,138.0,4.0,1.0,2.0,1.0,4.75,80.0,https://www.airbnb.es/rooms/1116779529373427744
Valencia,Campanar,979832090429693512,2026-06-01,Habitación en Valencia,118.0,,,1.0,,4.44,9.0,https://www.airbnb.es/rooms/979832090429693512
Valencia,Campanar,1034597057605446183,2026-06-01,Apartamento en Valencia,161.0,4.0,1.0,3.0,1.0,4.46,56.0,https://www.airbnb.es/rooms/1034597057605446183
Valencia,Campanar,1543404315943790513,2026-06-01,Apartamento en Valencia,122.0,4.0,1.0,2.0,1.0,4.6,5.0,https://www.airbnb.es/rooms/1543404315943790513
Valencia,Campanar,1635492286820751413,2026-06-01,Apartamento en Valencia,162.0,4.0,1.0,2.0,1.0,,,https://www.airbnb.es/rooms/1635492286820751413
Valencia,Campanar,1192539496426011861,2026-06-01,Apartamento en Valencia,273.0,5.0,2.0,4.0,1.0,4.8,5.0,https://www.airbnb.es/rooms/1192539496426011861
Valencia,Campanar,1648649467507702351,2026-06-01,Hostal en Valencia,96.0,2.0,1.0,1.0,1.0,4.67,6.0,https://www.airbnb.es/rooms/1648649467507702351
Valencia,Campanar,1231785744537107577,2026-06-01,Apartamento en Valencia,161.0,3.0,,2.0,1.0,4.67,45.0,https://www.airbnb.es/rooms/1231785744537107577
Valencia,Campanar,11842432,2026-06-01,Apartamento en Valencia,200.0,2.0,1.0,2.0,1.0,4.63,145.0,https://www.airbnb.es/rooms/11842432
Valencia,Campanar,1309223791917582762,2026-06-01,Apartamento en Valencia,186.0,4.0,1.0,2.0,1.0,,,https://www.airbnb.es/rooms/1309223791917582762
Valencia,Campanar,1630410176700345874,2026-06-01,Apartamento en Valencia,166.0,4.0,1.0,2.0,1.0,,,https://www.airbnb.es/rooms/1630410176700345874
Valencia,Campanar,1254170920109648167,2026-06-01,Apartamento en Valencia,175.0,4.0,1.0,2.0,1.0,4.8,5.0,https://www.airbnb.es/rooms/1254170920109648167
Valencia,Campanar,1298528201046989630,2026-06-01,Apartamento en Valencia,151.0,4.0,1.0,1.0,1.0,,,https://www.airbnb.es/rooms/1298528201046989630
Valencia,Campanar,14552908,2026-06-01,Cueva en Paterna,123.0,4.0,2.0,3.0,1.0,4.62,278.0,https://www.airbnb.es/rooms/14552908
Valencia,Campanar,1543396271146521105,2026-06-01,Apartamento en Valencia,97.0,2.0,1.0,1.0,1.0,,,https://www.airbnb.es/rooms/1543396271146521105
Valencia,Campanar,1568164483917420372,2026-06-01,Smartr Valencia Turia,215.0,,,,,4.33,9.0,https://www.airbnb.es/rooms/1568164483917420372
Valencia,Campanar,902232330966264993,2026-06-01,Apartamento en Valencia,194.0,6.0,1.0,3.0,1.0,4.75,4.0,https://www.airbnb.es/rooms/902232330966264993
Valencia,Campanar,1254160098310400411,2026-06-01,Apartamento en Valencia,184.0,4.0,1.0,2.0,1.0,4.67,3.0,https://www.airbnb.es/rooms/1254160098310400411
Valencia,Campanar,1370263853601754234,2026-06-01,Apartamento en Valencia,211.0,2.0,1.0,1.0,1.0,4.4,5.0,https://www.airbnb.es/rooms/1370263853601754234
Valencia,Campanar,1273764762920232905,2026-06-01,Apartamento en Valencia,132.0,4.0,,2.0,1.0,4.33,6.0,https://www.airbnb.es/rooms/1273764762920232905
Valencia,Campanar,1275921238201173538,2026-06-01,Habitación de hotel en Valencia,120.0,4.0,1.0,2.0,1.0,4.76,115.0,https://www.airbnb.es/rooms/1275921238201173538
Valencia,Campanar,1375353041885463059,2026-06-01,Habitación en Valencia,59.0,,,1.0,,4.65,49.0,https://www.airbnb.es/rooms/1375353041885463059
Valencia,Campanar,1013893880064605677,2026-06-01,Apartamento en Godella,150.0,4.0,1.0,2.0,1.0,4.9,40.0,https://www.airbnb.es/rooms/1013893880064605677
Valencia,Campanar,650786690282065935,2026-06-01,Loft en Valencia,134.0,4.0,1.0,2.0,1.0,4.33,33.0,https://www.airbnb.es/rooms/650786690282065935
Valencia,Campanar,866521635504366299,2026-06-01,Alojamiento en Valencia,152.0,,,,,4.67,3.0,https://www.airbnb.es/rooms/866521635504366299
Valencia,Campanar,1045441732698251354,2026-06-01,Apartamento en Valencia,152.0,4.0,1.0,1.0,1.0,4.38,129.0,https://www.airbnb.es/rooms/1045441732698251354
Valencia,Campanar,43019647,2026-06-01,Apartamento en Paterna,149.0,4.0,2.0,2.0,2.0,4.7,33.0,https://www.airbnb.es/rooms/43019647
Valencia,Campanar,745489583366115986,2026-06-01,Hotel boutique en Valencia,160.0,2.0,1.0,1.0,0.0,5.0,3.0,https://www.airbnb.es/rooms/745489583366115986
Valencia,Campanar,1207704880595369214,2026-06-01,Apartamento en Valencia,174.0,4.0,1.0,1.0,1.0,4.73,45.0,https://www.airbnb.es/rooms/1207704880595369214
Valencia,Campanar,1285331757536687338,2026-06-01,Apartamento en Valencia,243.0,4.0,1.0,2.0,1.0,,,https://www.airbnb.es/rooms/1285331757536687338
Valencia,Campanar,1347152892263592071,2026-06-01,Apartamento en Valencia,185.0,4.0,1.0,2.0,1.0,,,https://www.airbnb.es/rooms/1347152892263592071
Valencia,Campanar,1425379131766964177,2026-06-01,Apartamento en Port Saplaya,155.0,4.0,2.0,4.0,1.0,4.68,19.0,https://www.airbnb.es/rooms/1425379131766964177
Valencia,Campanar,906208966624897692,2026-06-01,Apartamento en Valencia,340.0,4.0,2.0,2.0,2.0,5.0,25.0,https://www.airbnb.es/rooms/906208966624897692
Valencia,Campanar,1359271786157646377,2026-06-01,Apartamento en Valencia,190.0,3.0,1.0,2.0,1.0,,,https://www.airbnb.es/rooms/1359271786157646377
Valencia,Campanar,1092691689259355963,2026-06-01,Apartamento en Valencia,140.0,2.0,1.0,1.0,1.0,4.4,5.0,https://www.airbnb.es/rooms/1092691689259355963
Valencia,Campanar,1295464547837969149,2026-06-01,Adosado en Valencia,215.0,5.0,3.0,3.0,1.0,4.43,30.0,https://www.airbnb.es/rooms/1295464547837969149
Valencia,Campanar,1660747493393816910,2026-06-01,Habitación de hotel compartida en Valencia,25.0,,,1.0,,3.6,5.0,https://www.airbnb.es/rooms/1660747493393816910
Valencia,Campanar,1075209707519933105,2026-06-01,Apartamento en Valencia,216.0,4.0,1.0,2.0,1.0,,,https://www.airbnb.es/rooms/1075209707519933105
Valencia,Campanar,1188450940860544992,2026-06-01,Loft en Valencia,106.0,4.0,1.0,1.0,1.0,4.71,77.0,https://www.airbnb.es/rooms/1188450940860544992
Valencia,Campanar,1264470275993068625,2026-06-01,Habitación en Valencia,80.0,,,1.0,,4.66,47.0,https://www.airbnb.es/rooms/1264470275993068625
Valencia,Campanar,1116764743700338104,2026-06-01,Apartamento en Valencia,138.0,2.0,1.0,2.0,1.0,4.74,73.0,https://www.airbnb.es/rooms/1116764743700338104
Valencia,Campanar,1222481324368118241,2026-06-01,Apartamento en Valencia,174.0,4.0,1.0,2.0,1.0,4.87,53.0,https://www.airbnb.es/rooms/1222481324368118241
Valencia,L'Olivereta,1029880800518857431,2026-06-01,Habitación en Valencia,33.0,,,1.0,,4.56,177.0,https://www.airbnb.es/rooms/1029880800518857431
Valencia,L'Olivereta,1157414797154740052,2026-06-01,Alojamiento en Valencia,32.0,1.0,1.0,1.0,1.0,4.4,68.0,https://www.airbnb.es/rooms/1157414797154740052
Valencia,L'Olivereta,1304531902497034848,2026-06-01,Apartamento en Valencia,112.0,4.0,,2.0,1.0,4.48,61.0,https://www.airbnb.es/rooms/1304531902497034848
Valencia,L'Olivereta,1144221879917227281,2026-06-01,Apto. residencial en Valencia,154.0,6.0,2.0,3.0,1.0,4.95,105.0,https://www.airbnb.es/rooms/1144221879917227281
Valencia,L'Olivereta,1003301700089189824,2026-06-01,Apartamento en Valencia,104.0,3.0,1.0,3.0,1.0,4.78,169.0,https://www.airbnb.es/rooms/1003301700089189824
Valencia,L'Olivereta,1679948472735002468,2026-06-01,Alojamiento en Valencia,92.0,2.0,1.0,1.0,1.0,,,https://www.airbnb.es/rooms/1679948472735002468
Valencia,L'Olivereta,1400729233940372057,2026-06-01,Apartamento en Valencia,245.0,6.0,3.0,4.0,1.0,4.83,18.0,https://www.airbnb.es/rooms/1400729233940372057
Valencia,L'Olivereta,1425274985291319997,2026-06-01,Apartamento en Valencia,316.0,4.0,2.0,3.0,1.0,4.95,21.0,https://www.airbnb.es/rooms/1425274985291319997
Valencia,L'Olivereta,1587853938277995132,2026-06-01,Vivienda en Valencia,289.0,5.0,2.0,3.0,2.0,4.78,18.0,https://www.airbnb.es/rooms/1587853938277995132
Valencia,L'Olivereta,1629887153965763072,2026-06-01,Apartamento en Valencia,266.0,2.0,1.0,1.0,1.0,5.0,8.0,https://www.airbnb.es/rooms/1629887153965763072
Valencia,L'Olivereta,1050702638622043658,2026-06-01,Apartamento en Aldaya,82.0,3.0,1.0,1.0,1.0,4.78,258.0,https://www.airbnb.es/rooms/1050702638622043658
Valencia,L'Olivereta,1305223669349795129,2026-06-01,Apartamento en Valencia,255.0,4.0,2.0,4.0,1.0,4.78,64.0,https://www.airbnb.es/rooms/1305223669349795129
Valencia,L'Olivereta,796294296520049808,2026-06-01,Habitaciones en Valencia,60.0,,2.0,2.0,,4.65,178.0,https://www.airbnb.es/rooms/796294296520049808
Valencia,L'Olivereta,42823413,2026-06-01,Apartamento en Valencia,190.0,6.0,3.0,4.0,2.0,4.75,80.0,https://www.airbnb.es/rooms/42823413
Valencia,L'Olivereta,1297984983049473441,2026-06-01,Habitación en Valencia,43.0,,,1.0,,4.34,134.0,https://www.airbnb.es/rooms/1297984983049473441
Valencia,L'Olivereta,1674523380186949406,2026-06-01,Alojamiento en Valencia,64.0,2.0,1.0,1.0,1.0,4.67,3.0,https://www.airbnb.es/rooms/1674523380186949406
Valencia,L'Olivereta,1401164747879817502,2026-06-01,Habitación en Valencia,64.0,,,2.0,,4.6,30.0,https://www.airbnb.es/rooms/1401164747879817502
Valencia,L'Olivereta,1418700031526549398,2026-06-01,Loft en Valencia,182.0,8.0,2.0,5.0,2.0,4.96,24.0,https://www.airbnb.es/rooms/1418700031526549398
Valencia,L'Olivereta,923219372883679828,2026-06-01,Loft en Valencia,114.0,2.0,1.0,1.0,1.0,4.94,312.0,https://www.airbnb.es/rooms/923219372883679828
Valencia,L'Olivereta,1019308545494852196,2026-06-01,Loft en Valencia,128.0,4.0,,2.0,1.0,4.76,67.0,https://www.airbnb.es/rooms/1019308545494852196
Valencia,L'Olivereta,1366479408787658421,2026-06-01,Apartamento en Valencia,147.0,4.0,1.0,3.0,1.0,4.83,40.0,https://www.airbnb.es/rooms/1366479408787658421
Valencia,L'Olivereta,1277575559230116842,2026-06-01,Apartamento en Valencia,129.0,2.0,,1.0,1.0,4.86,7.0,https://www.airbnb.es/rooms/1277575559230116842
Valencia,L'Olivereta,1401282391679654922,2026-06-01,Apartamento en Valencia,235.0,6.0,2.0,2.0,2.0,4.96,52.0,https://www.airbnb.es/rooms/1401282391679654922
Valencia,L'Olivereta,1434887262722785904,2026-06-01,Loft en Valencia,147.0,4.0,1.0,2.0,1.0,4.78,60.0,https://www.airbnb.es/rooms/1434887262722785904
Valencia,L'Olivereta,975267274376124290,2026-06-01,Habitación en Sedaví,37.0,,,1.0,,4.84,184.0,https://www.airbnb.es/rooms/975267274376124290
Valencia,L'Olivereta,1607911063851267271,2026-06-01,Hotel en Valencia,140.0,2.0,1.0,1.0,0.0,,,https://www.airbnb.es/rooms/1607911063851267271
Valencia,L'Olivereta,1460907580928275190,2026-06-01,Alojamiento en Chirivella,42.0,2.0,2.0,1.0,2.0,4.8,5.0,https://www.airbnb.es/rooms/1460907580928275190
Valencia,L'Olivereta,819039969348702184,2026-06-01,Habitación en Sedaví,37.0,,,1.0,,4.91,208.0,https://www.airbnb.es/rooms/819039969348702184
Valencia,L'Olivereta,949351221159384808,2026-06-01,Alojamiento en Valencia,47.0,2.0,1.0,1.0,1.0,4.58,120.0,https://www.airbnb.es/rooms/949351221159384808
Valencia,L'Olivereta,1512519028889881468,2026-06-01,Bed & breakfast en Valencia,47.0,1.0,1.0,1.0,1.0,4.42,31.0,https://www.airbnb.es/rooms/1512519028889881468
Valencia,L'Olivereta,808573,2026-06-01,Habitación de hotel en Burjasot,93.0,6.0,2.0,,2.0,4.71,363.0,https://www.airbnb.es/rooms/808573
Valencia,L'Olivereta,1609302291357461191,2026-06-01,Hotel en Valencia,211.0,4.0,1.0,2.0,0.0,,,https://www.airbnb.es/rooms/1609302291357461191
Valencia,L'Olivereta,873980449234579085,2026-06-01,Apartamento en Valencia,204.0,6.0,3.0,4.0,1.0,4.53,30.0,https://www.airbnb.es/rooms/873980449234579085
Valencia,L'Olivereta,1100856617104450645,2026-06-01,Apartamento en Valencia,135.0,4.0,,4.0,1.0,4.8,75.0,https://www.airbnb.es/rooms/1100856617104450645
Valencia,L'Olivereta,1278156838577911108,2026-06-01,Apartamento en Valencia,141.0,4.0,,2.0,1.0,4.94,17.0,https://www.airbnb.es/rooms/1278156838577911108
Valencia,L'Olivereta,1420153352794910831,2026-06-01,Apartamento en Picanya,117.0,4.0,1.0,2.0,1.0,4.98,40.0,https://www.airbnb.es/rooms/1420153352794910831
Valencia,L'Olivereta,1251535907417987288,2026-06-01,Habitación en Valencia,70.0,,,2.0,,4.0,3.0,https://www.airbnb.es/rooms/1251535907417987288
Valencia,L'Olivereta,1415048562795297693,2026-06-01,Habitación en Valencia,87.0,,,1.0,,4.73,66.0,https://www.airbnb.es/rooms/1415048562795297693
Valencia,L'Olivereta,1679941376771509615,2026-06-01,Alojamiento en Valencia,95.0,2.0,1.0,1.0,1.0,,,https://www.airbnb.es/rooms/1679941376771509615
Valencia,L'Olivereta,743244065080966066,2026-06-01,Habitación en Valencia,82.0,,,2.0,,4.88,237.0,https://www.airbnb.es/rooms/743244065080966066
Valencia,L'Olivereta,1607840187609887992,2026-06-01,Hotel en Valencia,152.0,2.0,1.0,1.0,0.0,,,https://www.airbnb.es/rooms/1607840187609887992
Valencia,L'Olivereta,733261772280468540,2026-06-01,Apartamento en Valencia,132.0,4.0,1.0,2.0,1.0,4.94,251.0,https://www.airbnb.es/rooms/733261772280468540
Valencia,L'Olivereta,743186075147318111,2026-06-01,Apto. residencial en Valencia,201.0,6.0,3.0,4.0,2.0,4.72,193.0,https://www.airbnb.es/rooms/743186075147318111
Valencia,L'Olivereta,842617138808615675,2026-06-01,Habitación en Valencia,39.0,,,1.0,,4.71,221.0,https://www.airbnb.es/rooms/842617138808615675
Valencia,L'Olivereta,1390721458560665590,2026-06-01,Apartamento en Valencia,219.0,4.0,2.0,2.0,2.0,4.87,75.0,https://www.airbnb.es/rooms/1390721458560665590
Valencia,L'Olivereta,843965481980144443,2026-06-01,Habitación en Burjasot,40.0,,,1.0,,4.85,112.0,https://www.airbnb.es/rooms/843965481980144443
Valencia,L'Olivereta,997063990758123324,2026-06-01,Apartamento en Valencia,248.0,6.0,2.0,3.0,2.0,4.95,208.0,https://www.airbnb.es/rooms/997063990758123324
Valencia,L'Olivereta,46034145,2026-06-01,Apartamento en Valencia,102.0,2.0,,1.0,1.0,4.89,106.0,https://www.airbnb.es/rooms/46034145
Valencia,L'Olivereta,696965243391455134,2026-06-01,Apartamento en Valencia,186.0,6.0,3.0,3.0,2.0,4.68,244.0,https://www.airbnb.es/rooms/696965243391455134
Valencia,L'Olivereta,1294117733059408297,2026-06-01,Apartamento en Valencia,104.0,4.0,1.0,1.0,1.0,4.82,96.0,https://www.airbnb.es/rooms/1294117733059408297
Valencia,L'Olivereta,1522464652811906036,2026-06-01,Vivienda en Valencia,151.0,4.0,1.0,1.0,1.0,4.87,46.0,https://www.airbnb.es/rooms/1522464652811906036
Valencia,L'Olivereta,503305262822613325,2026-06-01,Apartamento en Valencia,124.0,2.0,1.0,1.0,1.0,4.32,93.0,https://www.airbnb.es/rooms/503305262822613325
Valencia,L'Olivereta,1254848865340952648,2026-06-01,Apartamento en Valencia,237.0,4.0,1.0,2.0,1.0,4.8,5.0,https://www.airbnb.es/rooms/1254848865340952648
Valencia,L'Olivereta,1287750819488598191,2026-06-01,Apartamento en Valencia,122.0,4.0,1.0,2.0,1.0,4.73,86.0,https://www.airbnb.es/rooms/1287750819488598191
Valencia,L'Olivereta,1424625542168462164,2026-06-01,Apartamento en Benetúser,129.0,6.0,2.0,5.0,1.0,4.89,93.0,https://www.airbnb.es/rooms/1424625542168462164
Valencia,L'Olivereta,1133019910389060816,2026-06-01,Apartamento en Valencia,200.0,4.0,1.0,2.0,1.0,4.78,46.0,https://www.airbnb.es/rooms/1133019910389060816
Valencia,L'Olivereta,1443374458501570121,2026-06-01,Habitación en Valencia,59.0,,,1.0,,4.53,34.0,https://www.airbnb.es/rooms/1443374458501570121
Valencia,L'Olivereta,1635471035965745054,2026-06-01,Apartamento en Valencia,168.0,4.0,1.0,2.0,1.0,,,https://www.airbnb.es/rooms/1635471035965745054
Valencia,L'Olivereta,1102600082626398888,2026-06-01,Apartamento en Valencia,116.0,5.0,1.0,3.0,1.0,4.26,117.0,https://www.airbnb.es/rooms/1102600082626398888
Valencia,L'Olivereta,1495763528567236413,2026-06-01,Loft en Valencia,143.0,4.0,1.0,1.0,1.0,4.35,20.0,https://www.airbnb.es/rooms/1495763528567236413
Valencia,L'Olivereta,28836747,2026-06-01,Habitación de hotel en Valencia,37.0,1.0,1.0,1.0,1.0,4.77,181.0,https://www.airbnb.es/rooms/28836747
Valencia,L'Olivereta,16441101,2026-06-01,Hotel en Burjasot,102.0,6.0,2.0,6.0,2.0,4.54,24.0,https://www.airbnb.es/rooms/16441101
Valencia,L'Olivereta,1207703065724832169,2026-06-01,Apartamento en Valencia,150.0,6.0,2.0,3.0,1.0,4.86,70.0,https://www.airbnb.es/rooms/1207703065724832169
Valencia,L'Olivereta,1335574297870239048,2026-06-01,Habitación en Valencia,63.0,,,2.0,,4.94,33.0,https://www.airbnb.es/rooms/1335574297870239048
Valencia,L'Olivereta,659910490316445110,2026-06-01,Apartamento en Valencia,141.0,5.0,2.0,3.0,1.0,4.74,170.0,https://www.airbnb.es/rooms/659910490316445110
Valencia,L'Olivereta,50621566,2026-06-01,Loft en Valencia,175.0,4.0,2.0,2.0,1.0,4.91,237.0,https://www.airbnb.es/rooms/50621566
Valencia,L'Olivereta,1319420598436902796,2026-06-01,Habitaciones en Valencia,59.0,,3.0,1.0,,,,https://www.airbnb.es/rooms/1319420598436902796
Valencia,L'Olivereta,1145106173050203663,2026-06-01,Apartamento en Valencia,129.0,2.0,1.0,,1.0,4.85,81.0,https://www.airbnb.es/rooms/1145106173050203663
Valencia,L'Olivereta,41880017,2026-06-01,Hotel en Valencia,59.0,2.0,1.0,1.0,1.0,4.15,13.0,https://www.airbnb.es/rooms/41880017
Valencia,L'Olivereta,948418106651889138,2026-06-01,Alojamiento en Valencia,53.0,2.0,1.0,1.0,1.0,4.29,31.0,https://www.airbnb.es/rooms/948418106651889138
Valencia,L'Olivereta,1364372676801870660,2026-06-01,Loft en Valencia,82.0,2.0,1.0,1.0,1.0,4.8,5.0,https://www.airbnb.es/rooms/1364372676801870660
Valencia,L'Olivereta,1547050451447063756,2026-06-01,Vivienda en Manises,235.0,8.0,4.0,7.0,2.0,4.95,20.0,https://www.airbnb.es/rooms/1547050451447063756
Valencia,L'Olivereta,878820494292655166,2026-06-01,Apartamento en Valencia,190.0,4.0,1.0,3.0,1.0,5.0,3.0,https://www.airbnb.es/rooms/878820494292655166
Valencia,L'Olivereta,1167296448957671368,2026-06-01,Apartamento en Valencia,153.0,4.0,1.0,2.0,1.0,4.71,7.0,https://www.airbnb.es/rooms/1167296448957671368
Valencia,L'Olivereta,1682733677251097264,2026-06-01,Apartamento en Valencia,120.0,2.0,1.0,,1.0,,,https://www.airbnb.es/rooms/1682733677251097264
Valencia,L'Olivereta,1318125955444191350,2026-06-01,Apartamento en Valencia,144.0,4.0,1.0,2.0,1.0,4.76,99.0,https://www.airbnb.es/rooms/1318125955444191350
Valencia,L'Olivereta,860812362642417137,2026-06-01,Habitación en Valencia,59.0,,,1.0,,4.53,19.0,https://www.airbnb.es/rooms/860812362642417137
Valencia,L'Olivereta,1394766176732695921,2026-06-01,easyHotel Valencia Ciutat Vella,144.0,,,,,4.77,22.0,https://www.airbnb.es/rooms/1394766176732695921
Valencia,L'Olivereta,1147137978413342367,2026-06-01,Apartahotel en Valencia,125.0,4.0,1.0,1.0,1.0,4.91,68.0,https://www.airbnb.es/rooms/1147137978413342367
Valencia,L'Olivereta,1425404072039542559,2026-06-01,Apartamento en Port Saplaya,159.0,6.0,3.0,6.0,0.0,4.63,65.0,https://www.airbnb.es/rooms/1425404072039542559
Valencia,L'Olivereta,1405974262281855257,2026-06-01,Apartamento en Valencia,119.0,4.0,2.0,2.0,1.0,4.74,23.0,https://www.airbnb.es/rooms/1405974262281855257
Valencia,L'Olivereta,875063778141749138,2026-06-01,Apartamento en Valencia,133.0,4.0,1.0,2.0,1.0,4.75,179.0,https://www.airbnb.es/rooms/875063778141749138
Valencia,L'Olivereta,1457159715285449182,2026-06-01,Habitación en Valencia,90.0,,,1.0,,4.53,40.0,https://www.airbnb.es/rooms/1457159715285449182
Valencia,L'Olivereta,1543310920704023641,2026-06-01,Apartamento en Valencia,121.0,4.0,1.0,2.0,1.0,4.76,54.0,https://www.airbnb.es/rooms/1543310920704023641
Valencia,L'Olivereta,1213794089365977911,2026-06-01,Apartamento en Valencia,139.0,4.0,1.0,1.0,1.0,4.64,14.0,https://www.airbnb.es/rooms/1213794089365977911
Valencia,L'Olivereta,1195435294898211375,2026-06-01,Loft en Valencia,169.0,4.0,1.0,2.0,1.0,4.99,76.0,https://www.airbnb.es/rooms/1195435294898211375
Valencia,L'Olivereta,1104208387698709244,2026-06-01,Habitación compartida en Valencia,52.0,,,3.0,,4.75,20.0,https://www.airbnb.es/rooms/1104208387698709244
Valencia,L'Olivereta,45746689,2026-06-01,Habitación en Valencia,68.0,,,1.0,,4.59,51.0,https://www.airbnb.es/rooms/45746689
Valencia,L'Olivereta,45746964,2026-06-01,Bed & breakfast en Valencia,98.0,2.0,1.0,1.0,1.0,4.75,4.0,https://www.airbnb.es/rooms/45746964
Valencia,L'Olivereta,11678559,2026-06-01,Apartamento en Valencia,250.0,8.0,4.0,5.0,2.0,4.89,256.0,https://www.airbnb.es/rooms/11678559
Valencia,L'Olivereta,46803758,2026-06-01,Alojamiento en Valencia,59.0,2.0,1.0,1.0,,4.43,126.0,https://www.airbnb.es/rooms/46803758
Valencia,L'Olivereta,1635502966918424255,2026-06-01,Apartamento en Valencia,168.0,4.0,1.0,2.0,1.0,,,https://www.airbnb.es/rooms/1635502966918424255
Valencia,L'Olivereta,856569637537340825,2026-06-01,Apto. residencial en Valencia,132.0,2.0,1.0,1.0,1.0,4.73,192.0,https://www.airbnb.es/rooms/856569637537340825
Valencia,L'Olivereta,1566522140026019963,2026-06-01,Habitación de hotel compartida en Valencia,22.0,,,1.0,,3.76,46.0,https://www.airbnb.es/rooms/1566522140026019963
Valencia,L'Olivereta,1422375968526249613,2026-06-01,Apartamento en Valencia,236.0,6.0,2.0,4.0,2.0,5.0,3.0,https://www.airbnb.es/rooms/1422375968526249613
Valencia,L'Olivereta,1689031497526311726,2026-06-01,Apartamento en Valencia,146.0,2.0,1.0,2.0,1.0,,,https://www.airbnb.es/rooms/1689031497526311726
Valencia,L'Olivereta,1080387598065347617,2026-06-01,Alojamiento en Valencia,105.0,2.0,1.0,1.0,1.0,4.54,112.0,https://www.airbnb.es/rooms/1080387598065347617
Valencia,L'Olivereta,1074404568126123746,2026-06-01,Apartamento en Valencia,150.0,4.0,1.0,2.0,1.0,4.42,12.0,https://www.airbnb.es/rooms/1074404568126123746
Valencia,L'Olivereta,1609456596648382958,2026-06-01,Hotel en Valencia,164.0,4.0,1.0,2.0,0.0,,,https://www.airbnb.es/rooms/1609456596648382958
Valencia,L'Olivereta,1153832658973092503,2026-06-01,Habitación en Valencia,78.0,,,1.0,,4.58,132.0,https://www.airbnb.es/rooms/1153832658973092503
Valencia,L'Olivereta,26930146,2026-06-01,Apartamento en Valencia,196.0,8.0,4.0,6.0,2.0,4.81,259.0,https://www.airbnb.es/rooms/26930146
Valencia,L'Olivereta,1390406547431572803,2026-06-01,Apartamento en Valencia,153.0,3.0,2.0,5.0,1.0,4.79,39.0,https://www.airbnb.es/rooms/1390406547431572803
Valencia,L'Olivereta,1155089812157305602,2026-06-01,Apartamento en Valencia,112.0,4.0,1.0,2.0,1.0,4.61,38.0,https://www.airbnb.es/rooms/1155089812157305602
Valencia,L'Olivereta,1257825541503087694,2026-06-01,Loft en Valencia,122.0,4.0,1.0,2.0,1.0,4.96,70.0,https://www.airbnb.es/rooms/1257825541503087694
Valencia,L'Olivereta,1543378220055626058,2026-06-01,Apartamento en Valencia,157.0,4.0,2.0,5.0,1.0,4.73,41.0,https://www.airbnb.es/rooms/1543378220055626058
Valencia,L'Olivereta,1491318986567109686,2026-06-01,Apartamento en Valencia,170.0,4.0,1.0,1.0,1.0,4.53,15.0,https://www.airbnb.es/rooms/1491318986567109686
Valencia,L'Olivereta,650786690282065935,2026-06-01,Loft en Valencia,123.0,4.0,1.0,2.0,1.0,4.33,33.0,https://www.airbnb.es/rooms/650786690282065935
Valencia,L'Olivereta,26770759,2026-06-01,Apartamento en Valencia,142.0,4.0,1.0,2.0,1.0,4.94,259.0,https://www.airbnb.es/rooms/26770759
Valencia,L'Olivereta,1192832580578840827,2026-06-01,Hotel en Valencia,113.0,2.0,1.0,1.0,1.0,4.7,79.0,https://www.airbnb.es/rooms/1192832580578840827
Valencia,L'Olivereta,879731561064142425,2026-06-01,Suite con entrada independiente en Valencia,140.0,6.0,1.0,2.0,1.0,4.93,173.0,https://www.airbnb.es/rooms/879731561064142425
Valencia,L'Olivereta,1479875765477470356,2026-06-01,Alojamiento en Mislata,53.0,2.0,1.0,2.0,,,,https://www.airbnb.es/rooms/1479875765477470356
Valencia,L'Olivereta,1607960056668039613,2026-06-01,Hotel en Valencia,164.0,4.0,1.0,2.0,0.0,,,https://www.airbnb.es/rooms/1607960056668039613
Valencia,L'Olivereta,1635455386228720977,2026-06-01,Apartamento en Valencia,168.0,4.0,1.0,2.0,1.0,,,https://www.airbnb.es/rooms/1635455386228720977
Valencia,L'Olivereta,1428038427561918358,2026-06-01,Apartamento en Valencia,159.0,4.0,2.0,2.0,1.0,4.67,60.0,https://www.airbnb.es/rooms/1428038427561918358
Valencia,L'Olivereta,1190660601896254565,2026-06-01,Habitación en Valencia,48.0,,,1.0,,4.69,39.0,https://www.airbnb.es/rooms/1190660601896254565
Valencia,L'Olivereta,1425405405832997380,2026-06-01,Apartamento en Port Saplaya,219.0,8.0,4.0,8.0,0.0,4.87,23.0,https://www.airbnb.es/rooms/1425405405832997380
Valencia,L'Olivereta,50867896,2026-06-01,Apartamento en Valencia,209.0,6.0,2.0,4.0,1.0,4.7,54.0,https://www.airbnb.es/rooms/50867896
Valencia,L'Olivereta,1187589262229377567,2026-06-01,Apartamento en Valencia,125.0,4.0,1.0,2.0,1.0,4.85,66.0,https://www.airbnb.es/rooms/1187589262229377567
Valencia,L'Olivereta,887699089860675354,2026-06-01,Habitación en Valencia,80.0,,,1.0,,4.29,34.0,https://www.airbnb.es/rooms/887699089860675354
Valencia,L'Olivereta,1653688529301104002,2026-06-01,Habitación compartida en Valencia,53.0,,,1.0,,4.53,19.0,https://www.airbnb.es/rooms/1653688529301104002
Valencia,L'Olivereta,768839744509573011,2026-06-01,Apartamento en Valencia,126.0,3.0,1.0,1.0,1.0,4.68,215.0,https://www.airbnb.es/rooms/768839744509573011
Valencia,L'Olivereta,49915574,2026-06-01,Apartamento en Valencia,125.0,2.0,1.0,1.0,1.0,4.76,148.0,https://www.airbnb.es/rooms/49915574
Valencia,L'Olivereta,1599214253398035730,2026-06-01,Apartamento en Valencia,159.0,4.0,1.0,2.0,1.0,,,https://www.airbnb.es/rooms/1599214253398035730
Valencia,L'Olivereta,53469371,2026-06-01,Hotel en Valencia,94.0,3.0,1.0,3.0,1.0,4.88,8.0,https://www.airbnb.es/rooms/53469371
Valencia,L'Olivereta,844003211790758034,2026-06-01,Apartamento en Burjasot,104.0,2.0,1.0,2.0,1.0,4.77,196.0,https://www.airbnb.es/rooms/844003211790758034
Valencia,L'Olivereta,1637505118892363782,2026-06-01,Apartamento en Valencia,172.0,4.0,1.0,1.0,1.0,4.27,11.0,https://www.airbnb.es/rooms/1637505118892363782
Valencia,L'Olivereta,1524494836395080564,2026-06-01,Habitación de hotel compartida en Valencia,26.0,,,10.0,,4.49,96.0,https://www.airbnb.es/rooms/1524494836395080564
Valencia,L'Olivereta,1446858614496961560,2026-06-01,Hostal en Manises,50.0,1.0,1.0,1.0,1.0,4.72,29.0,https://www.airbnb.es/rooms/1446858614496961560
Valencia,L'Olivereta,1086688096488008371,2026-06-01,Loft en Valencia,100.0,3.0,1.0,1.0,1.0,4.67,132.0,https://www.airbnb.es/rooms/1086688096488008371
Valencia,L'Olivereta,1542022700922565734,2026-06-01,Apartamento en Valencia,105.0,2.0,1.0,1.0,1.0,,,https://www.airbnb.es/rooms/1542022700922565734
Valencia,L'Olivereta,5628080,2026-06-01,Habitación en Paterna,53.0,,,1.0,,4.9,40.0,https://www.airbnb.es/rooms/5628080
Valencia,L'Olivereta,1630410176700345874,2026-06-01,Apartamento en Valencia,166.0,4.0,1.0,2.0,1.0,,,https://www.airbnb.es/rooms/1630410176700345874
Valencia,L'Olivereta,1492911962179548553,2026-06-01,Loft en Valencia,144.0,4.0,1.0,1.0,1.0,5.0,5.0,https://www.airbnb.es/rooms/1492911962179548553
Valencia,L'Olivereta,1187462188665949600,2026-06-01,Apartamento en Valencia,188.0,6.0,2.0,3.0,1.0,4.71,76.0,https://www.airbnb.es/rooms/1187462188665949600
Valencia,L'Olivereta,988390690825353361,2026-06-01,Loft en Valencia,147.0,2.0,,2.0,1.0,4.95,59.0,https://www.airbnb.es/rooms/988390690825353361
Valencia,L'Olivereta,1412374476597247594,2026-06-01,Apartamento en Valencia,280.0,6.0,3.0,3.0,2.0,4.77,39.0,https://www.airbnb.es/rooms/1412374476597247594
Valencia,L'Olivereta,1259960882727342182,2026-06-01,Habitación en Valencia,86.0,,,1.0,,5.0,34.0,https://www.airbnb.es/rooms/1259960882727342182
Valencia,L'Olivereta,20135707,2026-06-01,Apartamento en Valencia,205.0,6.0,2.0,3.0,2.0,4.76,290.0,https://www.airbnb.es/rooms/20135707
Valencia,L'Olivereta,1269444243185740401,2026-06-01,Apartamento en Valencia,188.0,4.0,1.0,2.0,1.0,4.89,18.0,https://www.airbnb.es/rooms/1269444243185740401
Valencia,L'Olivereta,1147750626348882839,2026-06-01,Apartamento en Valencia,155.0,4.0,1.0,2.0,1.0,4.86,43.0,https://www.airbnb.es/rooms/1147750626348882839
Valencia,L'Olivereta,712712584892741915,2026-06-01,Apartamento en Valencia,236.0,5.0,2.0,3.0,1.0,4.84,295.0,https://www.airbnb.es/rooms/712712584892741915
Valencia,L'Olivereta,1192919197425069113,2026-06-01,Hotel en Valencia,109.0,2.0,1.0,1.0,1.0,4.43,7.0,https://www.airbnb.es/rooms/1192919197425069113
Valencia,L'Olivereta,1524493297336768120,2026-06-01,Habitación de hotel compartida en Valencia,27.0,,,8.0,,4.59,39.0,https://www.airbnb.es/rooms/1524493297336768120
Valencia,L'Olivereta,1521694286655934392,2026-06-01,Vivienda en Manises,229.0,7.0,3.0,6.0,2.0,4.76,25.0,https://www.airbnb.es/rooms/1521694286655934392
Valencia,L'Olivereta,931255016876977503,2026-06-01,Loft en Valencia,205.0,5.0,3.0,3.0,1.0,4.79,178.0,https://www.airbnb.es/rooms/931255016876977503
Valencia,L'Olivereta,1379523697187239243,2026-06-01,Apartamento en Valencia,116.0,4.0,,2.0,1.0,4.78,9.0,https://www.airbnb.es/rooms/1379523697187239243
Valencia,L'Olivereta,1104101282540778290,2026-06-01,Habitaciones en Valencia,85.0,,2.0,2.0,,4.99,69.0,https://www.airbnb.es/rooms/1104101282540778290
Valencia,L'Olivereta,50185488,2026-06-01,Apartamento en Valencia,185.0,4.0,2.0,2.0,1.0,4.77,142.0,https://www.airbnb.es/rooms/50185488
Valencia,L'Olivereta,24435383,2026-06-01,Loft en Valencia,159.0,2.0,1.0,1.0,1.0,4.81,258.0,https://www.airbnb.es/rooms/24435383
Valencia,L'Olivereta,38688752,2026-06-01,Habitación de hotel en Valencia,48.0,1.0,1.0,1.0,1.0,4.7,33.0,https://www.airbnb.es/rooms/38688752
Valencia,L'Olivereta,1097080390038260095,2026-06-01,Apartamento en Valencia,175.0,2.0,1.0,,1.0,4.91,57.0,https://www.airbnb.es/rooms/1097080390038260095
Valencia,L'Olivereta,938734,2026-06-01,Apartamento en Valencia,118.0,2.0,1.0,1.0,,4.37,81.0,https://www.airbnb.es/rooms/938734
Valencia,L'Olivereta,1635492286820751413,2026-06-01,Apartamento en Valencia,162.0,4.0,1.0,2.0,1.0,,,https://www.airbnb.es/rooms/1635492286820751413
Valencia,L'Olivereta,1187429399209424216,2026-06-01,Apartamento en Valencia,188.0,6.0,2.0,3.0,1.0,4.67,79.0,https://www.airbnb.es/rooms/1187429399209424216
Valencia,L'Olivereta,980347426047095844,2026-06-01,Apartamento en Valencia,119.0,4.0,1.0,2.0,1.0,4.82,33.0,https://www.airbnb.es/rooms/980347426047095844
Valencia,L'Olivereta,844857601566232239,2026-06-01,Apartamento en Valencia,189.0,6.0,2.0,3.0,1.0,4.6,272.0,https://www.airbnb.es/rooms/844857601566232239
Valencia,L'Olivereta,1192925496990459796,2026-06-01,Hotel en Valencia,137.0,3.0,1.0,2.0,1.0,4.85,40.0,https://www.airbnb.es/rooms/1192925496990459796
Valencia,L'Olivereta,19169345,2026-06-01,Apartamento en Valencia,165.0,4.0,1.0,2.0,1.0,4.55,42.0,https://www.airbnb.es/rooms/19169345
Valencia,L'Olivereta,957105056123376288,2026-06-01,Loft en Valencia,129.0,2.0,,1.0,1.0,4.67,52.0,https://www.airbnb.es/rooms/957105056123376288
Valencia,L'Olivereta,1481925667485362724,2026-06-01,Alojamiento en Chirivella,47.0,1.0,1.0,1.0,2.0,5.0,4.0,https://www.airbnb.es/rooms/1481925667485362724
Valencia,L'Olivereta,1170933099646009574,2026-06-01,Apartamento en Valencia,141.0,4.0,1.0,3.0,1.0,4.77,79.0,https://www.airbnb.es/rooms/1170933099646009574
Valencia,L'Olivereta,1375353041885463059,2026-06-01,Habitación en Valencia,59.0,,,1.0,,4.65,49.0,https://www.airbnb.es/rooms/1375353041885463059
Valencia,L'Olivereta,1340632888427451713,2026-06-01,Apartamento en Valencia,127.0,2.0,1.0,1.0,1.0,4.74,80.0,https://www.airbnb.es/rooms/1340632888427451713
Valencia,L'Olivereta,1548715020442788801,2026-06-01,Apartamento en Valencia,126.0,3.0,1.0,2.0,1.0,4.93,15.0,https://www.airbnb.es/rooms/1548715020442788801
Valencia,L'Olivereta,1643490258032948253,2026-06-01,Hostal en Valencia,89.0,2.0,1.0,1.0,1.0,4.8,10.0,https://www.airbnb.es/rooms/1643490258032948253
Valencia,L'Olivereta,7254820,2026-06-01,Apartamento en Valencia,233.0,4.0,2.0,2.0,1.0,4.88,220.0,https://www.airbnb.es/rooms/7254820
Valencia,L'Olivereta,53460968,2026-06-01,Apartamento en Valencia,198.0,3.0,,2.0,1.0,4.69,204.0,https://www.airbnb.es/rooms/53460968
Valencia,L'Olivereta,1545824359332831130,2026-06-01,Apartamento en Valencia,258.0,8.0,3.0,5.0,1.0,4.72,25.0,https://www.airbnb.es/rooms/1545824359332831130
Valencia,L'Olivereta,1308580370407817420,2026-06-01,Habitación compartida en Valencia,29.0,,,8.0,,4.68,28.0,https://www.airbnb.es/rooms/1308580370407817420
Valencia,L'Olivereta,1192621607560178037,2026-06-01,Loft en Valencia,200.0,3.0,1.0,2.0,1.0,4.79,87.0,https://www.airbnb.es/rooms/1192621607560178037
Valencia,L'Olivereta,913632023760894090,2026-06-01,Habitación en Valencia,118.0,,,1.0,,5.0,22.0,https://www.airbnb.es/rooms/913632023760894090
Valencia,L'Olivereta,1273764762920232905,2026-06-01,Apartamento en Valencia,132.0,4.0,,2.0,1.0,4.33,6.0,https://www.airbnb.es/rooms/1273764762920232905
Valencia,L'Olivereta,1220306924161071748,2026-06-01,Apartamento en Valencia,123.0,2.0,,1.0,1.0,4.67,21.0,https://www.airbnb.es/rooms/1220306924161071748
Valencia,L'Olivereta,1170949559421381685,2026-06-01,Apartamento en Valencia,135.0,4.0,1.0,3.0,1.0,4.73,59.0,https://www.airbnb.es/rooms/1170949559421381685
Valencia,L'Olivereta,1640554297357232763,2026-06-01,Hostal en Valencia,89.0,2.0,1.0,2.0,1.0,4.62,13.0,https://www.airbnb.es/rooms/1640554297357232763
Valencia,L'Olivereta,1404176697606872527,2026-06-01,Apartamento en Valencia,138.0,4.0,1.0,1.0,1.0,4.82,22.0,https://www.airbnb.es/rooms/1404176697606872527
Valencia,L'Olivereta,1434701573230361064,2026-06-01,Apartamento en Valencia,138.0,2.0,1.0,1.0,1.0,4.61,54.0,https://www.airbnb.es/rooms/1434701573230361064
Valencia,L'Olivereta,1218679399975540970,2026-06-01,Apartamento en Valencia,133.0,4.0,,2.0,1.0,4.74,38.0,https://www.airbnb.es/rooms/1218679399975540970
Valencia,L'Olivereta,1219388577599626609,2026-06-01,Apartamento en Valencia,149.0,2.0,1.0,2.0,1.0,4.81,52.0,https://www.airbnb.es/rooms/1219388577599626609
Valencia,L'Olivereta,14552908,2026-06-01,Cueva en Paterna,123.0,4.0,2.0,3.0,1.0,4.62,278.0,https://www.airbnb.es/rooms/14552908
Valencia,L'Olivereta,1074382554534579679,2026-06-01,Apartamento en Valencia,180.0,4.0,1.0,2.0,1.0,4.6,47.0,https://www.airbnb.es/rooms/1074382554534579679
Valencia,L'Olivereta,1318236502182499555,2026-06-01,Apartamento en Valencia,171.0,4.0,1.0,2.0,1.0,4.94,95.0,https://www.airbnb.es/rooms/1318236502182499555
Valencia,L'Olivereta,1603555216980767248,2026-06-01,Apartamento en Valencia,219.0,4.0,,,1.0,,,https://www.airbnb.es/rooms/1603555216980767248
Valencia,L'Olivereta,1072417754507096408,2026-06-01,Apartamento en Valencia,170.0,3.0,1.0,2.0,1.0,4.76,21.0,https://www.airbnb.es/rooms/1072417754507096408
Valencia,L'Olivereta,1254170920109648167,2026-06-01,Apartamento en Valencia,175.0,4.0,1.0,2.0,1.0,4.8,5.0,https://www.airbnb.es/rooms/1254170920109648167
Valencia,L'Olivereta,1395734874504535798,2026-06-01,Habitación compartida en Valencia,30.0,,,1.0,,4.63,27.0,https://www.airbnb.es/rooms/1395734874504535798
Valencia,L'Olivereta,1649123458044221333,2026-06-01,Hostal en Valencia,115.0,2.0,1.0,1.0,1.0,4.1,10.0,https://www.airbnb.es/rooms/1649123458044221333
Valencia,L'Olivereta,1215878839568324919,2026-06-01,Apartamento en Valencia,164.0,4.0,1.0,1.0,1.0,4.57,60.0,https://www.airbnb.es/rooms/1215878839568324919
Valencia,L'Olivereta,1076653638122481644,2026-06-01,Apartamento en Valencia,270.0,6.0,2.0,4.0,2.0,4.9,50.0,https://www.airbnb.es/rooms/1076653638122481644
Valencia,L'Olivereta,1333406438369114902,2026-06-01,Habitación en Valencia,71.0,,,2.0,,4.77,35.0,https://www.airbnb.es/rooms/1333406438369114902
Valencia,L'Olivereta,42727914,2026-06-01,Apartamento en Valencia,252.0,4.0,2.0,2.0,1.0,4.93,190.0,https://www.airbnb.es/rooms/42727914
Valencia,L'Olivereta,43019647,2026-06-01,Apartamento en Paterna,149.0,4.0,2.0,2.0,2.0,4.7,33.0,https://www.airbnb.es/rooms/43019647
Valencia,L'Olivereta,1137009023536887768,2026-06-01,Habitación en Mislata,45.0,,,,,4.25,12.0,https://www.airbnb.es/rooms/1137009023536887768
Valencia,L'Olivereta,1231785744537107577,2026-06-01,Apartamento en Valencia,161.0,3.0,,2.0,1.0,4.67,45.0,https://www.airbnb.es/rooms/1231785744537107577
Valencia,L'Olivereta,1295422269779961273,2026-06-01,Loft en Valencia,147.0,2.0,1.0,1.0,1.0,4.6,99.0,https://www.airbnb.es/rooms/1295422269779961273
Valencia,L'Olivereta,18219423,2026-06-01,Habitación en Paterna,65.0,,,1.0,,4.78,251.0,https://www.airbnb.es/rooms/18219423
Valencia,L'Olivereta,1441053500313447603,2026-06-01,Apartamento en Valencia,189.0,4.0,1.0,2.0,1.0,4.9,30.0,https://www.airbnb.es/rooms/1441053500313447603
Valencia,L'Olivereta,1108741866897824152,2026-06-01,Vivienda en Paterna,200.0,6.0,3.0,4.0,1.0,4.4,5.0,https://www.airbnb.es/rooms/1108741866897824152
Valencia,L'Olivereta,1638883062776494747,2026-06-01,Alojamiento en Valencia,102.0,,,,,3.85,13.0,https://www.airbnb.es/rooms/1638883062776494747
Valencia,L'Olivereta,53469225,2026-06-01,Hotel en Valencia,84.0,2.0,1.0,1.0,1.0,3.8,5.0,https://www.airbnb.es/rooms/53469225
Valencia,L'Olivereta,948494413511335769,2026-06-01,Habitación en Valencia,77.0,,,1.0,,4.06,17.0,https://www.airbnb.es/rooms/948494413511335769
Valencia,L'Olivereta,1222481324368118241,2026-06-01,Apartamento en Valencia,174.0,4.0,1.0,2.0,1.0,4.87,53.0,https://www.airbnb.es/rooms/1222481324368118241
Valencia,L'Olivereta,1013893880064605677,2026-06-01,Apartamento en Godella,150.0,4.0,1.0,2.0,1.0,4.9,40.0,https://www.airbnb.es/rooms/1013893880064605677
Valencia,L'Olivereta,1403858593613230266,2026-06-01,Habitación en Torrent,40.0,,,1.0,,3.67,3.0,https://www.airbnb.es/rooms/1403858593613230266
Valencia,L'Olivereta,18426659,2026-06-01,Loft en Valencia,181.0,2.0,1.0,1.0,1.0,4.8,425.0,https://www.airbnb.es/rooms/18426659
Valencia,L'Olivereta,1192539496426011861,2026-06-01,Apartamento en Valencia,273.0,5.0,2.0,4.0,1.0,4.8,5.0,https://www.airbnb.es/rooms/1192539496426011861
Valencia,L'Olivereta,1233286051715314497,2026-06-01,Apartamento en Valencia,126.0,2.0,1.0,2.0,1.0,4.78,23.0,https://www.airbnb.es/rooms/1233286051715314497
Valencia,L'Olivereta,1029479461362811368,2026-06-01,Loft en Valencia,157.0,2.0,,1.0,1.0,4.79,145.0,https://www.airbnb.es/rooms/1029479461362811368
Valencia,L'Olivereta,51611389,2026-06-01,Apartamento en Valencia,231.0,6.0,2.0,3.0,1.0,4.66,161.0,https://www.airbnb.es/rooms/51611389
Valencia,L'Olivereta,1629724098959902845,2026-06-01,Apartamento en Valencia,183.0,4.0,1.0,2.0,1.0,4.0,3.0,https://www.airbnb.es/rooms/1629724098959902845
Valencia,L'Olivereta,49493986,2026-06-01,Apto. residencial en Valencia,187.0,7.0,4.0,4.0,2.0,4.71,103.0,https://www.airbnb.es/rooms/49493986
Valencia,L'Olivereta,1347875013700163388,2026-06-01,Apartamento en Valencia,140.0,4.0,1.0,2.0,1.0,4.89,19.0,https://www.airbnb.es/rooms/1347875013700163388
Valencia,L'Olivereta,1445666480713235113,2026-06-01,Vivienda en Burjasot,293.0,4.0,2.0,3.0,2.0,5.0,22.0,https://www.airbnb.es/rooms/1445666480713235113
Valencia,L'Olivereta,1090385444452215714,2026-06-01,Apartamento en Valencia,129.0,4.0,,2.0,1.0,4.84,25.0,https://www.airbnb.es/rooms/1090385444452215714
Valencia,L'Olivereta,653330896968405334,2026-06-01,Villa en L'Eliana,392.0,10.0,3.0,7.0,2.0,4.79,42.0,https://www.airbnb.es/rooms/653330896968405334
Valencia,L'Olivereta,1516712870057318982,2026-06-01,Hotel en Valencia,205.0,4.0,1.0,2.0,1.0,4.58,19.0,https://www.airbnb.es/rooms/1516712870057318982
Valencia,L'Olivereta,914940682850148989,2026-06-01,Apartamento en Puebla de Farnals,135.0,4.0,1.0,3.0,1.0,4.94,246.0,https://www.airbnb.es/rooms/914940682850148989
Valencia,L'Olivereta,844619245994295364,2026-06-01,Apartamento en Valencia,189.0,5.0,,2.0,1.0,4.62,293.0,https://www.airbnb.es/rooms/844619245994295364
Valencia,L'Olivereta,1374406670352704529,2026-06-01,Apartamento en Port Saplaya,238.0,6.0,3.0,4.0,3.0,4.45,38.0,https://www.airbnb.es/rooms/1374406670352704529
Valencia,L'Olivereta,1427767447708621364,2026-06-01,Apartamento en Valencia,136.0,2.0,1.0,2.0,1.0,4.77,30.0,https://www.airbnb.es/rooms/1427767447708621364
Valencia,L'Olivereta,1532440405302494173,2026-06-01,Apartamento en Valencia,162.0,6.0,2.0,1.0,1.0,4.4,15.0,https://www.airbnb.es/rooms/1532440405302494173
Valencia,L'Olivereta,1289755008352546351,2026-06-01,Apartamento en Valencia,211.0,4.0,1.0,1.0,1.0,5.0,14.0,https://www.airbnb.es/rooms/1289755008352546351
Valencia,L'Olivereta,582973718271656183,2026-06-01,Apartamento en Ciutat Vella,208.0,6.0,2.0,3.0,1.0,4.88,8.0,https://www.airbnb.es/rooms/582973718271656183
Valencia,L'Olivereta,51720969,2026-06-01,Apartamento en Ciutat Vella,179.0,4.0,1.0,2.0,1.0,5.0,3.0,https://www.airbnb.es/rooms/51720969
Valencia,L'Olivereta,1254160098310400411,2026-06-01,Apartamento en Valencia,184.0,4.0,1.0,2.0,1.0,4.67,3.0,https://www.airbnb.es/rooms/1254160098310400411
Valencia,L'Olivereta,1581959407495999126,2026-06-01,Apartamento en Valencia,139.0,4.0,1.0,1.0,1.0,,,https://www.airbnb.es/rooms/1581959407495999126
Valencia,L'Olivereta,609042535173332206,2026-06-01,Vivienda vacacional en El Cabanyal-El Canyamelar,247.0,6.0,2.0,3.0,2.0,4.76,165.0,https://www.airbnb.es/rooms/609042535173332206
Valencia,L'Olivereta,1573124076168830789,2026-06-01,Apartamento en Valencia,182.0,4.0,1.0,2.0,1.0,5.0,7.0,https://www.airbnb.es/rooms/1573124076168830789
Valencia,L'Olivereta,980852262153350113,2026-06-01,Apartamento en Malvarrosa,119.0,4.0,1.0,2.0,1.0,4.54,13.0,https://www.airbnb.es/rooms/980852262153350113
Valencia,L'Olivereta,50494851,2026-06-01,Loft en Ciutat Vella,191.0,4.0,1.0,2.0,1.0,4.66,93.0,https://www.airbnb.es/rooms/50494851
Valencia,L'Olivereta,1607249205040369249,2026-06-01,Hotel en Valencia,211.0,2.0,1.0,1.0,0.0,,,https://www.airbnb.es/rooms/1607249205040369249
Valencia,L'Olivereta,710494612932574416,2026-06-01,Hotel boutique en Valencia,145.0,2.0,1.0,1.0,1.0,4.85,27.0,https://www.airbnb.es/rooms/710494612932574416
Valencia,L'Olivereta,912186572570322061,2026-06-01,Apartamento en Ciutat Vella,167.0,4.0,1.0,2.0,1.0,4.79,14.0,https://www.airbnb.es/rooms/912186572570322061
Valencia,L'Olivereta,1121525098311929924,2026-06-01,Apartamento en Extramurs,185.0,4.0,2.0,3.0,1.0,4.31,16.0,https://www.airbnb.es/rooms/1121525098311929924
Valencia,L'Olivereta,1275656721580654328,2026-06-01,Apartamento en Algirós,117.0,2.0,,1.0,1.0,4.67,3.0,https://www.airbnb.es/rooms/1275656721580654328
Valencia,L'Olivereta,19905509,2026-06-01,Apartamento en Mestalla,257.0,4.0,2.0,3.0,2.0,4.81,165.0,https://www.airbnb.es/rooms/19905509
Valencia,L'Olivereta,1151288988345949707,2026-06-01,Habitación de hotel en Cuatre Carreres,118.0,3.0,1.0,2.0,1.0,4.72,25.0,https://www.airbnb.es/rooms/1151288988345949707
Valencia,L'Olivereta,1309230633826024362,2026-06-01,Apartamento en Ciutat Vella,178.0,4.0,1.0,3.0,0.0,5.0,17.0,https://www.airbnb.es/rooms/1309230633826024362
Valencia,L'Olivereta,1254160871680527858,2026-06-01,Apartamento en Valencia,175.0,4.0,1.0,2.0,1.0,,,https://www.airbnb.es/rooms/1254160871680527858
Valencia,L'Olivereta,1085513966444593612,2026-06-01,Loft en Natzaret,100.0,3.0,1.0,1.0,1.0,4.48,95.0,https://www.airbnb.es/rooms/1085513966444593612
Valencia,L'Olivereta,19169313,2026-06-01,Apartamento en Valencia,176.0,4.0,1.0,2.0,1.0,4.45,98.0,https://www.airbnb.es/rooms/19169313
Valencia,L'Olivereta,1074423342182409239,2026-06-01,Apartamento en Valencia,189.0,4.0,1.0,2.0,1.0,4.67,9.0,https://www.airbnb.es/rooms/1074423342182409239
Valencia,L'Olivereta,26252623,2026-06-01,Apartamento en Valencia,274.0,8.0,4.0,6.0,1.0,4.48,264.0,https://www.airbnb.es/rooms/26252623
Valencia,L'Olivereta,1208089309681136650,2026-06-01,Alojamiento en Valencia,91.0,2.0,1.0,1.0,1.0,4.76,51.0,https://www.airbnb.es/rooms/1208089309681136650
Valencia,L'Olivereta,1381020234640096897,2026-06-01,Apartamento en Valencia,217.0,5.0,1.0,3.0,1.0,4.92,59.0,https://www.airbnb.es/rooms/1381020234640096897
Valencia,L'Olivereta,1502042659796281704,2026-06-01,Loft en Valencia,160.0,2.0,1.0,2.0,1.0,4.59,32.0,https://www.airbnb.es/rooms/1502042659796281704
Valencia,L'Olivereta,1275921238201173538,2026-06-01,Habitación de hotel en Valencia,120.0,4.0,1.0,2.0,1.0,4.76,115.0,https://www.airbnb.es/rooms/1275921238201173538
Valencia,L'Olivereta,1425379131766964177,2026-06-01,Apartamento en Port Saplaya,155.0,4.0,2.0,4.0,1.0,4.68,19.0,https://www.airbnb.es/rooms/1425379131766964177
Valencia,L'Olivereta,1609411858074804447,2026-06-01,Hotel en Valencia,187.0,4.0,1.0,2.0,0.0,,,https://www.airbnb.es/rooms/1609411858074804447
Valencia,L'Olivereta,1284944291429036042,2026-06-01,Habitación en Manises,78.0,,,1.0,,,,https://www.airbnb.es/rooms/1284944291429036042
Valencia,L'Olivereta,53355963,2026-06-01,Apartamento en Valencia,145.0,4.0,1.0,2.0,1.0,4.61,59.0,https://www.airbnb.es/rooms/53355963
Valencia,L'Olivereta,1543404315943790513,2026-06-01,Apartamento en Valencia,122.0,4.0,1.0,2.0,1.0,4.6,5.0,https://www.airbnb.es/rooms/1543404315943790513
Valencia,L'Olivereta,1220306731131365935,2026-06-01,Apartamento en Valencia,131.0,4.0,,2.0,1.0,4.67,18.0,https://www.airbnb.es/rooms/1220306731131365935
Valencia,L'Olivereta,1264470275993068625,2026-06-01,Habitación en Valencia,80.0,,,1.0,,4.66,47.0,https://www.airbnb.es/rooms/1264470275993068625
Valencia,L'Olivereta,1116779529373427744,2026-06-01,Loft en Valencia,138.0,4.0,1.0,2.0,1.0,4.75,80.0,https://www.airbnb.es/rooms/1116779529373427744
Valencia,L'Olivereta,938110941050052733,2026-06-01,Loft en Valencia,190.0,3.0,1.0,2.0,1.0,4.54,37.0,https://www.airbnb.es/rooms/938110941050052733
Valencia,L'Olivereta,730832755247670221,2026-06-01,Apartamento en Valencia,229.0,4.0,1.0,2.0,1.0,4.92,12.0,https://www.airbnb.es/rooms/730832755247670221
Valencia,L'Olivereta,1045441732698251354,2026-06-01,Apartamento en Valencia,152.0,4.0,1.0,1.0,1.0,4.38,129.0,https://www.airbnb.es/rooms/1045441732698251354
Valencia,L'Olivereta,1233846790081427267,2026-06-01,Hotel en Valencia,122.0,2.0,1.0,1.0,1.0,4.45,129.0,https://www.airbnb.es/rooms/1233846790081427267
Valencia,L'Olivereta,1425961695106085987,2026-06-01,Apartamento en Valencia,190.0,4.0,1.0,1.0,1.0,,,https://www.airbnb.es/rooms/1425961695106085987
Valencia,L'Olivereta,1543396271146521105,2026-06-01,Apartamento en Valencia,97.0,2.0,1.0,1.0,1.0,,,https://www.airbnb.es/rooms/1543396271146521105
Valencia,L'Olivereta,1490699144910510921,2026-06-01,Alojamiento en Valencia,527.0,4.0,1.0,2.0,4.0,4.71,7.0,https://www.airbnb.es/rooms/1490699144910510921
Valencia,L'Olivereta,860755584240256119,2026-06-01,Habitación en Valencia,71.0,,,1.0,,,,https://www.airbnb.es/rooms/860755584240256119
Valencia,L'Olivereta,1309223791917582762,2026-06-01,Apartamento en Valencia,186.0,4.0,1.0,2.0,1.0,,,https://www.airbnb.es/rooms/1309223791917582762
Valencia,L'Olivereta,1028681600083538711,2026-06-01,Apartamento en Valencia,194.0,4.0,1.0,2.0,1.0,4.86,63.0,https://www.airbnb.es/rooms/1028681600083538711
Valencia,L'Olivereta,45745180,2026-06-01,Hostal en Valencia,134.0,2.0,1.0,1.0,1.0,4.64,39.0,https://www.airbnb.es/rooms/45745180
Valencia,L'Olivereta,1660747493393816910,2026-06-01,Habitación de hotel compartida en Valencia,25.0,,,1.0,,3.6,5.0,https://www.airbnb.es/rooms/1660747493393816910
Valencia,L'Olivereta,1370263853601754234,2026-06-01,Apartamento en Valencia,211.0,2.0,1.0,1.0,1.0,4.4,5.0,https://www.airbnb.es/rooms/1370263853601754234
Valencia,L'Olivereta,1082463870080111781,2026-06-01,Apartahotel en Valencia,133.0,4.0,1.0,1.0,1.0,4.75,4.0,https://www.airbnb.es/rooms/1082463870080111781
Valencia,L'Olivereta,897619095049425307,2026-06-01,Habitación en Valencia,65.0,,,1.0,,4.56,55.0,https://www.airbnb.es/rooms/897619095049425307
Valencia,L'Olivereta,45745106,2026-06-01,Hostal en Valencia,118.0,2.0,1.0,1.0,1.0,4.4,5.0,https://www.airbnb.es/rooms/45745106
Valencia,L'Olivereta,886998425075070494,2026-06-01,Habitación en Valencia,100.0,,,1.0,,4.46,26.0,https://www.airbnb.es/rooms/886998425075070494
Valencia,L'Olivereta,1284954777274273287,2026-06-01,Habitación en Manises,78.0,,,2.0,,4.45,11.0,https://www.airbnb.es/rooms/1284954777274273287
Valencia,L'Olivereta,1092691689259355963,2026-06-01,Apartamento en Valencia,140.0,2.0,1.0,1.0,1.0,4.4,5.0,https://www.airbnb.es/rooms/1092691689259355963
Valencia,L'Olivereta,1212159329910373880,2026-06-01,Apartamento en Valencia,182.0,3.0,1.0,2.0,1.0,4.68,37.0,https://www.airbnb.es/rooms/1212159329910373880
Valencia,L'Olivereta,1188450940860544992,2026-06-01,Loft en Valencia,106.0,4.0,1.0,1.0,1.0,4.71,77.0,https://www.airbnb.es/rooms/1188450940860544992
Valencia,Patraix,1029880800518857431,2026-06-01,Habitación en Valencia,33.0,,,1.0,,4.56,177.0,https://www.airbnb.es/rooms/1029880800518857431
Valencia,Patraix,796294296520049808,2026-06-01,Habitaciones en Valencia,60.0,,2.0,2.0,,4.65,178.0,https://www.airbnb.es/rooms/796294296520049808
Valencia,Patraix,1019308545494852196,2026-06-01,Loft en Valencia,128.0,4.0,,2.0,1.0,4.76,67.0,https://www.airbnb.es/rooms/1019308545494852196
Valencia,Patraix,1157414797154740052,2026-06-01,Alojamiento en Valencia,32.0,1.0,1.0,1.0,1.0,4.4,68.0,https://www.airbnb.es/rooms/1157414797154740052
Valencia,Patraix,1434887262722785904,2026-06-01,Loft en Valencia,147.0,4.0,1.0,2.0,1.0,4.78,60.0,https://www.airbnb.es/rooms/1434887262722785904
Valencia,Patraix,1415048562795297693,2026-06-01,Habitación en Valencia,87.0,,,1.0,,4.73,66.0,https://www.airbnb.es/rooms/1415048562795297693
Valencia,Patraix,650786690282065935,2026-06-01,Loft en Valencia,123.0,4.0,1.0,2.0,1.0,4.33,33.0,https://www.airbnb.es/rooms/650786690282065935
Valencia,Patraix,1003301700089189824,2026-06-01,Apartamento en Valencia,104.0,3.0,1.0,3.0,1.0,4.78,169.0,https://www.airbnb.es/rooms/1003301700089189824
Valencia,Patraix,1235986435250490965,2026-06-01,Apartamento en Valencia,215.0,2.0,1.0,1.0,1.0,4.78,59.0,https://www.airbnb.es/rooms/1235986435250490965
Valencia,Patraix,23448418,2026-06-01,Alojamiento en Valencia,153.0,2.0,1.0,1.0,1.0,4.96,195.0,https://www.airbnb.es/rooms/23448418
Valencia,Patraix,1612301267128494532,2026-06-01,Apartamento en Valencia,246.0,4.0,2.0,2.0,2.0,4.89,9.0,https://www.airbnb.es/rooms/1612301267128494532
Valencia,Patraix,1050702638622043658,2026-06-01,Apartamento en Aldaya,82.0,3.0,1.0,1.0,1.0,4.78,258.0,https://www.airbnb.es/rooms/1050702638622043658
Valencia,Patraix,1297936037603119385,2026-06-01,Habitación en Valencia,49.0,,,1.0,,4.97,59.0,https://www.airbnb.es/rooms/1297936037603119385
Valencia,Patraix,1447145761273484453,2026-06-01,Habitación en Valencia,128.0,,,1.0,,4.88,26.0,https://www.airbnb.es/rooms/1447145761273484453
Valencia,Patraix,1297984983049473441,2026-06-01,Habitación en Valencia,43.0,,,1.0,,4.34,134.0,https://www.airbnb.es/rooms/1297984983049473441
Valencia,Patraix,1674523380186949406,2026-06-01,Alojamiento en Valencia,64.0,2.0,1.0,1.0,1.0,4.67,3.0,https://www.airbnb.es/rooms/1674523380186949406
Valencia,Patraix,1144221879917227281,2026-06-01,Apto. residencial en Valencia,154.0,6.0,2.0,3.0,1.0,4.95,105.0,https://www.airbnb.es/rooms/1144221879917227281
Valencia,Patraix,1418700031526549398,2026-06-01,Loft en Valencia,182.0,8.0,2.0,5.0,2.0,4.96,24.0,https://www.airbnb.es/rooms/1418700031526549398
Valencia,Patraix,1635471035965745054,2026-06-01,Apartamento en Valencia,168.0,4.0,1.0,2.0,1.0,,,https://www.airbnb.es/rooms/1635471035965745054
Valencia,Patraix,1195435294898211375,2026-06-01,Loft en Valencia,169.0,4.0,1.0,2.0,1.0,4.99,76.0,https://www.airbnb.es/rooms/1195435294898211375
Valencia,Patraix,1304531902497034848,2026-06-01,Apartamento en Valencia,112.0,4.0,,2.0,1.0,4.48,61.0,https://www.airbnb.es/rooms/1304531902497034848
Valencia,Patraix,1679948472735002468,2026-06-01,Alojamiento en Valencia,92.0,2.0,1.0,1.0,1.0,,,https://www.airbnb.es/rooms/1679948472735002468
Valencia,Patraix,949351221159384808,2026-06-01,Alojamiento en Valencia,47.0,2.0,1.0,1.0,1.0,4.58,120.0,https://www.airbnb.es/rooms/949351221159384808
Valencia,Patraix,1689031497526311726,2026-06-01,Apartamento en Valencia,146.0,2.0,1.0,2.0,1.0,,,https://www.airbnb.es/rooms/1689031497526311726
Valencia,Patraix,975267274376124290,2026-06-01,Habitación en Sedaví,37.0,,,1.0,,4.84,184.0,https://www.airbnb.es/rooms/975267274376124290
Valencia,Patraix,923219372883679828,2026-06-01,Loft en Valencia,114.0,2.0,1.0,1.0,1.0,4.94,312.0,https://www.airbnb.es/rooms/923219372883679828
Valencia,Patraix,1100856617104450645,2026-06-01,Apartamento en Valencia,135.0,4.0,,4.0,1.0,4.8,75.0,https://www.airbnb.es/rooms/1100856617104450645
Valencia,Patraix,819039969348702184,2026-06-01,Habitación en Sedaví,37.0,,,1.0,,4.91,208.0,https://www.airbnb.es/rooms/819039969348702184
Valencia,Patraix,1390721458560665590,2026-06-01,Apartamento en Valencia,219.0,4.0,2.0,2.0,2.0,4.87,75.0,https://www.airbnb.es/rooms/1390721458560665590
Valencia,Patraix,1512519028889881468,2026-06-01,Bed & breakfast en Valencia,47.0,1.0,1.0,1.0,1.0,4.42,31.0,https://www.airbnb.es/rooms/1512519028889881468
Valencia,Patraix,1420153352794910831,2026-06-01,Apartamento en Picanya,117.0,4.0,1.0,2.0,1.0,4.98,40.0,https://www.airbnb.es/rooms/1420153352794910831
Valencia,Patraix,842617138808615675,2026-06-01,Habitación en Valencia,39.0,,,1.0,,4.71,221.0,https://www.airbnb.es/rooms/842617138808615675
Valencia,Patraix,875063778141749138,2026-06-01,Apartamento en Valencia,133.0,4.0,1.0,2.0,1.0,4.75,179.0,https://www.airbnb.es/rooms/875063778141749138
Valencia,Patraix,733261772280468540,2026-06-01,Apartamento en Valencia,132.0,4.0,1.0,2.0,1.0,4.94,251.0,https://www.airbnb.es/rooms/733261772280468540
Valencia,Patraix,1443374458501570121,2026-06-01,Habitación en Valencia,59.0,,,1.0,,4.53,34.0,https://www.airbnb.es/rooms/1443374458501570121
Valencia,Patraix,1635502966918424255,2026-06-01,Apartamento en Valencia,168.0,4.0,1.0,2.0,1.0,,,https://www.airbnb.es/rooms/1635502966918424255
Valencia,Patraix,1294117733059408297,2026-06-01,Apartamento en Valencia,104.0,4.0,1.0,1.0,1.0,4.82,96.0,https://www.airbnb.es/rooms/1294117733059408297
Valencia,Patraix,503305262822613325,2026-06-01,Apartamento en Valencia,134.0,2.0,1.0,1.0,1.0,4.32,93.0,https://www.airbnb.es/rooms/503305262822613325
Valencia,Patraix,1491318986567109686,2026-06-01,Apartamento en Valencia,170.0,4.0,1.0,1.0,1.0,4.53,15.0,https://www.airbnb.es/rooms/1491318986567109686
Valencia,Patraix,1287750819488598191,2026-06-01,Apartamento en Valencia,122.0,4.0,1.0,2.0,1.0,4.73,86.0,https://www.airbnb.es/rooms/1287750819488598191
Valencia,Patraix,856569637537340825,2026-06-01,Apto. residencial en Valencia,132.0,2.0,1.0,1.0,1.0,4.73,192.0,https://www.airbnb.es/rooms/856569637537340825
Valencia,Patraix,1460907580928275190,2026-06-01,Alojamiento en Chirivella,42.0,2.0,2.0,1.0,2.0,4.8,5.0,https://www.airbnb.es/rooms/1460907580928275190
Valencia,Patraix,42823413,2026-06-01,Apartamento en Valencia,190.0,6.0,3.0,4.0,2.0,4.75,80.0,https://www.airbnb.es/rooms/42823413
Valencia,Patraix,1273764762920232905,2026-06-01,Apartamento en Valencia,132.0,4.0,,2.0,1.0,4.33,6.0,https://www.airbnb.es/rooms/1273764762920232905
Valencia,Patraix,1147137978413342367,2026-06-01,Apartahotel en Valencia,125.0,4.0,1.0,1.0,1.0,4.91,68.0,https://www.airbnb.es/rooms/1147137978413342367
Valencia,Patraix,28836747,2026-06-01,Habitación de hotel en Valencia,37.0,1.0,1.0,1.0,1.0,4.77,181.0,https://www.airbnb.es/rooms/28836747
Valencia,Patraix,1390406547431572803,2026-06-01,Apartamento en Valencia,153.0,3.0,2.0,5.0,1.0,4.79,39.0,https://www.airbnb.es/rooms/1390406547431572803
Valencia,Patraix,1522464652811906036,2026-06-01,Vivienda en Valencia,151.0,4.0,1.0,1.0,1.0,4.87,46.0,https://www.airbnb.es/rooms/1522464652811906036
Valencia,Patraix,1635455386228720977,2026-06-01,Apartamento en Valencia,168.0,4.0,1.0,2.0,1.0,,,https://www.airbnb.es/rooms/1635455386228720977
Valencia,Patraix,743244065080966066,2026-06-01,Habitación en Valencia,82.0,,,2.0,,4.88,237.0,https://www.airbnb.es/rooms/743244065080966066
Valencia,Patraix,1424625542168462164,2026-06-01,Apartamento en Benetúser,129.0,6.0,2.0,5.0,1.0,4.89,93.0,https://www.airbnb.es/rooms/1424625542168462164
Valencia,Patraix,808573,2026-06-01,Habitación de hotel en Burjasot,93.0,6.0,2.0,,2.0,4.71,363.0,https://www.airbnb.es/rooms/808573
Valencia,Patraix,948418106651889138,2026-06-01,Alojamiento en Valencia,53.0,2.0,1.0,1.0,1.0,4.29,31.0,https://www.airbnb.es/rooms/948418106651889138
Valencia,Patraix,743186075147318111,2026-06-01,Apto. residencial en Valencia,201.0,6.0,3.0,4.0,2.0,4.72,193.0,https://www.airbnb.es/rooms/743186075147318111
Valencia,Patraix,1401164747879817502,2026-06-01,Habitación en Valencia,64.0,,,2.0,,4.6,30.0,https://www.airbnb.es/rooms/1401164747879817502
Valencia,Patraix,1679941376771509615,2026-06-01,Alojamiento en Valencia,95.0,2.0,1.0,1.0,1.0,,,https://www.airbnb.es/rooms/1679941376771509615
Valencia,Patraix,50621566,2026-06-01,Loft en Valencia,175.0,4.0,2.0,2.0,1.0,4.91,237.0,https://www.airbnb.es/rooms/50621566
Valencia,Patraix,1405974262281855257,2026-06-01,Apartamento en Valencia,119.0,4.0,2.0,2.0,1.0,4.74,23.0,https://www.airbnb.es/rooms/1405974262281855257
Valencia,Patraix,1257825541503087694,2026-06-01,Loft en Valencia,122.0,4.0,1.0,2.0,1.0,4.96,70.0,https://www.airbnb.es/rooms/1257825541503087694
Valencia,Patraix,997063990758123324,2026-06-01,Apartamento en Valencia,248.0,6.0,2.0,3.0,2.0,4.95,208.0,https://www.airbnb.es/rooms/997063990758123324
Valencia,Patraix,1318125955444191350,2026-06-01,Apartamento en Valencia,144.0,4.0,1.0,2.0,1.0,4.76,99.0,https://www.airbnb.es/rooms/1318125955444191350
Valencia,Patraix,843965481980144443,2026-06-01,Habitación en Burjasot,40.0,,,1.0,,4.85,112.0,https://www.airbnb.es/rooms/843965481980144443
Valencia,Patraix,659910490316445110,2026-06-01,Apartamento en Valencia,141.0,5.0,2.0,3.0,1.0,4.74,170.0,https://www.airbnb.es/rooms/659910490316445110
Valencia,Patraix,1102600082626398888,2026-06-01,Apartamento en Valencia,116.0,5.0,1.0,3.0,1.0,4.26,117.0,https://www.airbnb.es/rooms/1102600082626398888
Valencia,Patraix,1222481324368118241,2026-06-01,Apartamento en Valencia,174.0,4.0,1.0,2.0,1.0,4.87,53.0,https://www.airbnb.es/rooms/1222481324368118241
Valencia,Patraix,1364372676801870660,2026-06-01,Loft en Valencia,82.0,2.0,1.0,1.0,1.0,4.8,5.0,https://www.airbnb.es/rooms/1364372676801870660
Valencia,Patraix,1207703065724832169,2026-06-01,Apartamento en Valencia,150.0,6.0,2.0,3.0,1.0,4.86,70.0,https://www.airbnb.es/rooms/1207703065724832169
Valencia,Patraix,1375353041885463059,2026-06-01,Habitación en Valencia,59.0,,,1.0,,4.65,49.0,https://www.airbnb.es/rooms/1375353041885463059
Valencia,Patraix,1167296448957671368,2026-06-01,Apartamento en Valencia,153.0,4.0,1.0,2.0,1.0,4.71,7.0,https://www.airbnb.es/rooms/1167296448957671368
Valencia,Patraix,1635492286820751413,2026-06-01,Apartamento en Valencia,162.0,4.0,1.0,2.0,1.0,,,https://www.airbnb.es/rooms/1635492286820751413
Valencia,Patraix,696965243391455134,2026-06-01,Apartamento en Valencia,186.0,6.0,3.0,3.0,2.0,4.68,244.0,https://www.airbnb.es/rooms/696965243391455134
Valencia,Patraix,46034145,2026-06-01,Apartamento en Valencia,102.0,2.0,,1.0,1.0,4.89,106.0,https://www.airbnb.es/rooms/46034145
Valencia,Patraix,1259960882727342182,2026-06-01,Habitación en Valencia,86.0,,,1.0,,5.0,34.0,https://www.airbnb.es/rooms/1259960882727342182
Valencia,Patraix,1192621607560178037,2026-06-01,Loft en Valencia,200.0,3.0,1.0,2.0,1.0,4.79,87.0,https://www.airbnb.es/rooms/1192621607560178037
Valencia,Patraix,1145106173050203663,2026-06-01,Apartamento en Valencia,129.0,2.0,1.0,,1.0,4.85,81.0,https://www.airbnb.es/rooms/1145106173050203663
Valencia,Patraix,46803758,2026-06-01,Alojamiento en Valencia,59.0,2.0,1.0,1.0,,4.43,126.0,https://www.airbnb.es/rooms/46803758
Valencia,Patraix,50867896,2026-06-01,Apartamento en Valencia,226.0,6.0,2.0,4.0,1.0,4.7,54.0,https://www.airbnb.es/rooms/50867896
Valencia,Patraix,1213794089365977911,2026-06-01,Apartamento en Valencia,139.0,4.0,1.0,1.0,1.0,4.64,14.0,https://www.airbnb.es/rooms/1213794089365977911
Valencia,Patraix,45746964,2026-06-01,Bed & breakfast en Valencia,98.0,2.0,1.0,1.0,1.0,4.75,4.0,https://www.airbnb.es/rooms/45746964
Valencia,Patraix,1192539496426011861,2026-06-01,Apartamento en Valencia,273.0,5.0,2.0,4.0,1.0,4.8,5.0,https://www.airbnb.es/rooms/1192539496426011861
Valencia,Patraix,1231785744537107577,2026-06-01,Apartamento en Valencia,161.0,3.0,,2.0,1.0,4.67,45.0,https://www.airbnb.es/rooms/1231785744537107577
Valencia,Patraix,1277575559230116842,2026-06-01,Apartamento en Valencia,129.0,2.0,,1.0,1.0,4.86,7.0,https://www.airbnb.es/rooms/1277575559230116842
Valencia,Patraix,45746689,2026-06-01,Habitación en Valencia,68.0,,,1.0,,4.59,51.0,https://www.airbnb.es/rooms/45746689
Valencia,Patraix,1599214253398035730,2026-06-01,Apartamento en Valencia,159.0,4.0,1.0,2.0,1.0,,,https://www.airbnb.es/rooms/1599214253398035730
Valencia,Patraix,1682733677251097264,2026-06-01,Apartamento en Valencia,120.0,2.0,1.0,,1.0,,,https://www.airbnb.es/rooms/1682733677251097264
Valencia,Patraix,1366479408787658421,2026-06-01,Apartamento en Valencia,147.0,4.0,1.0,3.0,1.0,4.83,40.0,https://www.airbnb.es/rooms/1366479408787658421
Valencia,Patraix,16441101,2026-06-01,Hotel en Burjasot,102.0,6.0,2.0,6.0,2.0,4.54,24.0,https://www.airbnb.es/rooms/16441101
Valencia,Patraix,40361417,2026-06-01,Apartamento en Mislata,132.0,6.0,2.0,3.0,1.0,4.63,83.0,https://www.airbnb.es/rooms/40361417
Valencia,Patraix,1147750626348882839,2026-06-01,Apartamento en Valencia,155.0,4.0,1.0,2.0,1.0,4.86,43.0,https://www.airbnb.es/rooms/1147750626348882839
Valencia,Patraix,1155089812157305602,2026-06-01,Apartamento en Valencia,112.0,4.0,1.0,2.0,1.0,4.61,38.0,https://www.airbnb.es/rooms/1155089812157305602
Valencia,Patraix,1630410176700345874,2026-06-01,Apartamento en Valencia,166.0,4.0,1.0,2.0,1.0,,,https://www.airbnb.es/rooms/1630410176700345874
Valencia,Patraix,1422375968526249613,2026-06-01,Apartamento en Valencia,236.0,6.0,2.0,4.0,2.0,5.0,3.0,https://www.airbnb.es/rooms/1422375968526249613
Valencia,Patraix,1394766176732695921,2026-06-01,easyHotel Valencia Ciutat Vella,144.0,,,,,4.77,22.0,https://www.airbnb.es/rooms/1394766176732695921
Valencia,Patraix,1153832658973092503,2026-06-01,Habitación en Valencia,78.0,,,1.0,,4.58,132.0,https://www.airbnb.es/rooms/1153832658973092503
Valencia,Patraix,1401282391679654922,2026-06-01,Apartamento en Valencia,235.0,6.0,2.0,2.0,2.0,4.96,52.0,https://www.airbnb.es/rooms/1401282391679654922
Valencia,Patraix,1404176697606872527,2026-06-01,Apartamento en Valencia,138.0,4.0,1.0,1.0,1.0,4.82,22.0,https://www.airbnb.es/rooms/1404176697606872527
Valencia,Patraix,1495763528567236413,2026-06-01,Loft en Valencia,143.0,4.0,1.0,1.0,1.0,4.35,20.0,https://www.airbnb.es/rooms/1495763528567236413
Valencia,Patraix,1425404072039542559,2026-06-01,Apartamento en Port Saplaya,159.0,6.0,3.0,6.0,0.0,4.63,65.0,https://www.airbnb.es/rooms/1425404072039542559
Valencia,Patraix,1543310920704023641,2026-06-01,Apartamento en Valencia,121.0,4.0,1.0,2.0,1.0,4.76,54.0,https://www.airbnb.es/rooms/1543310920704023641
Valencia,Patraix,1441053500313447603,2026-06-01,Apartamento en Valencia,189.0,4.0,1.0,2.0,1.0,4.9,30.0,https://www.airbnb.es/rooms/1441053500313447603
Valencia,Patraix,1566522140026019963,2026-06-01,Habitación de hotel compartida en Valencia,22.0,,,1.0,,3.76,46.0,https://www.airbnb.es/rooms/1566522140026019963
Valencia,Patraix,11678559,2026-06-01,Apartamento en Valencia,250.0,8.0,4.0,5.0,2.0,4.89,256.0,https://www.airbnb.es/rooms/11678559
Valencia,Patraix,1080387598065347617,2026-06-01,Alojamiento en Valencia,105.0,2.0,1.0,1.0,1.0,4.54,112.0,https://www.airbnb.es/rooms/1080387598065347617
Valencia,Patraix,41880017,2026-06-01,Hotel en Valencia,59.0,2.0,1.0,1.0,1.0,4.15,13.0,https://www.airbnb.es/rooms/41880017
Valencia,Patraix,1192832580578840827,2026-06-01,Hotel en Valencia,113.0,2.0,1.0,1.0,1.0,4.7,79.0,https://www.airbnb.es/rooms/1192832580578840827
Valencia,Patraix,1637505118892363782,2026-06-01,Apartamento en Valencia,172.0,4.0,1.0,1.0,1.0,4.27,11.0,https://www.airbnb.es/rooms/1637505118892363782
Valencia,Patraix,26770759,2026-06-01,Apartamento en Valencia,142.0,4.0,1.0,2.0,1.0,4.94,259.0,https://www.airbnb.es/rooms/26770759
Valencia,Patraix,1187589262229377567,2026-06-01,Apartamento en Valencia,125.0,4.0,1.0,2.0,1.0,4.85,66.0,https://www.airbnb.es/rooms/1187589262229377567
Valencia,Patraix,1269444243185740401,2026-06-01,Apartamento en Valencia,188.0,4.0,1.0,2.0,1.0,4.89,18.0,https://www.airbnb.es/rooms/1269444243185740401
Valencia,Patraix,26930146,2026-06-01,Apartamento en Valencia,196.0,8.0,4.0,6.0,2.0,4.81,259.0,https://www.airbnb.es/rooms/26930146
Valencia,Patraix,879731561064142425,2026-06-01,Suite con entrada independiente en Valencia,140.0,6.0,1.0,2.0,1.0,4.93,173.0,https://www.airbnb.es/rooms/879731561064142425
Valencia,Patraix,1629724098959902845,2026-06-01,Apartamento en Valencia,183.0,4.0,1.0,2.0,1.0,4.0,3.0,https://www.airbnb.es/rooms/1629724098959902845
Valencia,Patraix,1457159715285449182,2026-06-01,Habitación en Valencia,90.0,,,1.0,,4.53,40.0,https://www.airbnb.es/rooms/1457159715285449182
Valencia,Patraix,887699089860675354,2026-06-01,Habitación en Valencia,80.0,,,1.0,,4.29,34.0,https://www.airbnb.es/rooms/887699089860675354
Valencia,Patraix,1428038427561918358,2026-06-01,Apartamento en Valencia,159.0,4.0,2.0,2.0,1.0,4.67,60.0,https://www.airbnb.es/rooms/1428038427561918358
Valencia,Patraix,988390690825353361,2026-06-01,Loft en Valencia,147.0,2.0,,2.0,1.0,4.95,59.0,https://www.airbnb.es/rooms/988390690825353361
Valencia,Patraix,1547050451447063756,2026-06-01,Vivienda en Manises,235.0,8.0,4.0,7.0,2.0,4.95,20.0,https://www.airbnb.es/rooms/1547050451447063756
Valencia,Patraix,1104208387698709244,2026-06-01,Habitación compartida en Valencia,52.0,,,3.0,,4.75,20.0,https://www.airbnb.es/rooms/1104208387698709244
Valencia,Patraix,1653688529301104002,2026-06-01,Habitación compartida en Valencia,53.0,,,1.0,,4.53,19.0,https://www.airbnb.es/rooms/1653688529301104002
Valencia,Patraix,768839744509573011,2026-06-01,Apartamento en Valencia,126.0,3.0,1.0,1.0,1.0,4.68,215.0,https://www.airbnb.es/rooms/768839744509573011
Valencia,Patraix,931255016876977503,2026-06-01,Loft en Valencia,205.0,5.0,3.0,3.0,1.0,4.79,178.0,https://www.airbnb.es/rooms/931255016876977503
Valencia,Patraix,1278156838577911108,2026-06-01,Apartamento en Valencia,141.0,4.0,,2.0,1.0,4.94,17.0,https://www.airbnb.es/rooms/1278156838577911108
Valencia,Patraix,1379523697187239243,2026-06-01,Apartamento en Valencia,116.0,4.0,,2.0,1.0,4.78,9.0,https://www.airbnb.es/rooms/1379523697187239243
Valencia,Patraix,1151288988345949707,2026-06-01,Habitación de hotel en Valencia,118.0,3.0,1.0,2.0,1.0,4.72,25.0,https://www.airbnb.es/rooms/1151288988345949707
Valencia,Patraix,1543378220055626058,2026-06-01,Apartamento en Valencia,157.0,4.0,2.0,5.0,1.0,4.73,41.0,https://www.airbnb.es/rooms/1543378220055626058
Valencia,Patraix,49915574,2026-06-01,Apartamento en Valencia,125.0,2.0,1.0,1.0,1.0,4.76,148.0,https://www.airbnb.es/rooms/49915574
Valencia,Patraix,1107802998613426854,2026-06-01,Apartamento en Valencia,265.0,5.0,2.0,4.0,1.0,,,https://www.airbnb.es/rooms/1107802998613426854
Valencia,Patraix,1233286051715314497,2026-06-01,Apartamento en Valencia,126.0,2.0,1.0,2.0,1.0,4.78,23.0,https://www.airbnb.es/rooms/1233286051715314497
Valencia,Patraix,1187462188665949600,2026-06-01,Apartamento en Valencia,188.0,6.0,2.0,3.0,1.0,4.71,76.0,https://www.airbnb.es/rooms/1187462188665949600
Valencia,Patraix,1275921238201173538,2026-06-01,Habitación de hotel en Valencia,120.0,4.0,1.0,2.0,1.0,4.76,115.0,https://www.airbnb.es/rooms/1275921238201173538
Valencia,Patraix,20135707,2026-06-01,Apartamento en Valencia,205.0,6.0,2.0,3.0,2.0,4.76,290.0,https://www.airbnb.es/rooms/20135707
Valencia,Patraix,1086688096488008371,2026-06-01,Loft en Valencia,100.0,3.0,1.0,1.0,1.0,4.67,132.0,https://www.airbnb.es/rooms/1086688096488008371
Valencia,Patraix,38688752,2026-06-01,Habitación de hotel en Valencia,48.0,1.0,1.0,1.0,1.0,4.7,33.0,https://www.airbnb.es/rooms/38688752
Valencia,Patraix,1254170920109648167,2026-06-01,Apartamento en Valencia,175.0,4.0,1.0,2.0,1.0,4.8,5.0,https://www.airbnb.es/rooms/1254170920109648167
Valencia,Patraix,1492911962179548553,2026-06-01,Loft en Valencia,144.0,4.0,1.0,1.0,1.0,5.0,5.0,https://www.airbnb.es/rooms/1492911962179548553
Valencia,Patraix,1192919197425069113,2026-06-01,Hotel en Valencia,109.0,2.0,1.0,1.0,1.0,4.43,7.0,https://www.airbnb.es/rooms/1192919197425069113
Valencia,Patraix,1524494836395080564,2026-06-01,Habitación de hotel compartida en Valencia,26.0,,,10.0,,4.49,96.0,https://www.airbnb.es/rooms/1524494836395080564
Valencia,Patraix,873980449234579085,2026-06-01,Apartamento en Valencia,204.0,6.0,3.0,4.0,1.0,4.53,30.0,https://www.airbnb.es/rooms/873980449234579085
Valencia,Patraix,53460968,2026-06-01,Apartamento en Valencia,198.0,3.0,,2.0,1.0,4.69,204.0,https://www.airbnb.es/rooms/53460968
Valencia,Patraix,1190660601896254565,2026-06-01,Habitación en Valencia,48.0,,,1.0,,4.69,39.0,https://www.airbnb.es/rooms/1190660601896254565
Valencia,Patraix,1425405405832997380,2026-06-01,Apartamento en Port Saplaya,219.0,8.0,4.0,8.0,0.0,4.87,23.0,https://www.airbnb.es/rooms/1425405405832997380
Valencia,Patraix,7254820,2026-06-01,Apartamento en Valencia,233.0,4.0,2.0,2.0,1.0,4.88,220.0,https://www.airbnb.es/rooms/7254820
Valencia,Patraix,1187429399209424216,2026-06-01,Apartamento en Valencia,188.0,6.0,2.0,3.0,1.0,4.67,79.0,https://www.airbnb.es/rooms/1187429399209424216
Valencia,Patraix,1612879697610338607,2026-06-01,Apartamento en Valencia,190.0,6.0,2.0,2.0,1.0,,,https://www.airbnb.es/rooms/1612879697610338607
Valencia,Patraix,938734,2026-06-01,Apartamento en Valencia,118.0,2.0,1.0,1.0,,4.37,81.0,https://www.airbnb.es/rooms/938734
Valencia,Patraix,50185488,2026-06-01,Apartamento en Valencia,185.0,4.0,2.0,2.0,1.0,4.77,142.0,https://www.airbnb.es/rooms/50185488
Valencia,Patraix,1097080390038260095,2026-06-01,Apartamento en Valencia,175.0,2.0,1.0,,1.0,4.91,57.0,https://www.airbnb.es/rooms/1097080390038260095
Valencia,Patraix,712712584892741915,2026-06-01,Apartamento en Valencia,236.0,5.0,2.0,3.0,1.0,4.84,295.0,https://www.airbnb.es/rooms/712712584892741915
Valencia,Patraix,844857601566232239,2026-06-01,Apartamento en Valencia,189.0,6.0,2.0,3.0,1.0,4.6,272.0,https://www.airbnb.es/rooms/844857601566232239
Valencia,Patraix,1446858614496961560,2026-06-01,Hostal en Manises,50.0,1.0,1.0,1.0,1.0,4.72,29.0,https://www.airbnb.es/rooms/1446858614496961560
Valencia,Patraix,980347426047095844,2026-06-01,Apartamento en Valencia,119.0,4.0,1.0,2.0,1.0,4.82,33.0,https://www.airbnb.es/rooms/980347426047095844
Valencia,Patraix,53469371,2026-06-01,Hotel en Valencia,94.0,3.0,1.0,3.0,1.0,4.88,8.0,https://www.airbnb.es/rooms/53469371
Valencia,Patraix,1254160871680527858,2026-06-01,Apartamento en Valencia,175.0,4.0,1.0,2.0,1.0,,,https://www.airbnb.es/rooms/1254160871680527858
Valencia,Patraix,1524493297336768120,2026-06-01,Habitación de hotel compartida en Valencia,27.0,,,8.0,,4.59,39.0,https://www.airbnb.es/rooms/1524493297336768120
Valencia,Patraix,1233814092740348474,2026-06-01,Apartamento en Valencia,176.0,6.0,2.0,2.0,1.0,4.75,16.0,https://www.airbnb.es/rooms/1233814092740348474
Valencia,Patraix,860812362642417137,2026-06-01,Habitación en Valencia,59.0,,,1.0,,4.53,19.0,https://www.airbnb.es/rooms/860812362642417137
Valencia,Patraix,1542022700922565734,2026-06-01,Apartamento en Valencia,105.0,2.0,1.0,1.0,1.0,,,https://www.airbnb.es/rooms/1542022700922565734
Valencia,Patraix,24435383,2026-06-01,Loft en Valencia,159.0,2.0,1.0,1.0,1.0,4.81,258.0,https://www.airbnb.es/rooms/24435383
Valencia,Patraix,1192925496990459796,2026-06-01,Hotel en Valencia,137.0,3.0,1.0,2.0,1.0,4.85,40.0,https://www.airbnb.es/rooms/1192925496990459796
Valencia,Patraix,1318236502182499555,2026-06-01,Apartamento en Valencia,171.0,4.0,1.0,2.0,1.0,4.94,95.0,https://www.airbnb.es/rooms/1318236502182499555
Valencia,Patraix,1254160098310400411,2026-06-01,Apartamento en Valencia,184.0,4.0,1.0,2.0,1.0,4.67,3.0,https://www.airbnb.es/rooms/1254160098310400411
Valencia,Patraix,1264470275993068625,2026-06-01,Habitación en Valencia,80.0,,,1.0,,4.66,47.0,https://www.airbnb.es/rooms/1264470275993068625
Valencia,Patraix,1319420598436902796,2026-06-01,Habitaciones en Valencia,59.0,,3.0,1.0,,,,https://www.airbnb.es/rooms/1319420598436902796
Valencia,Patraix,1251535907417987288,2026-06-01,Habitación en Valencia,70.0,,,2.0,,4.0,3.0,https://www.airbnb.es/rooms/1251535907417987288
Valencia,Patraix,844003211790758034,2026-06-01,Apartamento en Burjasot,104.0,2.0,1.0,2.0,1.0,4.77,196.0,https://www.airbnb.es/rooms/844003211790758034
Valencia,Patraix,1104101282540778290,2026-06-01,Habitaciones en Valencia,85.0,,2.0,2.0,,4.99,69.0,https://www.airbnb.es/rooms/1104101282540778290
Valencia,Patraix,1170933099646009574,2026-06-01,Apartamento en Valencia,141.0,4.0,1.0,3.0,1.0,4.77,79.0,https://www.airbnb.es/rooms/1170933099646009574
Valencia,Patraix,19169345,2026-06-01,Apartamento en Valencia,165.0,4.0,1.0,2.0,1.0,4.55,42.0,https://www.airbnb.es/rooms/19169345
Valencia,Patraix,1603555216980767248,2026-06-01,Apartamento en Valencia,219.0,4.0,,,1.0,,,https://www.airbnb.es/rooms/1603555216980767248
Valencia,Patraix,1548715020442788801,2026-06-01,Apartamento en Valencia,126.0,3.0,1.0,2.0,1.0,4.93,15.0,https://www.airbnb.es/rooms/1548715020442788801
Valencia,Patraix,1085513966444593612,2026-06-01,Loft en Valencia,100.0,3.0,1.0,1.0,1.0,4.48,95.0,https://www.airbnb.es/rooms/1085513966444593612
Valencia,Patraix,957105056123376288,2026-06-01,Loft en Valencia,129.0,2.0,,1.0,1.0,4.67,52.0,https://www.airbnb.es/rooms/957105056123376288
Valencia,Patraix,1434701573230361064,2026-06-01,Apartamento en Valencia,138.0,2.0,1.0,1.0,1.0,4.61,54.0,https://www.airbnb.es/rooms/1434701573230361064
Valencia,Patraix,1133019910389060816,2026-06-01,Apartamento en Valencia,200.0,4.0,1.0,2.0,1.0,4.78,46.0,https://www.airbnb.es/rooms/1133019910389060816
Valencia,Patraix,42727914,2026-06-01,Apartamento en Valencia,252.0,4.0,2.0,2.0,1.0,4.93,190.0,https://www.airbnb.es/rooms/42727914
Valencia,Patraix,1220306924161071748,2026-06-01,Apartamento en Valencia,123.0,2.0,,1.0,1.0,4.67,21.0,https://www.airbnb.es/rooms/1220306924161071748
Valencia,Patraix,1308580370407817420,2026-06-01,Habitación compartida en Valencia,29.0,,,8.0,,4.68,28.0,https://www.airbnb.es/rooms/1308580370407817420
Valencia,Patraix,1412374476597247594,2026-06-01,Apartamento en Valencia,280.0,6.0,3.0,3.0,2.0,4.77,39.0,https://www.airbnb.es/rooms/1412374476597247594
Valencia,Patraix,1170949559421381685,2026-06-01,Apartamento en Valencia,135.0,4.0,1.0,3.0,1.0,4.73,59.0,https://www.airbnb.es/rooms/1170949559421381685
Valencia,Patraix,1643490258032948253,2026-06-01,Hostal en Valencia,89.0,,,,,4.8,10.0,https://www.airbnb.es/rooms/1643490258032948253
Valencia,Patraix,5628080,2026-06-01,Habitación en Paterna,53.0,,,,,4.9,40.0,https://www.airbnb.es/rooms/5628080
Valencia,Patraix,1090385444452215714,2026-06-01,Apartamento en Valencia,129.0,4.0,,2.0,1.0,4.84,25.0,https://www.airbnb.es/rooms/1090385444452215714
Valencia,Patraix,1218679399975540970,2026-06-01,Apartamento en Valencia,133.0,4.0,,2.0,1.0,4.74,38.0,https://www.airbnb.es/rooms/1218679399975540970
Valencia,Patraix,1532440405302494173,2026-06-01,Apartamento en Valencia,162.0,6.0,2.0,1.0,1.0,4.4,15.0,https://www.airbnb.es/rooms/1532440405302494173
Valencia,Patraix,1481925667485362724,2026-06-01,Alojamiento en Chirivella,47.0,1.0,1.0,1.0,2.0,5.0,4.0,https://www.airbnb.es/rooms/1481925667485362724
Valencia,Patraix,1521694286655934392,2026-06-01,Vivienda en Manises,229.0,7.0,3.0,6.0,2.0,4.76,25.0,https://www.airbnb.es/rooms/1521694286655934392
Valencia,Patraix,1545824359332831130,2026-06-01,Apartamento en Malvarrosa,258.0,8.0,3.0,5.0,1.0,4.72,25.0,https://www.airbnb.es/rooms/1545824359332831130
Valencia,Patraix,1254848865340952648,2026-06-01,Apartamento en Valencia,237.0,,,,,4.8,5.0,https://www.airbnb.es/rooms/1254848865340952648
Valencia,Patraix,844619245994295364,2026-06-01,Apartamento en Camins al Grau,189.0,5.0,,2.0,1.0,4.62,293.0,https://www.airbnb.es/rooms/844619245994295364
Valencia,Patraix,1427767447708621364,2026-06-01,Apartamento en L'Amistat,136.0,2.0,1.0,2.0,1.0,4.77,30.0,https://www.airbnb.es/rooms/1427767447708621364
Valencia,Patraix,1607840187609887992,2026-06-01,Hotel en Valencia,152.0,2.0,1.0,1.0,0.0,,,https://www.airbnb.es/rooms/1607840187609887992
Valencia,Patraix,1219388577599626609,2026-06-01,Apartamento en Valencia,149.0,2.0,1.0,2.0,1.0,4.81,52.0,https://www.airbnb.es/rooms/1219388577599626609
Valencia,Patraix,1076653638122481644,2026-06-01,Apartamento en El Cabanyal-El Canyamelar,270.0,6.0,2.0,4.0,2.0,4.9,50.0,https://www.airbnb.es/rooms/1076653638122481644
Valencia,Patraix,28092199,2026-06-01,Habitación en Patraix,33.0,,,1.0,,4.44,16.0,https://www.airbnb.es/rooms/28092199
Valencia,Patraix,1395734874504535798,2026-06-01,Habitación compartida en Camins al Grau,30.0,,,,,4.63,27.0,https://www.airbnb.es/rooms/1395734874504535798
Valencia,Patraix,1640554297357232763,2026-06-01,Hostal en Ciutat Vella,89.0,2.0,1.0,2.0,1.0,4.62,13.0,https://www.airbnb.es/rooms/1640554297357232763
Valencia,Patraix,1395777725220292713,2026-06-01,Habitación compartida en Camins al Grau,31.0,,,6.0,,4.63,19.0,https://www.airbnb.es/rooms/1395777725220292713
Valencia,Patraix,1295422269779961273,2026-06-01,Loft en Malvarrosa,147.0,2.0,1.0,1.0,1.0,4.6,99.0,https://www.airbnb.es/rooms/1295422269779961273
Valencia,Patraix,1347875013700163388,2026-06-01,Apartamento en Algirós,140.0,4.0,1.0,2.0,1.0,4.89,19.0,https://www.airbnb.es/rooms/1347875013700163388
Valencia,Patraix,1516712870057318982,2026-06-01,Hotel en Ciutat Vella,205.0,,,,,4.58,19.0,https://www.airbnb.es/rooms/1516712870057318982
Valencia,Patraix,1215878839568324919,2026-06-01,Apartamento en Valencia,164.0,,,,,4.57,60.0,https://www.airbnb.es/rooms/1215878839568324919
Valencia,Patraix,18426659,2026-06-01,Loft en Russafa,181.0,2.0,1.0,1.0,1.0,4.8,425.0,https://www.airbnb.es/rooms/18426659
Valencia,Patraix,1029479461362811368,2026-06-01,Loft en Camins al Grau,157.0,2.0,,1.0,1.0,4.79,145.0,https://www.airbnb.es/rooms/1029479461362811368
Valencia,Patraix,51611389,2026-06-01,Apartamento en El Cabanyal-El Canyamelar,231.0,6.0,2.0,3.0,1.0,4.66,161.0,https://www.airbnb.es/rooms/51611389
Valencia,Patraix,1581959407495999126,2026-06-01,Apartamento en Valencia,139.0,4.0,1.0,1.0,1.0,,,https://www.airbnb.es/rooms/1581959407495999126
Valencia,Patraix,1609302291357461191,2026-06-01,Hotel en Valencia,211.0,4.0,1.0,2.0,0.0,,,https://www.airbnb.es/rooms/1609302291357461191
Valencia,Patraix,1275656721580654328,2026-06-01,Apartamento en Algirós,117.0,2.0,,1.0,1.0,4.67,3.0,https://www.airbnb.es/rooms/1275656721580654328
Valencia,Patraix,1121525098311929924,2026-06-01,Apartamento en Extramurs,185.0,4.0,2.0,3.0,1.0,4.31,16.0,https://www.airbnb.es/rooms/1121525098311929924
Valencia,Patraix,1573124076168830789,2026-06-01,Apartamento en Valencia,182.0,4.0,1.0,2.0,1.0,5.0,7.0,https://www.airbnb.es/rooms/1573124076168830789
Valencia,Patraix,980852262153350113,2026-06-01,Apartamento en Malvarrosa,119.0,,,,,4.54,13.0,https://www.airbnb.es/rooms/980852262153350113
Valencia,Patraix,51720969,2026-06-01,Apartamento en Ciutat Vella,179.0,,,,,5.0,3.0,https://www.airbnb.es/rooms/51720969
Valencia,Patraix,49493986,2026-06-01,Apto. residencial en Camins al Grau,187.0,7.0,4.0,4.0,2.0,4.71,103.0,https://www.airbnb.es/rooms/49493986
Valencia,Patraix,1228240140332550058,2026-06-01,Apartamento en Cuatre Carreres,144.0,4.0,1.0,2.0,1.0,4.61,44.0,https://www.airbnb.es/rooms/1228240140332550058
Valencia,Patraix,1607911063851267271,2026-06-01,Hotel en Valencia,140.0,2.0,1.0,1.0,0.0,,,https://www.airbnb.es/rooms/1607911063851267271
Valencia,Patraix,1116779529373427744,2026-06-01,Loft en Natzaret,138.0,4.0,1.0,2.0,1.0,4.75,80.0,https://www.airbnb.es/rooms/1116779529373427744
Valencia,Patraix,1309334858285010777,2026-06-01,Habitación compartida en Camins al Grau,29.0,,,8.0,,4.08,12.0,https://www.airbnb.es/rooms/1309334858285010777
Valencia,Patraix,609042535173332206,2026-06-01,Vivienda vacacional en El Cabanyal-El Canyamelar,247.0,6.0,2.0,3.0,2.0,4.76,165.0,https://www.airbnb.es/rooms/609042535173332206
Valencia,Patraix,1074404568126123746,2026-06-01,Apartamento en Extramurs,150.0,,,,,4.42,12.0,https://www.airbnb.es/rooms/1074404568126123746
Valencia,Patraix,1082463870080111781,2026-06-01,Apartahotel en Cuatre Carreres,133.0,4.0,1.0,1.0,1.0,4.75,4.0,https://www.airbnb.es/rooms/1082463870080111781
Valencia,Patraix,1092691689259355963,2026-06-01,Apartamento en Cuatre Carreres,140.0,2.0,1.0,1.0,1.0,4.4,5.0,https://www.airbnb.es/rooms/1092691689259355963
Valencia,Patraix,582973718271656183,2026-06-01,Apartamento en Ciutat Vella,208.0,6.0,2.0,3.0,1.0,4.88,8.0,https://www.airbnb.es/rooms/582973718271656183
Valencia,Patraix,912186572570322061,2026-06-01,Apartamento en Ciutat Vella,167.0,4.0,1.0,2.0,1.0,4.79,14.0,https://www.airbnb.es/rooms/912186572570322061
Valencia,Patraix,914940682850148989,2026-06-01,Apartamento en Puebla de Farnals,135.0,4.0,1.0,3.0,1.0,4.94,246.0,https://www.airbnb.es/rooms/914940682850148989
Valencia,Patraix,938110941050052733,2026-06-01,Loft en Valencia,190.0,3.0,1.0,2.0,1.0,4.54,37.0,https://www.airbnb.es/rooms/938110941050052733
Valencia,Patraix,19905509,2026-06-01,Apartamento en Valencia,257.0,4.0,2.0,3.0,2.0,4.81,165.0,https://www.airbnb.es/rooms/19905509
Valencia,Patraix,730832755247670221,2026-06-01,Apartamento en Valencia,229.0,4.0,1.0,2.0,1.0,4.92,12.0,https://www.airbnb.es/rooms/730832755247670221
Valencia,Patraix,50494851,2026-06-01,Loft en Valencia,191.0,4.0,1.0,2.0,1.0,4.66,93.0,https://www.airbnb.es/rooms/50494851
Valencia,Patraix,1403858593613230266,2026-06-01,Habitación en Torrent,40.0,,,1.0,,3.67,3.0,https://www.airbnb.es/rooms/1403858593613230266
Valencia,Patraix,1220306731131365935,2026-06-01,Apartamento en Valencia,131.0,4.0,,2.0,1.0,4.67,18.0,https://www.airbnb.es/rooms/1220306731131365935
Valencia,Patraix,1045441732698251354,2026-06-01,Apartamento en Valencia,152.0,,,,,4.38,129.0,https://www.airbnb.es/rooms/1045441732698251354
Valencia,Patraix,11842432,2026-06-01,Apartamento en Valencia,200.0,2.0,1.0,2.0,1.0,4.63,145.0,https://www.airbnb.es/rooms/11842432
Valencia,Patraix,53355963,2026-06-01,Apartamento en Valencia,145.0,4.0,1.0,2.0,1.0,4.61,59.0,https://www.airbnb.es/rooms/53355963
Valencia,Patraix,1502042659796281704,2026-06-01,Loft en Valencia,160.0,2.0,1.0,2.0,1.0,4.59,32.0,https://www.airbnb.es/rooms/1502042659796281704
Valencia,Patraix,1340632888427451713,2026-06-01,Apartamento en Valencia,127.0,2.0,1.0,1.0,1.0,4.74,80.0,https://www.airbnb.es/rooms/1340632888427451713
Valencia,Patraix,1082464695961892979,2026-06-01,Apartahotel en Valencia,125.0,4.0,1.0,2.0,1.0,4.71,28.0,https://www.airbnb.es/rooms/1082464695961892979
Valencia,Patraix,1333406438369114902,2026-06-01,Habitación en Valencia,71.0,,,2.0,,4.77,35.0,https://www.airbnb.es/rooms/1333406438369114902
Valencia,Patraix,878820494292655166,2026-06-01,Apartamento en Valencia,190.0,4.0,1.0,3.0,1.0,5.0,3.0,https://www.airbnb.es/rooms/878820494292655166
Valencia,Patraix,14552908,2026-06-01,Cueva en Paterna,123.0,4.0,2.0,3.0,1.0,4.62,278.0,https://www.airbnb.es/rooms/14552908
Valencia,Patraix,43019647,2026-06-01,Apartamento en Paterna,149.0,4.0,2.0,2.0,2.0,4.7,33.0,https://www.airbnb.es/rooms/43019647
Valencia,Patraix,1374406670352704529,2026-06-01,Apartamento en Port Saplaya,238.0,6.0,3.0,4.0,3.0,4.45,38.0,https://www.airbnb.es/rooms/1374406670352704529
Valencia,Patraix,1309230633826024362,2026-06-01,Apartamento en Valencia,178.0,4.0,1.0,3.0,0.0,5.0,17.0,https://www.airbnb.es/rooms/1309230633826024362
Valencia,Patraix,1649123458044221333,2026-06-01,Hostal en Valencia,115.0,,,,,4.1,10.0,https://www.airbnb.es/rooms/1649123458044221333
Valencia,Patraix,913632023760894090,2026-06-01,Habitación en Valencia,118.0,,,1.0,,5.0,22.0,https://www.airbnb.es/rooms/913632023760894090
Valencia,Patraix,1188450940860544992,2026-06-01,Loft en Valencia,106.0,4.0,1.0,1.0,1.0,4.71,77.0,https://www.airbnb.es/rooms/1188450940860544992
Valencia,Patraix,19169313,2026-06-01,Apartamento en Valencia,176.0,4.0,1.0,2.0,1.0,4.45,98.0,https://www.airbnb.es/rooms/19169313
Valencia,Patraix,1116764743700338104,2026-06-01,Apartamento en Valencia,138.0,2.0,1.0,2.0,1.0,4.74,73.0,https://www.airbnb.es/rooms/1116764743700338104
Valencia,Patraix,1309223791917582762,2026-06-01,Apartamento en Valencia,186.0,4.0,1.0,2.0,1.0,,,https://www.airbnb.es/rooms/1309223791917582762
Valencia,Patraix,1208089309681136650,2026-06-01,Alojamiento en Valencia,91.0,2.0,1.0,1.0,1.0,4.76,51.0,https://www.airbnb.es/rooms/1208089309681136650
Valencia,Patraix,1381020234640096897,2026-06-01,Apartamento en Valencia,217.0,,,,,4.92,59.0,https://www.airbnb.es/rooms/1381020234640096897
Valencia,Patraix,1370263853601754234,2026-06-01,Apartamento en Valencia,211.0,2.0,1.0,1.0,1.0,4.4,5.0,https://www.airbnb.es/rooms/1370263853601754234
Valencia,Patraix,1117763306906360041,2026-06-01,Apartamento en Valencia,138.0,4.0,1.0,2.0,1.0,4.58,80.0,https://www.airbnb.es/rooms/1117763306906360041
Valencia,Patraix,1574595091519322843,2026-06-01,Bed & breakfast en Valencia,77.0,2.0,1.0,1.0,1.0,4.28,18.0,https://www.airbnb.es/rooms/1574595091519322843
Valencia,Patraix,613637123509346545,2026-06-01,Apartamento en Valencia,311.0,6.0,2.0,3.0,1.0,4.83,159.0,https://www.airbnb.es/rooms/613637123509346545
Valencia,Patraix,1028681600083538711,2026-06-01,Apartamento en Valencia,194.0,4.0,1.0,2.0,1.0,4.86,63.0,https://www.airbnb.es/rooms/1028681600083538711
Valencia,Patraix,710494612932574416,2026-06-01,Hotel boutique en Valencia,145.0,2.0,1.0,1.0,1.0,4.85,27.0,https://www.airbnb.es/rooms/710494612932574416
Valencia,Patraix,1445666480713235113,2026-06-01,Vivienda en Burjasot,293.0,4.0,2.0,3.0,2.0,5.0,22.0,https://www.airbnb.es/rooms/1445666480713235113
Valencia,Patraix,1425379131766964177,2026-06-01,Apartamento en Port Saplaya,155.0,,,,,4.68,19.0,https://www.airbnb.es/rooms/1425379131766964177
Valencia,Patraix,1461556181651064090,2026-06-01,Apartamento en Valencia,174.0,3.0,1.0,2.0,1.0,4.43,14.0,https://www.airbnb.es/rooms/1461556181651064090
Valencia,Patraix,1660747493393816910,2026-06-01,Habitación de hotel compartida en Valencia,25.0,,,1.0,,3.6,5.0,https://www.airbnb.es/rooms/1660747493393816910
Valencia,Patraix,866521635504366299,2026-06-01,Alojamiento en Valencia,152.0,2.0,1.0,1.0,2.0,4.67,3.0,https://www.airbnb.es/rooms/866521635504366299
Valencia,Patraix,26252623,2026-06-01,Apartamento en Valencia,274.0,8.0,4.0,6.0,1.0,4.48,264.0,https://www.airbnb.es/rooms/26252623
Valencia,Patraix,45745180,2026-06-01,Hostal en Valencia,134.0,2.0,1.0,1.0,1.0,4.64,39.0,https://www.airbnb.es/rooms/45745180
Valencia,Patraix,38690008,2026-06-01,Habitación de hotel en Valencia,55.0,1.0,1.0,1.0,1.0,4.8,55.0,https://www.airbnb.es/rooms/38690008
Valencia,Patraix,1013893880064605677,2026-06-01,Apartamento en Godella,150.0,4.0,1.0,2.0,1.0,4.9,40.0,https://www.airbnb.es/rooms/1013893880064605677
Valencia,Patraix,1074382554534579679,2026-06-01,Apartamento en Valencia,180.0,4.0,1.0,2.0,1.0,4.6,47.0,https://www.airbnb.es/rooms/1074382554534579679
Valencia,Patraix,1479875765477470356,2026-06-01,Alojamiento en Mislata,53.0,2.0,1.0,2.0,,,,https://www.airbnb.es/rooms/1479875765477470356
Valencia,Patraix,1284944291429036042,2026-06-01,Habitación en Manises,78.0,,,1.0,,,,https://www.airbnb.es/rooms/1284944291429036042
Valencia,Patraix,1425961695106085987,2026-06-01,Apartamento en Valencia,190.0,4.0,1.0,1.0,1.0,,,https://www.airbnb.es/rooms/1425961695106085987
Valencia,Patraix,1285331757536687338,2026-06-01,Apartamento en Valencia,243.0,4.0,1.0,2.0,1.0,,,https://www.airbnb.es/rooms/1285331757536687338
Valencia,Patraix,1654165767449896366,2026-06-01,Vivienda en Valencia,127.0,4.0,1.0,1.0,1.0,,,https://www.airbnb.es/rooms/1654165767449896366
Valencia,Patraix,1375245120707310190,2026-06-01,Habitación en Valencia,212.0,,,1.0,,4.9,30.0,https://www.airbnb.es/rooms/1375245120707310190
Valencia,Patraix,1577487808702580992,2026-06-01,Apartamento en Valencia,169.0,2.0,1.0,1.0,1.0,4.58,45.0,https://www.airbnb.es/rooms/1577487808702580992
Valencia,Patraix,1233846790081427267,2026-06-01,Hotel en Valencia,122.0,2.0,1.0,1.0,1.0,4.45,129.0,https://www.airbnb.es/rooms/1233846790081427267
Valencia,Patraix,1543404315943790513,2026-06-01,Apartamento en Valencia,122.0,4.0,1.0,2.0,1.0,4.6,5.0,https://www.airbnb.es/rooms/1543404315943790513
Valencia,Patraix,897619095049425307,2026-06-01,Habitación en Valencia,65.0,,,1.0,,4.56,55.0,https://www.airbnb.es/rooms/897619095049425307
Valencia,Patraix,886998425075070494,2026-06-01,Habitación en Valencia,100.0,,,1.0,,4.46,26.0,https://www.airbnb.es/rooms/886998425075070494
Valencia,Benicalap,1679948472735002468,2026-06-01,Alojamiento en Valencia,92.0,2.0,1.0,1.0,1.0,,,https://www.airbnb.es/rooms/1679948472735002468
Valencia,Benicalap,997063990758123324,2026-06-01,Apartamento en Valencia,248.0,6.0,2.0,3.0,2.0,4.95,208.0,https://www.airbnb.es/rooms/997063990758123324
Valencia,Benicalap,1029880800518857431,2026-06-01,Habitación en Valencia,33.0,,,1.0,,4.56,177.0,https://www.airbnb.es/rooms/1029880800518857431
Valencia,Benicalap,808573,2026-06-01,Habitación de hotel en Burjasot,93.0,6.0,2.0,,2.0,4.71,363.0,https://www.airbnb.es/rooms/808573
Valencia,Benicalap,16441101,2026-06-01,Hotel en Burjasot,102.0,6.0,2.0,6.0,2.0,4.54,24.0,https://www.airbnb.es/rooms/16441101
Valencia,Benicalap,1412374476597247594,2026-06-01,Apartamento en Valencia,280.0,6.0,3.0,3.0,2.0,4.77,39.0,https://www.airbnb.es/rooms/1412374476597247594
Valencia,Benicalap,1597585162198369007,2026-06-01,Apartamento en Valencia,270.0,,,,,4.87,23.0,https://www.airbnb.es/rooms/1597585162198369007
Valencia,Benicalap,839856792206270579,2026-06-01,Habitación en Valencia,164.0,,,1.0,,4.95,91.0,https://www.airbnb.es/rooms/839856792206270579
Valencia,Benicalap,1628972711711607659,2026-06-01,Apartamento en Valencia,258.0,6.0,1.0,3.0,2.0,4.81,16.0,https://www.airbnb.es/rooms/1628972711711607659
Valencia,Benicalap,1380914254871656267,2026-06-01,Apartamento en Valencia,84.0,2.0,1.0,2.0,1.0,4.92,53.0,https://www.airbnb.es/rooms/1380914254871656267
Valencia,Benicalap,1050702638622043658,2026-06-01,Apartamento en Aldaya,82.0,3.0,1.0,1.0,1.0,4.78,258.0,https://www.airbnb.es/rooms/1050702638622043658
Valencia,Benicalap,1328265618076207676,2026-06-01,Habitación en Valencia,108.0,,,2.0,,4.78,32.0,https://www.airbnb.es/rooms/1328265618076207676
Valencia,Benicalap,923219372883679828,2026-06-01,Loft en Valencia,114.0,2.0,1.0,1.0,1.0,4.94,312.0,https://www.airbnb.es/rooms/923219372883679828
Valencia,Benicalap,1157414797154740052,2026-06-01,Alojamiento en Valencia,32.0,1.0,1.0,1.0,1.0,4.4,68.0,https://www.airbnb.es/rooms/1157414797154740052
Valencia,Benicalap,1003301700089189824,2026-06-01,Apartamento en Valencia,104.0,3.0,1.0,3.0,1.0,4.78,169.0,https://www.airbnb.es/rooms/1003301700089189824
Valencia,Benicalap,46034145,2026-06-01,Apartamento en Valencia,102.0,2.0,,1.0,1.0,4.89,106.0,https://www.airbnb.es/rooms/46034145
Valencia,Benicalap,843965481980144443,2026-06-01,Habitación en Burjasot,40.0,,,1.0,,4.85,112.0,https://www.airbnb.es/rooms/843965481980144443
Valencia,Benicalap,1568057759850207921,2026-06-01,Apartamento en Valencia,90.0,2.0,1.0,,1.0,4.73,80.0,https://www.airbnb.es/rooms/1568057759850207921
Valencia,Benicalap,1289755008352546351,2026-06-01,Apartamento en Valencia,211.0,4.0,1.0,1.0,1.0,5.0,14.0,https://www.airbnb.es/rooms/1289755008352546351
Valencia,Benicalap,1104208387698709244,2026-06-01,Habitación compartida en Valencia,52.0,,,3.0,,4.75,20.0,https://www.airbnb.es/rooms/1104208387698709244
Valencia,Benicalap,1450598521579781570,2026-06-01,Apartamento en Valencia,,4.0,2.0,3.0,1.0,4.76,34.0,https://www.airbnb.es/rooms/1450598521579781570
Valencia,Benicalap,1674523380186949406,2026-06-01,Alojamiento en Valencia,64.0,2.0,1.0,1.0,1.0,4.67,3.0,https://www.airbnb.es/rooms/1674523380186949406
Valencia,Benicalap,1297984983049473441,2026-06-01,Habitación en Valencia,43.0,,,1.0,,4.34,134.0,https://www.airbnb.es/rooms/1297984983049473441
Valencia,Benicalap,1144221879917227281,2026-06-01,Apto. residencial en Valencia,154.0,6.0,2.0,3.0,1.0,4.95,105.0,https://www.airbnb.es/rooms/1144221879917227281
Valencia,Benicalap,975267274376124290,2026-06-01,Habitación en Sedaví,37.0,,,1.0,,4.84,184.0,https://www.airbnb.es/rooms/975267274376124290
Valencia,Benicalap,19694078,2026-06-01,Loft en Valencia,175.0,6.0,2.0,3.0,1.0,4.94,371.0,https://www.airbnb.es/rooms/19694078
Valencia,Benicalap,1682733677251097264,2026-06-01,Apartamento en Valencia,120.0,2.0,1.0,,1.0,,,https://www.airbnb.es/rooms/1682733677251097264
Valencia,Benicalap,1679941376771509615,2026-06-01,Alojamiento en Valencia,95.0,2.0,1.0,1.0,1.0,,,https://www.airbnb.es/rooms/1679941376771509615
Valencia,Benicalap,819039969348702184,2026-06-01,Habitación en Sedaví,37.0,,,1.0,,4.91,208.0,https://www.airbnb.es/rooms/819039969348702184
Valencia,Benicalap,1522464652811906036,2026-06-01,Vivienda en Valencia,151.0,4.0,1.0,1.0,1.0,4.87,46.0,https://www.airbnb.es/rooms/1522464652811906036
Valencia,Benicalap,913632023760894090,2026-06-01,Habitación en Valencia,118.0,,,1.0,,5.0,22.0,https://www.airbnb.es/rooms/913632023760894090
Valencia,Benicalap,743244065080966066,2026-06-01,Habitación en Valencia,82.0,,,2.0,,4.88,237.0,https://www.airbnb.es/rooms/743244065080966066
Valencia,Benicalap,1102600082626398888,2026-06-01,Apartamento en Valencia,116.0,5.0,1.0,3.0,1.0,4.26,117.0,https://www.airbnb.es/rooms/1102600082626398888
Valencia,Benicalap,733261772280468540,2026-06-01,Apartamento en Valencia,132.0,4.0,1.0,2.0,1.0,4.94,251.0,https://www.airbnb.es/rooms/733261772280468540
Valencia,Benicalap,796294296520049808,2026-06-01,Habitaciones en Valencia,60.0,,2.0,2.0,,4.65,178.0,https://www.airbnb.es/rooms/796294296520049808
Valencia,Benicalap,1190660601896254565,2026-06-01,Habitación en Valencia,48.0,,,1.0,,4.69,39.0,https://www.airbnb.es/rooms/1190660601896254565
Valencia,Benicalap,1420153352794910831,2026-06-01,Apartamento en Picanya,117.0,4.0,1.0,2.0,1.0,4.98,40.0,https://www.airbnb.es/rooms/1420153352794910831
Valencia,Benicalap,41880017,2026-06-01,Hotel en Valencia,59.0,2.0,1.0,1.0,1.0,4.15,13.0,https://www.airbnb.es/rooms/41880017
Valencia,Benicalap,949351221159384808,2026-06-01,Alojamiento en Valencia,47.0,2.0,1.0,1.0,1.0,4.58,120.0,https://www.airbnb.es/rooms/949351221159384808
Valencia,Benicalap,50621566,2026-06-01,Loft en Valencia,175.0,4.0,2.0,2.0,1.0,4.91,237.0,https://www.airbnb.es/rooms/50621566
Valencia,Benicalap,1304531902497034848,2026-06-01,Apartamento en Valencia,112.0,4.0,,2.0,1.0,4.48,61.0,https://www.airbnb.es/rooms/1304531902497034848
Valencia,Benicalap,1294117733059408297,2026-06-01,Apartamento en Valencia,104.0,4.0,1.0,1.0,1.0,4.82,96.0,https://www.airbnb.es/rooms/1294117733059408297
Valencia,Benicalap,844003211790758034,2026-06-01,Apartamento en Burjasot,104.0,2.0,1.0,2.0,1.0,4.77,196.0,https://www.airbnb.es/rooms/844003211790758034
Valencia,Benicalap,1100856617104450645,2026-06-01,Apartamento en Valencia,135.0,4.0,,4.0,1.0,4.8,75.0,https://www.airbnb.es/rooms/1100856617104450645
Valencia,Benicalap,1460907580928275190,2026-06-01,Alojamiento en Chirivella,42.0,2.0,2.0,1.0,2.0,4.8,5.0,https://www.airbnb.es/rooms/1460907580928275190
Valencia,Benicalap,1287750819488598191,2026-06-01,Apartamento en Valencia,122.0,4.0,1.0,2.0,1.0,4.73,86.0,https://www.airbnb.es/rooms/1287750819488598191
Valencia,Benicalap,1425404072039542559,2026-06-01,Apartamento en Port Saplaya,159.0,6.0,3.0,6.0,0.0,4.63,65.0,https://www.airbnb.es/rooms/1425404072039542559
Valencia,Benicalap,1390721458560665590,2026-06-01,Apartamento en Valencia,219.0,4.0,2.0,2.0,2.0,4.87,75.0,https://www.airbnb.es/rooms/1390721458560665590
Valencia,Benicalap,1457159715285449182,2026-06-01,Habitación en Valencia,90.0,,,1.0,,4.53,40.0,https://www.airbnb.es/rooms/1457159715285449182
Valencia,Benicalap,1213794089365977911,2026-06-01,Apartamento en Valencia,139.0,4.0,1.0,1.0,1.0,4.64,14.0,https://www.airbnb.es/rooms/1213794089365977911
Valencia,Benicalap,1207703065724832169,2026-06-01,Apartamento en Valencia,150.0,6.0,2.0,3.0,1.0,4.86,70.0,https://www.airbnb.es/rooms/1207703065724832169
Valencia,Benicalap,659910490316445110,2026-06-01,Apartamento en Valencia,141.0,5.0,2.0,3.0,1.0,4.74,170.0,https://www.airbnb.es/rooms/659910490316445110
Valencia,Benicalap,1512519028889881468,2026-06-01,Bed & breakfast en Valencia,47.0,1.0,1.0,1.0,1.0,4.42,31.0,https://www.airbnb.es/rooms/1512519028889881468
Valencia,Benicalap,1543310920704023641,2026-06-01,Apartamento en Valencia,121.0,4.0,1.0,2.0,1.0,4.76,54.0,https://www.airbnb.es/rooms/1543310920704023641
Valencia,Benicalap,11678559,2026-06-01,Apartamento en Valencia,250.0,8.0,4.0,5.0,2.0,4.89,256.0,https://www.airbnb.es/rooms/11678559
Valencia,Benicalap,40361417,2026-06-01,Apartamento en Mislata,132.0,6.0,2.0,3.0,1.0,4.63,83.0,https://www.airbnb.es/rooms/40361417
Valencia,Benicalap,1418700031526549398,2026-06-01,Loft en Valencia,182.0,8.0,2.0,5.0,2.0,4.96,24.0,https://www.airbnb.es/rooms/1418700031526549398
Valencia,Benicalap,743186075147318111,2026-06-01,Apto. residencial en Valencia,201.0,6.0,3.0,4.0,2.0,4.72,193.0,https://www.airbnb.es/rooms/743186075147318111
Valencia,Benicalap,842617138808615675,2026-06-01,Habitación en Valencia,39.0,,,1.0,,4.71,221.0,https://www.airbnb.es/rooms/842617138808615675
Valencia,Benicalap,1547050451447063756,2026-06-01,Vivienda en Manises,235.0,8.0,4.0,7.0,2.0,4.95,20.0,https://www.airbnb.es/rooms/1547050451447063756
Valencia,Benicalap,1358854821312431741,2026-06-01,Apartamento en Valencia,209.0,4.0,1.0,2.0,1.0,4.53,36.0,https://www.airbnb.es/rooms/1358854821312431741
Valencia,Benicalap,1364372676801870660,2026-06-01,Loft en Valencia,82.0,2.0,1.0,1.0,1.0,4.8,5.0,https://www.airbnb.es/rooms/1364372676801870660
Valencia,Benicalap,1424625542168462164,2026-06-01,Apartamento en Benetúser,129.0,6.0,2.0,5.0,1.0,4.89,93.0,https://www.airbnb.es/rooms/1424625542168462164
Valencia,Benicalap,1495763528567236413,2026-06-01,Loft en Valencia,143.0,4.0,1.0,1.0,1.0,4.35,20.0,https://www.airbnb.es/rooms/1495763528567236413
Valencia,Benicalap,42823413,2026-06-01,Apartamento en Valencia,190.0,6.0,3.0,4.0,2.0,4.75,80.0,https://www.airbnb.es/rooms/42823413
Valencia,Benicalap,1153832658973092503,2026-06-01,Habitación en Valencia,76.0,,,1.0,,4.58,132.0,https://www.airbnb.es/rooms/1153832658973092503
Valencia,Benicalap,1318125955444191350,2026-06-01,Apartamento en Valencia,144.0,4.0,1.0,2.0,1.0,4.76,99.0,https://www.airbnb.es/rooms/1318125955444191350
Valencia,Benicalap,1445666480713235113,2026-06-01,Vivienda en Burjasot,293.0,4.0,2.0,3.0,2.0,5.0,22.0,https://www.airbnb.es/rooms/1445666480713235113
Valencia,Benicalap,45746964,2026-06-01,Bed & breakfast en Valencia,98.0,2.0,1.0,1.0,1.0,4.75,4.0,https://www.airbnb.es/rooms/45746964
Valencia,Benicalap,696965243391455134,2026-06-01,Apartamento en Valencia,186.0,6.0,3.0,3.0,2.0,4.68,244.0,https://www.airbnb.es/rooms/696965243391455134
Valencia,Benicalap,28836747,2026-06-01,Habitación de hotel en Valencia,37.0,1.0,1.0,1.0,1.0,4.77,181.0,https://www.airbnb.es/rooms/28836747
Valencia,Benicalap,1425405405832997380,2026-06-01,Apartamento en Port Saplaya,219.0,8.0,4.0,8.0,0.0,4.87,23.0,https://www.airbnb.es/rooms/1425405405832997380
Valencia,Benicalap,26770759,2026-06-01,Apartamento en Valencia,142.0,4.0,1.0,2.0,1.0,4.94,259.0,https://www.airbnb.es/rooms/26770759
Valencia,Benicalap,1080387598065347617,2026-06-01,Alojamiento en Valencia,105.0,,,,,4.54,112.0,https://www.airbnb.es/rooms/1080387598065347617
Valencia,Benicalap,1543378220055626058,2026-06-01,Apartamento en Valencia,157.0,4.0,2.0,5.0,1.0,4.73,41.0,https://www.airbnb.es/rooms/1543378220055626058
Valencia,Benicalap,1145106173050203663,2026-06-01,Apartamento en Valencia,129.0,2.0,1.0,,1.0,4.85,81.0,https://www.airbnb.es/rooms/1145106173050203663
Valencia,Benicalap,948418106651889138,2026-06-01,Alojamiento en Valencia,53.0,2.0,1.0,1.0,1.0,4.29,31.0,https://www.airbnb.es/rooms/948418106651889138
Valencia,Benicalap,1277575559230116842,2026-06-01,Apartamento en Valencia,129.0,2.0,,1.0,1.0,4.86,7.0,https://www.airbnb.es/rooms/1277575559230116842
Valencia,Benicalap,1155089812157305602,2026-06-01,Apartamento en Valencia,112.0,4.0,1.0,2.0,1.0,4.61,38.0,https://www.airbnb.es/rooms/1155089812157305602
Valencia,Benicalap,1215878839568324919,2026-06-01,Apartamento en Valencia,164.0,4.0,1.0,1.0,1.0,4.57,60.0,https://www.airbnb.es/rooms/1215878839568324919
Valencia,Benicalap,875063778141749138,2026-06-01,Apartamento en Valencia,133.0,4.0,1.0,2.0,1.0,4.75,179.0,https://www.airbnb.es/rooms/875063778141749138
Valencia,Benicalap,1415048562795297693,2026-06-01,Habitación en Valencia,87.0,,,1.0,,4.73,66.0,https://www.airbnb.es/rooms/1415048562795297693
Valencia,Benicalap,45746689,2026-06-01,Habitación en Valencia,68.0,,,1.0,,4.59,51.0,https://www.airbnb.es/rooms/45746689
Valencia,Benicalap,1147137978413342367,2026-06-01,Apartahotel en Valencia,125.0,4.0,1.0,1.0,1.0,4.91,68.0,https://www.airbnb.es/rooms/1147137978413342367
Valencia,Benicalap,1428038427561918358,2026-06-01,Apartamento en Valencia,159.0,4.0,2.0,2.0,1.0,4.67,60.0,https://www.airbnb.es/rooms/1428038427561918358
Valencia,Benicalap,1394766176732695921,2026-06-01,easyHotel Valencia Ciutat Vella,144.0,,,,,4.77,22.0,https://www.airbnb.es/rooms/1394766176732695921
Valencia,Benicalap,1233846790081427267,2026-06-01,Hotel en Valencia,122.0,2.0,1.0,1.0,1.0,4.45,129.0,https://www.airbnb.es/rooms/1233846790081427267
Valencia,Benicalap,1566522140026019963,2026-06-01,Habitación de hotel compartida en Valencia,22.0,,,1.0,,3.76,46.0,https://www.airbnb.es/rooms/1566522140026019963
Valencia,Benicalap,1434887262722785904,2026-06-01,Loft en Valencia,147.0,4.0,1.0,2.0,1.0,4.78,60.0,https://www.airbnb.es/rooms/1434887262722785904
Valencia,Benicalap,914940682850148989,2026-06-01,Apartamento en Puebla de Farnals,135.0,4.0,1.0,3.0,1.0,4.94,246.0,https://www.airbnb.es/rooms/914940682850148989
Valencia,Benicalap,710494612932574416,2026-06-01,Hotel boutique en Valencia,145.0,2.0,1.0,1.0,1.0,4.85,27.0,https://www.airbnb.es/rooms/710494612932574416
Valencia,Benicalap,53469371,2026-06-01,Hotel en Valencia,94.0,3.0,1.0,3.0,1.0,4.88,8.0,https://www.airbnb.es/rooms/53469371
Valencia,Benicalap,856569637537340825,2026-06-01,Apto. residencial en Valencia,132.0,2.0,1.0,1.0,1.0,4.73,192.0,https://www.airbnb.es/rooms/856569637537340825
Valencia,Benicalap,902232330966264993,2026-06-01,Apartamento en Valencia,184.0,6.0,1.0,3.0,1.0,4.75,4.0,https://www.airbnb.es/rooms/902232330966264993
Valencia,Benicalap,1219388577599626609,2026-06-01,Apartamento en Valencia,149.0,2.0,1.0,2.0,1.0,4.81,52.0,https://www.airbnb.es/rooms/1219388577599626609
Valencia,Benicalap,879731561064142425,2026-06-01,Suite con entrada independiente en Valencia,140.0,6.0,1.0,2.0,1.0,4.93,173.0,https://www.airbnb.es/rooms/879731561064142425
Valencia,Benicalap,768839744509573011,2026-06-01,Apartamento en Valencia,126.0,3.0,1.0,1.0,1.0,4.68,215.0,https://www.airbnb.es/rooms/768839744509573011
Valencia,Benicalap,712712584892741915,2026-06-01,Apartamento en Valencia,236.0,,,,,4.84,295.0,https://www.airbnb.es/rooms/712712584892741915
Valencia,Benicalap,26930146,2026-06-01,Apartamento en Valencia,196.0,8.0,4.0,6.0,2.0,4.81,259.0,https://www.airbnb.es/rooms/26930146
Valencia,Benicalap,5628080,2026-06-01,Habitación en Paterna,53.0,,,1.0,,4.9,40.0,https://www.airbnb.es/rooms/5628080
Valencia,Benicalap,1019308545494852196,2026-06-01,Loft en Valencia,128.0,4.0,,2.0,1.0,4.76,67.0,https://www.airbnb.es/rooms/1019308545494852196
Valencia,Benicalap,1401164747879817502,2026-06-01,Habitación en Valencia,64.0,,,2.0,,4.6,30.0,https://www.airbnb.es/rooms/1401164747879817502
Valencia,Benicalap,1425379131766964177,2026-06-01,Apartamento en Port Saplaya,155.0,4.0,2.0,4.0,1.0,4.68,19.0,https://www.airbnb.es/rooms/1425379131766964177
Valencia,Benicalap,49915574,2026-06-01,Apartamento en Valencia,125.0,2.0,1.0,1.0,1.0,4.76,148.0,https://www.airbnb.es/rooms/49915574
Valencia,Benicalap,1187589262229377567,2026-06-01,Apartamento en Valencia,125.0,4.0,1.0,2.0,1.0,4.85,66.0,https://www.airbnb.es/rooms/1187589262229377567
Valencia,Benicalap,1212159329910373880,2026-06-01,Apartamento en Valencia,182.0,3.0,1.0,2.0,1.0,4.68,37.0,https://www.airbnb.es/rooms/1212159329910373880
Valencia,Benicalap,1542022700922565734,2026-06-01,Apartamento en Valencia,105.0,2.0,1.0,1.0,1.0,,,https://www.airbnb.es/rooms/1542022700922565734
Valencia,Benicalap,1192832580578840827,2026-06-01,Hotel en Valencia,113.0,2.0,1.0,1.0,1.0,4.7,79.0,https://www.airbnb.es/rooms/1192832580578840827
Valencia,Benicalap,1422375968526249613,2026-06-01,Apartamento en Valencia,236.0,6.0,2.0,4.0,2.0,5.0,3.0,https://www.airbnb.es/rooms/1422375968526249613
Valencia,Benicalap,46803758,2026-06-01,Alojamiento en Valencia,59.0,2.0,1.0,1.0,,4.43,126.0,https://www.airbnb.es/rooms/46803758
Valencia,Benicalap,1340632888427451713,2026-06-01,Apartamento en Valencia,127.0,2.0,1.0,1.0,1.0,4.74,80.0,https://www.airbnb.es/rooms/1340632888427451713
Valencia,Benicalap,1374406670352704529,2026-06-01,Apartamento en Port Saplaya,238.0,6.0,3.0,4.0,3.0,4.45,38.0,https://www.airbnb.es/rooms/1374406670352704529
Valencia,Benicalap,957105056123376288,2026-06-01,Loft en Valencia,129.0,2.0,,1.0,1.0,4.67,52.0,https://www.airbnb.es/rooms/957105056123376288
Valencia,Benicalap,50185488,2026-06-01,Apartamento en Valencia,185.0,4.0,2.0,2.0,1.0,4.77,142.0,https://www.airbnb.es/rooms/50185488
Valencia,Benicalap,1257825541503087694,2026-06-01,Loft en Valencia,122.0,4.0,1.0,2.0,1.0,4.96,70.0,https://www.airbnb.es/rooms/1257825541503087694
Valencia,Benicalap,1446858614496961560,2026-06-01,Hostal en Manises,50.0,1.0,1.0,1.0,1.0,4.72,29.0,https://www.airbnb.es/rooms/1446858614496961560
Valencia,Benicalap,1653688529301104002,2026-06-01,Habitación compartida en Valencia,53.0,,,1.0,,4.53,19.0,https://www.airbnb.es/rooms/1653688529301104002
Valencia,Benicalap,887699089860675354,2026-06-01,Habitación en Valencia,80.0,,,1.0,,4.29,34.0,https://www.airbnb.es/rooms/887699089860675354
Valencia,Benicalap,1278156838577911108,2026-06-01,Apartamento en Valencia,141.0,4.0,,2.0,1.0,4.94,17.0,https://www.airbnb.es/rooms/1278156838577911108
Valencia,Benicalap,1401282391679654922,2026-06-01,Apartamento en Valencia,235.0,6.0,2.0,2.0,2.0,4.96,52.0,https://www.airbnb.es/rooms/1401282391679654922
Valencia,Benicalap,980347426047095844,2026-06-01,Apartamento en Valencia,119.0,4.0,1.0,2.0,1.0,4.82,33.0,https://www.airbnb.es/rooms/980347426047095844
Valencia,Benicalap,1013893880064605677,2026-06-01,Apartamento en Godella,150.0,4.0,1.0,2.0,1.0,4.9,40.0,https://www.airbnb.es/rooms/1013893880064605677
Valencia,Benicalap,1443374458501570121,2026-06-01,Habitación en Valencia,59.0,,,1.0,,4.53,34.0,https://www.airbnb.es/rooms/1443374458501570121
Valencia,Benicalap,1086688096488008371,2026-06-01,Loft en Valencia,100.0,3.0,1.0,1.0,1.0,4.67,132.0,https://www.airbnb.es/rooms/1086688096488008371
Valencia,Benicalap,1405974262281855257,2026-06-01,Apartamento en Valencia,119.0,4.0,2.0,2.0,1.0,4.74,23.0,https://www.airbnb.es/rooms/1405974262281855257
Valencia,Benicalap,1492911962179548553,2026-06-01,Loft en Valencia,144.0,4.0,1.0,1.0,1.0,5.0,5.0,https://www.airbnb.es/rooms/1492911962179548553
Valencia,Benicalap,1532483201983516419,2026-06-01,Apartamento en Valencia,176.0,5.0,2.0,5.0,1.0,5.0,3.0,https://www.airbnb.es/rooms/1532483201983516419
Valencia,Benicalap,582973718271656183,2026-06-01,Apartamento en Valencia,208.0,6.0,2.0,3.0,1.0,4.88,8.0,https://www.airbnb.es/rooms/582973718271656183
Valencia,Benicalap,1521694286655934392,2026-06-01,Vivienda en Manises,229.0,7.0,3.0,6.0,2.0,4.76,25.0,https://www.airbnb.es/rooms/1521694286655934392
Valencia,Benicalap,24435383,2026-06-01,Loft en Valencia,159.0,2.0,1.0,1.0,1.0,4.81,258.0,https://www.airbnb.es/rooms/24435383
Valencia,Benicalap,1425397851540825183,2026-06-01,Apartamento en Port Saplaya,169.0,6.0,3.0,6.0,0.0,4.4,15.0,https://www.airbnb.es/rooms/1425397851540825183
Valencia,Benicalap,1034604446338143194,2026-06-01,Apartamento en Valencia,162.0,4.0,1.0,2.0,1.0,4.6,81.0,https://www.airbnb.es/rooms/1034604446338143194
Valencia,Benicalap,1543396271146521105,2026-06-01,Apartamento en Valencia,97.0,2.0,1.0,1.0,1.0,,,https://www.airbnb.es/rooms/1543396271146521105
Valencia,Benicalap,1097080390038260095,2026-06-01,Apartamento en Valencia,175.0,2.0,1.0,,1.0,4.91,57.0,https://www.airbnb.es/rooms/1097080390038260095
Valencia,Benicalap,19169345,2026-06-01,Apartamento en Valencia,165.0,4.0,1.0,2.0,1.0,4.55,42.0,https://www.airbnb.es/rooms/19169345
Valencia,Benicalap,1524494836395080564,2026-06-01,Habitación de hotel compartida en Valencia,26.0,,,10.0,,4.49,96.0,https://www.airbnb.es/rooms/1524494836395080564
Valencia,Benicalap,844857601566232239,2026-06-01,Apartamento en Valencia,189.0,6.0,2.0,3.0,1.0,4.6,272.0,https://www.airbnb.es/rooms/844857601566232239
Valencia,Benicalap,988390690825353361,2026-06-01,Loft en Valencia,147.0,2.0,,2.0,1.0,4.95,59.0,https://www.airbnb.es/rooms/988390690825353361
Valencia,Benicalap,20135707,2026-06-01,Apartamento en Valencia,205.0,6.0,2.0,3.0,2.0,4.76,290.0,https://www.airbnb.es/rooms/20135707
Valencia,Benicalap,1192919197425069113,2026-06-01,Hotel en Valencia,109.0,2.0,1.0,1.0,1.0,4.43,7.0,https://www.airbnb.es/rooms/1192919197425069113
Valencia,Benicalap,1366479408787658421,2026-06-01,Apartamento en Valencia,147.0,4.0,1.0,3.0,1.0,4.83,40.0,https://www.airbnb.es/rooms/1366479408787658421
Valencia,Benicalap,1333406438369114902,2026-06-01,Habitación en Valencia,71.0,,,2.0,,4.77,35.0,https://www.airbnb.es/rooms/1333406438369114902
Valencia,Benicalap,14552908,2026-06-01,Cueva en Paterna,123.0,4.0,2.0,3.0,1.0,4.62,278.0,https://www.airbnb.es/rooms/14552908
Valencia,Benicalap,1104101282540778290,2026-06-01,Habitaciones en Valencia,85.0,,2.0,2.0,,4.99,69.0,https://www.airbnb.es/rooms/1104101282540778290
Valencia,Benicalap,1195435294898211375,2026-06-01,Loft en Valencia,169.0,4.0,1.0,2.0,1.0,4.99,76.0,https://www.airbnb.es/rooms/1195435294898211375
Valencia,Benicalap,1545824359332831130,2026-06-01,Apartamento en Valencia,258.0,8.0,3.0,5.0,1.0,4.72,25.0,https://www.airbnb.es/rooms/1545824359332831130
Valencia,Benicalap,1548715020442788801,2026-06-01,Apartamento en Valencia,126.0,3.0,1.0,2.0,1.0,4.93,15.0,https://www.airbnb.es/rooms/1548715020442788801
Valencia,Benicalap,1147750626348882839,2026-06-01,Apartamento en Valencia,155.0,4.0,1.0,2.0,1.0,4.86,43.0,https://www.airbnb.es/rooms/1147750626348882839
Valencia,Benicalap,1543404315943790513,2026-06-01,Apartamento en Valencia,122.0,4.0,1.0,2.0,1.0,4.6,5.0,https://www.airbnb.es/rooms/1543404315943790513
Valencia,Benicalap,938734,2026-06-01,Apartamento en Valencia,118.0,2.0,1.0,1.0,,4.37,81.0,https://www.airbnb.es/rooms/938734
Valencia,Benicalap,1170933099646009574,2026-06-01,Apartamento en Algirós,141.0,4.0,1.0,3.0,1.0,4.77,79.0,https://www.airbnb.es/rooms/1170933099646009574
Valencia,Benicalap,1269444243185740401,2026-06-01,Apartamento en Russafa,188.0,4.0,1.0,2.0,1.0,4.89,18.0,https://www.airbnb.es/rooms/1269444243185740401
Valencia,Benicalap,1220306924161071748,2026-06-01,Apartamento en Algirós,123.0,2.0,,1.0,1.0,4.67,21.0,https://www.airbnb.es/rooms/1220306924161071748
Valencia,Benicalap,1524493297336768120,2026-06-01,Habitación de hotel compartida en Camins al Grau,27.0,,,8.0,,4.59,39.0,https://www.airbnb.es/rooms/1524493297336768120
Valencia,Benicalap,1192925496990459796,2026-06-01,Hotel en Ciutat Vella,137.0,3.0,1.0,2.0,1.0,4.85,40.0,https://www.airbnb.es/rooms/1192925496990459796
Valencia,Benicalap,1599214253398035730,2026-06-01,Apartamento en Valencia,159.0,4.0,1.0,2.0,1.0,,,https://www.airbnb.es/rooms/1599214253398035730
Valencia,Benicalap,1187462188665949600,2026-06-01,Apartamento en Cuatre Carreres,188.0,6.0,2.0,3.0,1.0,4.71,76.0,https://www.airbnb.es/rooms/1187462188665949600
Valencia,Benicalap,1170949559421381685,2026-06-01,Apartamento en Algirós,135.0,4.0,1.0,3.0,1.0,4.73,59.0,https://www.airbnb.es/rooms/1170949559421381685
Valencia,Benicalap,1090385444452215714,2026-06-01,Apartamento en Camins al Grau,129.0,4.0,,2.0,1.0,4.84,25.0,https://www.airbnb.es/rooms/1090385444452215714
Valencia,Benicalap,1643490258032948253,2026-06-01,Hostal en Ciutat Vella,89.0,2.0,1.0,1.0,1.0,4.8,10.0,https://www.airbnb.es/rooms/1643490258032948253
Valencia,Benicalap,1637505118892363782,2026-06-01,Apartamento en Extramurs,172.0,4.0,1.0,1.0,1.0,4.27,11.0,https://www.airbnb.es/rooms/1637505118892363782
Valencia,Benicalap,931255016876977503,2026-06-01,Loft en Cuatre Carreres,205.0,5.0,3.0,3.0,1.0,4.79,178.0,https://www.airbnb.es/rooms/931255016876977503
Valencia,Benicalap,19169313,2026-06-01,Apartamento en Ciutat Vella,176.0,4.0,1.0,2.0,1.0,4.45,98.0,https://www.airbnb.es/rooms/19169313
Valencia,Benicalap,1635471035965745054,2026-06-01,Apartamento en Patraix,168.0,4.0,1.0,2.0,1.0,,,https://www.airbnb.es/rooms/1635471035965745054
Valencia,Benicalap,1434701573230361064,2026-06-01,Apartamento en Camins al Grau,138.0,2.0,1.0,1.0,1.0,4.61,54.0,https://www.airbnb.es/rooms/1434701573230361064
Valencia,Benicalap,980852262153350113,2026-06-01,Apartamento en Malvarrosa,119.0,4.0,1.0,2.0,1.0,4.54,13.0,https://www.airbnb.es/rooms/980852262153350113
Valencia,Benicalap,1259960882727342182,2026-06-01,Habitación en Cuatre Carreres,86.0,,,1.0,,5.0,34.0,https://www.airbnb.es/rooms/1259960882727342182
Valencia,Benicalap,1295422269779961273,2026-06-01,Loft en Malvarrosa,147.0,2.0,1.0,1.0,1.0,4.6,99.0,https://www.airbnb.es/rooms/1295422269779961273
Valencia,Benicalap,844619245994295364,2026-06-01,Apartamento en Valencia,189.0,5.0,,2.0,1.0,4.62,293.0,https://www.airbnb.es/rooms/844619245994295364
Valencia,Benicalap,1427767447708621364,2026-06-01,Apartamento en Valencia,136.0,2.0,1.0,2.0,1.0,4.77,30.0,https://www.airbnb.es/rooms/1427767447708621364
Valencia,Benicalap,1381020234640096897,2026-06-01,Apartamento en Valencia,217.0,5.0,1.0,3.0,1.0,4.92,59.0,https://www.airbnb.es/rooms/1381020234640096897
Valencia,Benicalap,1532440405302494173,2026-06-01,Apartamento en Valencia,162.0,6.0,2.0,1.0,1.0,4.4,15.0,https://www.airbnb.es/rooms/1532440405302494173
Valencia,Benicalap,1076653638122481644,2026-06-01,Apartamento en Valencia,270.0,6.0,2.0,4.0,2.0,4.9,50.0,https://www.airbnb.es/rooms/1076653638122481644
Valencia,Benicalap,43019647,2026-06-01,Apartamento en Paterna,149.0,4.0,2.0,2.0,2.0,4.7,33.0,https://www.airbnb.es/rooms/43019647
Valencia,Benicalap,1218679399975540970,2026-06-01,Apartamento en Valencia,133.0,4.0,,2.0,1.0,4.74,38.0,https://www.airbnb.es/rooms/1218679399975540970
Valencia,Benicalap,1649123458044221333,2026-06-01,Hostal en Valencia,115.0,2.0,1.0,1.0,1.0,4.1,10.0,https://www.airbnb.es/rooms/1649123458044221333
Valencia,Benicalap,1689031497526311726,2026-06-01,Apartamento en Valencia,146.0,2.0,1.0,2.0,1.0,,,https://www.airbnb.es/rooms/1689031497526311726
Valencia,Benicalap,1347875013700163388,2026-06-01,Apartamento en Valencia,140.0,4.0,1.0,2.0,1.0,4.89,19.0,https://www.airbnb.es/rooms/1347875013700163388
Valencia,Benicalap,1133019910389060816,2026-06-01,Apartamento en Valencia,200.0,4.0,1.0,2.0,1.0,4.78,46.0,https://www.airbnb.es/rooms/1133019910389060816
Valencia,Benicalap,1390406547431572803,2026-06-01,Apartamento en Valencia,153.0,3.0,2.0,5.0,1.0,4.79,39.0,https://www.airbnb.es/rooms/1390406547431572803
Valencia,Benicalap,1640554297357232763,2026-06-01,Hostal en Valencia,89.0,2.0,1.0,2.0,1.0,4.62,13.0,https://www.airbnb.es/rooms/1640554297357232763
Valencia,Benicalap,53460968,2026-06-01,Apartamento en Valencia,198.0,3.0,,2.0,1.0,4.69,204.0,https://www.airbnb.es/rooms/53460968
Valencia,Benicalap,53469225,2026-06-01,Hotel en Valencia,84.0,2.0,1.0,1.0,1.0,3.8,5.0,https://www.airbnb.es/rooms/53469225
Valencia,Benicalap,53355963,2026-06-01,Apartamento en Valencia,145.0,4.0,1.0,2.0,1.0,4.61,59.0,https://www.airbnb.es/rooms/53355963
Valencia,Benicalap,1308580370407817420,2026-06-01,Habitación compartida en Valencia,29.0,,,8.0,,4.68,28.0,https://www.airbnb.es/rooms/1308580370407817420
Valencia,Benicalap,18219423,2026-06-01,Habitación en Paterna,65.0,,,1.0,,4.78,251.0,https://www.airbnb.es/rooms/18219423
Valencia,Benicalap,19905509,2026-06-01,Apartamento en Valencia,257.0,4.0,2.0,3.0,2.0,4.81,165.0,https://www.airbnb.es/rooms/19905509
Valencia,Benicalap,1220306731131365935,2026-06-01,Apartamento en Valencia,131.0,4.0,,2.0,1.0,4.67,18.0,https://www.airbnb.es/rooms/1220306731131365935
Valencia,Benicalap,1187429399209424216,2026-06-01,Apartamento en Valencia,188.0,6.0,2.0,3.0,1.0,4.67,79.0,https://www.airbnb.es/rooms/1187429399209424216
Valencia,Benicalap,1502042659796281704,2026-06-01,Loft en Valencia,160.0,2.0,1.0,2.0,1.0,4.59,32.0,https://www.airbnb.es/rooms/1502042659796281704
Valencia,Benicalap,1376760485719773958,2026-06-01,Apartamento en Godella,141.0,4.0,1.0,2.0,1.0,4.75,8.0,https://www.airbnb.es/rooms/1376760485719773958
Valencia,Benicalap,1318236502182499555,2026-06-01,Apartamento en Valencia,171.0,4.0,1.0,2.0,1.0,4.94,95.0,https://www.airbnb.es/rooms/1318236502182499555
Valencia,Benicalap,1108741866897824152,2026-06-01,Vivienda en Paterna,200.0,6.0,3.0,4.0,1.0,4.4,5.0,https://www.airbnb.es/rooms/1108741866897824152
Valencia,Benicalap,1660747493393816910,2026-06-01,Habitación de hotel compartida en Valencia,25.0,,,1.0,,3.6,5.0,https://www.airbnb.es/rooms/1660747493393816910
Valencia,Benicalap,1516712870057318982,2026-06-01,Hotel en Valencia,205.0,4.0,1.0,2.0,1.0,4.58,19.0,https://www.airbnb.es/rooms/1516712870057318982
Valencia,Benicalap,1395734874504535798,2026-06-01,Habitación compartida en Valencia,30.0,,,1.0,,4.63,27.0,https://www.airbnb.es/rooms/1395734874504535798
Valencia,Benicalap,51611389,2026-06-01,Apartamento en Valencia,231.0,6.0,2.0,3.0,1.0,4.66,161.0,https://www.airbnb.es/rooms/51611389
Valencia,Benicalap,1481925667485362724,2026-06-01,Alojamiento en Chirivella,47.0,1.0,1.0,1.0,2.0,5.0,4.0,https://www.airbnb.es/rooms/1481925667485362724
Valencia,Benicalap,1208089309681136650,2026-06-01,Alojamiento en Valencia,91.0,2.0,1.0,1.0,1.0,4.76,51.0,https://www.airbnb.es/rooms/1208089309681136650
Valencia,Benicalap,1029479461362811368,2026-06-01,Loft en Valencia,157.0,2.0,,1.0,1.0,4.79,145.0,https://www.airbnb.es/rooms/1029479461362811368
Valencia,Benicalap,1603555216980767248,2026-06-01,Apartamento en Valencia,219.0,4.0,,,1.0,,,https://www.airbnb.es/rooms/1603555216980767248
Valencia,Benicalap,1284944291429036042,2026-06-01,Habitación en Manises,78.0,,,1.0,,,,https://www.airbnb.es/rooms/1284944291429036042
Valencia,Benicalap,1404176697606872527,2026-06-01,Apartamento en Valencia,138.0,4.0,1.0,1.0,1.0,4.82,22.0,https://www.airbnb.es/rooms/1404176697606872527
Valencia,Benicalap,609042535173332206,2026-06-01,Vivienda vacacional en Valencia,247.0,6.0,2.0,3.0,2.0,4.76,165.0,https://www.airbnb.es/rooms/609042535173332206
Valencia,Benicalap,1581959407495999126,2026-06-01,Apartamento en Valencia,139.0,4.0,1.0,1.0,1.0,,,https://www.airbnb.es/rooms/1581959407495999126
Valencia,Benicalap,1254848865340952648,2026-06-01,Apartamento en Valencia,237.0,4.0,1.0,2.0,1.0,4.8,5.0,https://www.airbnb.es/rooms/1254848865340952648
Valencia,Benicalap,1607840187609887992,2026-06-01,Hotel en Valencia,152.0,2.0,1.0,1.0,0.0,,,https://www.airbnb.es/rooms/1607840187609887992
Valencia,Benicalap,1074404568126123746,2026-06-01,Apartamento en Valencia,150.0,4.0,1.0,2.0,1.0,4.42,12.0,https://www.airbnb.es/rooms/1074404568126123746
Valencia,Benicalap,1635502966918424255,2026-06-01,Apartamento en Valencia,168.0,4.0,1.0,2.0,1.0,,,https://www.airbnb.es/rooms/1635502966918424255
Valencia,Benicalap,51720969,2026-06-01,Apartamento en Valencia,179.0,4.0,1.0,2.0,1.0,5.0,3.0,https://www.airbnb.es/rooms/51720969
Valencia,Benicalap,7254820,2026-06-01,Apartamento en Valencia,233.0,4.0,2.0,2.0,1.0,4.88,220.0,https://www.airbnb.es/rooms/7254820
Valencia,Benicalap,1275656721580654328,2026-06-01,Apartamento en Valencia,117.0,2.0,,1.0,1.0,4.67,3.0,https://www.airbnb.es/rooms/1275656721580654328
Valencia,Benicalap,1309230633826024362,2026-06-01,Apartamento en Valencia,178.0,4.0,1.0,3.0,0.0,5.0,17.0,https://www.airbnb.es/rooms/1309230633826024362
Valencia,Benicalap,1573124076168830789,2026-06-01,Apartamento en Valencia,182.0,4.0,1.0,2.0,1.0,5.0,7.0,https://www.airbnb.es/rooms/1573124076168830789
Valencia,Benicalap,49493986,2026-06-01,Apto. residencial en Valencia,187.0,7.0,4.0,4.0,2.0,4.71,103.0,https://www.airbnb.es/rooms/49493986
Valencia,Benicalap,938110941050052733,2026-06-01,Loft en Valencia,190.0,3.0,1.0,2.0,1.0,4.54,37.0,https://www.airbnb.es/rooms/938110941050052733
Valencia,Benicalap,1309334858285010777,2026-06-01,Habitación compartida en Valencia,29.0,,,8.0,,4.08,12.0,https://www.airbnb.es/rooms/1309334858285010777
Valencia,Benicalap,503305262822613325,2026-06-01,Apartamento en Valencia,134.0,2.0,1.0,1.0,1.0,4.32,93.0,https://www.airbnb.es/rooms/503305262822613325
Valencia,Benicalap,1232656219449197839,2026-06-01,Apartamento en Puzol,207.0,4.0,2.0,3.0,1.0,5.0,12.0,https://www.airbnb.es/rooms/1232656219449197839
Valencia,Benicalap,18426659,2026-06-01,Loft en Valencia,181.0,2.0,1.0,1.0,1.0,4.8,425.0,https://www.airbnb.es/rooms/18426659
Valencia,Benicalap,1312355340930501910,2026-06-01,Apartamento en Valencia,216.0,4.0,1.0,2.0,1.0,,,https://www.airbnb.es/rooms/1312355340930501910
Valencia,Benicalap,1635455386228720977,2026-06-01,Apartamento en Valencia,168.0,4.0,1.0,2.0,1.0,,,https://www.airbnb.es/rooms/1635455386228720977
Valencia,Benicalap,1379523697187239243,2026-06-01,Apartamento en Valencia,116.0,4.0,,2.0,1.0,4.78,9.0,https://www.airbnb.es/rooms/1379523697187239243
Valencia,Benicalap,912186572570322061,2026-06-01,Apartamento en Valencia,167.0,4.0,1.0,2.0,1.0,4.79,14.0,https://www.airbnb.es/rooms/912186572570322061
Valencia,Benicalap,1085513966444593612,2026-06-01,Loft en Valencia,100.0,3.0,1.0,1.0,1.0,4.48,95.0,https://www.airbnb.es/rooms/1085513966444593612
Valencia,Benicalap,1034597057605446183,2026-06-01,Apartamento en Valencia,161.0,4.0,1.0,3.0,1.0,4.46,56.0,https://www.airbnb.es/rooms/1034597057605446183
Valencia,Benicalap,50867896,2026-06-01,Apartamento en Valencia,226.0,6.0,2.0,4.0,1.0,4.7,54.0,https://www.airbnb.es/rooms/50867896
Valencia,Benicalap,32856966,2026-06-01,Hotel boutique en Valencia,137.0,2.0,1.0,1.0,1.0,4.52,29.0,https://www.airbnb.es/rooms/32856966
Valencia,Benicalap,42727914,2026-06-01,Apartamento en Valencia,252.0,4.0,2.0,2.0,1.0,4.93,190.0,https://www.airbnb.es/rooms/42727914
Valencia,Benicalap,50494851,2026-06-01,Loft en Valencia,191.0,4.0,1.0,2.0,1.0,4.66,93.0,https://www.airbnb.es/rooms/50494851
Valencia,Benicalap,1390586084536110659,2026-06-01,Hotel en Valencia,85.0,3.0,2.0,2.0,1.0,4.3,20.0,https://www.airbnb.es/rooms/1390586084536110659
Valencia,Benicalap,1116779529373427744,2026-06-01,Loft en Valencia,138.0,4.0,1.0,2.0,1.0,4.75,80.0,https://www.airbnb.es/rooms/1116779529373427744
Valencia,Benicalap,1028681600083538711,2026-06-01,Apartamento en Valencia,194.0,4.0,1.0,2.0,1.0,4.86,63.0,https://www.airbnb.es/rooms/1028681600083538711
Valencia,Benicalap,860812362642417137,2026-06-01,Habitación en Valencia,59.0,,,1.0,,4.53,19.0,https://www.airbnb.es/rooms/860812362642417137
Valencia,Benicalap,1609302291357461191,2026-06-01,Hotel en Valencia,211.0,4.0,1.0,2.0,0.0,,,https://www.airbnb.es/rooms/1609302291357461191
Valencia,Benicalap,1082437798138968198,2026-06-01,Hotel en Valencia,163.0,3.0,1.0,1.0,1.0,4.54,13.0,https://www.airbnb.es/rooms/1082437798138968198
Valencia,Benicalap,1233286051715314497,2026-06-01,Apartamento en Valencia,126.0,2.0,1.0,2.0,1.0,4.78,23.0,https://www.airbnb.es/rooms/1233286051715314497
Valencia,Benicalap,1403858593613230266,2026-06-01,Habitación en Torrent,40.0,,,1.0,,3.67,3.0,https://www.airbnb.es/rooms/1403858593613230266
Valencia,Benicalap,1309223791917582762,2026-06-01,Apartamento en Valencia,186.0,4.0,1.0,2.0,1.0,,,https://www.airbnb.es/rooms/1309223791917582762
Valencia,Benicalap,1207704880595369214,2026-06-01,Apartamento en Valencia,174.0,4.0,1.0,1.0,1.0,4.73,45.0,https://www.airbnb.es/rooms/1207704880595369214
Valencia,Benicalap,1319420598436902796,2026-06-01,Habitaciones en Valencia,59.0,,3.0,1.0,,,,https://www.airbnb.es/rooms/1319420598436902796
Valencia,Benicalap,1167296448957671368,2026-06-01,Apartamento en Valencia,153.0,4.0,1.0,2.0,1.0,4.71,7.0,https://www.airbnb.es/rooms/1167296448957671368
Valencia,Benicalap,1072239408827539793,2026-06-01,Hotel en Valencia,59.0,2.0,1.0,1.0,1.0,,,https://www.airbnb.es/rooms/1072239408827539793
Valencia,Benicalap,866521635504366299,2026-06-01,Alojamiento en Valencia,152.0,2.0,1.0,1.0,2.0,4.67,3.0,https://www.airbnb.es/rooms/866521635504366299
Valencia,Benicalap,45745180,2026-06-01,Hostal en Valencia,134.0,2.0,1.0,1.0,1.0,4.64,39.0,https://www.airbnb.es/rooms/45745180
Valencia,Benicalap,18889377,2026-06-01,Vivienda en Alboraya,456.0,10.0,6.0,7.0,3.0,4.45,75.0,https://www.airbnb.es/rooms/18889377
Valencia,Benicalap,1045441732698251354,2026-06-01,Apartamento en Valencia,152.0,4.0,1.0,1.0,1.0,4.38,129.0,https://www.airbnb.es/rooms/1045441732698251354
Valencia,Benicalap,873980449234579085,2026-06-01,Apartamento en Valencia,194.0,6.0,3.0,4.0,1.0,4.53,30.0,https://www.airbnb.es/rooms/873980449234579085
Valencia,Benicalap,873224470188917364,2026-06-01,Apartamento en Valencia,184.0,6.0,1.0,3.0,1.0,4.5,18.0,https://www.airbnb.es/rooms/873224470188917364
Valencia,Benicalap,1312378057626609725,2026-06-01,Apartamento en Valencia,210.0,4.0,1.0,2.0,1.0,4.81,21.0,https://www.airbnb.es/rooms/1312378057626609725
Valencia,Benicalap,1359271786157646377,2026-06-01,Apartamento en Valencia,190.0,3.0,1.0,2.0,1.0,,,https://www.airbnb.es/rooms/1359271786157646377
Valencia,Benicalap,1347152892263592071,2026-06-01,Apartamento en Valencia,185.0,4.0,1.0,2.0,1.0,,,https://www.airbnb.es/rooms/1347152892263592071
Valencia,Benicalap,1491318986567109686,2026-06-01,Apartamento en Valencia,170.0,4.0,1.0,1.0,1.0,4.53,15.0,https://www.airbnb.es/rooms/1491318986567109686
Valencia,Benicalap,878820494292655166,2026-06-01,Apartamento en Valencia,190.0,4.0,1.0,3.0,1.0,5.0,3.0,https://www.airbnb.es/rooms/878820494292655166
Valencia,Benicalap,1425961695106085987,2026-06-01,Apartamento en Valencia,190.0,4.0,1.0,1.0,1.0,,,https://www.airbnb.es/rooms/1425961695106085987
Valencia,Benicalap,1607911063851267271,2026-06-01,Hotel en Valencia,140.0,2.0,1.0,1.0,0.0,,,https://www.airbnb.es/rooms/1607911063851267271
Valencia,Benicalap,1116764743700338104,2026-06-01,Apartamento en Valencia,138.0,2.0,1.0,2.0,1.0,4.74,73.0,https://www.airbnb.es/rooms/1116764743700338104
Valencia,Benicalap,1084688564822099218,2026-06-01,Barco en Valencia,268.0,6.0,3.0,2.0,2.0,5.0,17.0,https://www.airbnb.es/rooms/1084688564822099218
Valencia,Benicalap,1034610319570021185,2026-06-01,Apartamento en Valencia,180.0,4.0,1.0,3.0,1.0,4.4,10.0,https://www.airbnb.es/rooms/1034610319570021185
Valencia,Benicalap,1284954777274273287,2026-06-01,Habitación en Manises,78.0,,,2.0,,4.45,11.0,https://www.airbnb.es/rooms/1284954777274273287
Valencia,Benicalap,730832755247670221,2026-06-01,Apartamento en Valencia,229.0,4.0,1.0,2.0,1.0,4.92,12.0,https://www.airbnb.es/rooms/730832755247670221
Valencia,Benicalap,979832090429693512,2026-06-01,Habitación en Valencia,118.0,,,1.0,,4.44,9.0,https://www.airbnb.es/rooms/979832090429693512
Valencia,Benicalap,1295464547837969149,2026-06-01,Adosado en Valencia,215.0,5.0,3.0,3.0,1.0,4.43,30.0,https://www.airbnb.es/rooms/1295464547837969149
Valencia,Benicalap,1609346408451818484,2026-06-01,Hotel en Valencia,184.0,3.0,1.0,1.0,1.0,,,https://www.airbnb.es/rooms/1609346408451818484
Valencia,Benicalap,1188450940860544992,2026-06-01,Loft en Valencia,106.0,4.0,1.0,1.0,1.0,4.71,77.0,https://www.airbnb.es/rooms/1188450940860544992
Valencia,Benicalap,19935603,2026-06-01,Apartamento en Valencia,270.0,5.0,3.0,4.0,2.0,4.69,176.0,https://www.airbnb.es/rooms/19935603
Valencia,Benicalap,650786690282065935,2026-06-01,Loft en Valencia,123.0,4.0,1.0,2.0,1.0,4.33,33.0,https://www.airbnb.es/rooms/650786690282065935
Valencia,Benicalap,897619095049425307,2026-06-01,Habitación en Valencia,65.0,,,1.0,,4.56,55.0,https://www.airbnb.es/rooms/897619095049425307
Valencia,Benicalap,11842432,2026-06-01,Apartamento en Valencia,200.0,2.0,1.0,2.0,1.0,4.63,145.0,https://www.airbnb.es/rooms/11842432
Valencia,Benicalap,16578998,2026-06-01,Apartamento en Valencia,266.0,3.0,1.0,1.0,1.0,4.83,306.0,https://www.airbnb.es/rooms/16578998
Valencia,Benicalap,1072417754507096408,2026-06-01,Apartamento en Valencia,170.0,3.0,1.0,2.0,1.0,4.76,21.0,https://www.airbnb.es/rooms/1072417754507096408
Valencia,Benicalap,1121525098311929924,2026-06-01,Apartamento en Valencia,185.0,4.0,2.0,3.0,1.0,4.31,16.0,https://www.airbnb.es/rooms/1121525098311929924
Valencia,Benicalap,1477723372889332744,2026-06-01,Apartamento en Valencia,308.0,8.0,4.0,5.0,1.0,4.47,38.0,https://www.airbnb.es/rooms/1477723372889332744
Valencia,Benicalap,745489583366115986,2026-06-01,Hotel boutique en Valencia,160.0,2.0,1.0,1.0,0.0,5.0,3.0,https://www.airbnb.es/rooms/745489583366115986
Valencia,Benicalap,1479875765477470356,2026-06-01,Alojamiento en Mislata,53.0,2.0,1.0,2.0,,,,https://www.airbnb.es/rooms/1479875765477470356
Valencia,Benicalap,1072239773891979667,2026-06-01,Hotel en Valencia,69.0,2.0,1.0,2.0,1.0,,,https://www.airbnb.es/rooms/1072239773891979667
Valencia,Cuatre-Carreres,1029880800518857431,2026-06-01,Habitación en Valencia,33.0,,,1.0,,4.56,177.0,https://www.airbnb.es/rooms/1029880800518857431
Valencia,Cuatre-Carreres,1147137978413342367,2026-06-01,Apartahotel en Valencia,125.0,4.0,1.0,1.0,1.0,4.91,68.0,https://www.airbnb.es/rooms/1147137978413342367
Valencia,Cuatre-Carreres,1568057759850207921,2026-06-01,Apartamento en Valencia,90.0,2.0,1.0,,1.0,4.73,80.0,https://www.airbnb.es/rooms/1568057759850207921
Valencia,Cuatre-Carreres,1294117733059408297,2026-06-01,Apartamento en Valencia,104.0,4.0,1.0,1.0,1.0,4.82,96.0,https://www.airbnb.es/rooms/1294117733059408297
Valencia,Cuatre-Carreres,949351221159384808,2026-06-01,Alojamiento en Valencia,47.0,2.0,1.0,1.0,1.0,4.58,120.0,https://www.airbnb.es/rooms/949351221159384808
Valencia,Cuatre-Carreres,975267274376124290,2026-06-01,Habitación en Sedaví,37.0,,,1.0,,4.84,184.0,https://www.airbnb.es/rooms/975267274376124290
Valencia,Cuatre-Carreres,1674523380186949406,2026-06-01,Alojamiento en Valencia,64.0,2.0,1.0,1.0,1.0,4.67,3.0,https://www.airbnb.es/rooms/1674523380186949406
Valencia,Cuatre-Carreres,1203553295610586880,2026-06-01,Apartamento en Valencia,200.0,4.0,,2.0,1.0,4.77,95.0,https://www.airbnb.es/rooms/1203553295610586880
Valencia,Cuatre-Carreres,1447145761273484453,2026-06-01,Habitación en Valencia,128.0,,,1.0,,4.88,26.0,https://www.airbnb.es/rooms/1447145761273484453
Valencia,Cuatre-Carreres,1338204307359076014,2026-06-01,Habitación en Valencia,106.0,,,1.0,,4.74,68.0,https://www.airbnb.es/rooms/1338204307359076014
Valencia,Cuatre-Carreres,1318365685388018256,2026-06-01,Apartamento en Valencia,88.0,2.0,1.0,2.0,1.0,4.91,141.0,https://www.airbnb.es/rooms/1318365685388018256
Valencia,Cuatre-Carreres,1624614994524815730,2026-06-01,Apartamento en Valencia,188.0,2.0,1.0,1.0,1.0,5.0,10.0,https://www.airbnb.es/rooms/1624614994524815730
Valencia,Cuatre-Carreres,694640267906018231,2026-06-01,Habitación en Valencia,99.0,,,1.0,,4.7,172.0,https://www.airbnb.es/rooms/694640267906018231
Valencia,Cuatre-Carreres,1157414797154740052,2026-06-01,Alojamiento en Valencia,32.0,1.0,1.0,1.0,1.0,4.4,68.0,https://www.airbnb.es/rooms/1157414797154740052
Valencia,Cuatre-Carreres,842617138808615675,2026-06-01,Habitación en Valencia,39.0,,,1.0,,4.71,221.0,https://www.airbnb.es/rooms/842617138808615675
Valencia,Cuatre-Carreres,1390721458560665590,2026-06-01,Apartamento en Valencia,219.0,4.0,2.0,2.0,2.0,4.87,75.0,https://www.airbnb.es/rooms/1390721458560665590
Valencia,Cuatre-Carreres,1100856617104450645,2026-06-01,Apartamento en Valencia,135.0,4.0,,4.0,1.0,4.8,75.0,https://www.airbnb.es/rooms/1100856617104450645
Valencia,Cuatre-Carreres,875063778141749138,2026-06-01,Apartamento en Valencia,133.0,4.0,1.0,2.0,1.0,4.75,179.0,https://www.airbnb.es/rooms/875063778141749138
Valencia,Cuatre-Carreres,1257825541503087694,2026-06-01,Loft en Valencia,122.0,4.0,1.0,2.0,1.0,4.96,70.0,https://www.airbnb.es/rooms/1257825541503087694
Valencia,Cuatre-Carreres,1318125955444191350,2026-06-01,Apartamento en Valencia,144.0,4.0,1.0,2.0,1.0,4.76,99.0,https://www.airbnb.es/rooms/1318125955444191350
Valencia,Cuatre-Carreres,856569637537340825,2026-06-01,Apto. residencial en Valencia,132.0,2.0,1.0,1.0,1.0,4.73,192.0,https://www.airbnb.es/rooms/856569637537340825
Valencia,Cuatre-Carreres,1187589262229377567,2026-06-01,Apartamento en Valencia,110.0,4.0,1.0,2.0,1.0,4.85,66.0,https://www.airbnb.es/rooms/1187589262229377567
Valencia,Cuatre-Carreres,796294296520049808,2026-06-01,Habitaciones en Valencia,60.0,,2.0,2.0,,4.65,178.0,https://www.airbnb.es/rooms/796294296520049808
Valencia,Cuatre-Carreres,28836747,2026-06-01,Habitación de hotel en Valencia,37.0,1.0,1.0,1.0,1.0,4.77,181.0,https://www.airbnb.es/rooms/28836747
Valencia,Cuatre-Carreres,733261772280468540,2026-06-01,Apartamento en Valencia,132.0,4.0,1.0,2.0,1.0,4.94,251.0,https://www.airbnb.es/rooms/733261772280468540
Valencia,Cuatre-Carreres,1364372676801870660,2026-06-01,Loft en Valencia,82.0,2.0,1.0,1.0,1.0,4.8,5.0,https://www.airbnb.es/rooms/1364372676801870660
Valencia,Cuatre-Carreres,19694078,2026-06-01,Loft en Valencia,175.0,6.0,2.0,3.0,1.0,4.94,371.0,https://www.airbnb.es/rooms/19694078
Valencia,Cuatre-Carreres,819039969348702184,2026-06-01,Habitación en Sedaví,37.0,,,1.0,,4.91,208.0,https://www.airbnb.es/rooms/819039969348702184
Valencia,Cuatre-Carreres,1082464695961892979,2026-06-01,Apartahotel en Valencia,125.0,4.0,1.0,2.0,1.0,4.71,28.0,https://www.airbnb.es/rooms/1082464695961892979
Valencia,Cuatre-Carreres,1147750626348882839,2026-06-01,Apartamento en Valencia,155.0,4.0,1.0,2.0,1.0,4.86,43.0,https://www.airbnb.es/rooms/1147750626348882839
Valencia,Cuatre-Carreres,948418106651889138,2026-06-01,Alojamiento en Valencia,53.0,2.0,1.0,1.0,1.0,4.29,31.0,https://www.airbnb.es/rooms/948418106651889138
Valencia,Cuatre-Carreres,1492911962179548553,2026-06-01,Loft en Valencia,144.0,4.0,1.0,1.0,1.0,5.0,5.0,https://www.airbnb.es/rooms/1492911962179548553
Valencia,Cuatre-Carreres,1003301700089189824,2026-06-01,Apartamento en Valencia,104.0,3.0,1.0,3.0,1.0,4.78,169.0,https://www.airbnb.es/rooms/1003301700089189824
Valencia,Cuatre-Carreres,1415048562795297693,2026-06-01,Habitación en Valencia,87.0,,,1.0,,4.73,66.0,https://www.airbnb.es/rooms/1415048562795297693
Valencia,Cuatre-Carreres,923219372883679828,2026-06-01,Loft en Valencia,114.0,2.0,1.0,1.0,1.0,4.94,312.0,https://www.airbnb.es/rooms/923219372883679828
Valencia,Cuatre-Carreres,659910490316445110,2026-06-01,Apartamento en Valencia,141.0,5.0,2.0,3.0,1.0,4.74,170.0,https://www.airbnb.es/rooms/659910490316445110
Valencia,Cuatre-Carreres,1297984983049473441,2026-06-01,Habitación en Valencia,43.0,,,1.0,,4.34,134.0,https://www.airbnb.es/rooms/1297984983049473441
Valencia,Cuatre-Carreres,26930146,2026-06-01,Apartamento en Valencia,196.0,8.0,4.0,6.0,2.0,4.81,259.0,https://www.airbnb.es/rooms/26930146
Valencia,Cuatre-Carreres,1679948472735002468,2026-06-01,Alojamiento en Valencia,92.0,2.0,1.0,1.0,1.0,,,https://www.airbnb.es/rooms/1679948472735002468
Valencia,Cuatre-Carreres,50621566,2026-06-01,Loft en Valencia,175.0,4.0,2.0,2.0,1.0,4.91,237.0,https://www.airbnb.es/rooms/50621566
Valencia,Cuatre-Carreres,1086688096488008371,2026-06-01,Loft en Valencia,100.0,3.0,1.0,1.0,1.0,4.67,132.0,https://www.airbnb.es/rooms/1086688096488008371
Valencia,Cuatre-Carreres,879731561064142425,2026-06-01,Suite con entrada independiente en Valencia,140.0,6.0,1.0,2.0,1.0,4.93,173.0,https://www.airbnb.es/rooms/879731561064142425
Valencia,Cuatre-Carreres,1275921238201173538,2026-06-01,Habitación de hotel en Cuatre Carreres,120.0,4.0,1.0,2.0,1.0,4.76,115.0,https://www.airbnb.es/rooms/1275921238201173538
Valencia,Cuatre-Carreres,1092691689259355963,2026-06-01,Apartamento en Cuatre Carreres,140.0,2.0,1.0,1.0,1.0,4.4,5.0,https://www.airbnb.es/rooms/1092691689259355963
Valencia,Cuatre-Carreres,20135707,2026-06-01,Apartamento en Cuatre Carreres,205.0,6.0,2.0,3.0,2.0,4.76,290.0,https://www.airbnb.es/rooms/20135707
Valencia,Cuatre-Carreres,1155089812157305602,2026-06-01,Apartamento en Camins al Grau,112.0,4.0,1.0,2.0,1.0,4.61,38.0,https://www.airbnb.es/rooms/1155089812157305602
Valencia,Cuatre-Carreres,1287750819488598191,2026-06-01,Apartamento en Ciutat Vella,122.0,4.0,1.0,2.0,1.0,4.73,86.0,https://www.airbnb.es/rooms/1287750819488598191
Valencia,Cuatre-Carreres,1207703065724832169,2026-06-01,Apartamento en El Cabanyal-El Canyamelar,150.0,6.0,2.0,3.0,1.0,4.86,70.0,https://www.airbnb.es/rooms/1207703065724832169
Valencia,Cuatre-Carreres,46803758,2026-06-01,Alojamiento en Cuatre Carreres,59.0,2.0,1.0,1.0,,4.43,126.0,https://www.airbnb.es/rooms/46803758
Valencia,Cuatre-Carreres,1147155662773848811,2026-06-01,Apartahotel en Cuatre Carreres,133.0,4.0,1.0,1.0,1.0,4.64,14.0,https://www.airbnb.es/rooms/1147155662773848811
Valencia,Cuatre-Carreres,1522464652811906036,2026-06-01,Vivienda en Benimaclet,151.0,4.0,1.0,1.0,1.0,4.87,46.0,https://www.airbnb.es/rooms/1522464652811906036
Valencia,Cuatre-Carreres,1144221879917227281,2026-06-01,Apto. residencial en Extramurs,154.0,6.0,2.0,3.0,1.0,4.95,105.0,https://www.airbnb.es/rooms/1144221879917227281
Valencia,Cuatre-Carreres,1085513966444593612,2026-06-01,Loft en Natzaret,100.0,3.0,1.0,1.0,1.0,4.48,95.0,https://www.airbnb.es/rooms/1085513966444593612
Valencia,Cuatre-Carreres,1512519028889881468,2026-06-01,Bed & breakfast en Extramurs,47.0,1.0,1.0,1.0,1.0,4.42,31.0,https://www.airbnb.es/rooms/1512519028889881468
Valencia,Cuatre-Carreres,45746964,2026-06-01,Bed & breakfast en L'Eixample,98.0,2.0,1.0,1.0,1.0,4.75,4.0,https://www.airbnb.es/rooms/45746964
Valencia,Cuatre-Carreres,1213794089365977911,2026-06-01,Apartamento en Valencia,139.0,4.0,1.0,1.0,1.0,4.64,14.0,https://www.airbnb.es/rooms/1213794089365977911
Valencia,Cuatre-Carreres,26770759,2026-06-01,Apartamento en Camins al Grau,142.0,4.0,1.0,2.0,1.0,4.94,259.0,https://www.airbnb.es/rooms/26770759
Valencia,Cuatre-Carreres,1153832658973092503,2026-06-01,Habitación en Mestalla,76.0,,,1.0,,4.58,132.0,https://www.airbnb.es/rooms/1153832658973092503
Valencia,Cuatre-Carreres,49915574,2026-06-01,Apartamento en El Cabanyal-El Canyamelar,125.0,2.0,1.0,1.0,1.0,4.76,148.0,https://www.airbnb.es/rooms/49915574
Valencia,Cuatre-Carreres,1187462188665949600,2026-06-01,Apartamento en Cuatre Carreres,188.0,6.0,2.0,3.0,1.0,4.71,76.0,https://www.airbnb.es/rooms/1187462188665949600
Valencia,Cuatre-Carreres,45746689,2026-06-01,Habitación en Valencia,68.0,,,1.0,,4.59,51.0,https://www.airbnb.es/rooms/45746689
Valencia,Cuatre-Carreres,1390586084536110659,2026-06-01,Hotel en Valencia,85.0,3.0,2.0,2.0,1.0,4.3,20.0,https://www.airbnb.es/rooms/1390586084536110659
Valencia,Cuatre-Carreres,1524494836395080564,2026-06-01,Habitación de hotel compartida en Valencia,26.0,,,10.0,,4.49,96.0,https://www.airbnb.es/rooms/1524494836395080564
Valencia,Cuatre-Carreres,1428038427561918358,2026-06-01,Apartamento en Valencia,159.0,4.0,2.0,2.0,1.0,4.67,60.0,https://www.airbnb.es/rooms/1428038427561918358
Valencia,Cuatre-Carreres,931255016876977503,2026-06-01,Loft en Valencia,205.0,5.0,3.0,3.0,1.0,4.79,178.0,https://www.airbnb.es/rooms/931255016876977503
Valencia,Cuatre-Carreres,1233286051715314497,2026-06-01,Apartamento en Valencia,126.0,2.0,1.0,2.0,1.0,4.78,23.0,https://www.airbnb.es/rooms/1233286051715314497
Valencia,Cuatre-Carreres,1269444243185740401,2026-06-01,Apartamento en Valencia,188.0,4.0,1.0,2.0,1.0,4.89,18.0,https://www.airbnb.es/rooms/1269444243185740401
Valencia,Cuatre-Carreres,997063990758123324,2026-06-01,Apartamento en Valencia,248.0,6.0,2.0,3.0,2.0,4.95,208.0,https://www.airbnb.es/rooms/997063990758123324
Valencia,Cuatre-Carreres,768839744509573011,2026-06-01,Apartamento en Valencia,126.0,3.0,1.0,1.0,1.0,4.68,215.0,https://www.airbnb.es/rooms/768839744509573011
Valencia,Cuatre-Carreres,1082463870080111781,2026-06-01,Apartahotel en Valencia,133.0,4.0,1.0,1.0,1.0,4.75,4.0,https://www.airbnb.es/rooms/1082463870080111781
Valencia,Cuatre-Carreres,1187429399209424216,2026-06-01,Apartamento en Valencia,188.0,6.0,2.0,3.0,1.0,4.67,79.0,https://www.airbnb.es/rooms/1187429399209424216
Valencia,Cuatre-Carreres,1524493297336768120,2026-06-01,Habitación de hotel compartida en Valencia,27.0,,,8.0,,4.59,39.0,https://www.airbnb.es/rooms/1524493297336768120
Valencia,Cuatre-Carreres,1318236502182499555,2026-06-01,Apartamento en Valencia,171.0,4.0,1.0,2.0,1.0,4.94,95.0,https://www.airbnb.es/rooms/1318236502182499555
Valencia,Cuatre-Carreres,1405974262281855257,2026-06-01,Apartamento en Valencia,119.0,4.0,2.0,2.0,1.0,4.74,23.0,https://www.airbnb.es/rooms/1405974262281855257
Valencia,Cuatre-Carreres,1581959407495999126,2026-06-01,Apartamento en Valencia,139.0,4.0,1.0,1.0,1.0,,,https://www.airbnb.es/rooms/1581959407495999126
Valencia,Cuatre-Carreres,808573,2026-06-01,Habitación de hotel en Burjasot,81.0,6.0,2.0,,2.0,4.71,363.0,https://www.airbnb.es/rooms/808573
Valencia,Cuatre-Carreres,1566522140026019963,2026-06-01,Habitación de hotel compartida en Valencia,22.0,,,1.0,,3.76,46.0,https://www.airbnb.es/rooms/1566522140026019963
Valencia,Cuatre-Carreres,1653688529301104002,2026-06-01,Habitación compartida en Valencia,53.0,,,1.0,,4.53,19.0,https://www.airbnb.es/rooms/1653688529301104002
Valencia,Cuatre-Carreres,1011606424955214444,2026-06-01,Apartamento en Valencia,201.0,5.0,1.0,1.0,1.0,4.86,56.0,https://www.airbnb.es/rooms/1011606424955214444
Valencia,Cuatre-Carreres,1461556181651064090,2026-06-01,Apartamento en Valencia,174.0,3.0,1.0,2.0,1.0,4.43,14.0,https://www.airbnb.es/rooms/1461556181651064090
Valencia,Cuatre-Carreres,1264470275993068625,2026-06-01,Habitación en Valencia,80.0,,,1.0,,4.66,47.0,https://www.airbnb.es/rooms/1264470275993068625
Valencia,Cuatre-Carreres,1420153352794910831,2026-06-01,Apartamento en Picanya,117.0,4.0,1.0,2.0,1.0,4.98,40.0,https://www.airbnb.es/rooms/1420153352794910831
Valencia,Cuatre-Carreres,1679941376771509615,2026-06-01,Alojamiento en Valencia,95.0,2.0,1.0,1.0,1.0,,,https://www.airbnb.es/rooms/1679941376771509615
Valencia,Cuatre-Carreres,1682733677251097264,2026-06-01,Apartamento en Valencia,120.0,2.0,1.0,,1.0,,,https://www.airbnb.es/rooms/1682733677251097264
Valencia,Cuatre-Carreres,743244065080966066,2026-06-01,Habitación en Valencia,82.0,,,2.0,,4.88,237.0,https://www.airbnb.es/rooms/743244065080966066
Valencia,Cuatre-Carreres,887699089860675354,2026-06-01,Habitación en Valencia,80.0,,,1.0,,4.29,34.0,https://www.airbnb.es/rooms/887699089860675354
Valencia,Cuatre-Carreres,1102600082626398888,2026-06-01,Apartamento en Valencia,116.0,5.0,1.0,3.0,1.0,4.26,117.0,https://www.airbnb.es/rooms/1102600082626398888
Valencia,Cuatre-Carreres,1259960882727342182,2026-06-01,Habitación en Valencia,86.0,,,1.0,,5.0,34.0,https://www.airbnb.es/rooms/1259960882727342182
Valencia,Cuatre-Carreres,1019308545494852196,2026-06-01,Loft en Valencia,128.0,4.0,,2.0,1.0,4.76,67.0,https://www.airbnb.es/rooms/1019308545494852196
Valencia,Cuatre-Carreres,1424625542168462164,2026-06-01,Apartamento en Benetúser,129.0,6.0,2.0,5.0,1.0,4.89,93.0,https://www.airbnb.es/rooms/1424625542168462164
Valencia,Cuatre-Carreres,1010857390744112045,2026-06-01,Apartamento en Valencia,209.0,5.0,1.0,3.0,1.0,4.91,57.0,https://www.airbnb.es/rooms/1010857390744112045
Valencia,Cuatre-Carreres,1082464564955838486,2026-06-01,Apartahotel en Valencia,147.0,4.0,1.0,1.0,1.0,5.0,5.0,https://www.airbnb.es/rooms/1082464564955838486
Valencia,Cuatre-Carreres,1304531902497034848,2026-06-01,Apartamento en Valencia,112.0,4.0,,2.0,1.0,4.48,61.0,https://www.airbnb.es/rooms/1304531902497034848
Valencia,Cuatre-Carreres,1045441732698251354,2026-06-01,Apartamento en Valencia,152.0,4.0,1.0,1.0,1.0,4.38,129.0,https://www.airbnb.es/rooms/1045441732698251354
Valencia,Cuatre-Carreres,988390690825353361,2026-06-01,Loft en Valencia,147.0,2.0,,2.0,1.0,4.95,59.0,https://www.airbnb.es/rooms/988390690825353361
Valencia,Cuatre-Carreres,50185488,2026-06-01,Apartamento en Valencia,185.0,4.0,2.0,2.0,1.0,4.77,142.0,https://www.airbnb.es/rooms/50185488
Valencia,Cuatre-Carreres,1395734874504535798,2026-06-01,Habitación compartida en Camins al Grau,30.0,,,1.0,,4.63,27.0,https://www.airbnb.es/rooms/1395734874504535798
Valencia,Cuatre-Carreres,980347426047095844,2026-06-01,Apartamento en Malvarrosa,119.0,4.0,1.0,2.0,1.0,4.82,33.0,https://www.airbnb.es/rooms/980347426047095844
Valencia,Cuatre-Carreres,1404176697606872527,2026-06-01,Apartamento en Cuatre Carreres,138.0,4.0,1.0,1.0,1.0,4.82,22.0,https://www.airbnb.es/rooms/1404176697606872527
Valencia,Cuatre-Carreres,1573124076168830789,2026-06-01,Apartamento en Valencia,182.0,4.0,1.0,2.0,1.0,5.0,7.0,https://www.airbnb.es/rooms/1573124076168830789
Valencia,Cuatre-Carreres,1418700031526549398,2026-06-01,Loft en Patraix,182.0,8.0,2.0,5.0,2.0,4.96,24.0,https://www.airbnb.es/rooms/1418700031526549398
Valencia,Cuatre-Carreres,1548715020442788801,2026-06-01,Apartamento en El Cabanyal-El Canyamelar,126.0,3.0,1.0,2.0,1.0,4.93,15.0,https://www.airbnb.es/rooms/1548715020442788801
Valencia,Cuatre-Carreres,49493986,2026-06-01,Apto. residencial en Camins al Grau,187.0,7.0,4.0,4.0,2.0,4.71,103.0,https://www.airbnb.es/rooms/49493986
Valencia,Cuatre-Carreres,844857601566232239,2026-06-01,Apartamento en Camins al Grau,189.0,6.0,2.0,3.0,1.0,4.6,272.0,https://www.airbnb.es/rooms/844857601566232239
Valencia,Cuatre-Carreres,1012141094580303954,2026-06-01,Apartamento en Cuatre Carreres,168.0,3.0,,,1.0,4.71,58.0,https://www.airbnb.es/rooms/1012141094580303954
Valencia,Cuatre-Carreres,1188450940860544992,2026-06-01,Loft en Natzaret,106.0,4.0,1.0,1.0,1.0,4.71,77.0,https://www.airbnb.es/rooms/1188450940860544992
Valencia,Cuatre-Carreres,1390406547431572803,2026-06-01,Apartamento en Extramurs,153.0,3.0,2.0,5.0,1.0,4.79,39.0,https://www.airbnb.es/rooms/1390406547431572803
Valencia,Cuatre-Carreres,1574595091519322843,2026-06-01,Bed & breakfast en Russafa,77.0,2.0,1.0,1.0,1.0,4.28,18.0,https://www.airbnb.es/rooms/1574595091519322843
Valencia,Cuatre-Carreres,1029479461362811368,2026-06-01,Loft en Camins al Grau,157.0,2.0,,1.0,1.0,4.79,145.0,https://www.airbnb.es/rooms/1029479461362811368
Valencia,Cuatre-Carreres,1434887262722785904,2026-06-01,Loft en Patraix,147.0,4.0,1.0,2.0,1.0,4.78,60.0,https://www.airbnb.es/rooms/1434887262722785904
Valencia,Cuatre-Carreres,1116779529373427744,2026-06-01,Loft en Natzaret,138.0,4.0,1.0,2.0,1.0,4.75,80.0,https://www.airbnb.es/rooms/1116779529373427744
Valencia,Cuatre-Carreres,1011450367710328736,2026-06-01,Apartamento en Cuatre Carreres,209.0,5.0,1.0,1.0,1.0,4.91,86.0,https://www.airbnb.es/rooms/1011450367710328736
Valencia,Cuatre-Carreres,1599214253398035730,2026-06-01,Apartamento en Valencia,159.0,4.0,1.0,2.0,1.0,,,https://www.airbnb.es/rooms/1599214253398035730
Valencia,Cuatre-Carreres,650786690282065935,2026-06-01,Loft en Patraix,123.0,4.0,1.0,2.0,1.0,4.33,33.0,https://www.airbnb.es/rooms/650786690282065935
Valencia,Cuatre-Carreres,1434701573230361064,2026-06-01,Apartamento en Valencia,138.0,2.0,1.0,1.0,1.0,4.61,54.0,https://www.airbnb.es/rooms/1434701573230361064
Valencia,Cuatre-Carreres,1024658577759923197,2026-06-01,Apartamento en Valencia,156.0,2.0,,,1.0,4.59,49.0,https://www.airbnb.es/rooms/1024658577759923197
Valencia,Cuatre-Carreres,18426659,2026-06-01,Loft en Valencia,181.0,2.0,1.0,1.0,1.0,4.8,425.0,https://www.airbnb.es/rooms/18426659
Valencia,Cuatre-Carreres,831240764799452710,2026-06-01,Apartamento en Valencia,220.0,6.0,1.0,3.0,1.0,4.83,40.0,https://www.airbnb.es/rooms/831240764799452710
Valencia,Cuatre-Carreres,1532440405302494173,2026-06-01,Apartamento en Valencia,162.0,6.0,2.0,1.0,1.0,4.4,15.0,https://www.airbnb.es/rooms/1532440405302494173
Valencia,Cuatre-Carreres,38688752,2026-06-01,Habitación de hotel en Valencia,56.0,1.0,1.0,1.0,1.0,4.7,33.0,https://www.airbnb.es/rooms/38688752
Valencia,Cuatre-Carreres,42727914,2026-06-01,Apartamento en Valencia,252.0,4.0,2.0,2.0,1.0,4.93,190.0,https://www.airbnb.es/rooms/42727914
Valencia,Cuatre-Carreres,1220306924161071748,2026-06-01,Apartamento en Valencia,123.0,2.0,,1.0,1.0,4.67,21.0,https://www.airbnb.es/rooms/1220306924161071748
Valencia,Cuatre-Carreres,11678559,2026-06-01,Apartamento en Valencia,250.0,8.0,4.0,5.0,2.0,4.89,256.0,https://www.airbnb.es/rooms/11678559
Valencia,Cuatre-Carreres,974747562795385100,2026-06-01,Apartamento en Valencia,188.0,4.0,1.0,2.0,1.0,4.9,60.0,https://www.airbnb.es/rooms/974747562795385100
Valencia,Cuatre-Carreres,46034145,2026-06-01,Apartamento en Valencia,102.0,2.0,,1.0,1.0,4.89,106.0,https://www.airbnb.es/rooms/46034145
Valencia,Cuatre-Carreres,1116764743700338104,2026-06-01,Apartamento en Valencia,138.0,2.0,1.0,2.0,1.0,4.74,73.0,https://www.airbnb.es/rooms/1116764743700338104
Valencia,Cuatre-Carreres,980852262153350113,2026-06-01,Apartamento en Valencia,119.0,4.0,1.0,2.0,1.0,4.54,13.0,https://www.airbnb.es/rooms/980852262153350113
Valencia,Cuatre-Carreres,1308580370407817420,2026-06-01,Habitación compartida en Valencia,29.0,,,8.0,,4.68,28.0,https://www.airbnb.es/rooms/1308580370407817420
Valencia,Cuatre-Carreres,843965481980144443,2026-06-01,Habitación en Burjasot,40.0,,,1.0,,4.85,112.0,https://www.airbnb.es/rooms/843965481980144443
Valencia,Cuatre-Carreres,1104101282540778290,2026-06-01,Habitaciones en Valencia,85.0,,2.0,2.0,,4.99,69.0,https://www.airbnb.es/rooms/1104101282540778290
Valencia,Cuatre-Carreres,861413153718066055,2026-06-01,Alojamiento en Valencia,142.0,3.0,1.0,4.0,1.0,4.77,74.0,https://www.airbnb.es/rooms/861413153718066055
Valencia,Cuatre-Carreres,1145106173050203663,2026-06-01,Apartamento en Valencia,129.0,2.0,1.0,,1.0,4.85,81.0,https://www.airbnb.es/rooms/1145106173050203663
Valencia,Cuatre-Carreres,1395777725220292713,2026-06-01,Habitación compartida en Camins al Grau,31.0,,,6.0,,4.63,19.0,https://www.airbnb.es/rooms/1395777725220292713
Valencia,Cuatre-Carreres,1090385444452215714,2026-06-01,Apartamento en Camins al Grau,129.0,4.0,,2.0,1.0,4.84,25.0,https://www.airbnb.es/rooms/1090385444452215714
Valencia,Cuatre-Carreres,1275656721580654328,2026-06-01,Apartamento en Algirós,117.0,2.0,,1.0,1.0,4.67,3.0,https://www.airbnb.es/rooms/1275656721580654328
Valencia,Cuatre-Carreres,1117763306906360041,2026-06-01,Apartamento en Natzaret,138.0,4.0,1.0,2.0,1.0,4.58,80.0,https://www.airbnb.es/rooms/1117763306906360041
Valencia,Cuatre-Carreres,696965243391455134,2026-06-01,Apartamento en Extramurs,186.0,6.0,3.0,3.0,2.0,4.68,244.0,https://www.airbnb.es/rooms/696965243391455134
Valencia,Cuatre-Carreres,1170933099646009574,2026-06-01,Apartamento en Algirós,141.0,4.0,1.0,3.0,1.0,4.77,79.0,https://www.airbnb.es/rooms/1170933099646009574
Valencia,Cuatre-Carreres,1192832580578840827,2026-06-01,Hotel en Ciutat Vella,113.0,2.0,1.0,1.0,1.0,4.7,79.0,https://www.airbnb.es/rooms/1192832580578840827
Valencia,Cuatre-Carreres,1375245120707310190,2026-06-01,Habitación en Camins al Grau,212.0,,,1.0,,4.9,30.0,https://www.airbnb.es/rooms/1375245120707310190
Valencia,Cuatre-Carreres,1379523697187239243,2026-06-01,Apartamento en Valencia,116.0,4.0,,2.0,1.0,4.78,9.0,https://www.airbnb.es/rooms/1379523697187239243
Valencia,Cuatre-Carreres,1443374458501570121,2026-06-01,Habitación en Extramurs,59.0,,,1.0,,4.53,34.0,https://www.airbnb.es/rooms/1443374458501570121
Valencia,Cuatre-Carreres,42823413,2026-06-01,Apartamento en Mislata,190.0,6.0,3.0,4.0,2.0,4.75,80.0,https://www.airbnb.es/rooms/42823413
Valencia,Cuatre-Carreres,1422375968526249613,2026-06-01,Apartamento en Picanya,236.0,6.0,2.0,4.0,2.0,5.0,3.0,https://www.airbnb.es/rooms/1422375968526249613
Valencia,Cuatre-Carreres,1233814092740348474,2026-06-01,Apartamento en Cuatre Carreres,176.0,6.0,2.0,2.0,1.0,4.75,16.0,https://www.airbnb.es/rooms/1233814092740348474
Valencia,Cuatre-Carreres,1427767447708621364,2026-06-01,Apartamento en L'Amistat,136.0,2.0,1.0,2.0,1.0,4.77,30.0,https://www.airbnb.es/rooms/1427767447708621364
Valencia,Cuatre-Carreres,1104208387698709244,2026-06-01,Habitación compartida en Valencia,52.0,,,3.0,,4.75,20.0,https://www.airbnb.es/rooms/1104208387698709244
Valencia,Cuatre-Carreres,1545824359332831130,2026-06-01,Apartamento en Malvarrosa,258.0,8.0,3.0,5.0,1.0,4.72,25.0,https://www.airbnb.es/rooms/1545824359332831130
Valencia,Cuatre-Carreres,1080387598065347617,2026-06-01,Alojamiento en Ciutat Vella,105.0,2.0,1.0,1.0,1.0,4.54,112.0,https://www.airbnb.es/rooms/1080387598065347617
Valencia,Cuatre-Carreres,844619245994295364,2026-06-01,Apartamento en Camins al Grau,189.0,5.0,,2.0,1.0,4.62,293.0,https://www.airbnb.es/rooms/844619245994295364
Valencia,Cuatre-Carreres,1461537161787637126,2026-06-01,Apartamento en Valencia,174.0,4.0,1.0,2.0,1.0,4.18,28.0,https://www.airbnb.es/rooms/1461537161787637126
Valencia,Cuatre-Carreres,1195435294898211375,2026-06-01,Loft en Valencia,169.0,4.0,1.0,2.0,1.0,4.99,76.0,https://www.airbnb.es/rooms/1195435294898211375
Valencia,Cuatre-Carreres,1577487808702580992,2026-06-01,Apartamento en Valencia,169.0,2.0,1.0,1.0,1.0,4.58,45.0,https://www.airbnb.es/rooms/1577487808702580992
Valencia,Cuatre-Carreres,1309337745579167798,2026-06-01,Habitación compartida en Valencia,22.0,,,12.0,,,,https://www.airbnb.es/rooms/1309337745579167798
Valencia,Cuatre-Carreres,1218679399975540970,2026-06-01,Apartamento en Valencia,133.0,4.0,,2.0,1.0,4.74,38.0,https://www.airbnb.es/rooms/1218679399975540970
Valencia,Cuatre-Carreres,1170949559421381685,2026-06-01,Apartamento en Valencia,135.0,4.0,1.0,3.0,1.0,4.73,59.0,https://www.airbnb.es/rooms/1170949559421381685
Valencia,Cuatre-Carreres,743186075147318111,2026-06-01,Apto. residencial en Valencia,201.0,6.0,3.0,4.0,2.0,4.72,193.0,https://www.airbnb.es/rooms/743186075147318111
Valencia,Cuatre-Carreres,1457159715285449182,2026-06-01,Habitación en Valencia,90.0,,,1.0,,4.53,40.0,https://www.airbnb.es/rooms/1457159715285449182
Valencia,Cuatre-Carreres,38690008,2026-06-01,Habitación de hotel en Valencia,55.0,1.0,1.0,1.0,1.0,4.8,55.0,https://www.airbnb.es/rooms/38690008
Valencia,Cuatre-Carreres,1460907580928275190,2026-06-01,Alojamiento en Chirivella,42.0,2.0,2.0,1.0,2.0,4.8,5.0,https://www.airbnb.es/rooms/1460907580928275190
Valencia,Cuatre-Carreres,938734,2026-06-01,Apartamento en Valencia,118.0,2.0,1.0,1.0,,4.37,81.0,https://www.airbnb.es/rooms/938734
Valencia,Cuatre-Carreres,53355963,2026-06-01,Apartamento en Valencia,145.0,4.0,1.0,2.0,1.0,4.61,59.0,https://www.airbnb.es/rooms/53355963
Valencia,Cuatre-Carreres,1190660601896254565,2026-06-01,Habitación en Valencia,48.0,,,1.0,,4.69,39.0,https://www.airbnb.es/rooms/1190660601896254565
Valencia,Cuatre-Carreres,7254820,2026-06-01,Apartamento en Valencia,233.0,4.0,2.0,2.0,1.0,4.88,220.0,https://www.airbnb.es/rooms/7254820
Valencia,Cuatre-Carreres,1025954031954023044,2026-06-01,Apartamento en Valencia,188.0,4.0,1.0,2.0,1.0,4.71,68.0,https://www.airbnb.es/rooms/1025954031954023044
Valencia,Cuatre-Carreres,1254170920109648167,2026-06-01,Apartamento en Valencia,175.0,4.0,1.0,2.0,1.0,4.8,5.0,https://www.airbnb.es/rooms/1254170920109648167
Valencia,Cuatre-Carreres,1347875013700163388,2026-06-01,Apartamento en Valencia,140.0,4.0,1.0,2.0,1.0,4.89,19.0,https://www.airbnb.es/rooms/1347875013700163388
Valencia,Cuatre-Carreres,1375353041885463059,2026-06-01,Habitación en Valencia,59.0,,,1.0,,4.65,49.0,https://www.airbnb.es/rooms/1375353041885463059
Valencia,Cuatre-Carreres,51611389,2026-06-01,Apartamento en El Cabanyal-El Canyamelar,231.0,6.0,2.0,3.0,1.0,4.66,161.0,https://www.airbnb.es/rooms/51611389
Valencia,Cuatre-Carreres,1220306731131365935,2026-06-01,Apartamento en Algirós,131.0,4.0,,2.0,1.0,4.67,18.0,https://www.airbnb.es/rooms/1220306731131365935
Valencia,Cuatre-Carreres,6269594,2026-06-01,Habitación en Cuatre Carreres,106.0,,,1.0,,4.95,20.0,https://www.airbnb.es/rooms/6269594
Valencia,Cuatre-Carreres,1076653638122481644,2026-06-01,Apartamento en El Cabanyal-El Canyamelar,270.0,6.0,2.0,4.0,2.0,4.9,50.0,https://www.airbnb.es/rooms/1076653638122481644
Valencia,Cuatre-Carreres,1228240140332550058,2026-06-01,Apartamento en Cuatre Carreres,144.0,4.0,1.0,2.0,1.0,4.61,44.0,https://www.airbnb.es/rooms/1228240140332550058
Valencia,Cuatre-Carreres,1309334858285010777,2026-06-01,Habitación compartida en Camins al Grau,29.0,,,8.0,,4.08,12.0,https://www.airbnb.es/rooms/1309334858285010777
Valencia,Cuatre-Carreres,609042535173332206,2026-06-01,Vivienda vacacional en El Cabanyal-El Canyamelar,247.0,6.0,2.0,3.0,2.0,4.76,165.0,https://www.airbnb.es/rooms/609042535173332206
Valencia,Cuatre-Carreres,1192919197425069113,2026-06-01,Hotel en Ciutat Vella,109.0,2.0,1.0,1.0,1.0,4.43,7.0,https://www.airbnb.es/rooms/1192919197425069113
Valencia,Cuatre-Carreres,1097080390038260095,2026-06-01,Apartamento en Ciutat Vella,175.0,2.0,1.0,,1.0,4.91,57.0,https://www.airbnb.es/rooms/1097080390038260095
Valencia,Cuatre-Carreres,973854286160519904,2026-06-01,Apartamento en Cuatre Carreres,188.0,4.0,1.0,2.0,0.0,4.8,10.0,https://www.airbnb.es/rooms/973854286160519904
Valencia,Cuatre-Carreres,979699991171299928,2026-06-01,Apartamento en Cuatre Carreres,168.0,3.0,1.0,2.0,1.0,4.79,19.0,https://www.airbnb.es/rooms/979699991171299928
Valencia,Cuatre-Carreres,1295422269779961273,2026-06-01,Loft en Malvarrosa,147.0,2.0,1.0,1.0,1.0,4.6,99.0,https://www.airbnb.es/rooms/1295422269779961273
Valencia,Cuatre-Carreres,41880017,2026-06-01,Hotel en Benimámet,59.0,2.0,1.0,1.0,1.0,4.15,13.0,https://www.airbnb.es/rooms/41880017
Valencia,Cuatre-Carreres,974525772124370582,2026-06-01,Apartamento en Cuatre Carreres,197.0,4.0,1.0,2.0,1.0,4.87,52.0,https://www.airbnb.es/rooms/974525772124370582
Valencia,Cuatre-Carreres,1309223791917582762,2026-06-01,Apartamento en Camins al Grau,186.0,4.0,1.0,2.0,1.0,,,https://www.airbnb.es/rooms/1309223791917582762
Valencia,Cuatre-Carreres,1689031497526311726,2026-06-01,Apartamento en Patraix,146.0,2.0,1.0,2.0,1.0,,,https://www.airbnb.es/rooms/1689031497526311726
Valencia,Cuatre-Carreres,1441053500313447603,2026-06-01,Apartamento en Valencia,189.0,4.0,1.0,2.0,1.0,4.9,30.0,https://www.airbnb.es/rooms/1441053500313447603
Valencia,Cuatre-Carreres,1660747493393816910,2026-06-01,Habitación de hotel compartida en L'Amistat,25.0,,,1.0,,3.6,5.0,https://www.airbnb.es/rooms/1660747493393816910
Valencia,Cuatre-Carreres,1277575559230116842,2026-06-01,Apartamento en Extramurs,129.0,2.0,,1.0,1.0,4.86,7.0,https://www.airbnb.es/rooms/1277575559230116842
Valencia,Cuatre-Carreres,24435383,2026-06-01,Loft en Ciutat Vella,159.0,2.0,1.0,1.0,1.0,4.81,258.0,https://www.airbnb.es/rooms/24435383
Valencia,Cuatre-Carreres,897619095049425307,2026-06-01,Habitación en El Cabanyal-El Canyamelar,65.0,,,1.0,,4.56,55.0,https://www.airbnb.es/rooms/897619095049425307
Valencia,Cuatre-Carreres,1637505118892363782,2026-06-01,Apartamento en Extramurs,172.0,4.0,1.0,1.0,1.0,4.27,11.0,https://www.airbnb.es/rooms/1637505118892363782
Valencia,Cuatre-Carreres,19169345,2026-06-01,Apartamento en Ciutat Vella,165.0,4.0,1.0,2.0,1.0,4.55,42.0,https://www.airbnb.es/rooms/19169345
Valencia,Cuatre-Carreres,957105056123376288,2026-06-01,Loft en Ciutat Vella,129.0,2.0,,1.0,1.0,4.67,52.0,https://www.airbnb.es/rooms/957105056123376288
Valencia,Cuatre-Carreres,1192925496990459796,2026-06-01,Hotel en Ciutat Vella,137.0,3.0,1.0,2.0,1.0,4.85,40.0,https://www.airbnb.es/rooms/1192925496990459796
Valencia,Cuatre-Carreres,1080239386683268074,2026-06-01,Apartamento en Camins al Grau,197.0,4.0,1.0,2.0,1.0,4.8,5.0,https://www.airbnb.es/rooms/1080239386683268074
Valencia,Cuatre-Carreres,973893645597750111,2026-06-01,Apartamento en Cuatre Carreres,197.0,4.0,1.0,2.0,1.0,4.94,68.0,https://www.airbnb.es/rooms/973893645597750111
Valencia,Cuatre-Carreres,974769362902471188,2026-06-01,Apartamento en Cuatre Carreres,197.0,4.0,1.0,2.0,1.0,4.86,29.0,https://www.airbnb.es/rooms/974769362902471188
Valencia,Cuatre-Carreres,1502042659796281704,2026-06-01,Loft en Malvarrosa,160.0,2.0,1.0,2.0,1.0,4.59,32.0,https://www.airbnb.es/rooms/1502042659796281704
Valencia,Cuatre-Carreres,53460968,2026-06-01,Apartamento en Extramurs,198.0,3.0,,2.0,1.0,4.69,204.0,https://www.airbnb.es/rooms/53460968
Valencia,Cuatre-Carreres,948420285671931868,2026-06-01,Habitación en Cuatre Carreres,106.0,,,1.0,,4.3,33.0,https://www.airbnb.es/rooms/948420285671931868
Valencia,Cuatre-Carreres,1028681600083538711,2026-06-01,Apartamento en L'Amistat,194.0,4.0,1.0,2.0,1.0,4.86,63.0,https://www.airbnb.es/rooms/1028681600083538711
Valencia,Cuatre-Carreres,1495763528567236413,2026-06-01,Loft en Campanar,143.0,4.0,1.0,1.0,1.0,4.35,20.0,https://www.airbnb.es/rooms/1495763528567236413
Valencia,Cuatre-Carreres,938110941050052733,2026-06-01,Loft en El Cabanyal-El Canyamelar,190.0,3.0,1.0,2.0,1.0,4.54,37.0,https://www.airbnb.es/rooms/938110941050052733
Valencia,Cuatre-Carreres,1640554297357232763,2026-06-01,Hostal en Ciutat Vella,89.0,2.0,1.0,2.0,1.0,4.62,13.0,https://www.airbnb.es/rooms/1640554297357232763
Valencia,Cuatre-Carreres,1207704880595369214,2026-06-01,Apartamento en El Cabanyal-El Canyamelar,174.0,4.0,1.0,1.0,1.0,4.73,45.0,https://www.airbnb.es/rooms/1207704880595369214
Valencia,Cuatre-Carreres,1254160871680527858,2026-06-01,Apartamento en Valencia,175.0,4.0,1.0,2.0,1.0,,,https://www.airbnb.es/rooms/1254160871680527858
Valencia,Cuatre-Carreres,866521635504366299,2026-06-01,Alojamiento en El Cabanyal-El Canyamelar,152.0,2.0,1.0,1.0,2.0,4.67,3.0,https://www.airbnb.es/rooms/866521635504366299
Valencia,Cuatre-Carreres,917477453042604448,2026-06-01,Apartamento en Cuatre Carreres,188.0,3.0,1.0,1.0,1.0,,,https://www.airbnb.es/rooms/917477453042604448
Valencia,Cuatre-Carreres,1254160098310400411,2026-06-01,Apartamento en Valencia,188.0,4.0,1.0,2.0,1.0,4.67,3.0,https://www.airbnb.es/rooms/1254160098310400411
Valencia,Cuatre-Carreres,1278156838577911108,2026-06-01,Apartamento en Extramurs,141.0,4.0,,2.0,1.0,4.94,17.0,https://www.airbnb.es/rooms/1278156838577911108
Valencia,Cuatre-Carreres,1075246798291751679,2026-06-01,Apartamento en Camins al Grau,173.0,2.0,1.0,1.0,1.0,4.67,3.0,https://www.airbnb.es/rooms/1075246798291751679
Valencia,Cuatre-Carreres,1635471035965745054,2026-06-01,Apartamento en Patraix,168.0,4.0,1.0,2.0,1.0,,,https://www.airbnb.es/rooms/1635471035965745054
Valencia,Cuatre-Carreres,1512883230820404235,2026-06-01,Apartamento en Cuatre Carreres,226.0,7.0,3.0,4.0,1.0,4.71,14.0,https://www.airbnb.es/rooms/1512883230820404235
Valencia,Cuatre-Carreres,503305262822613325,2026-06-01,Apartamento en Extramurs,134.0,2.0,1.0,1.0,1.0,4.32,93.0,https://www.airbnb.es/rooms/503305262822613325
Valencia,Cuatre-Carreres,712712584892741915,2026-06-01,Apartamento en Ciutat Vella,236.0,5.0,2.0,3.0,1.0,4.84,295.0,https://www.airbnb.es/rooms/712712584892741915
Valencia,Cuatre-Carreres,19905509,2026-06-01,Apartamento en Mestalla,257.0,4.0,2.0,3.0,2.0,4.81,165.0,https://www.airbnb.es/rooms/19905509
Valencia,Cuatre-Carreres,1309223714915716139,2026-06-01,Apartamento en Camins al Grau,186.0,4.0,1.0,2.0,1.0,4.6,5.0,https://www.airbnb.es/rooms/1309223714915716139
Valencia,Cuatre-Carreres,1381020234640096897,2026-06-01,Apartamento en Algirós,217.0,5.0,1.0,3.0,1.0,4.92,59.0,https://www.airbnb.es/rooms/1381020234640096897
Valencia,Cuatre-Carreres,861410996799190096,2026-06-01,Alojamiento en Camins al Grau,153.0,4.0,1.0,4.0,1.0,4.81,94.0,https://www.airbnb.es/rooms/861410996799190096
Valencia,Cuatre-Carreres,1389150793764377405,2026-06-01,Hotel en Algirós,91.0,2.0,1.0,1.0,1.0,4.6,5.0,https://www.airbnb.es/rooms/1389150793764377405
Valencia,Cuatre-Carreres,1215878839568324919,2026-06-01,Apartamento en Valencia,164.0,4.0,1.0,1.0,1.0,4.57,60.0,https://www.airbnb.es/rooms/1215878839568324919
Valencia,Cuatre-Carreres,1299159197397310205,2026-06-01,Apartamento en Camins al Grau,180.0,4.0,1.0,2.0,1.0,4.6,5.0,https://www.airbnb.es/rooms/1299159197397310205
Valencia,Cuatre-Carreres,1394766176732695921,2026-06-01,easyHotel Valencia Ciutat Vella,144.0,,,,,4.77,22.0,https://www.airbnb.es/rooms/1394766176732695921
Valencia,Cuatre-Carreres,881618884322354508,2026-06-01,Hotel en Valencia,194.0,12.0,,6.0,1.0,4.66,38.0,https://www.airbnb.es/rooms/881618884322354508
Valencia,Cuatre-Carreres,1543310920704023641,2026-06-01,Apartamento en Benimámet,121.0,4.0,1.0,2.0,1.0,4.76,54.0,https://www.airbnb.es/rooms/1543310920704023641
Valencia,Cuatre-Carreres,1516712870057318982,2026-06-01,Hotel en Ciutat Vella,205.0,4.0,1.0,2.0,1.0,4.58,19.0,https://www.airbnb.es/rooms/1516712870057318982
Valencia,Cuatre-Carreres,1231785744537107577,2026-06-01,Apartamento en Valencia,161.0,3.0,,2.0,1.0,4.67,45.0,https://www.airbnb.es/rooms/1231785744537107577
Valencia,Cuatre-Carreres,1366479408787658421,2026-06-01,Apartamento en Valencia,147.0,4.0,1.0,3.0,1.0,4.83,40.0,https://www.airbnb.es/rooms/1366479408787658421
Valencia,Cuatre-Carreres,1359271786157646377,2026-06-01,Apartamento en El Cabanyal-El Canyamelar,190.0,3.0,1.0,2.0,1.0,,,https://www.airbnb.es/rooms/1359271786157646377
Valencia,Cuatre-Carreres,1295464547837969149,2026-06-01,Adosado en El Cabanyal-El Canyamelar,215.0,5.0,3.0,3.0,1.0,4.43,30.0,https://www.airbnb.es/rooms/1295464547837969149
Valencia,Cuatre-Carreres,11842432,2026-06-01,Apartamento en Russafa,200.0,2.0,1.0,2.0,1.0,4.63,145.0,https://www.airbnb.es/rooms/11842432
Valencia,Cuatre-Carreres,50890366,2026-06-01,Apartamento en El Cabanyal-El Canyamelar,183.0,4.0,2.0,3.0,1.0,4.55,71.0,https://www.airbnb.es/rooms/50890366
Valencia,Cuatre-Carreres,1635502966918424255,2026-06-01,Apartamento en Patraix,168.0,4.0,1.0,2.0,1.0,,,https://www.airbnb.es/rooms/1635502966918424255
Valencia,Cuatre-Carreres,1401735460513040159,2026-06-01,Apartamento en Camins al Grau,438.0,6.0,2.0,3.0,1.0,4.7,23.0,https://www.airbnb.es/rooms/1401735460513040159
Valencia,Cuatre-Carreres,1208089309681136650,2026-06-01,Alojamiento en Algirós,91.0,2.0,1.0,1.0,1.0,4.76,51.0,https://www.airbnb.es/rooms/1208089309681136650
Valencia,Cuatre-Carreres,51720969,2026-06-01,Apartamento en Ciutat Vella,179.0,4.0,1.0,2.0,1.0,5.0,3.0,https://www.airbnb.es/rooms/51720969
Valencia,Cuatre-Carreres,1542022700922565734,2026-06-01,Apartamento en Benimámet,105.0,2.0,1.0,1.0,1.0,,,https://www.airbnb.es/rooms/1542022700922565734
Valencia,Cuatre-Carreres,1543378220055626058,2026-06-01,Apartamento en Benimámet,157.0,4.0,2.0,5.0,1.0,4.73,41.0,https://www.airbnb.es/rooms/1543378220055626058
Valencia,Cuatre-Carreres,50867896,2026-06-01,Apartamento en Extramurs,226.0,6.0,2.0,4.0,1.0,4.7,54.0,https://www.airbnb.es/rooms/50867896
Valencia,Cuatre-Carreres,1401282391679654922,2026-06-01,Apartamento en Valencia,235.0,6.0,2.0,2.0,2.0,4.96,52.0,https://www.airbnb.es/rooms/1401282391679654922
Valencia,Cuatre-Carreres,730832755247670221,2026-06-01,Apartamento en Valencia,229.0,4.0,1.0,2.0,1.0,4.92,12.0,https://www.airbnb.es/rooms/730832755247670221
Valencia,Cuatre-Carreres,886998425075070494,2026-06-01,Habitación en Valencia,100.0,,,1.0,,4.46,26.0,https://www.airbnb.es/rooms/886998425075070494
Valencia,Cuatre-Carreres,1091118012296645176,2026-06-01,Apartamento en Valencia,161.0,3.0,1.0,2.0,1.0,4.18,11.0,https://www.airbnb.es/rooms/1091118012296645176
Valencia,Cuatre-Carreres,1131934890511255838,2026-06-01,Habitación en Valencia,60.0,,,1.0,,4.67,6.0,https://www.airbnb.es/rooms/1131934890511255838
Valencia,Cuatre-Carreres,1273764762920232905,2026-06-01,Apartamento en Valencia,132.0,4.0,,2.0,1.0,4.33,6.0,https://www.airbnb.es/rooms/1273764762920232905
Valencia,Cuatre-Carreres,663825601416591495,2026-06-01,Loft en Valencia,194.0,4.0,1.0,1.0,1.0,4.81,21.0,https://www.airbnb.es/rooms/663825601416591495
Valencia,Cuatre-Carreres,16441101,2026-06-01,Hotel en Burjasot,89.0,6.0,2.0,6.0,2.0,4.54,24.0,https://www.airbnb.es/rooms/16441101
Valencia,Cuatre-Carreres,861430992314981197,2026-06-01,Habitación en Valencia,208.0,,,5.0,,4.89,35.0,https://www.airbnb.es/rooms/861430992314981197
Valencia,Cuatre-Carreres,1219388577599626609,2026-06-01,Apartamento en Valencia,149.0,2.0,1.0,2.0,1.0,4.81,52.0,https://www.airbnb.es/rooms/1219388577599626609
Valencia,Cuatre-Carreres,38689672,2026-06-01,Habitación de hotel en Valencia,62.0,1.0,1.0,1.0,1.0,4.75,8.0,https://www.airbnb.es/rooms/38689672
Valencia,Cuatre-Carreres,1401164747879817502,2026-06-01,Habitación en Valencia,64.0,,,2.0,,4.6,30.0,https://www.airbnb.es/rooms/1401164747879817502
Valencia,Cuatre-Carreres,1309339182254085301,2026-06-01,Hostal en Valencia,146.0,6.0,1.0,4.0,4.0,4.61,36.0,https://www.airbnb.es/rooms/1309339182254085301
Valencia,Cuatre-Carreres,1025371537193897211,2026-06-01,Apartamento en Valencia,164.0,2.0,,1.0,1.0,4.66,44.0,https://www.airbnb.es/rooms/1025371537193897211
Valencia,Cuatre-Carreres,1333406438369114902,2026-06-01,Habitación en Valencia,71.0,,,2.0,,4.77,35.0,https://www.airbnb.es/rooms/1333406438369114902
Valencia,Cuatre-Carreres,912186572570322061,2026-06-01,Apartamento en Valencia,167.0,4.0,1.0,2.0,1.0,4.79,14.0,https://www.airbnb.es/rooms/912186572570322061
Valencia,Cuatre-Carreres,51711458,2026-06-01,Apartamento en Valencia,202.0,4.0,,2.0,1.0,4.74,155.0,https://www.airbnb.es/rooms/51711458
Valencia,Cuatre-Carreres,1299159378120431921,2026-06-01,Apartamento en Valencia,198.0,4.0,1.0,2.0,1.0,,,https://www.airbnb.es/rooms/1299159378120431921
Valencia,Cuatre-Carreres,1045650719477063994,2026-06-01,Apartamento en Valencia,319.0,4.0,2.0,3.0,1.0,4.73,62.0,https://www.airbnb.es/rooms/1045650719477063994
Valencia,Cuatre-Carreres,13527624,2026-06-01,Apartamento en Valencia,246.0,5.0,3.0,4.0,2.0,4.8,59.0,https://www.airbnb.es/rooms/13527624
Valencia,Cuatre-Carreres,1477723372889332744,2026-06-01,Apartamento en Valencia,308.0,8.0,4.0,5.0,1.0,4.47,38.0,https://www.airbnb.es/rooms/1477723372889332744
Valencia,Cuatre-Carreres,50494851,2026-06-01,Loft en Valencia,191.0,4.0,1.0,2.0,1.0,4.66,93.0,https://www.airbnb.es/rooms/50494851
Valencia,Cuatre-Carreres,1643490258032948253,2026-06-01,Hostal en Valencia,89.0,2.0,1.0,1.0,1.0,4.8,10.0,https://www.airbnb.es/rooms/1643490258032948253
Valencia,Cuatre-Carreres,1075245717954704192,2026-06-01,Apartamento en Valencia,164.0,2.0,1.0,1.0,1.0,,,https://www.airbnb.es/rooms/1075245717954704192
Valencia,Cuatre-Carreres,983206362429460178,2026-06-01,Apartamento en Valencia,248.0,4.0,1.0,2.0,1.0,4.67,51.0,https://www.airbnb.es/rooms/983206362429460178
Valencia,Cuatre-Carreres,1192621607560178037,2026-06-01,Loft en Valencia,200.0,3.0,1.0,2.0,1.0,4.79,87.0,https://www.airbnb.es/rooms/1192621607560178037
Valencia,Cuatre-Carreres,1425405405832997380,2026-06-01,Apartamento en Port Saplaya,219.0,8.0,4.0,8.0,0.0,4.87,23.0,https://www.airbnb.es/rooms/1425405405832997380
Valencia,Cuatre-Carreres,1635455386228720977,2026-06-01,Apartamento en Valencia,168.0,4.0,1.0,2.0,1.0,,,https://www.airbnb.es/rooms/1635455386228720977
Valencia,Cuatre-Carreres,861425415108835143,2026-06-01,Alojamiento en Valencia,159.0,4.0,1.0,4.0,1.0,4.95,21.0,https://www.airbnb.es/rooms/861425415108835143
Valencia,Cuatre-Carreres,1099312047348208431,2026-06-01,Apartamento en Valencia,229.0,5.0,1.0,3.0,1.0,4.89,35.0,https://www.airbnb.es/rooms/1099312047348208431
Valencia,Cuatre-Carreres,582973718271656183,2026-06-01,Apartamento en Valencia,208.0,6.0,2.0,3.0,1.0,4.88,8.0,https://www.airbnb.es/rooms/582973718271656183
Valencia,Cuatre-Carreres,1167296448957671368,2026-06-01,Apartamento en Valencia,153.0,4.0,1.0,2.0,1.0,4.71,7.0,https://www.airbnb.es/rooms/1167296448957671368
Valencia,Cuatre-Carreres,50487740,2026-06-01,Apartamento en Valencia,186.0,4.0,1.0,2.0,1.0,4.62,13.0,https://www.airbnb.es/rooms/50487740
Valencia,Cuatre-Carreres,1121525098311929924,2026-06-01,Apartamento en Valencia,185.0,4.0,2.0,3.0,1.0,4.31,16.0,https://www.airbnb.es/rooms/1121525098311929924
Valencia,Cuatre-Carreres,1347152892263592071,2026-06-01,Apartamento en Valencia,185.0,4.0,1.0,2.0,1.0,,,https://www.airbnb.es/rooms/1347152892263592071
Valencia,Cuatre-Carreres,597543322052085982,2026-06-01,Apartamento en Valencia,196.0,4.0,,2.0,1.0,4.1,10.0,https://www.airbnb.es/rooms/597543322052085982
Valencia,Cuatre-Carreres,1222481324368118241,2026-06-01,Apartamento en Valencia,174.0,4.0,1.0,2.0,1.0,4.87,53.0,https://www.airbnb.es/rooms/1222481324368118241
