ciudad,distrito,id_habitacion,fecha_entrada,titulo,precio,viajeros,dormitorios,camas,baños,nota,reseñas,url,id_datos_viejos,años_como_anfitrion,tiempo_respuesta_anfitrion,tasa_respuesta_anfitrion,tasa_aceptacion_anfitrion,es_superanfitrion,tiene_foto_perfil,identidad_verificada,tipo_propiedad,tipo_habitacion,noches_minimas,noches_maximas,licencia,disponibilidad_30,disponibilidad_60,disponibilidad_90,disponibilidad_365,license_bin
Barcelona,Les-Corts,13571420,2026-06-01,Apartamento en Barcelona,120.0,4.0,1.0,1.0,1.0,4.66,760.0,https://www.airbnb.es/rooms/13571420,13571420.0,10.0,4,0.97,0.99,1.0,1.0,1.0,Entire rental unit,Entire home/apt,1.0,1125.0,Spain - National registration number<br />ESHFTU00000806800024609701200000000000000HUTB-0104407,0.9,0.8666666666666667,0.8222222222222222,0.40821917808219177,1
Barcelona,Les-Corts,1414473753453618431,2026-06-01,Habitación de hotel compartida en Barcelona,96.0,,,4.0,,4.96,295.0,https://www.airbnb.es/rooms/1414473753453618431,1.4144737534536184e+18,8.0,4,0.9,1.0,1.0,1.0,1.0,Shared room in hotel,Shared room,1.0,6.0,Barcelona - Regional registration number<br />AJ-000621,0.9666666666666667,0.9833333333333333,0.9888888888888889,0.9972602739726028,1
Barcelona,Les-Corts,5256656,2026-06-01,Apartamento en Barcelona,190.0,6.0,2.0,3.0,1.0,4.66,700.0,https://www.airbnb.es/rooms/5256656,5256656.0,10.0,4,0.97,0.99,1.0,1.0,1.0,Entire rental unit,Entire home/apt,1.0,1125.0,Spain - National registration number<br />ESHFTU00000806800024609701100000000000000HUTB-0104392,0.6,0.6833333333333333,0.6555555555555556,0.3561643835616438,1
Barcelona,Les-Corts,1135216684465108261,2026-06-01,Apartamento en Barcelona,317.0,5.0,2.0,4.0,2.0,4.89,91.0,https://www.airbnb.es/rooms/1135216684465108261,1.1352166844651082e+18,8.0,4,0.97,1.0,1.0,1.0,1.0,Entire rental unit,Entire home/apt,2.0,365.0,Spain - National registration number<br />ESFCTU00A00806000035965400000000000000HUTB-005152-168,0.23333333333333334,0.55,0.5666666666666667,0.8931506849315068,1
Barcelona,Les-Corts,1681696951293486968,2026-06-01,Alojamiento en Barcelona,119.0,2.0,1.0,1.0,1.0,,,https://www.airbnb.es/rooms/1681696951293486968,,,0,,,,,,,,,,,,,,,0
Barcelona,Les-Corts,20030829,2026-06-01,Habitación en L'Hospitalet de Llobregat,46.0,,,1.0,,4.78,697.0,https://www.airbnb.es/rooms/20030829,,,0,,,,,,,,,,,,,,,0
Barcelona,Les-Corts,1623845411548133787,2026-06-01,Tres Torres Atiram Hotels,162.0,,,,,4.69,477.0,https://www.airbnb.es/rooms/1623845411548133787,,,0,,,,,,,,,,,,,,,0
Barcelona,Les-Corts,1629047930699126683,2026-06-01,Hotel Ronda Lesseps,165.0,,,,,4.78,596.0,https://www.airbnb.es/rooms/1629047930699126683,,,0,,,,,,,,,,,,,,,0
Barcelona,Les-Corts,1644128350843386600,2026-06-01,Sercotel Porta Barcelona,117.0,,,,,4.63,48.0,https://www.airbnb.es/rooms/1644128350843386600,,,0,,,,,,,,,,,,,,,0
Barcelona,Les-Corts,1600016322754075561,2026-06-01,chic&basic Velvet,156.0,,,,,5.0,3.0,https://www.airbnb.es/rooms/1600016322754075561,,,0,,,,,,,,,,,,,,,0
Barcelona,Les-Corts,1633928135410732873,2026-06-01,Sercotel Cornellà Barcelona,126.0,,,,,4.57,30.0,https://www.airbnb.es/rooms/1633928135410732873,,,0,,,,,,,,,,,,,,,0
Barcelona,Les-Corts,1644127533941365878,2026-06-01,Sercotel Sant Boi,112.0,,,,,4.58,65.0,https://www.airbnb.es/rooms/1644127533941365878,,,0,,,,,,,,,,,,,,,0
Barcelona,Les-Corts,1486820500847214284,2026-06-01,chic&basic Tallers Hostal,152.0,,,,,4.38,56.0,https://www.airbnb.es/rooms/1486820500847214284,1.4868205008472143e+18,0.0,4,1.0,1.0,0.0,1.0,1.0,Room in hotel,Private room,1.0,365.0,Barcelona - Regional registration number<br />HB-001951<br /><br />Spain - National registration number<br />Exempt,0.5666666666666667,0.65,0.7444444444444445,0.25205479452054796,1
Barcelona,Les-Corts,1627488784530128890,2026-06-01,Arenas Atiram Hotel,220.0,,,,,4.77,288.0,https://www.airbnb.es/rooms/1627488784530128890,,,0,,,,,,,,,,,,,,,0
Barcelona,Les-Corts,1395546731678953844,2026-06-01,chic&basic Born Boutique Hotel,164.0,,,,,4.58,111.0,https://www.airbnb.es/rooms/1395546731678953844,1.3955467316789537e+18,0.0,4,1.0,1.0,0.0,1.0,1.0,Room in hotel,Private room,1.0,365.0,Barcelona - Regional registration number<br />HB-004452<br /><br />Spain - National registration number<br />Exempt,0.8,0.8333333333333334,0.8444444444444444,0.273972602739726,1
Barcelona,Les-Corts,1644124202990432706,2026-06-01,Sercotel Barcelona El Prat,161.0,,,,,4.71,41.0,https://www.airbnb.es/rooms/1644124202990432706,,,0,,,,,,,,,,,,,,,0
Barcelona,Les-Corts,52219850,2026-06-01,Habitación en L'Hospitalet de Llobregat,88.0,,,2.0,,4.89,193.0,https://www.airbnb.es/rooms/52219850,,,0,,,,,,,,,,,,,,,0
Barcelona,Les-Corts,22094381,2026-06-01,Apartamento en Barcelona,160.0,5.0,2.0,3.0,1.0,4.59,263.0,https://www.airbnb.es/rooms/22094381,22094381.0,10.0,4,0.97,0.99,1.0,1.0,1.0,Entire rental unit,Entire home/apt,1.0,1125.0,Spain - National registration number<br />ESHFTU00000806800024609701600000000000000HUTB-0104434,0.6666666666666666,0.75,0.7333333333333333,0.3835616438356164,1
Barcelona,Les-Corts,18580775,2026-06-01,Apartamento en Barcelona,269.0,7.0,3.0,5.0,2.0,4.68,187.0,https://www.airbnb.es/rooms/18580775,18580775.0,8.0,4,1.0,1.0,0.0,1.0,1.0,Entire rental unit,Entire home/apt,1.0,45.0,Barcelona - Regional registration number<br />HUTB-012453,0.3,0.43333333333333335,0.5777777777777777,0.873972602739726,1
Barcelona,Les-Corts,585383336483878796,2026-06-01,Hotel en Barcelona,120.0,1.0,1.0,1.0,1.0,4.68,115.0,https://www.airbnb.es/rooms/585383336483878796,5.853833364838788e+17,3.0,4,1.0,0.99,0.0,1.0,1.0,Room in hotel,Private room,1.0,10.0,Barcelona - Regional registration number<br />HB-000098,0.7666666666666667,0.8,0.7888888888888889,0.663013698630137,1
Barcelona,Les-Corts,1259116019707310328,2026-06-01,Apartamento en Barcelona,270.0,9.0,5.0,8.0,2.0,4.81,146.0,https://www.airbnb.es/rooms/1259116019707310328,1.2591160197073103e+18,1.0,4,0.97,0.98,1.0,1.0,1.0,Entire rental unit,Entire home/apt,1.0,365.0,Barcelona - Regional registration number<br />HUTB004278<br /><br />Spain - National registration number<br />ESFCTU000008065000472211000000000000000000HUTB0042788,0.8,0.7166666666666667,0.6777777777777778,0.5726027397260274,1
Barcelona,Les-Corts,842389,2026-06-01,Apartamento en Barcelona,251.0,7.0,4.0,7.0,1.0,4.58,333.0,https://www.airbnb.es/rooms/842389,842389.0,13.0,3,1.0,0.91,1.0,1.0,1.0,Entire rental unit,Entire home/apt,3.0,31.0,Barcelona - Regional registration number<br />HUTB000894,0.7333333333333333,0.7333333333333333,0.7111111111111111,0.6246575342465753,1
Barcelona,Les-Corts,1625561930981954879,2026-06-01,Alojamiento en L'Hospitalet de Llobregat,70.0,1.0,1.0,1.0,1.0,,,https://www.airbnb.es/rooms/1625561930981954879,,,0,,,,,,,,,,,,,,,0
Barcelona,Les-Corts,1680675123505072019,2026-06-01,Alojamiento en Barcelona,92.0,2.0,1.0,1.0,1.0,,,https://www.airbnb.es/rooms/1680675123505072019,,,0,,,,,,,,,,,,,,,0
Barcelona,Les-Corts,17220286,2026-06-01,Apartamento en L'Hospitalet de Llobregat,150.0,2.0,1.0,2.0,1.0,4.6,272.0,https://www.airbnb.es/rooms/17220286,,,0,,,,,,,,,,,,,,,0
Barcelona,Les-Corts,1425279784893662580,2026-06-01,Apartamento en Barcelona,180.0,2.0,1.0,3.0,0.0,4.66,87.0,https://www.airbnb.es/rooms/1425279784893662580,1.4252797848936625e+18,10.0,4,1.0,0.99,0.0,1.0,1.0,Entire rental unit,Entire home/apt,1.0,365.0,Spain - National registration number<br />ESFCTU000008059000030748000000000000000HUTB-000967668<br /><br />Barcelona - Regional registration number<br />HUTB000967,0.5666666666666667,0.6,0.6444444444444445,0.2493150684931507,1
Barcelona,Les-Corts,1321567328957236283,2026-06-01,Habitación de hotel compartida en L'Hospitalet de Llobregat,36.0,,,1.0,,4.46,394.0,https://www.airbnb.es/rooms/1321567328957236283,,,0,,,,,,,,,,,,,,,0
Barcelona,Les-Corts,1689843380550258164,2026-06-01,Alojamiento en Barcelona,108.0,2.0,1.0,1.0,1.0,,,https://www.airbnb.es/rooms/1689843380550258164,,,0,,,,,,,,,,,,,,,0
Barcelona,Les-Corts,1690721429631322509,2026-06-01,Alojamiento en Barcelona,104.0,2.0,1.0,1.0,1.0,,,https://www.airbnb.es/rooms/1690721429631322509,,,0,,,,,,,,,,,,,,,0
Barcelona,Les-Corts,5248745,2026-06-01,Apartamento en Barcelona,150.0,4.0,1.0,1.0,1.0,4.75,549.0,https://www.airbnb.es/rooms/5248745,5248745.0,10.0,4,0.97,0.99,1.0,1.0,1.0,Entire rental unit,Entire home/apt,1.0,1125.0,Spain - National registration number<br />ESFCTU00000807200079628500000000000000000HUTB-0036920,0.8666666666666667,0.85,0.8111111111111111,0.3643835616438356,1
Barcelona,Les-Corts,1381830149578594250,2026-06-01,Habitación compartida en Barcelona,44.0,,,,,4.72,612.0,https://www.airbnb.es/rooms/1381830149578594250,1.3818301495785943e+18,3.0,4,1.0,1.0,0.0,1.0,1.0,Shared room in hostel,Shared room,1.0,365.0,Barcelona - Regional registration number<br />AJ000516,0.9333333333333333,0.9666666666666667,0.9777777777777777,0.9945205479452055,1
Barcelona,Les-Corts,1690527090152157222,2026-06-01,Alojamiento en Barcelona,134.0,2.0,1.0,1.0,1.0,,,https://www.airbnb.es/rooms/1690527090152157222,,,0,,,,,,,,,,,,,,,0
Barcelona,Les-Corts,1659262466106730557,2026-06-01,Habitación compartida en L'Hospitalet de Llobregat,37.0,,,1.0,,4.47,47.0,https://www.airbnb.es/rooms/1659262466106730557,,,0,,,,,,,,,,,,,,,0
Barcelona,Les-Corts,1681707149199550963,2026-06-01,Alojamiento en Barcelona,119.0,2.0,1.0,1.0,1.0,,,https://www.airbnb.es/rooms/1681707149199550963,,,0,,,,,,,,,,,,,,,0
Barcelona,Les-Corts,1691373404448885892,2026-06-01,Apartamento en Barcelona,333.0,4.0,3.0,3.0,2.0,,,https://www.airbnb.es/rooms/1691373404448885892,,,0,,,,,,,,,,,,,,,0
Barcelona,Les-Corts,1322489,2026-06-01,Apartamento en Hospitalet de Llobregat,340.0,2.0,1.0,1.0,1.0,4.85,501.0,https://www.airbnb.es/rooms/1322489,,,0,,,,,,,,,,,,,,,0
Barcelona,Les-Corts,1603501294071391010,2026-06-01,Alojamiento en Barcelona,235.0,2.0,1.0,1.0,2.0,5.0,6.0,https://www.airbnb.es/rooms/1603501294071391010,,,0,,,,,,,,,,,,,,,0
Barcelona,Les-Corts,769312972900388299,2026-06-01,Habitaciones en Barcelona,131.0,,2.0,1.0,,4.87,131.0,https://www.airbnb.es/rooms/769312972900388299,7.693129729003884e+17,8.0,4,1.0,0.98,1.0,1.0,1.0,Private room in rental unit,Private room,600.0,600.0,,0.5333333333333333,0.7666666666666667,0.8444444444444444,0.2273972602739726,0
Barcelona,Les-Corts,846093318788581404,2026-06-01,Apartamento en Barcelona,323.0,5.0,3.0,4.0,1.0,4.73,2670.0,https://www.airbnb.es/rooms/846093318788581404,8.460933187885814e+17,2.0,4,0.99,1.0,0.0,1.0,1.0,Entire serviced apartment,Entire home/apt,2.0,29.0,Spain - National registration number<br />ESFCTU0AD10806700043751100000000000000HUTB-064079-092<br /><br />Barcelona - Regional registration number<br />HUTB-064079,1.0,1.0,0.9444444444444444,0.9671232876712329,1
Barcelona,Les-Corts,1064956,2026-06-01,Apartamento en Barcelona,194.0,2.0,1.0,1.0,1.0,4.43,188.0,https://www.airbnb.es/rooms/1064956,1064956.0,12.0,3,1.0,1.0,0.0,1.0,1.0,Entire rental unit,Entire home/apt,1.0,100.0,Barcelona - Regional registration number<br />HUTB-005174,0.23333333333333334,0.11666666666666667,0.1,0.589041095890411,1
Barcelona,Les-Corts,20486545,2026-06-01,Apartamento en Barcelona,291.0,8.0,4.0,7.0,2.0,4.71,393.0,https://www.airbnb.es/rooms/20486545,20486545.0,8.0,4,0.99,1.0,1.0,1.0,1.0,Entire rental unit,Entire home/apt,1.0,1125.0,Barcelona - Regional registration number<br />HUTB-008110,0.3,0.5833333333333334,0.6333333333333333,0.4931506849315068,1
Barcelona,Les-Corts,1086039450004234057,2026-06-01,Hostal en Barcelona,124.0,2.0,1.0,1.0,1.0,4.75,8.0,https://www.airbnb.es/rooms/1086039450004234057,1.0860394500042341e+18,1.0,4,0.86,1.0,0.0,1.0,1.0,Private room in hostel,Private room,1.0,365.0,Barcelona - Regional registration number<br />HB-004698,0.13333333333333333,0.31666666666666665,0.5111111111111111,0.8082191780821918,1
Barcelona,Les-Corts,33385782,2026-06-01,Hotel boutique en Barcelona,160.0,3.0,1.0,2.0,1.0,4.77,372.0,https://www.airbnb.es/rooms/33385782,33385782.0,9.0,4,0.97,1.0,1.0,1.0,1.0,Room in boutique hotel,Private room,1.0,1125.0,Barcelona - Regional registration number<br />HB004642,0.3,0.5166666666666667,0.6111111111111112,0.8,1
Barcelona,Les-Corts,23211786,2026-06-01,Apartamento en L'Hospitalet de Llobregat,159.0,4.0,1.0,1.0,1.0,4.67,301.0,https://www.airbnb.es/rooms/23211786,,,0,,,,,,,,,,,,,,,0
Barcelona,Les-Corts,1573198379967220519,2026-06-01,Alojamiento en Barcelona,104.0,2.0,1.0,1.0,1.0,4.69,13.0,https://www.airbnb.es/rooms/1573198379967220519,1.5731983799672205e+18,3.0,4,1.0,1.0,0.0,1.0,1.0,Private room in rental unit,Private room,1.0,365.0,Barcelona - Regional registration number<br />HUTB-836281<br /><br />Spain - National registration number<br />ESFCTU00004501300010949200000000000VUT-4501-232-00018,0.9,0.95,0.9666666666666667,0.7315068493150685,1
Barcelona,Les-Corts,45132322,2026-06-01,Hotel en Barcelona,147.0,2.0,1.0,2.0,0.0,4.71,231.0,https://www.airbnb.es/rooms/45132322,45132322.0,7.0,4,0.99,1.0,0.0,1.0,1.0,Room in hotel,Private room,1.0,365.0,Barcelona - Regional registration number<br />hb-004659,0.9,0.8833333333333333,0.9222222222222223,0.9397260273972603,1
Barcelona,Les-Corts,1395616579066520047,2026-06-01,Habitación compartida en Barcelona,31.0,,,1.0,,4.46,1363.0,https://www.airbnb.es/rooms/1395616579066520047,1.39561657906652e+18,3.0,4,0.99,1.0,0.0,1.0,1.0,Shared room in hostel,Shared room,1.0,365.0,Barcelona - Regional registration number<br />AJ000697<br /><br />Spain - National registration number<br />Exempt,1.0,1.0,1.0,0.9726027397260274,1
Barcelona,Les-Corts,1650088777130237893,2026-06-01,Alojamiento en Barcelona,164.0,3.0,1.0,2.0,1.0,5.0,6.0,https://www.airbnb.es/rooms/1650088777130237893,,,0,,,,,,,,,,,,,,,0
Barcelona,Les-Corts,1576302000335009666,2026-06-01,Alojamiento en Barcelona,114.0,2.0,1.0,1.0,1.0,4.65,20.0,https://www.airbnb.es/rooms/1576302000335009666,,,0,,,,,,,,,,,,,,,0
Barcelona,Les-Corts,1630658378282856382,2026-06-01,Apartamento en Barcelona,336.0,10.0,4.0,6.0,2.0,,,https://www.airbnb.es/rooms/1630658378282856382,,,0,,,,,,,,,,,,,,,0
Barcelona,Les-Corts,52108241,2026-06-01,Hotel boutique en Barcelona,198.0,2.0,1.0,1.0,1.0,4.83,289.0,https://www.airbnb.es/rooms/52108241,52108241.0,4.0,4,0.6,1.0,0.0,1.0,1.0,Room in boutique hotel,Private room,1.0,365.0,Barcelona - Regional registration number<br />HB004716,0.9,0.8333333333333334,0.8666666666666667,0.8547945205479452,1
Barcelona,Les-Corts,1581902367739167921,2026-06-01,Apartamento en Barcelona,270.0,11.0,4.0,7.0,2.0,4.88,33.0,https://www.airbnb.es/rooms/1581902367739167921,,,0,,,,,,,,,,,,,,,0
Barcelona,Les-Corts,1191091092407029733,2026-06-01,Apartamento en Barcelona,333.0,5.0,3.0,3.0,2.0,4.74,50.0,https://www.airbnb.es/rooms/1191091092407029733,1.1910910924070298e+18,12.0,4,1.0,0.79,0.0,1.0,1.0,Entire rental unit,Entire home/apt,1.0,1125.0,Barcelona - Regional registration number<br />HUTB-078732<br /><br />Spain - National registration number<br />ESFCTU00000805600085167000000000000000HUTB-078732-590,0.2,0.11666666666666667,0.24444444444444444,0.8136986301369863,1
Barcelona,Les-Corts,1681705230090553307,2026-06-01,Alojamiento en Barcelona,119.0,2.0,1.0,1.0,1.0,,,https://www.airbnb.es/rooms/1681705230090553307,,,0,,,,,,,,,,,,,,,0
Barcelona,Les-Corts,1624022739720889697,2026-06-01,Alojamiento en Barcelona,119.0,2.0,1.0,1.0,1.0,4.75,16.0,https://www.airbnb.es/rooms/1624022739720889697,,,0,,,,,,,,,,,,,,,0
Barcelona,Les-Corts,21390932,2026-06-01,Apartamento en Barcelona,291.0,8.0,4.0,7.0,2.0,4.77,374.0,https://www.airbnb.es/rooms/21390932,21390932.0,8.0,4,0.99,1.0,1.0,1.0,1.0,Entire rental unit,Entire home/apt,1.0,365.0,Barcelona - Regional registration number<br />HUTB-008699,0.3,0.48333333333333334,0.5666666666666667,0.4575342465753425,1
Barcelona,Les-Corts,1373839405296654999,2026-06-01,Apartamento en Barcelona,179.0,3.0,1.0,1.0,1.0,4.35,82.0,https://www.airbnb.es/rooms/1373839405296654999,1.373839405296655e+18,14.0,4,0.95,0.99,0.0,1.0,1.0,Entire rental unit,Entire home/apt,1.0,365.0,Barcelona - Regional registration number<br />HUTB-072572<br /><br />Spain - National registration number<br />ESFCTU00000805900055831000000000000000000HUTB-0725725,0.16666666666666666,0.35,0.5333333333333333,0.7835616438356164,1
Barcelona,Les-Corts,1394855747314311569,2026-06-01,Hotel en Barcelona,145.0,1.0,1.0,1.0,0.0,4.84,37.0,https://www.airbnb.es/rooms/1394855747314311569,1.3948557473143117e+18,3.0,4,1.0,0.99,0.0,1.0,1.0,Room in hotel,Private room,1.0,365.0,Barcelona - Regional registration number<br />HB-000098,0.8333333333333334,0.8833333333333333,0.8444444444444444,0.6767123287671233,1
Barcelona,Les-Corts,8420341,2026-06-01,Loft en L'Hospitalet de Llobregat,170.0,6.0,3.0,5.0,2.0,4.69,533.0,https://www.airbnb.es/rooms/8420341,,,0,,,,,,,,,,,,,,,0
Barcelona,Les-Corts,23317697,2026-06-01,Apartamento en L'Hospitalet de Llobregat,192.0,6.0,2.0,3.0,1.0,4.64,301.0,https://www.airbnb.es/rooms/23317697,,,0,,,,,,,,,,,,,,,0
Barcelona,Les-Corts,1373005404778595213,2026-06-01,Apartamento en Barcelona,191.0,2.0,1.0,1.0,1.0,4.81,52.0,https://www.airbnb.es/rooms/1373005404778595213,1.3730054047785953e+18,13.0,4,1.0,1.0,1.0,1.0,1.0,Entire rental unit,Entire home/apt,3.0,365.0,Barcelona - Regional registration number<br />HUTB-009101<br /><br />Spain - National registration number<br />ESFCTU00000805600026508800000000000000000HUTB-0126724,0.43333333333333335,0.7166666666666667,0.6888888888888889,0.6547945205479452,1
Barcelona,Les-Corts,708553347984639336,2026-06-01,Habitación en Cornellà de Llobregat,77.0,,,1.0,,4.84,321.0,https://www.airbnb.es/rooms/708553347984639336,,,0,,,,,,,,,,,,,,,0
Barcelona,Les-Corts,1625510271017292501,2026-06-01,Alojamiento en L'Hospitalet de Llobregat,70.0,1.0,1.0,1.0,1.0,,,https://www.airbnb.es/rooms/1625510271017292501,,,0,,,,,,,,,,,,,,,0
Barcelona,Les-Corts,24590131,2026-06-01,Hotel boutique en .,139.0,2.0,1.0,1.0,1.0,4.64,258.0,https://www.airbnb.es/rooms/24590131,24590131.0,7.0,4,1.0,1.0,0.0,1.0,1.0,Room in boutique hotel,Private room,1.0,1125.0,Barcelona - Regional registration number<br />HUTB004250,0.7666666666666667,0.75,0.8333333333333334,0.9424657534246575,1
Barcelona,Les-Corts,846199567435612629,2026-06-01,Apartamento en Barcelona,246.0,4.0,2.0,3.0,1.0,4.79,250.0,https://www.airbnb.es/rooms/846199567435612629,8.461995674356127e+17,2.0,4,0.91,0.95,1.0,1.0,1.0,Entire rental unit,Entire home/apt,1.0,365.0,Spain - National registration number<br />ESFCTU00000806700017681600000000000000HUTB-006632-086,0.4666666666666667,0.5,0.6,0.7479452054794521,1
Barcelona,Les-Corts,53176052,2026-06-01,Hotel en Barcelona,144.0,2.0,1.0,2.0,1.0,4.47,631.0,https://www.airbnb.es/rooms/53176052,53176052.0,3.0,4,0.94,0.99,0.0,1.0,1.0,Room in hotel,Private room,1.0,365.0,Barcelona - Regional registration number<br />HB-003971<br /><br />Spain - National registration number<br />Exempt,0.6666666666666666,0.7,0.7555555555555555,0.8876712328767123,1
Barcelona,Les-Corts,1673310031253023327,2026-06-01,Alojamiento en Barcelona,114.0,2.0,1.0,1.0,1.0,,,https://www.airbnb.es/rooms/1673310031253023327,,,0,,,,,,,,,,,,,,,0
Barcelona,Les-Corts,23990630,2026-06-01,Loft en Barcelona,195.0,3.0,,1.0,1.0,4.91,493.0,https://www.airbnb.es/rooms/23990630,23990630.0,7.0,4,1.0,1.0,1.0,1.0,1.0,Entire loft,Entire home/apt,1.0,1125.0,Spain - National registration number<br />ESHFTU000008054000104802003000000000000000HUTB0023390,0.13333333333333333,0.15,0.17777777777777778,0.6356164383561644,1
Barcelona,Les-Corts,35868837,2026-06-01,Apartamento en Esplugas de Llobregat,118.0,5.0,2.0,3.0,1.0,4.44,248.0,https://www.airbnb.es/rooms/35868837,,,0,,,,,,,,,,,,,,,0
Barcelona,Les-Corts,553555796025228650,2026-06-01,Apartamento en L'Hospitalet de Llobregat,159.0,2.0,1.0,1.0,1.0,4.76,113.0,https://www.airbnb.es/rooms/553555796025228650,,,0,,,,,,,,,,,,,,,0
Barcelona,Les-Corts,39691563,2026-06-01,Apartamento en Barcelona,201.0,3.0,1.0,3.0,1.0,4.84,499.0,https://www.airbnb.es/rooms/39691563,39691563.0,6.0,4,1.0,0.99,1.0,1.0,1.0,Entire serviced apartment,Entire home/apt,1.0,1125.0,Barcelona - Regional registration number<br />HUTB-003576<br /><br />Spain - National registration number<br />ESHFTU00000806700034178800700000000000HUTB-003575-474,0.7,0.7333333333333333,0.7777777777777778,0.7972602739726027,1
Barcelona,Les-Corts,1394826946727751336,2026-06-01,Hotel en Barcelona,140.0,1.0,1.0,1.0,0.0,4.89,18.0,https://www.airbnb.es/rooms/1394826946727751336,1.3948269467277514e+18,3.0,4,1.0,0.99,0.0,1.0,1.0,Room in hotel,Private room,1.0,365.0,Barcelona - Regional registration number<br />HB-000098,0.8666666666666667,0.8833333333333333,0.8444444444444444,0.6547945205479452,1
Barcelona,Les-Corts,1689861937015266395,2026-06-01,Alojamiento en Barcelona,129.0,2.0,1.0,1.0,1.0,,,https://www.airbnb.es/rooms/1689861937015266395,,,0,,,,,,,,,,,,,,,0
Barcelona,Les-Corts,1321578143173100090,2026-06-01,Habitación de hotel compartida en L'Hospitalet de Llobregat,37.0,,,1.0,,4.45,130.0,https://www.airbnb.es/rooms/1321578143173100090,,,0,,,,,,,,,,,,,,,0
Barcelona,Les-Corts,1966739,2026-06-01,Apartamento en Barcelona,344.0,7.0,3.0,5.0,2.0,4.76,241.0,https://www.airbnb.es/rooms/1966739,1966739.0,12.0,4,1.0,0.9,0.0,1.0,1.0,Entire rental unit,Entire home/apt,1.0,330.0,Barcelona - Regional registration number<br />HUTB-007345<br /><br />Spain - National registration number<br />ESFCTU00000806000020377300000000000000000HUTB-0073453,0.7333333333333333,0.8166666666666667,0.8444444444444444,0.9013698630136986,1
Barcelona,Les-Corts,1404511151413042934,2026-06-01,Habitación en L'Hospitalet de Llobregat,93.0,,,1.0,,4.69,70.0,https://www.airbnb.es/rooms/1404511151413042934,,,0,,,,,,,,,,,,,,,0
Barcelona,Les-Corts,1573117675347174653,2026-06-01,Alojamiento en Barcelona,105.0,2.0,1.0,1.0,1.0,4.81,16.0,https://www.airbnb.es/rooms/1573117675347174653,1.5731176753471747e+18,3.0,4,1.0,1.0,0.0,1.0,1.0,Private room in rental unit,Private room,1.0,365.0,Spain - National registration number<br />ESFCTU00004501300010949200000000000VUT-4501-232-00018<br /><br />Barcelona - Regional registration number<br />HUTB-836163,1.0,1.0,1.0,0.7397260273972602,1
Barcelona,Les-Corts,45970180,2026-06-01,Apartamento en Barcelona,180.0,2.0,1.0,1.0,0.0,4.59,37.0,https://www.airbnb.es/rooms/45970180,45970180.0,12.0,4,0.91,0.94,0.0,1.0,1.0,Entire serviced apartment,Entire home/apt,1.0,1125.0,Barcelona - Regional registration number<br />HUTB-002676<br /><br />Spain - National registration number<br />ESFCTU00000805600087170800000000000000HUTB-002676-198,0.36666666666666664,0.6,0.6333333333333333,0.8794520547945206,1
Barcelona,Les-Corts,50972615,2026-06-01,Apartamento en Barcelona,308.0,7.0,4.0,4.0,2.0,4.68,544.0,https://www.airbnb.es/rooms/50972615,50972615.0,6.0,4,1.0,1.0,0.0,1.0,1.0,Entire rental unit,Entire home/apt,1.0,1125.0,Barcelona - Regional registration number<br />HUTB-003619,0.4666666666666667,0.4,0.4,0.5178082191780822,1
Barcelona,Les-Corts,888070459646437490,2026-06-01,Apartamento en Barcelona,189.0,5.0,2.0,3.0,2.0,4.51,288.0,https://www.airbnb.es/rooms/888070459646437490,8.880704596464375e+17,13.0,4,1.0,0.99,0.0,1.0,1.0,Entire rental unit,Entire home/apt,1.0,30.0,Barcelona - Regional registration number<br />HUTB-004770<br /><br />Spain - National registration number<br />ESFCTU00000806900062026900000000000000000HUTB-0047708,0.26666666666666666,0.5166666666666667,0.6777777777777778,0.9178082191780822,1
Barcelona,Les-Corts,3144104,2026-06-01,Apartamento en Barcelona,280.0,6.0,3.0,4.0,1.0,4.9,1003.0,https://www.airbnb.es/rooms/3144104,3144104.0,12.0,4,1.0,0.97,1.0,1.0,1.0,Entire rental unit,Entire home/apt,1.0,1125.0,Spain - National registration number<br />ESFCTU00000806900035814800000000000000000HUTB-8683650,0.23333333333333334,0.35,0.35555555555555557,0.589041095890411,1
Barcelona,Les-Corts,1290786013798769023,2026-06-01,Apartamento en Barcelona,258.0,5.0,2.0,3.0,1.0,4.74,62.0,https://www.airbnb.es/rooms/1290786013798769023,1.290786013798769e+18,10.0,4,1.0,0.99,0.0,1.0,1.0,Entire rental unit,Entire home/apt,1.0,365.0,Barcelona - Regional registration number<br />HUTB-009843,0.5,0.5833333333333334,0.5444444444444444,0.8082191780821918,1
Barcelona,Les-Corts,39692277,2026-06-01,Apartamento en Barcelona,252.0,6.0,2.0,4.0,1.0,4.81,750.0,https://www.airbnb.es/rooms/39692277,39692277.0,6.0,4,1.0,0.99,1.0,1.0,1.0,Entire serviced apartment,Entire home/apt,1.0,1125.0,Barcelona - Regional registration number<br />HUTB-003573<br /><br />Spain - National registration number<br />ESHFTU00000806700034178800100000000000HUTB-003628-341,0.7666666666666667,0.8333333333333334,0.8444444444444444,0.7342465753424657,1
Barcelona,Les-Corts,6399512,2026-06-01,Apartamento en Barcelona,150.0,4.0,1.0,1.0,1.0,4.7,125.0,https://www.airbnb.es/rooms/6399512,6399512.0,10.0,4,0.97,0.99,1.0,1.0,1.0,Entire rental unit,Entire home/apt,1.0,1125.0,Spain - National registration number<br />ESFCTU00000807200070966700000000000000000HUTB-0002640,0.7333333333333333,0.7166666666666667,0.6666666666666666,0.32054794520547947,1
Barcelona,Les-Corts,1299227531057750706,2026-06-01,Hostal en Barcelona,118.0,2.0,1.0,1.0,1.0,4.38,86.0,https://www.airbnb.es/rooms/1299227531057750706,1.2992275310577508e+18,1.0,4,0.86,1.0,0.0,1.0,1.0,Private room in hostel,Private room,1.0,365.0,Barcelona - Regional registration number<br />HB-004537,0.6666666666666666,0.7833333333333333,0.8333333333333334,0.9232876712328767,1
Barcelona,Les-Corts,42577135,2026-06-01,Apartamento en Barcelona,189.0,4.0,2.0,3.0,1.0,4.36,117.0,https://www.airbnb.es/rooms/42577135,42577135.0,5.0,4,1.0,1.0,0.0,1.0,1.0,Entire rental unit,Entire home/apt,1.0,1125.0,Spain - National registration number<br />ESFCTU00000806500020692200000000000000000HUTB-0124623,0.5333333333333333,0.4166666666666667,0.5111111111111111,0.8575342465753425,1
Barcelona,Les-Corts,1680670815324582174,2026-06-01,Alojamiento en Barcelona,96.0,2.0,1.0,1.0,1.0,,,https://www.airbnb.es/rooms/1680670815324582174,,,0,,,,,,,,,,,,,,,0
Barcelona,Les-Corts,1689847132800234708,2026-06-01,Alojamiento en Barcelona,159.0,2.0,1.0,1.0,1.0,,,https://www.airbnb.es/rooms/1689847132800234708,,,0,,,,,,,,,,,,,,,0
Barcelona,Les-Corts,24978663,2026-06-01,Loft en Barcelona,207.0,2.0,,1.0,1.0,4.92,537.0,https://www.airbnb.es/rooms/24978663,24978663.0,7.0,4,1.0,1.0,1.0,1.0,1.0,Entire loft,Entire home/apt,1.0,1125.0,Spain - National registration number<br />ESHFTU000008054000104802004000000000000000HUTB0023405,0.26666666666666666,0.18333333333333332,0.15555555555555556,0.5945205479452055,1
Barcelona,Les-Corts,1394773500642844241,2026-06-01,Hotel en Barcelona,130.0,1.0,1.0,1.0,0.0,5.0,4.0,https://www.airbnb.es/rooms/1394773500642844241,1.3947735006428442e+18,3.0,4,1.0,0.99,0.0,1.0,1.0,Room in hotel,Private room,1.0,365.0,Barcelona - Regional registration number<br />HB-000098,0.7666666666666667,0.85,0.8222222222222222,0.6520547945205479,1
Barcelona,Les-Corts,1689907563693973355,2026-06-01,Apartamento en Barcelona,290.0,9.0,4.0,6.0,2.0,,,https://www.airbnb.es/rooms/1689907563693973355,,,0,,,,,,,,,,,,,,,0
Barcelona,Les-Corts,1690700324694932302,2026-06-01,Apartamento en Barcelona,200.0,2.0,1.0,1.0,1.0,,,https://www.airbnb.es/rooms/1690700324694932302,,,0,,,,,,,,,,,,,,,0
Barcelona,Les-Corts,863900549896733487,2026-06-01,Apartamento en L'Hospitalet de Llobregat,146.0,2.0,1.0,1.0,1.0,4.72,153.0,https://www.airbnb.es/rooms/863900549896733487,,,0,,,,,,,,,,,,,,,0
Barcelona,Les-Corts,31400940,2026-06-01,Apartamento en Barcelona,243.0,6.0,3.0,5.0,2.0,4.57,211.0,https://www.airbnb.es/rooms/31400940,31400940.0,8.0,4,0.93,1.0,0.0,1.0,1.0,Entire rental unit,Entire home/apt,1.0,1125.0,Spain - National registration number<br />ESFCTU00000806600041183500000000000000HUTB-010481-182,0.43333333333333335,0.6666666666666666,0.5777777777777777,0.5835616438356165,1
Barcelona,Les-Corts,872166812392538323,2026-06-01,Apartamento en Barcelona,310.0,6.0,3.0,4.0,2.0,4.6,70.0,https://www.airbnb.es/rooms/872166812392538323,8.721668123925384e+17,10.0,4,1.0,0.99,0.0,1.0,1.0,Entire rental unit,Entire home/apt,1.0,365.0,Barcelona - Regional registration number<br />HUTB-002010<br /><br />Spain - National registration number<br />ESFCTU000008056000867633000000000000000000HUTB0020102,0.4666666666666667,0.7333333333333333,0.7444444444444445,0.9342465753424658,1
Barcelona,Les-Corts,886838723814651944,2026-06-01,Apartamento en Barcelona,197.0,3.0,1.0,2.0,1.0,4.73,730.0,https://www.airbnb.es/rooms/886838723814651944,8.868387238146519e+17,2.0,4,1.0,1.0,1.0,1.0,1.0,Entire serviced apartment,Entire home/apt,1.0,29.0,Spain - National registration number<br />ESFCTU00000805700060810300000000000000000HUTB-0102445<br /><br />Barcelona - Regional registration number<br />HUTB-010244,0.8,0.9,0.8777777777777778,0.9506849315068493,1
Barcelona,Les-Corts,54155170,2026-06-01,Apartamento en Barcelona,272.0,2.0,2.0,3.0,0.0,4.74,231.0,https://www.airbnb.es/rooms/54155170,54155170.0,5.0,4,1.0,0.98,0.0,1.0,1.0,Entire serviced apartment,Entire home/apt,1.0,365.0,Barcelona - Regional registration number<br />HB-004343<br /><br />Spain - National registration number<br />Exempt,0.9333333333333333,0.9666666666666667,0.9333333333333333,0.9452054794520548,1
Barcelona,Les-Corts,53058601,2026-06-01,Hotel en L'Hospitalet de Llobregat,147.0,2.0,1.0,1.0,1.0,4.52,95.0,https://www.airbnb.es/rooms/53058601,,,0,,,,,,,,,,,,,,,0
Barcelona,Les-Corts,1676320427388991062,2026-06-01,Alojamiento en Barcelona,89.0,2.0,1.0,1.0,3.0,,,https://www.airbnb.es/rooms/1676320427388991062,,,0,,,,,,,,,,,,,,,0
Barcelona,Les-Corts,553551629505818133,2026-06-01,Apartamento en L'Hospitalet de Llobregat,205.0,4.0,1.0,2.0,1.0,4.83,65.0,https://www.airbnb.es/rooms/553551629505818133,,,0,,,,,,,,,,,,,,,0
Barcelona,Les-Corts,1358768214927137133,2026-06-01,Apartamento en Barcelona,235.0,4.0,2.0,2.0,1.0,4.75,28.0,https://www.airbnb.es/rooms/1358768214927137133,1.358768214927137e+18,12.0,4,0.93,1.0,0.0,1.0,0.0,Entire rental unit,Entire home/apt,1.0,365.0,Spain - National registration number<br />ESFCTU00000805400051461800000000000000HUTB-078066-379,0.06666666666666667,0.03333333333333333,0.07777777777777778,0.043835616438356165,1
Barcelona,Les-Corts,21653693,2026-06-01,Apartamento en Barcelona,225.0,3.0,1.0,3.0,1.0,4.85,220.0,https://www.airbnb.es/rooms/21653693,21653693.0,8.0,4,0.99,1.0,1.0,1.0,1.0,Entire rental unit,Entire home/apt,1.0,1125.0,Barcelona - Regional registration number<br />HUTB-002718<br /><br />Spain - National registration number<br />ESFCTU00000811900009196200000000000000000000000027188,0.0,0.21666666666666667,0.34444444444444444,0.6356164383561644,1
Barcelona,Les-Corts,33385364,2026-06-01,Hotel boutique en Barcelona,150.0,2.0,1.0,1.0,1.0,4.65,219.0,https://www.airbnb.es/rooms/33385364,33385364.0,9.0,4,0.97,1.0,1.0,1.0,1.0,Room in boutique hotel,Private room,1.0,1125.0,Barcelona - Regional registration number<br />HB004642,0.43333333333333335,0.5833333333333334,0.6555555555555556,0.8082191780821918,1
Barcelona,Les-Corts,52609698,2026-06-01,Apartamento en L'Hospitalet de Llobregat,246.0,4.0,2.0,3.0,2.0,4.88,181.0,https://www.airbnb.es/rooms/52609698,,,0,,,,,,,,,,,,,,,0
Barcelona,Les-Corts,660135644455590631,2026-06-01,Apartamento en Barcelona,140.0,1.0,1.0,1.0,1.0,4.25,4.0,https://www.airbnb.es/rooms/660135644455590631,6.601356444555907e+17,3.0,4,0.99,0.99,0.0,1.0,1.0,Entire rental unit,Entire home/apt,1.0,365.0,Barcelona - Regional registration number<br />HB-003777<br /><br />Spain - National registration number<br />Exempt,0.0,0.08333333333333333,0.2111111111111111,0.7178082191780822,1
Barcelona,Les-Corts,1086031486385200943,2026-06-01,Hostal en Barcelona,128.0,2.0,1.0,1.0,0.0,4.49,88.0,https://www.airbnb.es/rooms/1086031486385200943,1.0860314863852009e+18,1.0,4,0.86,1.0,0.0,1.0,1.0,Private room in hostel,Private room,1.0,365.0,Barcelona - Regional registration number<br />HB-004698,0.5,0.6,0.7222222222222222,0.8958904109589041,1
Barcelona,Les-Corts,1644015287878672196,2026-06-01,Apartamento en Barcelona,211.0,4.0,2.0,3.0,2.0,,,https://www.airbnb.es/rooms/1644015287878672196,,,0,,,,,,,,,,,,,,,0
Barcelona,Les-Corts,1503794664513191347,2026-06-01,Casa de invitados en L'Hospitalet de Llobregat,93.0,1.0,1.0,1.0,1.0,4.75,53.0,https://www.airbnb.es/rooms/1503794664513191347,,,0,,,,,,,,,,,,,,,0
Barcelona,Les-Corts,1081643973089542400,2026-06-01,Apartamento en Barcelona,194.0,4.0,2.0,4.0,0.0,4.43,30.0,https://www.airbnb.es/rooms/1081643973089542400,1.0816439730895424e+18,1.0,4,0.86,1.0,0.0,1.0,1.0,Entire rental unit,Entire home/apt,1.0,365.0,Spain - National registration number<br />ESHFTU00000806800007372300300000000000000HUTB-0371362,0.5,0.7166666666666667,0.8111111111111111,0.915068493150685,1
Barcelona,Les-Corts,53058752,2026-06-01,Hotel en L'Hospitalet de Llobregat,152.0,4.0,1.0,1.0,1.0,4.55,65.0,https://www.airbnb.es/rooms/53058752,,,0,,,,,,,,,,,,,,,0
Barcelona,Les-Corts,660129748682163259,2026-06-01,Apartamento en Barcelona,154.0,2.0,1.0,2.0,1.0,4.34,59.0,https://www.airbnb.es/rooms/660129748682163259,6.601297486821632e+17,3.0,4,0.99,0.99,0.0,1.0,1.0,Entire rental unit,Entire home/apt,1.0,365.0,Barcelona - Regional registration number<br />HB-003777<br /><br />Spain - National registration number<br />Exempt,1.0,0.85,0.8666666666666667,0.9671232876712329,1
Barcelona,Les-Corts,1264297802923808590,2026-06-01,Apartamento en Barcelona,235.0,6.0,3.0,6.0,1.0,4.77,109.0,https://www.airbnb.es/rooms/1264297802923808590,1.2642978029238085e+18,8.0,4,0.97,0.97,1.0,1.0,1.0,Entire rental unit,Entire home/apt,1.0,365.0,Spain - National registration number<br />ESFCTU00000806800012995600000000000000000HUTB-0048534,0.5,0.6666666666666666,0.7,0.8136986301369863,1
Barcelona,Les-Corts,1690077062160900192,2026-06-01,Alojamiento en Barcelona,114.0,1.0,1.0,1.0,1.0,,,https://www.airbnb.es/rooms/1690077062160900192,,,0,,,,,,,,,,,,,,,0
Barcelona,Les-Corts,1683879479810257006,2026-06-01,Alojamiento en Barcelona,126.0,2.0,1.0,1.0,1.0,,,https://www.airbnb.es/rooms/1683879479810257006,,,0,,,,,,,,,,,,,,,0
Barcelona,Les-Corts,1381218625872214057,2026-06-01,Apartamento en L'Hospitalet de Llobregat,263.0,4.0,2.0,3.0,1.0,5.0,30.0,https://www.airbnb.es/rooms/1381218625872214057,,,0,,,,,,,,,,,,,,,0
Barcelona,Les-Corts,578963822174688159,2026-06-01,Alojamiento en L'Hospitalet de Llobregat,99.0,3.0,1.0,1.0,1.0,4.84,49.0,https://www.airbnb.es/rooms/578963822174688159,,,0,,,,,,,,,,,,,,,0
Barcelona,Les-Corts,1690717698833005615,2026-06-01,Alojamiento en Barcelona,108.0,1.0,1.0,1.0,1.0,,,https://www.airbnb.es/rooms/1690717698833005615,,,0,,,,,,,,,,,,,,,0
Barcelona,Les-Corts,50194220,2026-06-01,Hotel en Barcelona,199.0,1.0,,,1.0,4.71,42.0,https://www.airbnb.es/rooms/50194220,,,0,,,,,,,,,,,,,,,0
Barcelona,Les-Corts,13386885,2026-06-01,Apartamento en L'Hospitalet de Llobregat,173.0,3.0,1.0,1.0,1.0,4.51,201.0,https://www.airbnb.es/rooms/13386885,,,0,,,,,,,,,,,,,,,0
Barcelona,Les-Corts,841172740128200954,2026-06-01,Apartamento en Barcelona,278.0,5.0,2.0,4.0,1.0,4.69,144.0,https://www.airbnb.es/rooms/841172740128200954,8.41172740128201e+17,10.0,4,1.0,0.99,0.0,1.0,1.0,Entire rental unit,Entire home/apt,1.0,365.0,Barcelona - Regional registration number<br />HUTB-138416<br /><br />Spain - National registration number<br />ESFCTU00000806700055105700000000000000000HUTB-0013846,0.7666666666666667,0.8166666666666667,0.8666666666666667,0.9671232876712329,1
Barcelona,Les-Corts,1243558382722731444,2026-06-01,Apartamento en L'Hospitalet de Llobregat,122.0,2.0,1.0,1.0,1.0,4.53,89.0,https://www.airbnb.es/rooms/1243558382722731444,,,0,,,,,,,,,,,,,,,0
Barcelona,Les-Corts,52047510,2026-06-01,Hostal en Barcelona,126.0,2.0,1.0,1.0,1.0,4.76,300.0,https://www.airbnb.es/rooms/52047510,52047510.0,4.0,4,1.0,1.0,1.0,1.0,1.0,Private room in hostel,Private room,1.0,8.0,Barcelona - Regional registration number<br />HB-000467<br /><br />Spain - National registration number<br />Exempt,0.16666666666666666,0.2833333333333333,0.4,0.09863013698630137,1
Barcelona,Les-Corts,1632188413099400167,2026-06-01,Apartamento en Barcelona,187.0,4.0,1.0,2.0,1.0,4.22,9.0,https://www.airbnb.es/rooms/1632188413099400167,,,0,,,,,,,,,,,,,,,0
Barcelona,Les-Corts,1690589439627083553,2026-06-01,Alojamiento en Barcelona,124.0,2.0,1.0,1.0,1.0,,,https://www.airbnb.es/rooms/1690589439627083553,,,0,,,,,,,,,,,,,,,0
Barcelona,Les-Corts,1026785632930992619,2026-06-01,Alojamiento en Barcelona,139.0,2.0,1.0,1.0,1.0,4.22,18.0,https://www.airbnb.es/rooms/1026785632930992619,,,0,,,,,,,,,,,,,,,0
Barcelona,Les-Corts,1355258257084496952,2026-06-01,Bed & breakfast en Sant Joan Despí,32.0,9.0,1.0,1.0,1.0,4.82,45.0,https://www.airbnb.es/rooms/1355258257084496952,,,0,,,,,,,,,,,,,,,0
Barcelona,Les-Corts,1086061834818753479,2026-06-01,Hostal en Barcelona,152.0,2.0,1.0,1.0,1.0,4.11,152.0,https://www.airbnb.es/rooms/1086061834818753479,1.0860618348187535e+18,1.0,4,0.86,1.0,0.0,1.0,1.0,Entire hostel,Entire home/apt,1.0,365.0,Barcelona - Regional registration number<br />HB-004677,0.4,0.5333333333333333,0.6222222222222222,0.8657534246575342,1
Barcelona,Les-Corts,994238313069797296,2026-06-01,Hotel en Barcelona,180.0,2.0,1.0,1.0,1.0,4.73,80.0,https://www.airbnb.es/rooms/994238313069797296,9.942383130697972e+17,2.0,4,1.0,1.0,0.0,1.0,1.0,Room in hotel,Private room,1.0,365.0,Barcelona - Regional registration number<br />HUTB-039084,0.23333333333333334,0.25,0.36666666666666664,0.21643835616438356,1
Barcelona,Les-Corts,52047182,2026-06-01,Hostal en Barcelona,107.0,2.0,1.0,2.0,1.0,4.76,787.0,https://www.airbnb.es/rooms/52047182,52047182.0,4.0,4,1.0,1.0,1.0,1.0,1.0,Private room in hostel,Private room,1.0,8.0,Barcelona - Regional registration number<br />HB-000467<br /><br />Spain - National registration number<br />Exempt,0.26666666666666666,0.3333333333333333,0.4888888888888889,0.1232876712328767,1
Barcelona,Les-Corts,588263368399541801,2026-06-01,Hotel en Barcelona,150.0,2.0,1.0,2.0,1.0,4.61,77.0,https://www.airbnb.es/rooms/588263368399541801,5.882633683995418e+17,3.0,4,1.0,0.99,0.0,1.0,1.0,Room in hotel,Private room,1.0,10.0,Barcelona - Regional registration number<br />HB000098,0.6666666666666666,0.8,0.6777777777777778,0.6328767123287671,1
Barcelona,Les-Corts,1164316691199027393,2026-06-01,Habitación en El Prat de Llobregat,77.0,,,1.0,,4.72,110.0,https://www.airbnb.es/rooms/1164316691199027393,,,0,,,,,,,,,,,,,,,0
Barcelona,Les-Corts,21761757,2026-06-01,Apartamento en Barcelona,180.0,2.0,1.0,2.0,0.0,4.64,113.0,https://www.airbnb.es/rooms/21761757,21761757.0,12.0,4,0.91,0.94,0.0,1.0,1.0,Entire serviced apartment,Entire home/apt,1.0,1125.0,Barcelona - Regional registration number<br />HUTB-007596<br /><br />Spain - National registration number<br />ESHFTU00000805400017867400200000000000HUTB-007596-737,0.3333333333333333,0.5,0.5666666666666667,0.8191780821917808,1
Barcelona,Les-Corts,5561974,2026-06-01,Habitación compartida en Barcelona,53.0,,,16.0,,4.71,1574.0,https://www.airbnb.es/rooms/5561974,5561974.0,10.0,4,0.99,0.99,0.0,1.0,1.0,Shared room in hostel,Shared room,1.0,365.0,Barcelona - Regional registration number<br />AJ000604,1.0,1.0,1.0,0.46301369863013697,1
Barcelona,Les-Corts,39753264,2026-06-01,Apartamento en Barcelona,293.0,5.0,2.0,4.0,1.0,4.66,449.0,https://www.airbnb.es/rooms/39753264,39753264.0,6.0,4,1.0,1.0,0.0,1.0,1.0,Entire rental unit,Entire home/apt,1.0,1125.0,Spain - National registration number<br />ESFCTU00B10806700054264200000000000000000HUTB-0058354,0.6333333333333333,0.6333333333333333,0.7,0.5260273972602739,1
Barcelona,Les-Corts,1690074682089846198,2026-06-01,Alojamiento en Barcelona,124.0,1.0,1.0,1.0,1.0,,,https://www.airbnb.es/rooms/1690074682089846198,,,0,,,,,,,,,,,,,,,0
Barcelona,Les-Corts,643237654635430610,2026-06-01,Apartamento en Barcelona,219.0,3.0,2.0,2.0,2.0,4.52,243.0,https://www.airbnb.es/rooms/643237654635430610,6.432376546354307e+17,7.0,4,1.0,0.99,0.0,1.0,1.0,Entire rental unit,Entire home/apt,1.0,1125.0,Barcelona - Regional registration number<br />HUTB-928420<br /><br />Spain - National registration number<br />ESHFTU00000805600035668700300000000000HUTB-009284-206,0.5333333333333333,0.7333333333333333,0.7666666666666667,0.8794520547945206,1
Barcelona,Les-Corts,10621483,2026-06-01,Apartamento en Barcelona,235.0,4.0,2.0,2.0,1.0,4.73,435.0,https://www.airbnb.es/rooms/10621483,10621483.0,9.0,4,0.94,1.0,0.0,1.0,1.0,Entire rental unit,Entire home/apt,1.0,365.0,Barcelona - Regional registration number<br />HUTB-011330,0.3,0.5166666666666667,0.6777777777777778,0.9178082191780822,1
Barcelona,Les-Corts,1690658878547198570,2026-06-01,Alojamiento en Barcelona,159.0,1.0,1.0,1.0,1.0,,,https://www.airbnb.es/rooms/1690658878547198570,,,0,,,,,,,,,,,,,,,0
Barcelona,Les-Corts,45947908,2026-06-01,Habitación compartida en Barcelona,48.0,,,,,4.55,11.0,https://www.airbnb.es/rooms/45947908,45947908.0,5.0,4,1.0,0.99,0.0,1.0,1.0,Shared room in hostel,Shared room,1.0,1125.0,Barcelona - Regional registration number<br />AJ000593<br /><br />Spain - National registration number<br />Exempt,0.7333333333333333,0.7833333333333333,0.7777777777777778,0.8273972602739726,1
Barcelona,Les-Corts,1399112591589162337,2026-06-01,Apartamento en Barcelona,200.0,4.0,2.0,3.0,2.0,4.86,14.0,https://www.airbnb.es/rooms/1399112591589162337,1.3991125915891622e+18,0.0,4,0.97,1.0,0.0,1.0,1.0,Entire rental unit,Entire home/apt,1.0,365.0,Spain - National registration number<br />ESFCTU00000805400010547200000000000000000HUTB-0783833<br /><br />Barcelona - Regional registration number<br />HUTB-078383,0.4666666666666667,0.5166666666666667,0.5111111111111111,0.3972602739726027,1
Barcelona,Les-Corts,1197233259961117611,2026-06-01,Habitación en L'Hospitalet de Llobregat,82.0,,,1.0,,4.74,38.0,https://www.airbnb.es/rooms/1197233259961117611,,,0,,,,,,,,,,,,,,,0
Barcelona,Les-Corts,45228987,2026-06-01,Apartamento en Barcelona,272.0,4.0,2.0,4.0,1.0,4.43,171.0,https://www.airbnb.es/rooms/45228987,45228987.0,6.0,4,1.0,0.98,0.0,1.0,1.0,Entire rental unit,Entire home/apt,1.0,1125.0,Barcelona - Regional registration number<br />HUTB-005335,0.5333333333333333,0.55,0.4777777777777778,0.6904109589041096,1
Barcelona,Les-Corts,1086385318652132563,2026-06-01,Habitación en Barcelona,59.0,,,1.0,,4.17,18.0,https://www.airbnb.es/rooms/1086385318652132563,1.0863853186521326e+18,2.0,4,1.0,0.95,0.0,1.0,1.0,Private room in rental unit,Private room,5.0,365.0,,0.7333333333333333,0.8666666666666667,0.9111111111111111,0.5232876712328767,0
Barcelona,Les-Corts,997039449508033338,2026-06-01,Habitación en L'Hospitalet de Llobregat,111.0,,,1.0,,4.71,65.0,https://www.airbnb.es/rooms/997039449508033338,,,0,,,,,,,,,,,,,,,0
Barcelona,Les-Corts,1395660922989787647,2026-06-01,Habitación compartida en Barcelona,36.0,,,1.0,,4.51,131.0,https://www.airbnb.es/rooms/1395660922989787647,1.3956609229897876e+18,3.0,4,0.99,1.0,0.0,1.0,1.0,Shared room in hostel,Shared room,1.0,365.0,Barcelona - Regional registration number<br />AJ000697<br /><br />Spain - National registration number<br />Exempt,1.0,1.0,1.0,0.9726027397260274,1
Barcelona,Les-Corts,39959257,2026-06-01,Apartamento en Barcelona,230.0,6.0,2.0,3.0,1.0,4.59,133.0,https://www.airbnb.es/rooms/39959257,39959257.0,6.0,4,0.95,1.0,0.0,1.0,1.0,Entire rental unit,Entire home/apt,1.0,365.0,Barcelona - Regional registration number<br />HUTB-004517<br /><br />Spain - National registration number<br />ESHFTU00000806600002513100300000000000000HUTB-0045179,0.43333333333333335,0.6,0.7333333333333333,0.9260273972602739,1
Barcelona,Les-Corts,1452841857638279568,2026-06-01,Hostal en Barcelona,68.0,1.0,,1.0,4.0,4.58,26.0,https://www.airbnb.es/rooms/1452841857638279568,,,0,,,,,,,,,,,,,,,0
Barcelona,Les-Corts,1573204871194391089,2026-06-01,Alojamiento en Barcelona,109.0,2.0,1.0,1.0,1.0,4.63,8.0,https://www.airbnb.es/rooms/1573204871194391089,1.573204871194391e+18,3.0,4,1.0,1.0,0.0,1.0,1.0,Private room in rental unit,Private room,1.0,365.0,Spain - National registration number<br />ESFCTU00004501300010949200000000000VUT-4501-232-00018<br /><br />Barcelona - Regional registration number<br />HUTB-936162,1.0,1.0,1.0,0.7397260273972602,1
Barcelona,Les-Corts,1302313221763681420,2026-06-01,Apartamento en Barcelona,226.0,5.0,3.0,1.0,1.0,4.97,31.0,https://www.airbnb.es/rooms/1302313221763681420,1.3023132217636815e+18,1.0,4,1.0,1.0,1.0,0.0,1.0,Entire rental unit,Entire home/apt,2.0,14.0,Spain - National registration number<br />ESFCTU00000812000017477700000000000000000HUTB-0125679<br /><br />Barcelona - Regional registration number<br />HUTB-012567,0.26666666666666666,0.2833333333333333,0.24444444444444444,0.3972602739726027,1
Barcelona,Les-Corts,1299331630232875541,2026-06-01,Hostal en Barcelona,108.0,1.0,1.0,1.0,0.0,4.13,15.0,https://www.airbnb.es/rooms/1299331630232875541,1.2993316302328755e+18,1.0,4,0.86,1.0,0.0,1.0,1.0,Private room in hostel,Private room,1.0,365.0,Barcelona - Regional registration number<br />HB-004602,0.36666666666666664,0.2833333333333333,0.4111111111111111,0.8136986301369863,1
Barcelona,Les-Corts,45094691,2026-06-01,Apartamento en Barcelona,188.0,4.0,2.0,3.0,1.0,4.39,69.0,https://www.airbnb.es/rooms/45094691,45094691.0,3.0,0,,,0.0,1.0,1.0,Entire rental unit,Entire home/apt,1.0,365.0,Barcelona - Regional registration number<br />HUTB-000337,0.13333333333333333,0.16666666666666666,0.1111111111111111,0.5643835616438356,1
Barcelona,Les-Corts,563553175219651122,2026-06-01,Habitación compartida en Barcelona,49.0,,,8.0,2.0,4.52,447.0,https://www.airbnb.es/rooms/563553175219651122,5.6355317521965114e+17,10.0,4,0.97,0.99,0.0,1.0,1.0,Shared room in hostel,Shared room,1.0,365.0,Barcelona - Regional registration number<br />AJ000486<br /><br />Spain - National registration number<br />Exempt,0.9333333333333333,0.9666666666666667,0.9777777777777777,0.4958904109589041,1
Barcelona,Les-Corts,1513040910596254391,2026-06-01,Apartamento en L'Hospitalet de Llobregat,157.0,4.0,1.0,1.0,1.0,4.76,46.0,https://www.airbnb.es/rooms/1513040910596254391,,,0,,,,,,,,,,,,,,,0
Barcelona,Les-Corts,35724195,2026-06-01,Habitación en L'Hospitalet de Llobregat,119.0,,,1.0,,4.94,177.0,https://www.airbnb.es/rooms/35724195,,,0,,,,,,,,,,,,,,,0
Barcelona,Les-Corts,553563486933714034,2026-06-01,Apartamento en L'Hospitalet de Llobregat,270.0,6.0,2.0,3.0,1.0,4.81,128.0,https://www.airbnb.es/rooms/553563486933714034,,,0,,,,,,,,,,,,,,,0
Barcelona,Les-Corts,1692725051444428427,2026-06-01,Alojamiento en Barcelona,129.0,2.0,1.0,1.0,1.0,,,https://www.airbnb.es/rooms/1692725051444428427,,,0,,,,,,,,,,,,,,,0
Barcelona,Les-Corts,1644015298917010463,2026-06-01,Apartamento en Barcelona,220.0,4.0,2.0,3.0,1.0,,,https://www.airbnb.es/rooms/1644015298917010463,,,0,,,,,,,,,,,,,,,0
Barcelona,Les-Corts,1553734606498079394,2026-06-01,Alojamiento en L'Hospitalet de Llobregat,105.0,2.0,1.0,1.0,1.0,,,https://www.airbnb.es/rooms/1553734606498079394,,,0,,,,,,,,,,,,,,,0
Barcelona,Les-Corts,877621988007424535,2026-06-01,Alojamiento en Barcelona,110.0,2.0,1.0,1.0,1.0,4.53,34.0,https://www.airbnb.es/rooms/877621988007424535,,,0,,,,,,,,,,,,,,,0
Barcelona,Les-Corts,23737826,2026-06-01,Apartamento en Barcelona,201.0,6.0,2.0,4.0,1.0,4.7,136.0,https://www.airbnb.es/rooms/23737826,23737826.0,7.0,4,1.0,1.0,0.0,1.0,1.0,Entire rental unit,Entire home/apt,1.0,365.0,Barcelona - Regional registration number<br />HUTB-011333<br /><br />Spain - National registration number<br />ESFCTU000008058000007989000000000000000000HUTB0113332,0.26666666666666666,0.5333333333333333,0.6555555555555556,0.915068493150685,1
Barcelona,Les-Corts,1321594420576816485,2026-06-01,Habitación de hotel compartida en L'Hospitalet de Llobregat,40.0,,,1.0,,4.42,43.0,https://www.airbnb.es/rooms/1321594420576816485,,,0,,,,,,,,,,,,,,,0
Barcelona,Les-Corts,1297752048731285588,2026-06-01,Apartamento en Barcelona,211.0,4.0,3.0,6.0,2.0,4.14,14.0,https://www.airbnb.es/rooms/1297752048731285588,1.2977520487312855e+18,10.0,2,0.77,0.53,0.0,1.0,1.0,Entire rental unit,Entire home/apt,1.0,365.0,Barcelona - Regional registration number<br />HUTB-009304,0.36666666666666664,0.6,0.6333333333333333,0.852054794520548,1
Barcelona,Les-Corts,1188194842775911600,2026-06-01,Habitación en Cornellà de Llobregat,59.0,,,1.0,,4.84,56.0,https://www.airbnb.es/rooms/1188194842775911600,,,0,,,,,,,,,,,,,,,0
Barcelona,Les-Corts,899292103075317653,2026-06-01,Apartamento en Barcelona,211.0,4.0,2.0,3.0,1.0,4.49,161.0,https://www.airbnb.es/rooms/899292103075317653,8.992921030753176e+17,13.0,4,0.99,0.95,0.0,1.0,1.0,Entire rental unit,Entire home/apt,2.0,365.0,Spain - National registration number<br />ESFCTU00000806700046827000000000000000000HUTB-0011778,0.7666666666666667,0.8833333333333333,0.9222222222222223,0.9808219178082191,1
Barcelona,Les-Corts,52161036,2026-06-01,Hotel en Barcelona,184.0,2.0,1.0,1.0,1.0,4.76,653.0,https://www.airbnb.es/rooms/52161036,52161036.0,4.0,4,0.97,1.0,0.0,1.0,1.0,Room in hotel,Private room,1.0,1125.0,Barcelona - Regional registration number<br />HB-004628<br /><br />Spain - National registration number<br />Exempt,0.9,0.9333333333333333,0.9555555555555556,0.989041095890411,1
Barcelona,Les-Corts,1690722766472511362,2026-06-01,Alojamiento en Barcelona,124.0,2.0,1.0,1.0,1.0,,,https://www.airbnb.es/rooms/1690722766472511362,,,0,,,,,,,,,,,,,,,0
Barcelona,Les-Corts,1689948511526716856,2026-06-01,Alojamiento en Barcelona,116.0,2.0,1.0,1.0,1.0,,,https://www.airbnb.es/rooms/1689948511526716856,,,0,,,,,,,,,,,,,,,0
Barcelona,Les-Corts,997227005266502258,2026-06-01,Habitación en L'Hospitalet de Llobregat,108.0,,,1.0,,4.76,79.0,https://www.airbnb.es/rooms/997227005266502258,,,0,,,,,,,,,,,,,,,0
Barcelona,Les-Corts,19429639,2026-06-01,Apartamento en L'Hospitalet de Llobregat,186.0,4.0,1.0,2.0,1.0,4.39,215.0,https://www.airbnb.es/rooms/19429639,,,0,,,,,,,,,,,,,,,0
Barcelona,Les-Corts,48035923,2026-06-01,Hotel en Barcelona,218.0,2.0,1.0,2.0,1.0,4.78,9.0,https://www.airbnb.es/rooms/48035923,48035923.0,4.0,4,1.0,1.0,1.0,1.0,1.0,Room in hotel,Private room,1.0,365.0,Barcelona - Regional registration number<br />HB-003272<br /><br />Spain - National registration number<br />Exempt,1.0,1.0,0.9555555555555556,0.989041095890411,1
Barcelona,Les-Corts,1358745153008344797,2026-06-01,Apartamento en Barcelona,235.0,4.0,2.0,2.0,1.0,4.58,43.0,https://www.airbnb.es/rooms/1358745153008344797,1.3587451530083448e+18,12.0,4,0.93,1.0,0.0,1.0,0.0,Entire rental unit,Entire home/apt,1.0,365.0,Spain - National registration number<br />ESFCTU00000805400051458800000000000000HUTB-078063-404,0.03333333333333333,0.03333333333333333,0.08888888888888889,0.030136986301369864,1
Barcelona,Les-Corts,1198074,2026-06-01,Apartamento en Barcelona,300.0,4.0,2.0,3.0,2.0,4.89,119.0,https://www.airbnb.es/rooms/1198074,1198074.0,12.0,4,0.98,1.0,1.0,1.0,1.0,Entire rental unit,Entire home/apt,1.0,365.0,Barcelona - Regional registration number<br />HUTB-005596<br /><br />Spain - National registration number<br />ESFCTU00000805400054179900000000000000000000000055965,0.36666666666666664,0.26666666666666666,0.3111111111111111,0.5506849315068493,1
Barcelona,Les-Corts,1567985873659883473,2026-06-01,Habitación de hotel en Barcelona,173.0,2.0,,1.0,1.0,4.84,55.0,https://www.airbnb.es/rooms/1567985873659883473,1.5679858736598835e+18,10.0,4,1.0,0.99,0.0,1.0,1.0,Room in hotel,Hotel room,1.0,365.0,Barcelona - Regional registration number<br />HB-004768<br /><br />Spain - National registration number<br />Exempt,0.9,0.95,0.9666666666666667,0.9917808219178083,1
Barcelona,Les-Corts,49455076,2026-06-01,Apartamento en Barcelona,230.0,6.0,2.0,4.0,1.0,4.43,106.0,https://www.airbnb.es/rooms/49455076,49455076.0,10.0,4,0.97,0.99,1.0,1.0,1.0,Entire rental unit,Entire home/apt,1.0,1125.0,Spain - National registration number<br />ESFCTU00000807200079627800000000000000000HUTB-0036908,0.4,0.4166666666666667,0.4,0.23835616438356164,1
Barcelona,Les-Corts,1690524994926563023,2026-06-01,Alojamiento en Barcelona,139.0,2.0,1.0,1.0,1.0,,,https://www.airbnb.es/rooms/1690524994926563023,,,0,,,,,,,,,,,,,,,0
Barcelona,Les-Corts,41920692,2026-06-01,Apartamento en Barcelona,187.0,4.0,1.0,1.0,1.0,4.48,162.0,https://www.airbnb.es/rooms/41920692,41920692.0,8.0,4,0.93,1.0,0.0,1.0,1.0,Entire rental unit,Entire home/apt,1.0,1125.0,Spain - National registration number<br />ESFCTU00000806600041183500000000000000HUTB-010478-539,0.23333333333333334,0.5666666666666667,0.5222222222222223,0.589041095890411,1
Barcelona,Les-Corts,1623289005520410092,2026-06-01,Alojamiento en Barcelona,114.0,1.0,1.0,1.0,1.0,4.73,11.0,https://www.airbnb.es/rooms/1623289005520410092,,,0,,,,,,,,,,,,,,,0
Barcelona,Les-Corts,1321584735336351666,2026-06-01,Habitación de hotel compartida en L'Hospitalet de Llobregat,42.0,,,1.0,,4.17,29.0,https://www.airbnb.es/rooms/1321584735336351666,,,0,,,,,,,,,,,,,,,0
Barcelona,Les-Corts,36451803,2026-06-01,Habitación en L'Hospitalet de Llobregat,91.0,,,1.0,,4.9,10.0,https://www.airbnb.es/rooms/36451803,,,0,,,,,,,,,,,,,,,0
Barcelona,Les-Corts,23334103,2026-06-01,Apartamento en Barcelona,194.0,3.0,2.0,2.0,1.0,4.4,313.0,https://www.airbnb.es/rooms/23334103,23334103.0,7.0,4,1.0,1.0,0.0,1.0,1.0,Entire rental unit,Entire home/apt,1.0,1125.0,Spain - National registration number<br />ESFCTU00000806900040479100000000000000000HUTB-0130004,0.5,0.6666666666666666,0.7444444444444445,0.873972602739726,1
Barcelona,Les-Corts,1219561473030220539,2026-06-01,Hotel en Barcelona,180.0,2.0,1.0,1.0,1.0,4.62,26.0,https://www.airbnb.es/rooms/1219561473030220539,1.2195614730302205e+18,2.0,4,1.0,1.0,0.0,1.0,1.0,Room in hotel,Private room,1.0,365.0,Barcelona - Regional registration number<br />HUTB-039084,0.2,0.16666666666666666,0.26666666666666666,0.1780821917808219,1
Barcelona,Les-Corts,45094687,2026-06-01,Apartamento en Barcelona,188.0,4.0,2.0,3.0,1.0,4.27,15.0,https://www.airbnb.es/rooms/45094687,45094687.0,3.0,0,,,0.0,1.0,1.0,Entire rental unit,Entire home/apt,1.0,365.0,Barcelona - Regional registration number<br />HUTB-011471,0.13333333333333333,0.26666666666666666,0.4444444444444444,0.6164383561643836,1
Barcelona,Les-Corts,51855625,2026-06-01,Hotel en Barcelona,149.0,2.0,1.0,2.0,0.0,4.66,64.0,https://www.airbnb.es/rooms/51855625,51855625.0,7.0,4,0.99,1.0,0.0,1.0,1.0,Room in hotel,Private room,1.0,365.0,Barcelona - Regional registration number<br />hb-004659,1.0,1.0,1.0,0.9643835616438357,1
Barcelona,Les-Corts,1354292507938470804,2026-06-01,Apartamento en Barcelona,239.0,6.0,3.0,3.0,1.0,4.68,80.0,https://www.airbnb.es/rooms/1354292507938470804,1.354292507938471e+18,11.0,3,1.0,0.81,0.0,1.0,1.0,Entire rental unit,Entire home/apt,1.0,999.0,Spain - National registration number<br />ESFCTU00000805700018624300000000000000000HUTB-0035305<br /><br />Barcelona - Regional registration number<br />HUTB-003530,0.5333333333333333,0.65,0.6666666666666666,0.9041095890410958,1
Barcelona,Les-Corts,52185041,2026-06-01,Apartamento en L'Hospitalet de Llobregat,200.0,2.0,1.0,1.0,1.0,4.42,210.0,https://www.airbnb.es/rooms/52185041,,,0,,,,,,,,,,,,,,,0
Barcelona,Les-Corts,1399112602583968962,2026-06-01,Apartamento en Barcelona,250.0,6.0,3.0,4.0,2.0,4.79,19.0,https://www.airbnb.es/rooms/1399112602583968962,1.399112602583969e+18,0.0,4,0.97,1.0,0.0,1.0,1.0,Entire rental unit,Entire home/apt,1.0,365.0,Barcelona - Regional registration number<br />HUTB-078384<br /><br />Spain - National registration number<br />ESFCTU00000805400010547200000000000000000HUTB-0783840,0.2,0.25,0.25555555555555554,0.25753424657534246,1
Barcelona,Les-Corts,546926327324184389,2026-06-01,Apartamento en Barcelona,235.0,2.0,1.0,2.0,1.0,4.64,66.0,https://www.airbnb.es/rooms/546926327324184389,5.469263273241844e+17,3.0,4,1.0,1.0,1.0,1.0,1.0,Entire rental unit,Entire home/apt,1.0,365.0,Spain - National registration number<br />ESFCTU00000806600001582800000000000000000HUTB-0058700<br /><br />Barcelona - Regional registration number<br />HUTB-005870,0.3333333333333333,0.35,0.34444444444444444,0.2958904109589041,1
Barcelona,Les-Corts,42687971,2026-06-01,Apartamento en Barcelona,251.0,4.0,3.0,3.0,1.0,4.49,76.0,https://www.airbnb.es/rooms/42687971,42687971.0,0.0,3,1.0,0.8,0.0,1.0,1.0,Entire rental unit,Entire home/apt,1.0,365.0,Barcelona - Regional registration number<br />HUTB-011332<br /><br />Spain - National registration number<br />ESFCTU000008058000007989000000000000000000HUTB0113325,0.4,0.4666666666666667,0.6444444444444445,0.8821917808219178,1
Barcelona,Les-Corts,39959246,2026-06-01,Apartamento en Barcelona,246.0,6.0,2.0,3.0,1.0,4.54,120.0,https://www.airbnb.es/rooms/39959246,39959246.0,6.0,4,0.95,1.0,0.0,1.0,1.0,Entire rental unit,Entire home/apt,1.0,365.0,Barcelona - Regional registration number<br />HUTB-004521<br /><br />Spain - National registration number<br />ESHFTU00000806600002513100600000000000000HUTB-0045213,0.5666666666666667,0.7833333333333333,0.8555555555555555,0.9534246575342465,1
Barcelona,Les-Corts,53058824,2026-06-01,Hotel en L'Hospitalet de Llobregat,131.0,2.0,1.0,1.0,1.0,4.33,9.0,https://www.airbnb.es/rooms/53058824,,,0,,,,,,,,,,,,,,,0
Barcelona,Les-Corts,600371086640483735,2026-06-01,Apartamento en Barcelona,229.0,6.0,3.0,6.0,1.0,4.68,420.0,https://www.airbnb.es/rooms/600371086640483735,6.003710866404837e+17,8.0,4,1.0,1.0,0.0,1.0,1.0,Entire rental unit,Entire home/apt,1.0,365.0,Barcelona - Regional registration number<br />HUTB-007504<br /><br />Spain - National registration number<br />ESFCTU00000807300043105300000000000000000HUTB-0075042,0.5666666666666667,0.6166666666666667,0.6444444444444445,0.19726027397260273,1
Barcelona,Les-Corts,1690518670249408789,2026-06-01,Alojamiento en Barcelona,129.0,2.0,1.0,1.0,1.0,,,https://www.airbnb.es/rooms/1690518670249408789,,,0,,,,,,,,,,,,,,,0
Barcelona,Les-Corts,1399112579281949206,2026-06-01,Apartamento en Barcelona,250.0,6.0,3.0,4.0,2.0,4.73,30.0,https://www.airbnb.es/rooms/1399112579281949206,1.3991125792819492e+18,0.0,4,0.97,1.0,0.0,1.0,1.0,Entire rental unit,Entire home/apt,1.0,365.0,Barcelona - Regional registration number<br />HUTB-078382<br /><br />Spain - National registration number<br />ESFCTU00000805400010547200000000000000000HUTB-0783826,0.2,0.25,0.25555555555555554,0.25205479452054796,1
Barcelona,Les-Corts,1685009398669037387,2026-06-01,Alojamiento en Barcelona,141.0,1.0,1.0,1.0,1.0,,,https://www.airbnb.es/rooms/1685009398669037387,,,0,,,,,,,,,,,,,,,0
Barcelona,Les-Corts,1044047228278493890,2026-06-01,Apartamento en Barcelona,178.0,3.0,1.0,2.0,1.0,4.44,59.0,https://www.airbnb.es/rooms/1044047228278493890,1.044047228278494e+18,10.0,4,0.98,0.98,0.0,1.0,1.0,Entire rental unit,Entire home/apt,2.0,365.0,Barcelona - Regional registration number<br />HUTB-005196,0.7,0.8,0.6888888888888889,0.3287671232876712,1
Barcelona,Les-Corts,554286020875275869,2026-06-01,Hostal en Barcelona,170.0,1.0,1.0,1.0,1.0,4.56,68.0,https://www.airbnb.es/rooms/554286020875275869,5.5428602087527584e+17,3.0,4,1.0,0.99,0.0,1.0,1.0,Private room in hostel,Private room,1.0,365.0,Barcelona - Regional registration number<br />HB-004191,0.2,0.4,0.5888888888888889,0.7041095890410959,1
Barcelona,Les-Corts,1457480281850759221,2026-06-01,Apartamento en Barcelona,150.0,2.0,1.0,1.0,1.0,4.67,12.0,https://www.airbnb.es/rooms/1457480281850759221,,,0,,,,,,,,,,,,,,,0
Barcelona,Les-Corts,997210594290448687,2026-06-01,Habitación en L'Hospitalet de Llobregat,120.0,,,1.0,,4.67,63.0,https://www.airbnb.es/rooms/997210594290448687,,,0,,,,,,,,,,,,,,,0
Barcelona,Les-Corts,1486041657667319503,2026-06-01,Apartamento en Barcelona,280.0,6.0,3.0,3.0,1.0,4.71,28.0,https://www.airbnb.es/rooms/1486041657667319503,1.4860416576673196e+18,1.0,4,0.92,1.0,1.0,1.0,1.0,Entire rental unit,Entire home/apt,1.0,365.0,Barcelona - Regional registration number<br />HUTB-007698,0.4,0.5666666666666667,0.6111111111111112,0.1506849315068493,1
Barcelona,Les-Corts,52184566,2026-06-01,Apartamento en L'Hospitalet de Llobregat,200.0,2.0,1.0,1.0,1.0,4.51,234.0,https://www.airbnb.es/rooms/52184566,,,0,,,,,,,,,,,,,,,0
Barcelona,Les-Corts,1287610757999307965,2026-06-01,Apartamento en Gràcia,275.0,4.0,2.0,3.0,1.0,4.74,88.0,https://www.airbnb.es/rooms/1287610757999307965,1.287610757999308e+18,10.0,4,1.0,0.99,0.0,1.0,1.0,Entire rental unit,Entire home/apt,1.0,365.0,Barcelona - Regional registration number<br />HUTB-263282<br /><br />Spain - National registration number<br />ESFCTU000008058000639593000000000000000HUTB-002632825,0.3333333333333333,0.6666666666666666,0.7777777777777778,0.9424657534246575,1
Barcelona,Les-Corts,1689750860801220866,2026-06-01,Alojamiento en Eixample,174.0,2.0,1.0,1.0,1.0,,,https://www.airbnb.es/rooms/1689750860801220866,,,0,,,,,,,,,,,,,,,0
Barcelona,Les-Corts,52360027,2026-06-01,Apartamento en Eixample,214.0,2.0,1.0,1.0,1.0,4.85,262.0,https://www.airbnb.es/rooms/52360027,52360027.0,4.0,4,1.0,0.99,1.0,1.0,1.0,Entire rental unit,Entire home/apt,1.0,365.0,Barcelona - Regional registration number<br />HB004316<br /><br />Spain - National registration number<br />Exempt,0.7,0.6333333333333333,0.6111111111111112,0.7589041095890411,1
Barcelona,Les-Corts,1689869786441122423,2026-06-01,Alojamiento en Eixample,108.0,2.0,1.0,1.0,1.0,,,https://www.airbnb.es/rooms/1689869786441122423,,,0,,,,,,,,,,,,,,,0
Barcelona,Les-Corts,6536977,2026-06-01,Apartamento en Gràcia,250.0,3.0,2.0,3.0,1.0,4.69,117.0,https://www.airbnb.es/rooms/6536977,6536977.0,10.0,4,0.97,0.99,1.0,1.0,1.0,Entire rental unit,Entire home/apt,1.0,1125.0,Spain - National registration number<br />ESHFTU00000806600005014000400000000000000HUTB-0023846,0.5333333333333333,0.6166666666666667,0.5444444444444444,0.33972602739726027,1
Barcelona,Les-Corts,1396373104251718445,2026-06-01,Hotel en Eixample,168.0,1.0,1.0,1.0,0.0,,,https://www.airbnb.es/rooms/1396373104251718445,1.3963731042517184e+18,0.0,4,1.0,1.0,0.0,1.0,1.0,Room in hotel,Private room,1.0,365.0,Barcelona - Regional registration number<br />HB-004002,0.13333333333333333,0.31666666666666665,0.5,0.7917808219178082,1
Barcelona,Les-Corts,42397180,2026-06-01,Apartamento en Eixample,271.0,6.0,4.0,4.0,2.0,4.51,147.0,https://www.airbnb.es/rooms/42397180,42397180.0,6.0,4,1.0,1.0,0.0,1.0,1.0,Entire rental unit,Entire home/apt,1.0,1125.0,Barcelona - Regional registration number<br />HUTB-006595,0.16666666666666666,0.08333333333333333,0.05555555555555555,0.0136986301369863,1
Barcelona,Les-Corts,52119547,2026-06-01,Apartamento en Gràcia,315.0,6.0,3.0,4.0,2.0,4.93,80.0,https://www.airbnb.es/rooms/52119547,52119547.0,6.0,4,1.0,1.0,1.0,1.0,1.0,Entire serviced apartment,Entire home/apt,2.0,1125.0,Barcelona - Regional registration number<br />HUTB-000584<br /><br />Spain - National registration number<br />ESFCTU00000806600046546300000000000000000HUTB-0005890,0.13333333333333333,0.15,0.14444444444444443,0.4767123287671233,1
Barcelona,Les-Corts,872099397554158301,2026-06-01,Apartamento en Eixample,278.0,5.0,2.0,4.0,1.0,4.6,53.0,https://www.airbnb.es/rooms/872099397554158301,8.720993975541583e+17,10.0,4,1.0,0.99,0.0,1.0,1.0,Entire rental unit,Entire home/apt,1.0,365.0,Barcelona - Regional registration number<br />HUTB-138321,0.5666666666666667,0.7833333333333333,0.8444444444444444,0.9616438356164384,1
Barcelona,Les-Corts,52359464,2026-06-01,Apartamento en Eixample,203.0,2.0,1.0,1.0,1.0,4.65,165.0,https://www.airbnb.es/rooms/52359464,52359464.0,4.0,4,1.0,0.99,1.0,1.0,1.0,Entire rental unit,Entire home/apt,1.0,365.0,Barcelona - Regional registration number<br />HB-004316<br /><br />Spain - National registration number<br />Exempt,0.6333333333333333,0.65,0.7666666666666667,0.9205479452054794,1
Barcelona,Les-Corts,53411031,2026-06-01,Hotel en Eixample,170.0,2.0,1.0,1.0,1.0,4.73,910.0,https://www.airbnb.es/rooms/53411031,53411031.0,4.0,4,1.0,1.0,1.0,1.0,1.0,Room in hotel,Private room,1.0,365.0,Barcelona - Regional registration number<br />HB-003893,0.7,0.7,0.7444444444444445,0.6136986301369863,1
Barcelona,Les-Corts,35477075,2026-06-01,Apartamento en Gràcia,273.0,5.0,3.0,4.0,2.0,4.72,235.0,https://www.airbnb.es/rooms/35477075,35477075.0,12.0,4,0.99,1.0,1.0,1.0,1.0,Entire serviced apartment,Entire home/apt,2.0,29.0,Spain - National registration number<br />ESFCTU00000806600001544600000000000000000HUTB-0098375<br /><br />Barcelona - Regional registration number<br />HUTB-009837,0.5666666666666667,0.7833333333333333,0.7666666666666667,0.9232876712328767,1
Barcelona,Les-Corts,1690085783563810065,2026-06-01,Alojamiento en Eixample,100.0,2.0,1.0,1.0,2.0,,,https://www.airbnb.es/rooms/1690085783563810065,,,0,,,,,,,,,,,,,,,0
Barcelona,Les-Corts,1396364814218289239,2026-06-01,Hotel en Eixample,154.0,1.0,1.0,1.0,0.0,,,https://www.airbnb.es/rooms/1396364814218289239,1.3963648142182892e+18,0.0,4,1.0,1.0,0.0,1.0,1.0,Room in hotel,Private room,1.0,365.0,Barcelona - Regional registration number<br />HB-004002,0.1,0.2833333333333333,0.4777777777777778,0.7863013698630137,1
Barcelona,Les-Corts,554279825290209805,2026-06-01,Hostal en Sants-Montjuïc,185.0,2.0,1.0,2.0,1.0,4.61,76.0,https://www.airbnb.es/rooms/554279825290209805,5.542798252902098e+17,3.0,4,1.0,0.99,0.0,1.0,1.0,Private room in hostel,Private room,1.0,365.0,Barcelona - Regional registration number<br />HB-004191,0.13333333333333333,0.26666666666666666,0.32222222222222224,0.5671232876712329,1
Barcelona,Les-Corts,1689865694784288576,2026-06-01,Alojamiento en Eixample,108.0,2.0,1.0,1.0,1.0,,,https://www.airbnb.es/rooms/1689865694784288576,,,0,,,,,,,,,,,,,,,0
Barcelona,Les-Corts,1690707968761372686,2026-06-01,Alojamiento en Barcelona,108.0,2.0,1.0,1.0,1.0,,,https://www.airbnb.es/rooms/1690707968761372686,,,0,,,,,,,,,,,,,,,0
Barcelona,Les-Corts,25702608,2026-06-01,Apartamento en Barcelona,215.0,2.0,1.0,3.0,0.0,4.16,569.0,https://www.airbnb.es/rooms/25702608,25702608.0,10.0,4,1.0,0.99,0.0,1.0,1.0,Entire rental unit,Entire home/apt,1.0,1125.0,Spain - National registration number<br />ESFCTU00000805900038392900000000000000HUTB-000963-629<br /><br />Barcelona - Regional registration number<br />HUTB000963,0.4666666666666667,0.48333333333333334,0.4888888888888889,0.20821917808219179,1
Barcelona,Les-Corts,790266577536647744,2026-06-01,Apartamento en L'Hospitalet de Llobregat,320.0,9.0,3.0,4.0,2.0,4.65,143.0,https://www.airbnb.es/rooms/790266577536647744,,,0,,,,,,,,,,,,,,,0
Barcelona,Les-Corts,1690088805456194693,2026-06-01,Alojamiento en Barcelona,108.0,2.0,1.0,1.0,2.0,,,https://www.airbnb.es/rooms/1690088805456194693,,,0,,,,,,,,,,,,,,,0
Barcelona,Les-Corts,1070904385970425851,2026-06-01,Apartamento en L'Hospitalet de Llobregat,346.0,11.0,3.0,7.0,3.0,4.3,10.0,https://www.airbnb.es/rooms/1070904385970425851,,,0,,,,,,,,,,,,,,,0
Barcelona,Les-Corts,48266882,2026-06-01,Apartamento en Barcelona,222.0,3.0,1.0,1.0,1.0,4.4,111.0,https://www.airbnb.es/rooms/48266882,48266882.0,10.0,4,1.0,0.99,0.0,1.0,1.0,Entire rental unit,Entire home/apt,1.0,1125.0,Barcelona - Regional registration number<br />HUTB-009384,0.7666666666666667,0.8333333333333334,0.8888888888888888,0.9643835616438357,1
Barcelona,Les-Corts,660127511559355857,2026-06-01,Apartamento en Barcelona,168.0,2.0,1.0,1.0,1.0,4.3,77.0,https://www.airbnb.es/rooms/660127511559355857,6.601275115593559e+17,3.0,4,0.99,0.99,0.0,1.0,1.0,Entire rental unit,Entire home/apt,1.0,365.0,Barcelona - Regional registration number<br />HB-003777<br /><br />Spain - National registration number<br />Exempt,0.9,0.8,0.8333333333333334,0.958904109589041,1
Barcelona,Les-Corts,32561248,2026-06-01,Hostal en Barcelona,115.0,2.0,1.0,1.0,,4.82,506.0,https://www.airbnb.es/rooms/32561248,32561248.0,8.0,4,1.0,1.0,1.0,1.0,1.0,Private room in hostel,Private room,1.0,1125.0,Barcelona - Regional registration number<br />HB-004126<br /><br />Spain - National registration number<br />Exempt,0.3333333333333333,0.45,0.6111111111111112,0.7890410958904109,1
Barcelona,Les-Corts,1001344667839269099,2026-06-01,Habitación en L'Hospitalet de Llobregat,108.0,,,1.0,,4.77,74.0,https://www.airbnb.es/rooms/1001344667839269099,,,0,,,,,,,,,,,,,,,0
Barcelona,Les-Corts,594547708296997920,2026-06-01,Hostal en Barcelona,171.0,2.0,1.0,1.0,1.0,,,https://www.airbnb.es/rooms/594547708296997920,5.945477082969979e+17,4.0,4,1.0,1.0,1.0,1.0,1.0,Private room in hostel,Private room,1.0,365.0,Barcelona - Regional registration number<br />HB-004388,0.16666666666666666,0.26666666666666666,0.4444444444444444,0.6657534246575343,1
Barcelona,Les-Corts,7126261,2026-06-01,Apartamento en Barcelona,265.0,5.0,2.0,3.0,1.0,4.62,65.0,https://www.airbnb.es/rooms/7126261,7126261.0,10.0,4,0.97,0.99,1.0,1.0,1.0,Entire rental unit,Entire home/apt,1.0,1125.0,Spain - National registration number<br />ESFCTU00000807200079631500000000000000000HUTB-0036917,0.3,0.48333333333333334,0.4444444444444444,0.2602739726027397,1
Barcelona,Les-Corts,33820070,2026-06-01,Apartamento en Barcelona,330.0,6.0,3.0,3.0,2.0,4.9,106.0,https://www.airbnb.es/rooms/33820070,33820070.0,12.0,4,0.98,1.0,1.0,1.0,1.0,Entire rental unit,Entire home/apt,1.0,365.0,Barcelona - Regional registration number<br />HUTB-008663<br /><br />Spain - National registration number<br />ESFCTU00000805400054186700000000000000000000000086637,0.26666666666666666,0.18333333333333332,0.2777777777777778,0.4383561643835616,1
Barcelona,Les-Corts,53176149,2026-06-01,Hotel en Barcelona,156.0,2.0,1.0,1.0,1.0,4.3,50.0,https://www.airbnb.es/rooms/53176149,53176149.0,3.0,4,0.94,0.99,0.0,1.0,1.0,Room in hotel,Private room,1.0,365.0,Barcelona - Regional registration number<br />HB-003971<br /><br />Spain - National registration number<br />Exempt,0.6666666666666666,0.7166666666666667,0.7666666666666667,0.8904109589041096,1
Barcelona,Les-Corts,33179902,2026-06-01,Habitación de hotel en Barcelona,168.0,2.0,1.0,2.0,1.0,4.49,282.0,https://www.airbnb.es/rooms/33179902,33179902.0,9.0,4,0.92,1.0,0.0,1.0,1.0,Room in serviced apartment,Hotel room,1.0,1125.0,Barcelona - Regional registration number<br />HUTB-004502<br /><br />Spain - National registration number<br />ESFCTU00000806800015952600000000000000HUTB-075717-518,0.9666666666666667,0.9666666666666667,0.9777777777777777,0.9945205479452055,1
Barcelona,Les-Corts,1690690341594947369,2026-06-01,Apartamento en Barcelona,246.0,3.0,1.0,2.0,1.0,,,https://www.airbnb.es/rooms/1690690341594947369,,,0,,,,,,,,,,,,,,,0
Barcelona,Les-Corts,52359934,2026-06-01,Apartamento en Barcelona,203.0,2.0,1.0,1.0,1.0,4.77,151.0,https://www.airbnb.es/rooms/52359934,52359934.0,4.0,4,1.0,0.99,1.0,1.0,1.0,Entire rental unit,Entire home/apt,1.0,365.0,Barcelona - Regional registration number<br />HB004316<br /><br />Spain - National registration number<br />Exempt,0.7,0.6166666666666667,0.7111111111111111,0.8794520547945206,1
Barcelona,Les-Corts,35627835,2026-06-01,Hotel boutique en Barcelona,170.0,2.0,,1.0,0.0,4.81,27.0,https://www.airbnb.es/rooms/35627835,35627835.0,6.0,4,1.0,1.0,0.0,1.0,1.0,Room in boutique hotel,Private room,1.0,1125.0,Barcelona - Regional registration number<br />HB-004368,0.6666666666666666,0.6666666666666666,0.7222222222222222,0.9260273972602739,1
Barcelona,Les-Corts,47823986,2026-06-01,Hostal en Barcelona,180.0,2.0,1.0,2.0,1.0,4.82,89.0,https://www.airbnb.es/rooms/47823986,47823986.0,4.0,4,1.0,1.0,1.0,1.0,1.0,Private room in hostel,Private room,1.0,1125.0,Barcelona - Regional registration number<br />HUTB-004388,0.3333333333333333,0.5833333333333334,0.6666666666666666,0.8191780821917808,1
Barcelona,Les-Corts,42151836,2026-06-01,Apartamento en Barcelona,343.0,5.0,2.0,3.0,1.0,4.86,354.0,https://www.airbnb.es/rooms/42151836,42151836.0,8.0,4,0.9,1.0,1.0,1.0,1.0,Entire rental unit,Entire home/apt,1.0,365.0,Spain - National registration number<br />ESFCTU00000806700051389500000000000000HUTB-005661-397,0.5333333333333333,0.7666666666666667,0.8444444444444444,0.9397260273972603,1
Barcelona,Les-Corts,1690515566617784280,2026-06-01,Alojamiento en Barcelona,124.0,2.0,1.0,1.0,1.0,,,https://www.airbnb.es/rooms/1690515566617784280,,,0,,,,,,,,,,,,,,,0
Barcelona,Les-Corts,1001347483035923518,2026-06-01,Habitación en L'Hospitalet de Llobregat,108.0,,,1.0,,4.7,94.0,https://www.airbnb.es/rooms/1001347483035923518,,,0,,,,,,,,,,,,,,,0
Barcelona,Les-Corts,886849936033572375,2026-06-01,Apartamento en Barcelona,295.0,6.0,2.0,3.0,2.0,4.74,69.0,https://www.airbnb.es/rooms/886849936033572375,8.868499360335724e+17,2.0,4,1.0,1.0,1.0,1.0,1.0,Entire serviced apartment,Entire home/apt,1.0,29.0,Spain - National registration number<br />ESFCTU00000805700060811000000000000000000HUTB-0102382,0.16666666666666666,0.3,0.3333333333333333,0.7890410958904109,1
Barcelona,Les-Corts,1644016191970347310,2026-06-01,Apartamento en Barcelona,211.0,4.0,,3.0,0.0,,,https://www.airbnb.es/rooms/1644016191970347310,,,0,,,,,,,,,,,,,,,0
Barcelona,Les-Corts,1106528873374886099,2026-06-01,Alojamiento en L'Hospitalet de Llobregat,120.0,2.0,1.0,1.0,1.0,4.67,6.0,https://www.airbnb.es/rooms/1106528873374886099,,,0,,,,,,,,,,,,,,,0
Barcelona,Les-Corts,862122500288513146,2026-06-01,Hostal en Barcelona,142.0,2.0,1.0,1.0,1.0,4.83,659.0,https://www.airbnb.es/rooms/862122500288513146,8.621225002885132e+17,8.0,4,1.0,1.0,1.0,1.0,1.0,Private room in hostel,Private room,1.0,365.0,Barcelona - Regional registration number<br />HB-004126<br /><br />Spain - National registration number<br />Exempt,0.43333333333333335,0.6833333333333333,0.7888888888888889,0.8301369863013699,1
Barcelona,Les-Corts,1412183069362512996,2026-06-01,Apartamento en Barcelona,292.0,6.0,2.0,3.0,1.0,4.65,26.0,https://www.airbnb.es/rooms/1412183069362512996,1.412183069362513e+18,13.0,4,0.99,0.95,0.0,1.0,1.0,Entire rental unit,Entire home/apt,2.0,365.0,Barcelona - Regional registration number<br />HUTB-075692,0.13333333333333333,0.36666666666666664,0.5222222222222223,0.8821917808219178,1
Barcelona,Les-Corts,741132250553803648,2026-06-01,Apartamento en Barcelona,221.0,3.0,1.0,2.0,1.0,4.87,215.0,https://www.airbnb.es/rooms/741132250553803648,7.411322505538036e+17,6.0,4,1.0,0.99,1.0,1.0,1.0,Entire rental unit,Entire home/apt,1.0,365.0,Barcelona - Regional registration number<br />HUTB-000663<br /><br />Spain - National registration number<br />ESHFTU00000805700054834801000000000000000000000667348,0.5666666666666667,0.6833333333333333,0.7444444444444445,0.7863013698630137,1
Barcelona,Les-Corts,1644116760220734402,2026-06-01,Sercotel Amister Art Hotel,218.0,,,,,,,https://www.airbnb.es/rooms/1644116760220734402,,,0,,,,,,,,,,,,,,,0
Barcelona,Les-Corts,1096200855408382157,2026-06-01,easyHotel Barcelona Fira,180.0,,,,,4.59,897.0,https://www.airbnb.es/rooms/1096200855408382157,,,0,,,,,,,,,,,,,,,0
Barcelona,Les-Corts,53058801,2026-06-01,Hotel en L'Hospitalet de Llobregat,157.0,4.0,1.0,2.0,1.0,4.71,42.0,https://www.airbnb.es/rooms/53058801,,,0,,,,,,,,,,,,,,,0
Barcelona,Les-Corts,52360477,2026-06-01,Apartamento en Barcelona,214.0,2.0,1.0,1.0,1.0,4.75,136.0,https://www.airbnb.es/rooms/52360477,52360477.0,4.0,4,1.0,0.99,1.0,1.0,1.0,Entire rental unit,Entire home/apt,1.0,365.0,Barcelona - Regional registration number<br />HB004316<br /><br />Spain - National registration number<br />Exempt,0.5,0.6,0.7333333333333333,0.8904109589041096,1
Barcelona,Les-Corts,980264078034265574,2026-06-01,Hostal en Barcelona,220.0,3.0,1.0,1.0,1.0,4.87,47.0,https://www.airbnb.es/rooms/980264078034265574,9.802640780342656e+17,10.0,4,0.97,0.99,1.0,1.0,1.0,Private room in hostel,Private room,1.0,30.0,Barcelona - Regional registration number<br />HB-004700,0.2,0.31666666666666665,0.36666666666666664,0.42191780821917807,1
Barcelona,Les-Corts,33771133,2026-06-01,Apartamento en Barcelona,228.0,2.0,1.0,1.0,1.0,4.78,150.0,https://www.airbnb.es/rooms/33771133,33771133.0,12.0,4,0.97,1.0,1.0,1.0,1.0,Entire rental unit,Entire home/apt,1.0,365.0,Barcelona - Regional registration number<br />HUTB-010063<br /><br />Spain - National registration number<br />ESFCTU000008056000681635000000000000000CCAAHUTB010063,0.5666666666666667,0.6666666666666666,0.7777777777777778,0.9452054794520548,1
Barcelona,Les-Corts,1674703062378355330,2026-06-01,Alojamiento en Barcelona,118.0,2.0,1.0,2.0,2.0,,,https://www.airbnb.es/rooms/1674703062378355330,,,0,,,,,,,,,,,,,,,0
Barcelona,Les-Corts,30759793,2026-06-01,Apartamento en Barcelona,273.0,5.0,2.0,4.0,2.0,4.83,1246.0,https://www.airbnb.es/rooms/30759793,30759793.0,6.0,4,0.96,0.99,1.0,1.0,1.0,Entire serviced apartment,Entire home/apt,1.0,1125.0,Barcelona - Regional registration number<br />HUTB-000801<br /><br />Spain - National registration number<br />ESHFTU00000805800000941900200000000000000000053772504,0.5333333333333333,0.7666666666666667,0.7888888888888889,0.7835616438356164,1
Barcelona,Les-Corts,1070622249649813826,2026-06-01,Apartamento en Barcelona,328.0,5.0,3.0,3.0,1.0,4.85,93.0,https://www.airbnb.es/rooms/1070622249649813826,1.0706222496498139e+18,13.0,4,0.99,0.95,0.0,1.0,1.0,Entire rental unit,Entire home/apt,2.0,365.0,Spain - National registration number<br />ESFCTU00000805800050872100000000000000000HUTB-0766018,0.5,0.6833333333333333,0.7888888888888889,0.947945205479452,1
Barcelona,Les-Corts,43625607,2026-06-01,Apartamento en Barcelona,261.0,4.0,2.0,3.0,2.0,4.56,32.0,https://www.airbnb.es/rooms/43625607,43625607.0,13.0,4,0.7,0.95,0.0,1.0,1.0,Entire rental unit,Entire home/apt,1.0,365.0,Barcelona - Regional registration number<br />HUTB-004546,0.2,0.1,0.06666666666666667,0.01643835616438356,1
Barcelona,Les-Corts,691274207596749989,2026-06-01,Hotel en Barcelona,108.0,1.0,1.0,1.0,0.0,4.11,9.0,https://www.airbnb.es/rooms/691274207596749989,6.9127420759675e+17,3.0,4,1.0,1.0,0.0,1.0,1.0,Room in hotel,Private room,1.0,365.0,Barcelona - Regional registration number<br />HB-000508,1.0,1.0,1.0,0.8794520547945206,1
Barcelona,Les-Corts,1690072932744032302,2026-06-01,Alojamiento en Barcelona,105.0,2.0,1.0,1.0,1.0,,,https://www.airbnb.es/rooms/1690072932744032302,,,0,,,,,,,,,,,,,,,0
Barcelona,Les-Corts,3184195,2026-06-01,Apartamento en Barcelona,238.0,4.0,2.0,3.0,0.0,4.69,153.0,https://www.airbnb.es/rooms/3184195,3184195.0,11.0,4,0.8,0.99,1.0,1.0,1.0,Entire rental unit,Entire home/apt,1.0,365.0,Catalonia - Regional registration number<br />HUTB-011718,0.7,0.7,0.7222222222222222,0.8356164383561644,1
Barcelona,Les-Corts,1079592152307767774,2026-06-01,Habitación en Barcelona,152.0,,,1.0,,4.38,8.0,https://www.airbnb.es/rooms/1079592152307767774,1.0795921523077678e+18,6.0,4,1.0,0.98,0.0,1.0,1.0,Private room in bed and breakfast,Private room,1.0,365.0,Barcelona - Regional registration number<br />AJ000680,0.6,0.6666666666666666,0.7111111111111111,0.7205479452054795,1
Barcelona,Les-Corts,1693479205558878090,2026-06-01,Alojamiento en Barcelona,155.0,3.0,1.0,2.0,2.0,,,https://www.airbnb.es/rooms/1693479205558878090,,,0,,,,,,,,,,,,,,,0
Barcelona,Les-Corts,1689772735863272651,2026-06-01,Habitación compartida en L'Hospitalet de Llobregat,38.0,,,1.0,,,,https://www.airbnb.es/rooms/1689772735863272651,,,0,,,,,,,,,,,,,,,0
Barcelona,Les-Corts,31733790,2026-06-01,Habitaciones en Barcelona,157.0,,2.0,3.0,,4.7,307.0,https://www.airbnb.es/rooms/31733790,,,0,,,,,,,,,,,,,,,0
Barcelona,Les-Corts,1383867960663348575,2026-06-01,Habitación compartida en Barcelona,51.0,,,6.0,,4.67,27.0,https://www.airbnb.es/rooms/1383867960663348575,1.3838679606633485e+18,3.0,4,1.0,1.0,0.0,1.0,1.0,Shared room in hostel,Shared room,1.0,365.0,Barcelona - Regional registration number<br />AJ000516,1.0,1.0,0.8444444444444444,0.9616438356164384,1
Barcelona,Les-Corts,1689759237657680208,2026-06-01,Alojamiento en Barcelona,204.0,2.0,1.0,1.0,1.0,,,https://www.airbnb.es/rooms/1689759237657680208,,,0,,,,,,,,,,,,,,,0
Barcelona,Les-Corts,18819488,2026-06-01,Apartamento en Barcelona,280.0,4.0,2.0,3.0,1.0,4.91,264.0,https://www.airbnb.es/rooms/18819488,18819488.0,8.0,4,0.9,1.0,1.0,1.0,1.0,Entire rental unit,Entire home/apt,1.0,365.0,Spain - National registration number<br />ESFCTU00000805600304569400000000000000HUTB-003314-495,0.23333333333333334,0.36666666666666664,0.5333333333333333,0.8383561643835616,1
Barcelona,Les-Corts,957760053909775261,2026-06-01,Apartamento en Barcelona,194.0,2.0,1.0,1.0,1.0,4.4,163.0,https://www.airbnb.es/rooms/957760053909775261,9.577600539097752e+17,5.0,4,0.98,0.99,0.0,1.0,1.0,Entire rental unit,Entire home/apt,1.0,365.0,Barcelona - Regional registration number<br />HB-004557<br /><br />Spain - National registration number<br />Exempt,0.9333333333333333,0.8666666666666667,0.8555555555555555,0.8712328767123287,1
Barcelona,Les-Corts,53141289,2026-06-01,Hotel en Barcelona,147.0,2.0,1.0,1.0,1.0,4.68,117.0,https://www.airbnb.es/rooms/53141289,53141289.0,4.0,4,0.99,1.0,1.0,1.0,1.0,Room in hotel,Private room,1.0,365.0,Barcelona - Regional registration number<br />HB-004386<br /><br />Spain - National registration number<br />Exempt,0.8,0.9,0.9333333333333333,0.9835616438356164,1
Barcelona,Les-Corts,18819497,2026-06-01,Apartamento en Barcelona,343.0,5.0,2.0,4.0,2.0,4.9,367.0,https://www.airbnb.es/rooms/18819497,18819497.0,8.0,4,0.9,1.0,1.0,1.0,1.0,Entire rental unit,Entire home/apt,1.0,365.0,Spain - National registration number<br />ESFCTU00000806600027159000000000000000000HUTB-0120865,0.0,0.0,0.0,0.0,1
Barcelona,Poblenou,1305002871504629631,2026-06-01,Apartamento en El Poblenou,218.0,3.0,2.0,2.0,1.0,4.6,90.0,https://www.airbnb.es/rooms/1305002871504629631,1.3050028715046295e+18,7.0,4,1.0,0.99,0.0,1.0,1.0,Entire rental unit,Entire home/apt,1.0,1125.0,Barcelona - Regional registration number<br />HUTB-075079<br /><br />Spain - National registration number<br />ESHFTU000008072000724455001000000000000HUTB-075079639,0.7666666666666667,0.8833333333333333,0.8666666666666667,0.9041095890410958,1
Barcelona,Poblenou,7091925,2026-06-01,Apartamento en El Poblenou,313.0,3.0,1.0,2.0,1.0,4.76,319.0,https://www.airbnb.es/rooms/7091925,7091925.0,11.0,4,0.9,0.97,0.0,1.0,1.0,Entire rental unit,Entire home/apt,2.0,30.0,Barcelona - Regional registration number<br />HUTB-009540,0.6,0.8,0.8666666666666667,0.26301369863013696,1
Barcelona,Poblenou,1330408326087495128,2026-06-01,Habitación compartida en Eixample,105.0,,,8.0,,4.77,183.0,https://www.airbnb.es/rooms/1330408326087495128,1.3304083260874952e+18,6.0,4,1.0,0.98,0.0,1.0,1.0,Shared room in hostel,Shared room,1.0,365.0,Barcelona - Regional registration number<br />AJ-000483<br /><br />Spain - National registration number<br />Exempt,0.9333333333333333,0.8666666666666667,0.9111111111111111,0.9726027397260274,1
Barcelona,Poblenou,3008815,2026-06-01,Apartamento en El Poblenou,211.0,5.0,2.0,3.0,1.0,4.56,223.0,https://www.airbnb.es/rooms/3008815,3008815.0,12.0,3,1.0,0.98,0.0,1.0,1.0,Entire rental unit,Entire home/apt,1.0,1125.0,Spain - National registration number<br />ESFCTU00000807200031826500000000000000000HUTB-0081232,0.0,0.0,0.0,0.6575342465753424,1
Barcelona,Poblenou,43594260,2026-06-01,Apartamento en El Poblenou,245.0,4.0,2.0,3.0,1.0,4.55,246.0,https://www.airbnb.es/rooms/43594260,43594260.0,6.0,4,1.0,1.0,0.0,1.0,1.0,Entire rental unit,Entire home/apt,1.0,730.0,Barcelona - Regional registration number<br />HUTB000035,0.3,0.5666666666666667,0.6777777777777778,0.9041095890410958,1
Barcelona,Poblenou,17628425,2026-06-01,Apartamento en El Poblenou,265.0,5.0,2.0,2.0,2.0,4.85,226.0,https://www.airbnb.es/rooms/17628425,17628425.0,14.0,4,1.0,1.0,1.0,1.0,1.0,Entire rental unit,Entire home/apt,1.0,365.0,Barcelona - Regional registration number<br />HUTB-000000,0.5,0.36666666666666664,0.4111111111111111,0.7178082191780822,1
Barcelona,Poblenou,5248481,2026-06-01,Apartamento en Barcelona,235.0,6.0,2.0,3.0,1.0,4.63,244.0,https://www.airbnb.es/rooms/5248481,5248481.0,10.0,4,0.97,0.99,1.0,1.0,1.0,Entire rental unit,Entire home/apt,1.0,1125.0,Spain - National registration number<br />ESFCTU00000807200079633900000000000000000HUTB-0036975,0.5666666666666667,0.6333333333333333,0.5555555555555556,0.3041095890410959,1
Barcelona,Poblenou,1007834347793725460,2026-06-01,Habitación en Badalona,81.0,,,1.0,,4.86,161.0,https://www.airbnb.es/rooms/1007834347793725460,,,0,,,,,,,,,,,,,,,0
Barcelona,Poblenou,1440590229528643742,2026-06-01,easyHotel Barcelona La Sagrera,153.0,,,,,4.63,348.0,https://www.airbnb.es/rooms/1440590229528643742,1.4405902295286438e+18,0.0,4,1.0,1.0,0.0,1.0,1.0,Room in hotel,Private room,1.0,365.0,Barcelona - Regional registration number<br />HB-004841<br /><br />Spain - National registration number<br />Exempt,0.9666666666666667,0.9833333333333333,0.9888888888888889,0.31232876712328766,1
Barcelona,Poblenou,1133084173254255155,2026-06-01,Vincci Bit,182.0,,,,,4.72,352.0,https://www.airbnb.es/rooms/1133084173254255155,1.1330841732542551e+18,1.0,4,1.0,1.0,0.0,1.0,1.0,Room in hotel,Private room,1.0,365.0,Barcelona - Regional registration number<br />HB-004482<br /><br />Spain - National registration number<br />Exempt,1.0,0.9333333333333333,0.8777777777777778,0.2821917808219178,1
Barcelona,Poblenou,1471733298180337893,2026-06-01,The Social Hub Barcelona Poblenou,218.0,,,,,4.82,79.0,https://www.airbnb.es/rooms/1471733298180337893,1.471733298180338e+18,0.0,4,1.0,0.93,0.0,1.0,1.0,Room in hotel,Private room,1.0,365.0,Barcelona - Regional registration number<br />HB-004982<br /><br />Spain - National registration number<br />Exempt,0.5333333333333333,0.26666666666666666,0.17777777777777778,0.043835616438356165,1
Barcelona,Poblenou,1644972241335637334,2026-06-01,Vincci Maritimo,190.0,,,,,,,https://www.airbnb.es/rooms/1644972241335637334,,,0,,,,,,,,,,,,,,,0
Barcelona,Poblenou,1644119648954608427,2026-06-01,Sercotel Caspe Hotel,199.0,,,,,4.58,24.0,https://www.airbnb.es/rooms/1644119648954608427,,,0,,,,,,,,,,,,,,,0
Barcelona,Poblenou,1623934637415285973,2026-06-01,Barcelona Princess,175.0,,,,,,,https://www.airbnb.es/rooms/1623934637415285973,,,0,,,,,,,,,,,,,,,0
Barcelona,Poblenou,9996765,2026-06-01,Apartamento en Barcelona,248.0,8.0,3.0,3.0,2.0,4.76,347.0,https://www.airbnb.es/rooms/9996765,,,0,,,,,,,,,,,,,,,0
Barcelona,Poblenou,1661005921685230815,2026-06-01,Alojamiento en Barcelona,64.0,1.0,1.0,1.0,1.0,,,https://www.airbnb.es/rooms/1661005921685230815,,,0,,,,,,,,,,,,,,,0
Barcelona,Poblenou,36563289,2026-06-01,Habitación de hotel en Barcelona,185.0,2.0,1.0,1.0,1.0,4.53,147.0,https://www.airbnb.es/rooms/36563289,36563289.0,6.0,4,0.94,1.0,0.0,1.0,1.0,Room in boutique hotel,Hotel room,1.0,1125.0,Barcelona - Regional registration number<br />HB004233,0.7666666666666667,0.8833333333333333,0.8666666666666667,0.958904109589041,1
Barcelona,Poblenou,1081106888283937930,2026-06-01,Habitación compartida en Barcelona,44.0,,,,,4.67,280.0,https://www.airbnb.es/rooms/1081106888283937930,1.0811068882839379e+18,1.0,4,1.0,1.0,0.0,1.0,1.0,Shared room in hostel,Shared room,1.0,365.0,Barcelona - Regional registration number<br />AJ000739,0.8333333333333334,0.9166666666666666,0.9444444444444444,0.7726027397260274,1
Barcelona,Poblenou,1089621698816168489,2026-06-01,Apartamento en Sant Adrià de Besòs,224.0,7.0,3.0,5.0,2.0,4.72,130.0,https://www.airbnb.es/rooms/1089621698816168489,,,0,,,,,,,,,,,,,,,0
Barcelona,Poblenou,42604480,2026-06-01,Apartamento en Barcelona,253.0,5.0,3.0,3.0,1.0,4.77,56.0,https://www.airbnb.es/rooms/42604480,42604480.0,14.0,4,1.0,1.0,1.0,1.0,1.0,Entire rental unit,Entire home/apt,1.0,365.0,Barcelona - Regional registration number<br />HUTB-000000,0.4,0.38333333333333336,0.4888888888888889,0.726027397260274,1
Barcelona,Poblenou,41371513,2026-06-01,Apto. residencial en Sant Adrià de Besòs,130.0,3.0,1.0,2.0,1.0,4.66,214.0,https://www.airbnb.es/rooms/41371513,,,0,,,,,,,,,,,,,,,0
Barcelona,Poblenou,1370030731274925873,2026-06-01,Apartamento en Badalona,145.0,4.0,1.0,2.0,1.0,4.82,33.0,https://www.airbnb.es/rooms/1370030731274925873,,,0,,,,,,,,,,,,,,,0
Barcelona,Poblenou,41015150,2026-06-01,Apartamento en Barcelona,330.0,6.0,3.0,3.0,2.0,4.94,121.0,https://www.airbnb.es/rooms/41015150,41015150.0,12.0,4,0.98,1.0,1.0,1.0,1.0,Entire rental unit,Entire home/apt,1.0,365.0,Barcelona - Regional registration number<br />HUTB-010729<br /><br />Spain - National registration number<br />ESFCTU00000805400054181200000000000000000000000107226,0.26666666666666666,0.23333333333333334,0.34444444444444444,0.5616438356164384,1
Barcelona,Poblenou,543922705360439172,2026-06-01,Apto. residencial en Santa Coloma de Gramanet,136.0,3.0,2.0,4.0,1.0,4.48,161.0,https://www.airbnb.es/rooms/543922705360439172,,,0,,,,,,,,,,,,,,,0
Barcelona,Poblenou,706301138763170375,2026-06-01,Apartamento en Barcelona,281.0,4.0,2.0,3.0,1.0,4.64,39.0,https://www.airbnb.es/rooms/706301138763170375,7.063011387631704e+17,12.0,4,1.0,0.79,0.0,1.0,1.0,Entire rental unit,Entire home/apt,1.0,1125.0,Barcelona - Regional registration number<br />HUTB-001462<br /><br />Spain - National registration number<br />ESHFTU00000807200081436100300000000000HUTB-001462-769,0.5333333333333333,0.6666666666666666,0.7777777777777778,0.9452054794520548,1
Barcelona,Poblenou,1470261982222514021,2026-06-01,Apartamento en Barcelona,209.0,2.0,,1.0,1.0,4.42,60.0,https://www.airbnb.es/rooms/1470261982222514021,1.470261982222514e+18,0.0,4,1.0,1.0,0.0,1.0,1.0,Entire rental unit,Entire home/apt,1.0,365.0,Barcelona - Regional registration number<br />HUTB-004373<br /><br />Spain - National registration number<br />Exempt,0.8333333333333334,0.85,0.8444444444444444,0.8712328767123287,1
Barcelona,Poblenou,889011707152741256,2026-06-01,Apartamento en Barcelona,330.0,5.0,2.0,3.0,2.0,4.85,156.0,https://www.airbnb.es/rooms/889011707152741256,8.890117071527412e+17,2.0,3,1.0,0.81,1.0,1.0,1.0,Entire rental unit,Entire home/apt,1.0,300.0,Spain - National registration number<br />ESFCTU00000807200024786200000000000000000HUTB-0037066<br /><br />Barcelona - Regional registration number<br />HUTB-003706,0.4,0.5833333333333334,0.7222222222222222,0.9178082191780822,1
Barcelona,Poblenou,1445679940509205636,2026-06-01,Alojamiento en Barcelona,119.0,2.0,1.0,1.0,1.0,,,https://www.airbnb.es/rooms/1445679940509205636,,,0,,,,,,,,,,,,,,,0
Barcelona,Poblenou,1321021264235011863,2026-06-01,Habitación compartida en Barcelona,48.0,,,1.0,4.0,4.43,214.0,https://www.airbnb.es/rooms/1321021264235011863,1.3210212642350118e+18,6.0,4,1.0,1.0,0.0,1.0,1.0,Shared room in hostel,Shared room,1.0,365.0,Barcelona - Regional registration number<br />AJ000575,1.0,1.0,1.0,0.8465753424657534,1
Barcelona,Poblenou,646222155745135099,2026-06-01,Apto. residencial en Barcelona,162.0,5.0,3.0,5.0,1.0,4.5,143.0,https://www.airbnb.es/rooms/646222155745135099,,,0,,,,,,,,,,,,,,,0
Barcelona,Poblenou,1218134357337850495,2026-06-01,Apartamento en Sant Adrià de Besòs,202.0,4.0,2.0,2.0,1.0,4.85,20.0,https://www.airbnb.es/rooms/1218134357337850495,,,0,,,,,,,,,,,,,,,0
Barcelona,Poblenou,1260951371855007669,2026-06-01,Apartamento en Barcelona,274.0,2.0,1.0,1.0,1.0,4.81,47.0,https://www.airbnb.es/rooms/1260951371855007669,1.2609513718550077e+18,1.0,4,1.0,1.0,0.0,0.0,1.0,Entire rental unit,Entire home/apt,1.0,90.0,Barcelona - Regional registration number<br />HUTB-003919,0.4,0.4,0.4111111111111111,0.4520547945205479,1
Barcelona,Poblenou,619465386114743418,2026-06-01,Apto. residencial en Santa Coloma de Gramanet,161.0,7.0,4.0,7.0,1.0,4.42,157.0,https://www.airbnb.es/rooms/619465386114743418,,,0,,,,,,,,,,,,,,,0
Barcelona,Poblenou,17672694,2026-06-01,Apartamento en Barcelona,278.0,5.0,2.0,3.0,1.0,4.53,276.0,https://www.airbnb.es/rooms/17672694,17672694.0,10.0,4,1.0,0.99,0.0,1.0,1.0,Entire rental unit,Entire home/apt,2.0,1125.0,Barcelona - Regional registration number<br />HUTB-001594<br /><br />Spain - National registration number<br />ESFCTU00000805400033959400000000000000000HUTB-0015945,0.4,0.7,0.7444444444444445,0.9342465753424658,1
Barcelona,Poblenou,1679706582700826194,2026-06-01,Alojamiento en Barcelona,82.0,2.0,1.0,1.0,2.0,,,https://www.airbnb.es/rooms/1679706582700826194,,,0,,,,,,,,,,,,,,,0
Barcelona,Poblenou,10663752,2026-06-01,Apartamento en Barcelona,319.0,5.0,2.0,2.0,1.0,4.81,589.0,https://www.airbnb.es/rooms/10663752,10663752.0,14.0,4,1.0,0.99,1.0,1.0,1.0,Entire rental unit,Entire home/apt,1.0,1125.0,Barcelona - Regional registration number<br />HUTB-012981<br /><br />Spain - National registration number<br />ESFCTU00000807200092161800000000000000000HUTB-0129813,0.7333333333333333,0.8666666666666667,0.8111111111111111,0.6575342465753424,1
Barcelona,Poblenou,1079005887136672505,2026-06-01,Apartamento en Barcelona,210.0,6.0,3.0,3.0,2.0,4.72,102.0,https://www.airbnb.es/rooms/1079005887136672505,1.0790058871366725e+18,14.0,4,1.0,1.0,1.0,1.0,1.0,Entire rental unit,Entire home/apt,1.0,365.0,Barcelona - Regional registration number<br />HUTB-076837,0.5,0.75,0.8333333333333334,0.9424657534246575,1
Barcelona,Poblenou,1664576946599855051,2026-06-01,Alojamiento en Barcelona,60.0,1.0,1.0,1.0,1.0,,,https://www.airbnb.es/rooms/1664576946599855051,,,0,,,,,,,,,,,,,,,0
Barcelona,Poblenou,1344907350901165794,2026-06-01,Apartamento en Barcelona,205.0,5.0,3.0,3.0,1.0,4.25,24.0,https://www.airbnb.es/rooms/1344907350901165794,1.3449073509011658e+18,5.0,4,0.97,0.99,0.0,1.0,1.0,Entire rental unit,Entire home/apt,3.0,365.0,Spain - National registration number<br />ESFCTU00000807300092517000000000000000000HUTB-0010683,0.16666666666666666,0.5833333333333334,0.7,0.5424657534246575,1
Barcelona,Poblenou,1452683797270843122,2026-06-01,Alojamiento en Barcelona,153.0,2.0,1.0,1.0,1.0,4.67,3.0,https://www.airbnb.es/rooms/1452683797270843122,,,0,,,,,,,,,,,,,,,0
Barcelona,Poblenou,1543714012432127542,2026-06-01,Alojamiento en Barcelona,114.0,2.0,1.0,2.0,1.0,4.18,17.0,https://www.airbnb.es/rooms/1543714012432127542,1.5437140124321275e+18,2.0,4,1.0,0.83,0.0,1.0,1.0,Private room in rental unit,Private room,1.0,365.0,Barcelona - Regional registration number<br />HUTB-194706<br /><br />Spain - National registration number<br />ESLLLLRETHEJVKDLSNRJMHWQTYVSJGTJCDHGGDTGCWPZIAJWVCGDP,0.6,0.8,0.8666666666666667,0.9671232876712329,1
Barcelona,Poblenou,1326720473830294071,2026-06-01,Habitación en Barcelona,155.0,,,1.0,,4.81,32.0,https://www.airbnb.es/rooms/1326720473830294071,1.326720473830294e+18,1.0,4,1.0,1.0,0.0,1.0,1.0,Private room in boat,Private room,1.0,365.0,,0.23333333333333334,0.48333333333333334,0.5111111111111111,0.12602739726027398,0
Barcelona,Poblenou,5179215,2026-06-01,Habitación compartida en Barcelona,54.0,,,,2.0,4.65,462.0,https://www.airbnb.es/rooms/5179215,5179215.0,10.0,4,0.99,0.99,0.0,1.0,1.0,Shared room in hostel,Shared room,1.0,365.0,Barcelona - Regional registration number<br />AJ000604,1.0,1.0,1.0,0.46301369863013697,1
Barcelona,Poblenou,1578299470316826251,2026-06-01,Apartamento en Barcelona,278.0,4.0,2.0,2.0,1.0,4.73,15.0,https://www.airbnb.es/rooms/1578299470316826251,,,0,,,,,,,,,,,,,,,0
Barcelona,Poblenou,1470272416682092384,2026-06-01,Apartamento en Barcelona,270.0,4.0,1.0,2.0,1.0,4.53,80.0,https://www.airbnb.es/rooms/1470272416682092384,1.4702724166820923e+18,0.0,4,1.0,1.0,0.0,1.0,1.0,Entire rental unit,Entire home/apt,1.0,365.0,Barcelona - Regional registration number<br />HUTB-004373<br /><br />Spain - National registration number<br />Exempt,0.8333333333333334,0.85,0.8444444444444444,0.8712328767123287,1
Barcelona,Poblenou,47733474,2026-06-01,Hotel en Barcelona,153.0,2.0,1.0,2.0,1.0,4.73,859.0,https://www.airbnb.es/rooms/47733474,47733474.0,4.0,4,0.99,1.0,1.0,1.0,1.0,Room in hotel,Private room,1.0,1125.0,Barcelona - Regional registration number<br />HB-004386<br /><br />Spain - National registration number<br />Exempt,0.6666666666666666,0.8166666666666667,0.8777777777777778,0.9698630136986301,1
Barcelona,Poblenou,1326725326505465825,2026-06-01,Habitación en Barcelona,154.0,,,1.0,,4.8,44.0,https://www.airbnb.es/rooms/1326725326505465825,1.3267253265054659e+18,1.0,4,1.0,1.0,0.0,1.0,1.0,Private room in boat,Private room,1.0,365.0,,0.5333333333333333,0.7,0.6555555555555556,0.16164383561643836,0
Barcelona,Poblenou,842692205814831591,2026-06-01,Apartamento en Barcelona,275.0,4.0,2.0,3.0,1.0,4.66,128.0,https://www.airbnb.es/rooms/842692205814831591,8.426922058148316e+17,8.0,4,1.0,0.99,0.0,1.0,1.0,Entire rental unit,Entire home/apt,1.0,365.0,Barcelona - Regional registration number<br />HUTB-010508,0.23333333333333334,0.3,0.43333333333333335,0.23013698630136986,1
Barcelona,Poblenou,1334766827175728865,2026-06-01,Alojamiento en Santa Coloma de Gramanet,62.0,2.0,1.0,1.0,1.0,4.78,40.0,https://www.airbnb.es/rooms/1334766827175728865,,,0,,,,,,,,,,,,,,,0
Barcelona,Poblenou,1314932205945109259,2026-06-01,Apartamento en Badalona,174.0,4.0,1.0,2.0,1.0,4.82,51.0,https://www.airbnb.es/rooms/1314932205945109259,,,0,,,,,,,,,,,,,,,0
Barcelona,Poblenou,1255010304629266857,2026-06-01,Habitación de hotel compartida en Barcelona,40.0,,,,,4.5,8.0,https://www.airbnb.es/rooms/1255010304629266857,1.255010304629267e+18,1.0,4,1.0,1.0,0.0,1.0,1.0,Shared room in hotel,Shared room,1.0,365.0,Barcelona - Regional registration number<br />AJ000739,0.9333333333333333,0.9666666666666667,0.9777777777777777,0.7726027397260274,1
Barcelona,Poblenou,4028518,2026-06-01,Loft en Barcelona,292.0,4.0,2.0,3.0,1.0,4.95,952.0,https://www.airbnb.es/rooms/4028518,4028518.0,11.0,4,1.0,1.0,1.0,1.0,1.0,Entire loft,Entire home/apt,2.0,1125.0,Spain - National registration number<br />ESFCTU00000807300035793300000000000000000HUTB-0108577,0.36666666666666664,0.38333333333333336,0.36666666666666664,0.6657534246575343,1
Barcelona,Poblenou,49332862,2026-06-01,Apartamento en Barcelona,229.0,6.0,3.0,6.0,1.0,4.73,11.0,https://www.airbnb.es/rooms/49332862,49332862.0,8.0,4,1.0,1.0,0.0,1.0,1.0,Entire rental unit,Entire home/apt,1.0,180.0,Barcelona - Regional registration number<br />HUTB-003048<br /><br />Spain - National registration number<br />ESFCTU00000807300043105300000000000000000HUTB-0030485,0.5666666666666667,0.6166666666666667,0.6444444444444445,0.19726027397260273,1
Barcelona,Poblenou,26976115,2026-06-01,Habitación de hotel en Barcelona,170.0,2.0,1.0,1.0,1.0,4.85,55.0,https://www.airbnb.es/rooms/26976115,26976115.0,7.0,4,1.0,1.0,1.0,1.0,1.0,Room in boutique hotel,Hotel room,1.0,1125.0,Barcelona - Regional registration number<br />HB-468655,0.43333333333333335,0.5833333333333334,0.6333333333333333,0.9095890410958904,1
Barcelona,Poblenou,1618807969913419323,2026-06-01,Alojamiento en Barcelona,125.0,2.0,1.0,1.0,1.0,3.71,7.0,https://www.airbnb.es/rooms/1618807969913419323,,,0,,,,,,,,,,,,,,,0
Barcelona,Poblenou,1142567755780101977,2026-06-01,Habitación en Barcelona,118.0,,1.0,,,4.57,67.0,https://www.airbnb.es/rooms/1142567755780101977,1.142567755780102e+18,2.0,4,1.0,1.0,0.0,1.0,1.0,Private room in rental unit,Private room,1.0,365.0,,0.5333333333333333,0.7666666666666667,0.8444444444444444,0.684931506849315,0
Barcelona,Poblenou,41016718,2026-06-01,Apartamento en Barcelona,288.0,3.0,2.0,3.0,1.0,4.43,75.0,https://www.airbnb.es/rooms/41016718,41016718.0,12.0,4,1.0,0.79,0.0,1.0,1.0,Entire rental unit,Entire home/apt,1.0,1125.0,Barcelona - Regional registration number<br />HUTB-001460<br /><br />Spain - National registration number<br />ESHFTU00000807200081436100100000000000HUTB-001460-749,0.16666666666666666,0.5,0.6666666666666666,0.9178082191780822,1
Barcelona,Poblenou,1330966950087493250,2026-06-01,Apartamento en Barcelona,301.0,4.0,1.0,2.0,1.0,4.6,10.0,https://www.airbnb.es/rooms/1330966950087493250,1.3309669500874934e+18,12.0,4,1.0,0.79,0.0,1.0,1.0,Entire rental unit,Entire home/apt,1.0,1125.0,Barcelona - Regional registration number<br />HUTB-002764<br /><br />Spain - National registration number<br />ESFCTU00000807200080044900000000000000HUTB-002764-415,0.13333333333333333,0.3333333333333333,0.4111111111111111,0.8136986301369863,1
Barcelona,Poblenou,1118036465845477181,2026-06-01,Apartamento en Barcelona,195.0,10.0,4.0,6.0,2.0,4.49,43.0,https://www.airbnb.es/rooms/1118036465845477181,1.1180364658454771e+18,1.0,4,0.92,0.99,0.0,1.0,1.0,Entire rental unit,Entire home/apt,1.0,365.0,Barcelona - Regional registration number<br />HUTB-024480<br /><br />Spain - National registration number<br />ESHFTU00000805800037679500300000000000000HUTB-0002444,0.6333333333333333,0.75,0.7333333333333333,0.7863013698630137,1
Barcelona,Poblenou,1670237565161043218,2026-06-01,Apartamento en Barcelona,118.0,2.0,1.0,1.0,1.0,,,https://www.airbnb.es/rooms/1670237565161043218,,,0,,,,,,,,,,,,,,,0
Barcelona,Poblenou,1089379116372474042,2026-06-01,Apartamento en Barcelona,244.0,5.0,2.0,3.0,1.0,4.5,20.0,https://www.airbnb.es/rooms/1089379116372474042,1.089379116372474e+18,13.0,4,1.0,1.0,0.0,1.0,1.0,Entire rental unit,Entire home/apt,2.0,365.0,Barcelona - Regional registration number<br />HUTB007075,0.0,0.0,0.0,0.0,1
Barcelona,Poblenou,893566680384176153,2026-06-01,Apartamento en Sant Adrià de Besòs,137.0,2.0,1.0,2.0,1.0,4.83,162.0,https://www.airbnb.es/rooms/893566680384176153,,,0,,,,,,,,,,,,,,,0
Barcelona,Poblenou,1470270578626336529,2026-06-01,Apartamento en Barcelona,255.0,2.0,1.0,1.0,1.0,4.83,6.0,https://www.airbnb.es/rooms/1470270578626336529,1.4702705786263365e+18,0.0,4,1.0,1.0,0.0,1.0,1.0,Entire rental unit,Entire home/apt,1.0,365.0,Barcelona - Regional registration number<br />HUTB-004373<br /><br />Spain - National registration number<br />Exempt,0.7333333333333333,0.75,0.7777777777777778,0.8438356164383561,1
Barcelona,Poblenou,1510791303370587963,2026-06-01,Habitación compartida en Barcelona,50.0,,,1.0,,4.25,8.0,https://www.airbnb.es/rooms/1510791303370587963,1.510791303370588e+18,1.0,4,0.9,0.97,0.0,1.0,1.0,Shared room in bed and breakfast,Shared room,1.0,365.0,Barcelona - Regional registration number<br />AJ000645,0.7333333333333333,0.8666666666666667,0.9111111111111111,0.9780821917808219,1
Barcelona,Poblenou,949076012193163777,2026-06-01,Apartamento en Sant Adrià de Besòs,171.0,4.0,3.0,1.0,1.0,4.73,128.0,https://www.airbnb.es/rooms/949076012193163777,,,0,,,,,,,,,,,,,,,0
Barcelona,Poblenou,53176466,2026-06-01,Hotel en Barcelona,158.0,2.0,1.0,2.0,1.0,4.65,670.0,https://www.airbnb.es/rooms/53176466,53176466.0,3.0,4,0.96,1.0,0.0,1.0,1.0,Room in hotel,Private room,1.0,365.0,Barcelona - Regional registration number<br />HB-004333<br /><br />Spain - National registration number<br />Exempt,0.9,0.8333333333333334,0.8444444444444444,0.9095890410958904,1
Barcelona,Poblenou,1624093495268601656,2026-06-01,Alojamiento en Barcelona,120.0,2.0,1.0,1.0,1.0,,,https://www.airbnb.es/rooms/1624093495268601656,,,0,,,,,,,,,,,,,,,0
Barcelona,Poblenou,29356168,2026-06-01,Apartamento en Sant Adrià de Besòs,216.0,6.0,2.0,3.0,2.0,4.61,159.0,https://www.airbnb.es/rooms/29356168,,,0,,,,,,,,,,,,,,,0
Barcelona,Poblenou,928338662616912848,2026-06-01,Apto. residencial en Sant Adrià de Besòs,194.0,4.0,2.0,3.0,1.0,4.86,176.0,https://www.airbnb.es/rooms/928338662616912848,,,0,,,,,,,,,,,,,,,0
Barcelona,Poblenou,1345564814164731959,2026-06-01,Apartamento en Barcelona,196.0,5.0,3.0,4.0,1.0,4.21,19.0,https://www.airbnb.es/rooms/1345564814164731959,1.345564814164732e+18,5.0,4,0.97,0.99,0.0,1.0,1.0,Entire rental unit,Entire home/apt,3.0,365.0,Spain - National registration number<br />ESFCTU00000807300092517000000000000000000HUTB-0010706,0.43333333333333335,0.5833333333333334,0.7222222222222222,0.547945205479452,1
Barcelona,Poblenou,893214839957338944,2026-06-01,Apartamento en Sant Adrià de Besòs,207.0,5.0,3.0,5.0,1.0,4.79,112.0,https://www.airbnb.es/rooms/893214839957338944,,,0,,,,,,,,,,,,,,,0
Barcelona,Poblenou,1669854366982419703,2026-06-01,Alojamiento en Barcelona,118.0,2.0,1.0,1.0,1.0,,,https://www.airbnb.es/rooms/1669854366982419703,,,0,,,,,,,,,,,,,,,0
Barcelona,Poblenou,727396623523603415,2026-06-01,Apartamento en Sant Adrià de Besòs,330.0,6.0,3.0,4.0,2.0,4.88,16.0,https://www.airbnb.es/rooms/727396623523603415,,,0,,,,,,,,,,,,,,,0
Barcelona,Poblenou,1595568268946391356,2026-06-01,Apartamento en Sant Adrià de Besòs,168.0,4.0,2.0,1.0,1.0,,,https://www.airbnb.es/rooms/1595568268946391356,,,0,,,,,,,,,,,,,,,0
Barcelona,Poblenou,37306369,2026-06-01,Apartamento en Sant Adrià de Besòs,163.0,3.0,2.0,4.0,1.0,4.56,239.0,https://www.airbnb.es/rooms/37306369,,,0,,,,,,,,,,,,,,,0
Barcelona,Poblenou,49749120,2026-06-01,Hostal en Barcelona,123.0,1.0,1.0,1.0,1.0,4.6,227.0,https://www.airbnb.es/rooms/49749120,49749120.0,11.0,4,1.0,1.0,0.0,1.0,1.0,Private room in hostel,Private room,1.0,36.0,Barcelona - Regional registration number<br />HB-004475<br /><br />Spain - National registration number<br />Exempt,0.4,0.5666666666666667,0.5777777777777777,0.873972602739726,1
Barcelona,Poblenou,813516117367744353,2026-06-01,Apartamento en Sant Adrià de Besòs,197.0,6.0,3.0,5.0,1.0,4.6,138.0,https://www.airbnb.es/rooms/813516117367744353,,,0,,,,,,,,,,,,,,,0
Barcelona,Poblenou,1152270794244028064,2026-06-01,Apartamento en Barcelona,237.0,3.0,1.0,1.0,1.0,4.54,299.0,https://www.airbnb.es/rooms/1152270794244028064,1.152270794244028e+18,14.0,4,0.95,0.99,0.0,1.0,1.0,Entire rental unit,Entire home/apt,1.0,365.0,Barcelona - Regional registration number<br />HUTB-136301<br /><br />Spain - National registration number<br />ESFCTU00000807300044212700000000000000000HUTB-0013635,0.4,0.31666666666666665,0.45555555555555555,0.8082191780821918,1
Barcelona,Poblenou,1549457811807411081,2026-06-01,Apartamento en Barcelona,224.0,5.0,3.0,3.0,1.0,4.67,24.0,https://www.airbnb.es/rooms/1549457811807411081,1.5494578118074112e+18,3.0,3,0.97,0.84,0.0,1.0,1.0,Entire rental unit,Entire home/apt,1.0,365.0,Spain - National registration number<br />ESFCTU00083891007479200007280000000000000000000000000<br /><br />Barcelona - Regional registration number<br />HUTB-006482,0.6666666666666666,0.8333333333333334,0.8888888888888888,0.9726027397260274,1
Barcelona,Poblenou,1664580193297874282,2026-06-01,Alojamiento en Barcelona,61.0,1.0,1.0,1.0,1.0,,,https://www.airbnb.es/rooms/1664580193297874282,,,0,,,,,,,,,,,,,,,0
Barcelona,Poblenou,846004853225449054,2026-06-01,Alojamiento en Barcelona,99.0,1.0,1.0,1.0,1.0,4.2,5.0,https://www.airbnb.es/rooms/846004853225449054,8.460048532254491e+17,3.0,4,0.96,1.0,0.0,1.0,1.0,Private room in rental unit,Private room,1.0,5.0,Barcelona - Regional registration number<br />HB-002044,0.7,0.5333333333333333,0.5555555555555556,0.3013698630136986,1
Barcelona,Poblenou,1253824567135088293,2026-06-01,Apartamento en Barcelona,338.0,6.0,2.0,5.0,1.0,4.58,59.0,https://www.airbnb.es/rooms/1253824567135088293,1.2538245671350884e+18,0.0,4,1.0,1.0,0.0,0.0,1.0,Entire rental unit,Entire home/apt,1.0,365.0,Barcelona - Regional registration number<br />HUTB-000250,0.3333333333333333,0.5666666666666667,0.6444444444444445,0.4054794520547945,1
Barcelona,Poblenou,49749459,2026-06-01,Hostal en Barcelona,149.0,2.0,1.0,1.0,0.0,4.42,104.0,https://www.airbnb.es/rooms/49749459,49749459.0,11.0,4,1.0,1.0,0.0,1.0,1.0,Private room in hostel,Private room,1.0,1125.0,Barcelona - Regional registration number<br />HB-004475<br /><br />Spain - National registration number<br />Exempt,0.3,0.3,0.5,0.8,1
Barcelona,Poblenou,1687764092921991278,2026-06-01,Alojamiento en Barcelona,134.0,2.0,1.0,1.0,1.0,,,https://www.airbnb.es/rooms/1687764092921991278,,,0,,,,,,,,,,,,,,,0
Barcelona,Poblenou,50299696,2026-06-01,Apto. residencial en Barcelona,331.0,2.0,1.0,2.0,1.0,4.72,120.0,https://www.airbnb.es/rooms/50299696,50299696.0,11.0,4,1.0,0.99,1.0,1.0,1.0,Entire condo,Entire home/apt,1.0,31.0,Spain - National registration number<br />ESFCTU000008072000722239000000000000000000HUTB0026982,0.6666666666666666,0.8333333333333334,0.8888888888888888,0.9452054794520548,1
Barcelona,Poblenou,1660197788403354448,2026-06-01,Alojamiento en Barcelona,134.0,2.0,1.0,1.0,1.0,,,https://www.airbnb.es/rooms/1660197788403354448,,,0,,,,,,,,,,,,,,,0
Barcelona,Poblenou,52139610,2026-06-01,Hostal en Barcelona,238.0,3.0,1.0,1.0,1.0,4.96,55.0,https://www.airbnb.es/rooms/52139610,52139610.0,8.0,4,0.9,1.0,1.0,1.0,1.0,Private room in hostel,Private room,1.0,365.0,Barcelona - Regional registration number<br />HUTB-022001,0.13333333333333333,0.23333333333333334,0.28888888888888886,0.13150684931506848,1
Barcelona,Poblenou,1215808505757037841,2026-06-01,Apartamento en Badalona,193.0,2.0,1.0,1.0,1.0,4.84,32.0,https://www.airbnb.es/rooms/1215808505757037841,,,0,,,,,,,,,,,,,,,0
Barcelona,Poblenou,827349098679650028,2026-06-01,Apartamento en Barcelona,264.0,4.0,1.0,2.0,1.0,4.68,77.0,https://www.airbnb.es/rooms/827349098679650028,8.2734909867965e+17,10.0,4,1.0,0.99,0.0,1.0,1.0,Entire rental unit,Entire home/apt,2.0,365.0,Barcelona - Regional registration number<br />HUTB-000412<br /><br />Spain - National registration number<br />ESFCTU000008054000513611000000000000000000HUTB0004128,0.23333333333333334,0.5,0.5333333333333333,0.863013698630137,1
Barcelona,Poblenou,5723397,2026-06-01,Apartamento en Barcelona,320.0,6.0,3.0,4.0,2.0,4.84,205.0,https://www.airbnb.es/rooms/5723397,5723397.0,12.0,4,0.98,1.0,1.0,1.0,1.0,Entire rental unit,Entire home/apt,1.0,365.0,Barcelona - Regional registration number<br />HUTB-009808<br /><br />Spain - National registration number<br />ESFCTU00000805400054184300000000000000000000000098085,0.26666666666666666,0.2,0.2222222222222222,0.4794520547945205,1
Barcelona,Poblenou,26940439,2026-06-01,Apartamento en Barcelona,293.0,4.0,2.0,3.0,1.0,4.85,1428.0,https://www.airbnb.es/rooms/26940439,26940439.0,9.0,4,1.0,0.99,1.0,1.0,1.0,Entire serviced apartment,Entire home/apt,2.0,600.0,Spain - National registration number<br />ESFCTU00000807300093370000000000000000HUTB-009242-750,0.3333333333333333,0.6333333333333333,0.6666666666666666,0.9178082191780822,1
Barcelona,Poblenou,53651979,2026-06-01,Hotel en Barcelona,160.0,2.0,1.0,2.0,1.0,4.59,129.0,https://www.airbnb.es/rooms/53651979,53651979.0,4.0,4,1.0,1.0,0.0,1.0,1.0,Room in hotel,Private room,1.0,1125.0,Barcelona - Regional registration number<br />HB-000488,1.0,1.0,1.0,0.8821917808219178,1
Barcelona,Poblenou,1082565952840543514,2026-06-01,Apartamento en Barcelona,205.0,4.0,1.0,2.0,0.0,4.88,16.0,https://www.airbnb.es/rooms/1082565952840543514,1.0825659528405435e+18,1.0,4,0.86,1.0,0.0,1.0,1.0,Entire rental unit,Entire home/apt,1.0,365.0,Spain - National registration number<br />ESFCTU00000807300042829900000000000000000000004138589,0.26666666666666666,0.5166666666666667,0.6777777777777778,0.873972602739726,1
Barcelona,Poblenou,1674646765546985121,2026-06-01,Apartamento en Barcelona,235.0,4.0,3.0,3.0,1.0,4.33,3.0,https://www.airbnb.es/rooms/1674646765546985121,,,0,,,,,,,,,,,,,,,0
Barcelona,Poblenou,35948417,2026-06-01,Habitación en Badalona,135.0,,,1.0,,4.91,76.0,https://www.airbnb.es/rooms/35948417,,,0,,,,,,,,,,,,,,,0
Barcelona,Poblenou,1455849943058453477,2026-06-01,H10 Marina Barcelona,249.0,,,,,5.0,4.0,https://www.airbnb.es/rooms/1455849943058453477,,,0,,,,,,,,,,,,,,,0
Barcelona,Poblenou,43139610,2026-06-01,Apartamento en Barcelona,341.0,4.0,2.0,4.0,1.0,4.44,72.0,https://www.airbnb.es/rooms/43139610,43139610.0,10.0,4,1.0,0.98,0.0,1.0,1.0,Entire rental unit,Entire home/apt,32.0,300.0,Barcelona - Regional registration number<br />HUTB-000844,0.3,0.26666666666666666,0.17777777777777778,0.043835616438356165,1
Barcelona,Poblenou,1496396187402500177,2026-06-01,Apartamento en Sant Adrià de Besòs,252.0,4.0,2.0,2.0,2.0,5.0,37.0,https://www.airbnb.es/rooms/1496396187402500177,,,0,,,,,,,,,,,,,,,0
Barcelona,Poblenou,577996708031321987,2026-06-01,Apto. residencial en Santa Coloma de Gramanet,187.0,4.0,3.0,5.0,1.0,4.69,258.0,https://www.airbnb.es/rooms/577996708031321987,,,0,,,,,,,,,,,,,,,0
Barcelona,Poblenou,5688077,2026-06-01,Apartamento en Barcelona,300.0,4.0,2.0,2.0,0.0,4.84,113.0,https://www.airbnb.es/rooms/5688077,5688077.0,12.0,4,0.98,1.0,1.0,1.0,1.0,Entire rental unit,Entire home/apt,1.0,365.0,Barcelona - Regional registration number<br />HUTB-010726<br /><br />Spain - National registration number<br />ESFCTU00000805400054172000000000000000HUTB01072695700,0.26666666666666666,0.2,0.28888888888888886,0.42191780821917807,1
Barcelona,Poblenou,1091128222209811355,2026-06-01,Apartamento en Barcelona,238.0,4.0,2.0,3.0,0.0,4.35,20.0,https://www.airbnb.es/rooms/1091128222209811355,1.0911282222098113e+18,1.0,4,0.86,1.0,0.0,1.0,1.0,Entire rental unit,Entire home/apt,1.0,365.0,Spain - National registration number<br />ESFCTU00000805400024994700000000000000000HUTB-0055059,0.43333333333333335,0.55,0.6333333333333333,0.873972602739726,1
Barcelona,Poblenou,691244680016995988,2026-06-01,Hotel en Barcelona,138.0,1.0,1.0,1.0,0.0,,,https://www.airbnb.es/rooms/691244680016995988,6.91244680016996e+17,3.0,4,1.0,1.0,0.0,1.0,1.0,Room in hotel,Private room,1.0,365.0,Barcelona - Regional registration number<br />HB-000508,0.8666666666666667,0.9333333333333333,0.9555555555555556,0.8712328767123287,1
Barcelona,Poblenou,50063836,2026-06-01,Hostal en Barcelona,140.0,2.0,1.0,2.0,1.0,4.48,388.0,https://www.airbnb.es/rooms/50063836,50063836.0,11.0,4,1.0,1.0,0.0,1.0,1.0,Private room in hostel,Private room,1.0,1125.0,Barcelona - Regional registration number<br />HB-004475<br /><br />Spain - National registration number<br />Exempt,0.23333333333333334,0.48333333333333334,0.6111111111111112,0.8849315068493151,1
Barcelona,Poblenou,27021820,2026-06-01,Apartamento en Barcelona,266.0,2.0,1.0,1.0,1.0,4.81,251.0,https://www.airbnb.es/rooms/27021820,27021820.0,10.0,4,1.0,0.99,1.0,1.0,1.0,Entire rental unit,Entire home/apt,1.0,365.0,Spain - National registration number<br />ESFCTU00000805400012101400000000000000000HUTB-0094571<br /><br />Barcelona - Regional registration number<br />HUTB-009459,0.4,0.5833333333333334,0.7222222222222222,0.8602739726027397,1
Barcelona,Poblenou,815098039571655810,2026-06-01,Apartamento en Barcelona,307.0,6.0,3.0,4.0,1.0,4.59,167.0,https://www.airbnb.es/rooms/815098039571655810,8.150980395716558e+17,10.0,4,1.0,0.99,0.0,1.0,1.0,Entire rental unit,Entire home/apt,2.0,365.0,Barcelona - Regional registration number<br />HUTB-004492<br /><br />Spain - National registration number<br />ESFCNT00000805800062990700000000000000000000000000003,0.5,0.75,0.8333333333333334,0.936986301369863,1
Barcelona,Poblenou,913477955506547107,2026-06-01,Apartamento en Sant Adrià de Besòs,243.0,4.0,3.0,,1.0,4.7,115.0,https://www.airbnb.es/rooms/913477955506547107,,,0,,,,,,,,,,,,,,,0
Barcelona,Poblenou,24590016,2026-06-01,Hotel boutique en .,163.0,2.0,1.0,1.0,1.0,4.76,113.0,https://www.airbnb.es/rooms/24590016,24590016.0,7.0,4,1.0,1.0,0.0,1.0,1.0,Room in boutique hotel,Private room,1.0,1125.0,Barcelona - Regional registration number<br />HB-004250,0.5666666666666667,0.6833333333333333,0.7555555555555555,0.9397260273972603,1
Barcelona,Poblenou,1636170298429607848,2026-06-01,Apartamento en Barcelona,176.0,2.0,1.0,1.0,1.0,,,https://www.airbnb.es/rooms/1636170298429607848,,,0,,,,,,,,,,,,,,,0
Barcelona,Poblenou,1338934741854061619,2026-06-01,Apartamento en Barcelona,300.0,8.0,4.0,4.0,0.0,4.14,7.0,https://www.airbnb.es/rooms/1338934741854061619,1.3389347418540616e+18,0.0,4,0.97,1.0,0.0,1.0,1.0,Entire rental unit,Entire home/apt,1.0,365.0,Barcelona - Regional registration number<br />HUTB-079005,0.4666666666666667,0.6833333333333333,0.6333333333333333,0.40821917808219177,1
Barcelona,Poblenou,1438084653468209954,2026-06-01,Habitación de hotel compartida en Barcelona,74.0,,,14.0,2.0,4.81,31.0,https://www.airbnb.es/rooms/1438084653468209954,1.43808465346821e+18,0.0,4,1.0,0.98,1.0,1.0,1.0,Shared room in hotel,Shared room,1.0,365.0,Barcelona - Regional registration number<br />HUTB-000540<br /><br />Spain - National registration number<br />Exempt,0.9666666666666667,0.9833333333333333,0.9888888888888889,0.9835616438356164,1
Barcelona,Poblenou,1279014549266588412,2026-06-01,Apartamento en Sant Adrià de Besòs,159.0,3.0,3.0,5.0,2.0,4.92,50.0,https://www.airbnb.es/rooms/1279014549266588412,,,0,,,,,,,,,,,,,,,0
Barcelona,Poblenou,52162416,2026-06-01,Hotel boutique en Barcelona,168.0,2.0,1.0,2.0,1.0,5.0,3.0,https://www.airbnb.es/rooms/52162416,52162416.0,4.0,4,0.99,1.0,1.0,1.0,1.0,Room in boutique hotel,Private room,1.0,1125.0,Barcelona - Regional registration number<br />HB-004386<br /><br />Spain - National registration number<br />Exempt,0.3333333333333333,0.5,0.5666666666666667,0.8767123287671232,1
Barcelona,Poblenou,41976895,2026-06-01,Hotel boutique en Barcelona,230.0,2.0,1.0,1.0,1.0,,,https://www.airbnb.es/rooms/41976895,41976895.0,6.0,4,0.94,1.0,0.0,1.0,1.0,Room in boutique hotel,Private room,1.0,1125.0,Barcelona - Regional registration number<br />HB-004233,0.6,0.7666666666666667,0.7888888888888889,0.9397260273972603,1
Barcelona,Poblenou,49239267,2026-06-01,Hotel boutique en Barcelona,246.0,2.0,1.0,1.0,1.0,4.72,61.0,https://www.airbnb.es/rooms/49239267,49239267.0,4.0,4,1.0,0.99,0.0,1.0,1.0,Room in boutique hotel,Private room,1.0,365.0,Barcelona - Regional registration number<br />HB-337641<br /><br />Spain - National registration number<br />Exempt,0.1,0.21666666666666667,0.4111111111111111,0.852054794520548,1
Barcelona,Poblenou,32906782,2026-06-01,Hostal en Barcelona,157.0,3.0,1.0,2.0,1.0,4.87,406.0,https://www.airbnb.es/rooms/32906782,32906782.0,8.0,4,1.0,1.0,1.0,1.0,1.0,Private room in hostel,Private room,1.0,1125.0,Barcelona - Regional registration number<br />HB-004126<br /><br />Spain - National registration number<br />Exempt,0.43333333333333335,0.7,0.8,0.8356164383561644,1
Barcelona,Poblenou,1504263275732003147,2026-06-01,Alojamiento en Santa Coloma de Gramanet,150.0,3.0,1.0,2.0,1.0,4.9,20.0,https://www.airbnb.es/rooms/1504263275732003147,,,0,,,,,,,,,,,,,,,0
Barcelona,Poblenou,598352755393860082,2026-06-01,Hostal en Barcelona,164.0,2.0,1.0,1.0,1.0,4.66,44.0,https://www.airbnb.es/rooms/598352755393860082,5.983527553938601e+17,11.0,4,1.0,1.0,0.0,1.0,1.0,Private room in hostel,Private room,1.0,27.0,Barcelona - Regional registration number<br />HB-003827<br /><br />Spain - National registration number<br />Exempt,0.3,0.48333333333333334,0.5888888888888889,0.8794520547945206,1
Barcelona,Poblenou,1055750539396885376,2026-06-01,Apartamento en Sant Adrià de Besòs,242.0,7.0,3.0,,1.0,4.63,38.0,https://www.airbnb.es/rooms/1055750539396885376,,,0,,,,,,,,,,,,,,,0
Barcelona,Poblenou,878759262826963543,2026-06-01,Apartamento en Barcelona,223.0,4.0,1.0,2.0,1.0,4.86,422.0,https://www.airbnb.es/rooms/878759262826963543,8.787592628269636e+17,2.0,2,0.5,1.0,1.0,1.0,1.0,Entire rental unit,Entire home/apt,1.0,365.0,Barcelona - Regional registration number<br />ATB004230,0.9666666666666667,0.95,0.9555555555555556,0.9808219178082191,1
Barcelona,Poblenou,1451339784918145395,2026-06-01,Hotel en Barcelona,225.0,3.0,1.0,3.0,1.0,,,https://www.airbnb.es/rooms/1451339784918145395,,,0,,,,,,,,,,,,,,,0
Barcelona,Sants-montjuic,1629665679948505178,2026-06-01,Oriente Atiram,187.0,,,,,4.5,74.0,https://www.airbnb.es/rooms/1629665679948505178,,,0,,,,,,,,,,,,,,,0
Barcelona,Sants-montjuic,1379675567990284899,2026-06-01,Habitación de hotel compartida en Barcelona,63.0,,,10.0,,4.67,3.0,https://www.airbnb.es/rooms/1379675567990284899,1.3796755679902848e+18,0.0,4,0.9,1.0,1.0,1.0,1.0,Shared room in hotel,Shared room,1.0,365.0,Barcelona - Regional registration number<br />AJ-000668,0.9,0.95,0.9666666666666667,0.9643835616438357,1
Barcelona,Sants-montjuic,1604559,2026-06-01,Apartamento en Barcelona,293.0,2.0,1.0,1.0,1.0,4.73,718.0,https://www.airbnb.es/rooms/1604559,1604559.0,11.0,4,1.0,0.99,1.0,1.0,1.0,Entire rental unit,Entire home/apt,2.0,30.0,Barcelona - Regional registration number<br />HUTB-011631,0.3333333333333333,0.31666666666666665,0.4666666666666667,0.4794520547945205,1
Barcelona,Sants-montjuic,15040104,2026-06-01,Habitación en L'Hospitalet de Llobregat,152.0,,,1.0,,4.89,399.0,https://www.airbnb.es/rooms/15040104,,,0,,,,,,,,,,,,,,,0
Barcelona,Sants-montjuic,1221725010145396286,2026-06-01,Habitación en L'Hospitalet de Llobregat,74.0,,,1.0,,4.82,51.0,https://www.airbnb.es/rooms/1221725010145396286,,,0,,,,,,,,,,,,,,,0
Barcelona,Sants-montjuic,934513738122509170,2026-06-01,Habitación en L'Hospitalet de Llobregat,100.0,,,2.0,,4.8,138.0,https://www.airbnb.es/rooms/934513738122509170,,,0,,,,,,,,,,,,,,,0
Barcelona,Sants-montjuic,1676357946240099711,2026-06-01,Alojamiento en Barcelona,103.0,4.0,1.0,3.0,2.0,,,https://www.airbnb.es/rooms/1676357946240099711,,,0,,,,,,,,,,,,,,,0
Barcelona,Sants-montjuic,933930219695392052,2026-06-01,Alojamiento en L'Hospitalet de Llobregat,97.0,2.0,1.0,1.0,2.0,4.73,139.0,https://www.airbnb.es/rooms/933930219695392052,,,0,,,,,,,,,,,,,,,0
Barcelona,Sants-montjuic,1690710868631359961,2026-06-01,Alojamiento en Barcelona,108.0,2.0,1.0,1.0,1.0,,,https://www.airbnb.es/rooms/1690710868631359961,,,0,,,,,,,,,,,,,,,0
Barcelona,Sants-montjuic,562966506960401061,2026-06-01,Habitación compartida en Barcelona,46.0,,,8.0,2.0,4.38,136.0,https://www.airbnb.es/rooms/562966506960401061,5.629665069604011e+17,10.0,4,0.97,0.99,0.0,1.0,1.0,Shared room in hostel,Shared room,1.0,365.0,Barcelona - Regional registration number<br />AJ000486<br /><br />Spain - National registration number<br />Exempt,0.8666666666666667,0.9333333333333333,0.9555555555555556,0.4904109589041096,1
Barcelona,Sants-montjuic,1663726480500575872,2026-06-01,Habitación compartida en L'Hospitalet de Llobregat,42.0,,,1.0,,,,https://www.airbnb.es/rooms/1663726480500575872,,,0,,,,,,,,,,,,,,,0
Barcelona,Sants-montjuic,907288030678880672,2026-06-01,Apartamento en L'Hospitalet de Llobregat,270.0,8.0,3.0,4.0,2.0,4.75,177.0,https://www.airbnb.es/rooms/907288030678880672,,,0,,,,,,,,,,,,,,,0
Barcelona,Sants-montjuic,846623660188399331,2026-06-01,Habitación en Viladecans,56.0,,,1.0,,4.8,187.0,https://www.airbnb.es/rooms/846623660188399331,,,0,,,,,,,,,,,,,,,0
Barcelona,Sants-montjuic,24388903,2026-06-01,Habitación de hotel en El Prat de Llobregat,51.0,6.0,1.0,4.0,7.0,4.6,402.0,https://www.airbnb.es/rooms/24388903,,,0,,,,,,,,,,,,,,,0
Barcelona,Sants-montjuic,1457831575777192088,2026-06-01,Apartamento en Barcelona,296.0,5.0,3.0,4.0,1.0,4.57,21.0,https://www.airbnb.es/rooms/1457831575777192088,1.4578315757771922e+18,1.0,4,0.99,0.94,0.0,1.0,1.0,Entire rental unit,Entire home/apt,3.0,365.0,Spain - National registration number<br />ESFCTU00000805400017231300000000000000000HUTB-0114486,0.7333333333333333,0.8666666666666667,0.9111111111111111,0.9780821917808219,1
Barcelona,Sants-montjuic,34957866,2026-06-01,Apartamento en Barcelona,223.0,4.0,2.0,4.0,1.0,4.83,379.0,https://www.airbnb.es/rooms/34957866,34957866.0,14.0,4,1.0,0.87,1.0,1.0,1.0,Entire rental unit,Entire home/apt,1.0,1125.0,Barcelona - Regional registration number<br />HUTB-005318<br /><br />Spain - National registration number<br />ESFCTU00000806900043020200000000000000HUTB-005318-239,0.03333333333333333,0.1,0.18888888888888888,0.7479452054794521,1
Barcelona,Sants-montjuic,24388244,2026-06-01,Habitación de hotel en El Prat de Llobregat,50.0,6.0,1.0,6.0,7.0,4.53,307.0,https://www.airbnb.es/rooms/24388244,,,0,,,,,,,,,,,,,,,0
Barcelona,Sants-montjuic,1628031679138220946,2026-06-01,Habitación compartida en El Prat de Llobregat,38.0,,,1.0,3.0,4.5,8.0,https://www.airbnb.es/rooms/1628031679138220946,,,0,,,,,,,,,,,,,,,0
Barcelona,Sants-montjuic,47724954,2026-06-01,Apartamento en Barcelona,219.0,6.0,3.0,6.0,2.0,4.47,15.0,https://www.airbnb.es/rooms/47724954,47724954.0,6.0,4,1.0,0.99,0.0,1.0,1.0,Entire rental unit,Entire home/apt,1.0,1125.0,Spain - National registration number<br />ESFCTU00000806800012978900000000000000HUTB-009863-236,0.4,0.5166666666666667,0.6777777777777778,0.5506849315068493,1
Barcelona,Sants-montjuic,1215031910817332539,2026-06-01,Habitación en El Prat de Llobregat,79.0,,,1.0,,4.75,126.0,https://www.airbnb.es/rooms/1215031910817332539,,,0,,,,,,,,,,,,,,,0
Barcelona,Sants-montjuic,1689969893722387785,2026-06-01,Alojamiento en Barcelona,113.0,2.0,1.0,1.0,1.0,,,https://www.airbnb.es/rooms/1689969893722387785,,,0,,,,,,,,,,,,,,,0
Barcelona,Sants-montjuic,23661273,2026-06-01,Apartamento en Barcelona,225.0,4.0,2.0,2.0,0.0,4.45,313.0,https://www.airbnb.es/rooms/23661273,23661273.0,14.0,4,0.99,0.99,0.0,1.0,1.0,Entire rental unit,Entire home/apt,1.0,365.0,Barcelona - Regional registration number<br />HB-004584<br /><br />Spain - National registration number<br />Exempt,0.3,0.21666666666666667,0.26666666666666666,0.663013698630137,1
Barcelona,Sants-montjuic,1470471575234730319,2026-06-01,Casa de invitados en L'Hospitalet de Llobregat,111.0,2.0,1.0,1.0,1.0,4.72,29.0,https://www.airbnb.es/rooms/1470471575234730319,,,0,,,,,,,,,,,,,,,0
Barcelona,Sants-montjuic,3778832,2026-06-01,Apartamento en Barcelona,224.0,3.0,1.0,1.0,1.0,4.96,746.0,https://www.airbnb.es/rooms/3778832,3778832.0,11.0,4,1.0,1.0,1.0,1.0,1.0,Entire rental unit,Entire home/apt,1.0,1125.0,Barcelona - Regional registration number<br />HUTB-010326,0.23333333333333334,0.38333333333333336,0.5222222222222223,0.8438356164383561,1
Barcelona,Sants-montjuic,1452845643664402470,2026-06-01,Habitación de hotel compartida en Barcelona,109.0,,,1.0,,4.7,40.0,https://www.airbnb.es/rooms/1452845643664402470,,,0,,,,,,,,,,,,,,,0
Barcelona,Sants-montjuic,1690629749257179762,2026-06-01,Alojamiento en Sants-Montjuïc,129.0,2.0,1.0,1.0,1.0,,,https://www.airbnb.es/rooms/1690629749257179762,,,0,,,,,,,,,,,,,,,0
Barcelona,Sants-montjuic,1689972917718470272,2026-06-01,Alojamiento en El Raval,129.0,2.0,1.0,1.0,1.0,,,https://www.airbnb.es/rooms/1689972917718470272,,,0,,,,,,,,,,,,,,,0
Barcelona,Sants-montjuic,53858106,2026-06-01,Apartamento en El Raval,224.0,5.0,2.0,4.0,1.0,4.33,127.0,https://www.airbnb.es/rooms/53858106,53858106.0,5.0,4,1.0,0.97,0.0,1.0,1.0,Entire rental unit,Entire home/apt,1.0,1125.0,Spain - National registration number<br />ESFCTU00000806900037969300000000000000000HUTB-0093028,0.43333333333333335,0.6666666666666666,0.7,0.8657534246575342,1
Barcelona,Sants-montjuic,4207829,2026-06-01,Apartamento en El Raval,291.0,4.0,2.0,3.0,2.0,4.62,389.0,https://www.airbnb.es/rooms/4207829,4207829.0,11.0,4,1.0,1.0,0.0,1.0,1.0,Entire serviced apartment,Entire home/apt,2.0,1124.0,Spain - National registration number<br />ESFCTUA0420805600002362600000000000000000HUTB-0024661<br /><br />Barcelona - Regional registration number<br />HUTB-002466,0.9,0.95,0.9111111111111111,0.958904109589041,1
Barcelona,Sants-montjuic,52976505,2026-06-01,Hotel en El Raval,182.0,2.0,1.0,2.0,1.0,4.67,3.0,https://www.airbnb.es/rooms/52976505,52976505.0,4.0,4,1.0,1.0,0.0,1.0,1.0,Room in hotel,Private room,1.0,1125.0,Barcelona - Regional registration number<br />HB-000042<br /><br />Spain - National registration number<br />Exempt,1.0,0.9833333333333333,0.9444444444444444,0.9863013698630136,1
Barcelona,Sants-montjuic,1399934084258835021,2026-06-01,Hostal en Barcelona,162.0,2.0,1.0,1.0,1.0,4.6,30.0,https://www.airbnb.es/rooms/1399934084258835021,1.399934084258835e+18,0.0,4,1.0,1.0,0.0,1.0,1.0,Private room in hostel,Private room,1.0,365.0,Barcelona - Regional registration number<br />HB-000899<br /><br />Spain - National registration number<br />Exempt,0.6,0.6666666666666666,0.7333333333333333,0.8986301369863013,1
Barcelona,Sants-montjuic,1551321117261139618,2026-06-01,Apartamento en Barcelona,213.0,2.0,1.0,2.0,1.0,4.67,6.0,https://www.airbnb.es/rooms/1551321117261139618,1.5513211172611397e+18,9.0,4,0.92,1.0,0.0,1.0,1.0,Entire rental unit,Entire home/apt,1.0,365.0,Barcelona - Regional registration number<br />HUTB-075667<br /><br />Spain - National registration number<br />ESFCTU00000806800015952600000000000000HUTB-075667-323,1.0,1.0,1.0,1.0,1
Barcelona,Sants-montjuic,33179901,2026-06-01,Habitación de hotel en Barcelona,161.0,3.0,1.0,2.0,1.0,4.66,134.0,https://www.airbnb.es/rooms/33179901,33179901.0,9.0,4,0.92,1.0,0.0,1.0,1.0,Room in serviced apartment,Hotel room,1.0,1125.0,Barcelona - Regional registration number<br />HUTB-004497<br /><br />Spain - National registration number<br />ESHFTU000008068000159526001000000000000HUTB-004500742,0.8333333333333334,0.85,0.8888888888888888,0.9698630136986301,1
Barcelona,Sants-montjuic,1612400912404065709,2026-06-01,Alojamiento en L'Hospitalet de Llobregat,138.0,2.0,1.0,1.0,1.0,5.0,6.0,https://www.airbnb.es/rooms/1612400912404065709,,,0,,,,,,,,,,,,,,,0
Barcelona,Sants-montjuic,1689943132492843450,2026-06-01,Alojamiento en Barcelona,124.0,2.0,1.0,1.0,1.0,,,https://www.airbnb.es/rooms/1689943132492843450,,,0,,,,,,,,,,,,,,,0
Barcelona,Sants-montjuic,42802494,2026-06-01,Apartamento en Barcelona,272.0,3.0,1.0,2.0,1.0,4.54,123.0,https://www.airbnb.es/rooms/42802494,42802494.0,10.0,4,1.0,0.99,0.0,1.0,1.0,Entire rental unit,Entire home/apt,2.0,1125.0,Barcelona - Regional registration number<br />HUTB-001856<br /><br />Spain - National registration number<br />ESFCTU00000806700072974600000000000000HUTB-001856-283,0.4,0.45,0.6333333333333333,0.9068493150684932,1
Barcelona,Sants-montjuic,53058680,2026-06-01,Hotel en L'Hospitalet de Llobregat,157.0,3.0,1.0,2.0,1.0,4.5,10.0,https://www.airbnb.es/rooms/53058680,53058680.0,3.0,4,1.0,0.99,0.0,1.0,1.0,Room in hotel,Private room,1.0,1125.0,Catalonia - Regional registration number<br />HB-004810,0.3333333333333333,0.5,0.5777777777777777,0.8876712328767123,1
Barcelona,Sants-montjuic,1476870302094081503,2026-06-01,Apartamento en Barcelona,223.0,3.0,1.0,1.0,1.0,4.46,13.0,https://www.airbnb.es/rooms/1476870302094081503,1.4768703020940815e+18,0.0,4,1.0,0.97,1.0,1.0,1.0,Entire rental unit,Entire home/apt,1.0,365.0,Barcelona - Regional registration number<br />Hutb-111017,0.5333333333333333,0.6333333333333333,0.6222222222222222,0.8575342465753425,1
Barcelona,Sants-montjuic,878658347316285621,2026-06-01,Apartamento en Barcelona,246.0,4.0,1.0,3.0,1.0,4.86,615.0,https://www.airbnb.es/rooms/878658347316285621,8.786583473162856e+17,2.0,2,0.5,1.0,1.0,1.0,1.0,Entire rental unit,Entire home/apt,1.0,365.0,Barcelona - Regional registration number<br />ATB004230,1.0,1.0,1.0,1.0,1
Barcelona,Sants-montjuic,1690714663404953837,2026-06-01,Alojamiento en Barcelona,124.0,2.0,1.0,1.0,2.0,,,https://www.airbnb.es/rooms/1690714663404953837,,,0,,,,,,,,,,,,,,,0
Barcelona,Sants-montjuic,1689868301128728309,2026-06-01,Alojamiento en Barcelona,129.0,2.0,1.0,1.0,1.0,,,https://www.airbnb.es/rooms/1689868301128728309,,,0,,,,,,,,,,,,,,,0
Barcelona,Sants-montjuic,968720576498100701,2026-06-01,Apartamento en Barcelona,314.0,6.0,2.0,3.0,1.0,4.68,120.0,https://www.airbnb.es/rooms/968720576498100701,9.687205764981007e+17,5.0,4,0.98,0.99,0.0,1.0,1.0,Entire rental unit,Entire home/apt,1.0,365.0,Barcelona - Regional registration number<br />HB-004557<br /><br />Spain - National registration number<br />Exempt,0.6,0.7,0.7222222222222222,0.8356164383561644,1
Barcelona,Sants-montjuic,566389154220216287,2026-06-01,Habitación en Barcelona,88.0,,,1.0,,4.33,6.0,https://www.airbnb.es/rooms/566389154220216287,5.6638915422021626e+17,0.0,4,1.0,1.0,1.0,1.0,1.0,Private room in bed and breakfast,Private room,1.0,365.0,,0.6666666666666666,0.7,0.4777777777777778,0.1178082191780822,0
Barcelona,Sants-montjuic,768711031367841428,2026-06-01,Habitación en El Prat de Llobregat,79.0,,,1.0,,4.66,116.0,https://www.airbnb.es/rooms/768711031367841428,,,0,,,,,,,,,,,,,,,0
Barcelona,Sants-montjuic,53536169,2026-06-01,Hotel en Barcelona,180.0,2.0,1.0,1.0,1.0,4.44,225.0,https://www.airbnb.es/rooms/53536169,53536169.0,3.0,4,1.0,1.0,0.0,1.0,1.0,Room in hotel,Private room,1.0,365.0,Barcelona - Regional registration number<br />HB000030,0.5,0.5333333333333333,0.6333333333333333,0.8438356164383561,1
Barcelona,Sants-montjuic,16385876,2026-06-01,Alojamiento en L'Hospitalet de Llobregat,246.0,6.0,1.0,2.0,1.0,4.75,378.0,https://www.airbnb.es/rooms/16385876,,,0,,,,,,,,,,,,,,,0
Barcelona,Sants-montjuic,1690044265482544054,2026-06-01,Alojamiento en Barcelona,106.0,2.0,1.0,1.0,,,,https://www.airbnb.es/rooms/1690044265482544054,,,0,,,,,,,,,,,,,,,0
Barcelona,Sants-montjuic,666604385807739208,2026-06-01,Apartamento en Barcelona,249.0,4.0,1.0,1.0,2.0,4.79,226.0,https://www.airbnb.es/rooms/666604385807739208,6.666043858077393e+17,5.0,4,1.0,1.0,1.0,1.0,1.0,Entire rental unit,Entire home/apt,3.0,270.0,Spain - National registration number<br />ESFCTU00000811900023838100000000000000000HUTB-0001645,0.5666666666666667,0.7833333333333333,0.8555555555555555,0.9452054794520548,1
Barcelona,Gracia,1600018894061376022,2026-06-01,chic&basic Habana Hoose,207.0,,,,,4.8,1248.0,https://www.airbnb.es/rooms/1600018894061376022,,,0,,,,,,,,,,,,,,,0
Barcelona,Gracia,1303550131257931742,2026-06-01,Apartamento en Barcelona,304.0,4.0,2.0,1.0,1.0,4.85,91.0,https://www.airbnb.es/rooms/1303550131257931742,1.3035501312579318e+18,14.0,4,1.0,0.99,1.0,1.0,1.0,Entire rental unit,Entire home/apt,1.0,365.0,Barcelona - Regional registration number<br />HUTB-006619<br /><br />Spain - National registration number<br />ESFCTU00000805700050893900000000000000000HUTB-0066194,0.43333333333333335,0.6,0.6888888888888889,0.16986301369863013,1
Barcelona,Gracia,1046349023651123519,2026-06-01,Apartamento en Barcelona,339.0,4.0,1.0,2.0,1.0,4.89,130.0,https://www.airbnb.es/rooms/1046349023651123519,1.0463490236511235e+18,13.0,4,1.0,1.0,1.0,1.0,1.0,Entire rental unit,Entire home/apt,1.0,365.0,Barcelona - Regional registration number<br />HUTB-007117<br /><br />Spain - National registration number<br />ESFCTU00000806600023527100000000000000000000007117459,0.16666666666666666,0.5333333333333333,0.5777777777777777,0.8849315068493151,1
Barcelona,Gracia,26976011,2026-06-01,Habitación de hotel en Barcelona,154.0,2.0,1.0,1.0,1.0,4.86,49.0,https://www.airbnb.es/rooms/26976011,26976011.0,7.0,4,1.0,1.0,1.0,1.0,1.0,Room in boutique hotel,Hotel room,1.0,1125.0,Barcelona - Regional registration number<br />HB-468655<br /><br />Spain - National registration number<br />Exempt,0.4,0.5666666666666667,0.6222222222222222,0.9068493150684932,1
Barcelona,Gracia,990652533372075703,2026-06-01,Alojamiento en Barcelona,149.0,1.0,2.0,1.0,1.0,4.17,6.0,https://www.airbnb.es/rooms/990652533372075703,,,0,,,,,,,,,,,,,,,0
Barcelona,Gracia,1739507,2026-06-01,Apartamento en Barcelona,246.0,6.0,2.0,3.0,1.0,4.57,364.0,https://www.airbnb.es/rooms/1739507,1739507.0,12.0,4,1.0,1.0,0.0,1.0,1.0,Entire rental unit,Entire home/apt,1.0,1125.0,Barcelona - Regional registration number<br />HUTB-012948,0.8,0.7,0.7222222222222222,0.873972602739726,1
Barcelona,Gracia,843268032766273067,2026-06-01,Hotel en Barcelona,175.0,2.0,1.0,1.0,1.0,4.83,81.0,https://www.airbnb.es/rooms/843268032766273067,8.43268032766273e+17,3.0,4,1.0,0.99,0.0,1.0,1.0,Room in hotel,Private room,1.0,7.0,Barcelona - Regional registration number<br />HB000098,0.9,0.9166666666666666,0.8666666666666667,0.6821917808219178,1
Barcelona,Gracia,1665293945164970881,2026-06-01,Alojamiento en Barcelona,112.0,2.0,1.0,1.0,1.0,,,https://www.airbnb.es/rooms/1665293945164970881,,,0,,,,,,,,,,,,,,,0
Barcelona,Gracia,1567998077717270659,2026-06-01,Habitación de hotel en Barcelona,220.0,2.0,,1.0,1.0,4.57,28.0,https://www.airbnb.es/rooms/1567998077717270659,,,0,,,,,,,,,,,,,,,0
Barcelona,Gracia,34191394,2026-06-01,Apartamento en Gràcia,292.0,5.0,2.0,4.0,2.0,4.78,331.0,https://www.airbnb.es/rooms/34191394,34191394.0,6.0,4,1.0,0.99,1.0,1.0,1.0,Entire rental unit,Entire home/apt,1.0,30.0,Barcelona - Regional registration number<br />HUTB-005070,0.8666666666666667,0.9333333333333333,0.9,0.9671232876712329,1
Barcelona,Gracia,29168355,2026-06-01,Apartamento en Eixample,268.0,5.0,3.0,3.0,2.0,4.51,125.0,https://www.airbnb.es/rooms/29168355,29168355.0,8.0,4,0.99,0.98,0.0,1.0,1.0,Entire rental unit,Entire home/apt,1.0,333.0,Barcelona - Regional registration number<br />HUTB-004575<br /><br />Spain - National registration number<br />ESHFTU00000806600001694801000000000000000HUTB-0045755,0.4,0.7,0.8,0.9506849315068493,1
Barcelona,Gracia,37768888,2026-06-01,Hotel en Gràcia,172.0,2.0,1.0,1.0,1.0,4.8,5.0,https://www.airbnb.es/rooms/37768888,37768888.0,7.0,4,1.0,1.0,1.0,1.0,1.0,Room in hotel,Private room,1.0,1125.0,Barcelona - Regional registration number<br />HB-004338,1.0,1.0,0.9,0.6876712328767123,1
Barcelona,Gracia,1192671811470480375,2026-06-01,Apartamento en Barcelona,216.0,5.0,3.0,3.0,0.0,4.23,31.0,https://www.airbnb.es/rooms/1192671811470480375,1.1926718114704804e+18,1.0,4,0.86,1.0,0.0,1.0,1.0,Entire rental unit,Entire home/apt,32.0,332.0,Spain - National registration number<br />ESHFTU00000806600000336800100000000000HUTB-075540-929,0.3333333333333333,0.55,0.6444444444444445,0.8301369863013699,1
Barcelona,Gracia,44372630,2026-06-01,Apartamento en Barcelona,269.0,3.0,3.0,4.0,1.0,4.4,181.0,https://www.airbnb.es/rooms/44372630,44372630.0,6.0,4,0.99,0.99,0.0,1.0,1.0,Entire rental unit,Entire home/apt,3.0,1125.0,Spain - National registration number<br />ESFCTU00000806600000616100000000000000000HUTB-0069270,0.8333333333333334,0.9166666666666666,0.9444444444444444,0.9863013698630136,1
Barcelona,Gracia,1329067,2026-06-01,Apartamento en Barcelona,259.0,2.0,1.0,1.0,1.0,4.84,157.0,https://www.airbnb.es/rooms/1329067,1329067.0,13.0,4,1.0,1.0,1.0,1.0,1.0,Entire rental unit,Entire home/apt,2.0,1125.0,Spain - National registration number<br />ESFCTU00000806600047106800000000000000000HUTB-0040523<br /><br />Barcelona - Regional registration number<br />HUTB-004052,0.5666666666666667,0.7,0.6888888888888889,0.4465753424657534,1
Barcelona,Gracia,44371259,2026-06-01,Apartamento en Barcelona,277.0,3.0,3.0,4.0,1.0,4.2,123.0,https://www.airbnb.es/rooms/44371259,44371259.0,6.0,4,0.99,0.99,0.0,1.0,1.0,Entire rental unit,Entire home/apt,2.0,1125.0,Spain - National registration number<br />ESFCTU00000806600000616100000000000000000HUTB-0069324,0.5333333333333333,0.7166666666666667,0.8111111111111111,0.9397260273972603,1
Barcelona,Gracia,1383878368550642710,2026-06-01,Habitación compartida en Barcelona,55.0,,,,,4.6,43.0,https://www.airbnb.es/rooms/1383878368550642710,1.3838783685506427e+18,3.0,4,1.0,1.0,0.0,1.0,1.0,Shared room in hostel,Shared room,1.0,365.0,Barcelona - Regional registration number<br />AJ000516,0.9,0.95,0.9333333333333333,0.9835616438356164,1
Barcelona,Gracia,1126613779447054663,2026-06-01,Apartamento en Barcelona,311.0,3.0,1.0,4.0,1.0,4.85,338.0,https://www.airbnb.es/rooms/1126613779447054663,1.1266137794470547e+18,1.0,4,1.0,1.0,1.0,1.0,1.0,Entire rental unit,Entire home/apt,1.0,365.0,Barcelona - Regional registration number<br />HUTB-074578<br /><br />Spain - National registration number<br />ESFCTU00000806300031424100000000000000HUTB-074585-424,0.9333333333333333,0.8833333333333333,0.8888888888888888,0.9726027397260274,1
Barcelona,Gracia,37768883,2026-06-01,Hotel en Barcelona,172.0,2.0,1.0,2.0,1.0,,,https://www.airbnb.es/rooms/37768883,37768883.0,7.0,4,1.0,1.0,1.0,1.0,1.0,Room in hotel,Private room,1.0,1125.0,Barcelona - Regional registration number<br />HB-004338,0.9,0.85,0.8,0.6520547945205479,1
Barcelona,Gracia,1263001279362727118,2026-06-01,Hotel en Barcelona,170.0,2.0,1.0,2.0,1.0,4.93,14.0,https://www.airbnb.es/rooms/1263001279362727118,1.2630012793627272e+18,3.0,4,1.0,0.99,0.0,1.0,1.0,Room in hotel,Private room,1.0,365.0,Barcelona - Regional registration number<br />HB-000098,0.9666666666666667,0.95,0.8888888888888888,0.6684931506849315,1
Barcelona,Gracia,1334170501496595542,2026-06-01,Apartamento en Barcelona,180.0,5.0,2.0,2.0,2.0,4.46,41.0,https://www.airbnb.es/rooms/1334170501496595542,1.3341705014965955e+18,12.0,4,0.9,0.95,0.0,1.0,1.0,Entire rental unit,Entire home/apt,1.0,365.0,Barcelona - Regional registration number<br />HUTB-000974,0.6,0.7,0.7222222222222222,0.8712328767123287,1
Barcelona,Gracia,39959423,2026-06-01,Apartamento en Barcelona,320.0,3.0,1.0,2.0,1.0,4.37,149.0,https://www.airbnb.es/rooms/39959423,39959423.0,6.0,4,0.95,1.0,0.0,1.0,1.0,Entire rental unit,Entire home/apt,1.0,365.0,Barcelona - Regional registration number<br />HUTB-004522<br /><br />Spain - National registration number<br />ESHFTU00000806600002513100100000000000000HUTB-0045225,0.36666666666666664,0.4666666666666667,0.6444444444444445,0.8712328767123287,1
Barcelona,Gracia,1395524371687271777,2026-06-01,Hotel en Barcelona,170.0,2.0,1.0,2.0,0.0,5.0,9.0,https://www.airbnb.es/rooms/1395524371687271777,1.3955243716872717e+18,3.0,4,1.0,0.99,0.0,1.0,1.0,Room in hotel,Private room,1.0,365.0,Barcelona - Regional registration number<br />HB-000098,0.7333333333333333,0.8333333333333334,0.8111111111111111,0.6684931506849315,1
Barcelona,Gracia,1383885551745498806,2026-06-01,Habitación compartida en Barcelona,57.0,,,8.0,,4.46,28.0,https://www.airbnb.es/rooms/1383885551745498806,1.383885551745499e+18,3.0,4,1.0,1.0,0.0,1.0,1.0,Shared room in hostel,Shared room,1.0,365.0,Barcelona - Regional registration number<br />AJ000516,0.9,0.95,0.8888888888888888,0.9726027397260274,1
Barcelona,Gracia,1346473519252448282,2026-06-01,Apartamento en Barcelona,304.0,4.0,3.0,4.0,2.0,4.71,113.0,https://www.airbnb.es/rooms/1346473519252448282,1.3464735192524483e+18,13.0,4,0.99,0.95,0.0,1.0,1.0,Entire rental unit,Entire home/apt,2.0,365.0,Spain - National registration number<br />ESHFTU00000806300029956400100000000000HUTB-069288-169,0.6666666666666666,0.7833333333333333,0.8555555555555555,0.9643835616438357,1
Barcelona,Gracia,52543356,2026-06-01,Apartamento en Barcelona,214.0,2.0,1.0,1.0,1.0,4.79,78.0,https://www.airbnb.es/rooms/52543356,52543356.0,4.0,4,1.0,0.99,1.0,1.0,1.0,Entire rental unit,Entire home/apt,1.0,1125.0,Barcelona - Regional registration number<br />HB004316<br /><br />Spain - National registration number<br />Exempt,0.6,0.6333333333333333,0.7555555555555555,0.8904109589041096,1
Barcelona,Gracia,45889186,2026-06-01,Habitación compartida en Barcelona,50.0,,,,,4.74,98.0,https://www.airbnb.es/rooms/45889186,45889186.0,5.0,4,1.0,0.99,0.0,1.0,1.0,Shared room in hostel,Shared room,1.0,1125.0,Barcelona - Regional registration number<br />AJ000593<br /><br />Spain - National registration number<br />Exempt,0.8666666666666667,0.9333333333333333,0.9555555555555556,0.9315068493150684,1
Barcelona,Gracia,1397085600000552318,2026-06-01,Apartamento en Barcelona,219.0,4.0,2.0,2.0,1.0,4.5,44.0,https://www.airbnb.es/rooms/1397085600000552318,1.3970856000005522e+18,3.0,3,0.97,0.84,0.0,1.0,1.0,Entire rental unit,Entire home/apt,1.0,365.0,Barcelona - Regional registration number<br />HUTB-005478,0.6333333333333333,0.8166666666666667,0.8666666666666667,0.9205479452054794,1
Barcelona,Gracia,30757752,2026-06-01,Apartamento en Barcelona,265.0,2.0,2.0,4.0,1.0,4.81,787.0,https://www.airbnb.es/rooms/30757752,30757752.0,6.0,4,0.96,0.99,1.0,1.0,1.0,Entire serviced apartment,Entire home/apt,1.0,1125.0,Barcelona - Regional registration number<br />HUTB-000790<br /><br />Spain - National registration number<br />ESHFTU00000805800000941900100000000000000000053198206,0.5333333333333333,0.7,0.7333333333333333,0.7698630136986301,1
Barcelona,Gracia,30762828,2026-06-01,Apartamento en Barcelona,295.0,3.0,2.0,2.0,2.0,4.72,170.0,https://www.airbnb.es/rooms/30762828,30762828.0,7.0,4,1.0,0.98,0.0,1.0,1.0,Entire rental unit,Entire home/apt,3.0,1125.0,Spain - National registration number<br />ESFCTU00000806600003316700000000000000000HUTB-0044815,0.1,0.13333333333333333,0.36666666666666664,0.7452054794520548,1
Barcelona,Gracia,1567993271916185793,2026-06-01,Habitación de hotel en Barcelona,264.0,4.0,,1.0,0.0,4.59,22.0,https://www.airbnb.es/rooms/1567993271916185793,1.5679932719161859e+18,10.0,4,1.0,0.99,0.0,1.0,1.0,Room in hotel,Hotel room,1.0,365.0,Spain - National registration number<br />Exempt<br /><br />Barcelona - Regional registration number<br />HB-004768,0.8666666666666667,0.9333333333333333,0.9555555555555556,0.989041095890411,1
Barcelona,Gracia,1482050417264416990,2026-06-01,Apartamento en Barcelona,245.0,6.0,2.0,3.0,1.0,3.91,23.0,https://www.airbnb.es/rooms/1482050417264416990,1.482050417264417e+18,12.0,4,0.9,0.95,0.0,1.0,1.0,Entire rental unit,Entire home/apt,1.0,365.0,Barcelona - Regional registration number<br />HUTB080394,0.5666666666666667,0.7166666666666667,0.7666666666666667,0.9424657534246575,1
Barcelona,Gracia,1578296869665536438,2026-06-01,Apartamento en Barcelona,285.0,6.0,2.0,4.0,2.0,4.0,5.0,https://www.airbnb.es/rooms/1578296869665536438,,,0,,,,,,,,,,,,,,,0
Barcelona,Gracia,1237879811895916563,2026-06-01,Apartamento en Barcelona,208.0,2.0,1.0,2.0,1.0,4.17,29.0,https://www.airbnb.es/rooms/1237879811895916563,1.2378798118959165e+18,8.0,4,1.0,0.97,0.0,1.0,1.0,Entire rental unit,Entire home/apt,1.0,365.0,Barcelona - Regional registration number<br />HUTB-007980<br /><br />Spain - National registration number<br />ESHFTU0000080590002420350100000000000000HUTB007980869,0.8666666666666667,0.9333333333333333,0.9555555555555556,0.4904109589041096,1
Barcelona,Gracia,52162312,2026-06-01,Hotel en Barcelona,142.0,1.0,1.0,1.0,1.0,4.7,115.0,https://www.airbnb.es/rooms/52162312,52162312.0,4.0,4,0.99,1.0,1.0,1.0,1.0,Room in hotel,Private room,1.0,1125.0,Barcelona - Regional registration number<br />HB-004386<br /><br />Spain - National registration number<br />Exempt,0.7333333333333333,0.8333333333333334,0.8888888888888888,0.9726027397260274,1
Barcelona,Gracia,45947679,2026-06-01,Habitación compartida en Barcelona,53.0,,,,,4.67,18.0,https://www.airbnb.es/rooms/45947679,45947679.0,5.0,4,1.0,0.99,0.0,1.0,1.0,Shared room in hostel,Shared room,1.0,1125.0,Barcelona - Regional registration number<br />AJ000593<br /><br />Spain - National registration number<br />Exempt,0.7333333333333333,0.8666666666666667,0.9111111111111111,0.936986301369863,1
Barcelona,Gracia,33764163,2026-06-01,Apartamento en Barcelona,235.0,4.0,1.0,2.0,1.0,4.71,1517.0,https://www.airbnb.es/rooms/33764163,33764163.0,10.0,4,0.83,0.99,0.0,1.0,1.0,Entire rental unit,Entire home/apt,2.0,120.0,Barcelona - Regional registration number<br />HUTB-003740<br /><br />Spain - National registration number<br />ESHFTU00000805400033267000400000000000000HUTB-0037407,0.9,0.95,0.9666666666666667,0.9917808219178083,1
Barcelona,Gracia,603278316867687150,2026-06-01,Apartamento en Barcelona,292.0,3.0,2.0,3.0,1.0,4.8,137.0,https://www.airbnb.es/rooms/603278316867687150,6.032783168676872e+17,3.0,4,0.98,1.0,1.0,1.0,1.0,Entire serviced apartment,Entire home/apt,1.0,365.0,Spain - National registration number<br />ESFCTU00000805400048317400000000000000000HUTB-0046011<br /><br />Barcelona - Regional registration number<br />HUTB-004601,0.8,0.9,0.8777777777777778,0.9506849315068493,1
Barcelona,Gracia,851936940352286777,2026-06-01,Hotel en Barcelona,184.0,4.0,1.0,4.0,1.0,4.84,205.0,https://www.airbnb.es/rooms/851936940352286777,8.519369403522867e+17,2.0,4,0.97,1.0,1.0,1.0,1.0,Room in hotel,Private room,1.0,1125.0,Barcelona - Regional registration number<br />AJ000598,0.3333333333333333,0.3,0.5222222222222223,0.2547945205479452,1
Barcelona,Gracia,26916773,2026-06-01,Hostal en Barcelona,179.0,2.0,1.0,1.0,2.0,4.53,262.0,https://www.airbnb.es/rooms/26916773,26916773.0,7.0,4,1.0,1.0,1.0,1.0,1.0,Private room in hostel,Private room,1.0,1125.0,Barcelona - Regional registration number<br />HB-000635,0.8,0.9,0.9111111111111111,0.9780821917808219,1
Barcelona,Gracia,34133454,2026-06-01,Apartamento en Barcelona,316.0,3.0,1.0,1.0,1.0,4.81,91.0,https://www.airbnb.es/rooms/34133454,34133454.0,9.0,4,1.0,0.98,0.0,1.0,1.0,Entire serviced apartment,Entire home/apt,2.0,1125.0,Spain - National registration number<br />ESFCTU00000806600001055700000000000000000HUTB-0005548,0.8333333333333334,0.8666666666666667,0.8333333333333334,0.8410958904109589,1
Barcelona,Eixample,1629031122495008845,2026-06-01,Meson Castilla Atiram Hotel,182.0,,,,,4.68,702.0,https://www.airbnb.es/rooms/1629031122495008845,,,0,,,,,,,,,,,,,,,0
Barcelona,Eixample,1612999296057746842,2026-06-01,The Moods Catedral Hostal Boutique,187.0,,,,,5.0,7.0,https://www.airbnb.es/rooms/1612999296057746842,,,0,,,,,,,,,,,,,,,0
Barcelona,Eixample,1576316851551479829,2026-06-01,Alojamiento en Eixample,109.0,2.0,1.0,1.0,1.0,4.8,15.0,https://www.airbnb.es/rooms/1576316851551479829,,,0,,,,,,,,,,,,,,,0
Barcelona,Eixample,1473745841066802558,2026-06-01,Apartamento en Eixample,333.0,3.0,,2.0,1.0,5.0,3.0,https://www.airbnb.es/rooms/1473745841066802558,1.4737458410668024e+18,7.0,4,0.97,0.99,0.0,1.0,1.0,Entire rental unit,Entire home/apt,1.0,365.0,Barcelona - Regional registration number<br />HUTB-006916,0.4,0.3333333333333333,0.3111111111111111,0.736986301369863,1
Barcelona,Eixample,1660200465619707342,2026-06-01,Apartamento en Barcelona,336.0,6.0,2.0,2.0,2.0,,,https://www.airbnb.es/rooms/1660200465619707342,,,0,,,,,,,,,,,,,,,0
Barcelona,Eixample,1659436412270543542,2026-06-01,Apartamento en Eixample,262.0,4.0,1.0,3.0,1.0,,,https://www.airbnb.es/rooms/1659436412270543542,,,0,,,,,,,,,,,,,,,0
Barcelona,Eixample,45947741,2026-06-01,Habitación compartida en Barcelona,47.0,,,,,4.57,14.0,https://www.airbnb.es/rooms/45947741,45947741.0,5.0,4,1.0,0.99,0.0,1.0,1.0,Shared room in hostel,Shared room,1.0,1125.0,Barcelona - Regional registration number<br />AJ000593<br /><br />Spain - National registration number<br />Exempt,0.5666666666666667,0.7666666666666667,0.8444444444444444,0.8986301369863013,1
Barcelona,Eixample,1427352529896031552,2026-06-01,Habitación de hotel compartida en Barcelona,80.0,,,6.0,,4.79,77.0,https://www.airbnb.es/rooms/1427352529896031552,1.4273525298960315e+18,0.0,4,1.0,0.98,1.0,1.0,1.0,Shared room in hotel,Shared room,1.0,365.0,Barcelona - Regional registration number<br />AJ000540<br /><br />Spain - National registration number<br />Exempt,0.9666666666666667,0.9833333333333333,0.9888888888888889,0.9972602739726028,1
Barcelona,Eixample,52162630,2026-06-01,Hotel en Barcelona,211.0,2.0,1.0,1.0,1.0,4.8,241.0,https://www.airbnb.es/rooms/52162630,52162630.0,4.0,4,1.0,1.0,0.0,1.0,1.0,Room in hotel,Private room,1.0,1125.0,Barcelona - Regional registration number<br />HB-004112<br /><br />Spain - National registration number<br />Exempt,0.8666666666666667,0.9,0.9,0.9753424657534246,1
Barcelona,Eixample,1399112531085912534,2026-06-01,Apartamento en Barcelona,200.0,4.0,2.0,3.0,0.0,3.83,6.0,https://www.airbnb.es/rooms/1399112531085912534,1.3991125310859126e+18,0.0,4,0.97,1.0,0.0,1.0,1.0,Entire rental unit,Entire home/apt,1.0,365.0,Spain - National registration number<br />ESFCTU00000805400010547200000000000000000HUTB-0783604<br /><br />Barcelona - Regional registration number<br />HUTB-078360,0.5,0.6333333333333333,0.5111111111111111,0.3726027397260274,1
Barcelona,Eixample,1653502862215693162,2026-06-01,Apartamento en el Barri Gòtic,325.0,6.0,2.0,5.0,2.0,4.67,3.0,https://www.airbnb.es/rooms/1653502862215693162,,,0,,,,,,,,,,,,,,,0
Barcelona,Eixample,1623930793148912642,2026-06-01,Boutique Hotel H10 Catalunya Plaza,222.0,,,,,,,https://www.airbnb.es/rooms/1623930793148912642,,,0,,,,,,,,,,,,,,,0
Barcelona,Eixample,52137732,2026-06-01,Hostal en Eixample,233.0,2.0,1.0,1.0,1.0,5.0,12.0,https://www.airbnb.es/rooms/52137732,52137732.0,8.0,4,0.9,1.0,1.0,1.0,1.0,Private room in hostel,Private room,1.0,365.0,Barcelona - Regional registration number<br />HUTB-022001,0.4,0.48333333333333334,0.5,0.18904109589041096,1
Barcelona,Eixample,1608707384900427091,2026-06-01,Hotel Casa Luz,241.0,,,,,4.78,9.0,https://www.airbnb.es/rooms/1608707384900427091,,,0,,,,,,,,,,,,,,,0
Barcelona,Eixample,1197082508477861921,2026-06-01,Apartamento en el Barri Gòtic,325.0,3.0,1.0,1.0,1.0,4.77,60.0,https://www.airbnb.es/rooms/1197082508477861921,1.197082508477862e+18,3.0,4,1.0,1.0,1.0,1.0,1.0,Entire rental unit,Entire home/apt,1.0,365.0,Spain - National registration number<br />ESFCTU00000805400050276900000000000000000HUTB-0752631<br /><br />Barcelona - Regional registration number<br />HUTB-075263,0.9,0.8833333333333333,0.8666666666666667,0.947945205479452,1
Barcelona,Eixample,1599370050492145726,2026-06-01,chic&basic Lemon Boutique Hotel,174.0,,,,,4.6,5.0,https://www.airbnb.es/rooms/1599370050492145726,,,0,,,,,,,,,,,,,,,0
Barcelona,Eixample,690421336334403240,2026-06-01,Hotel en Barcelona,162.0,2.0,1.0,1.0,1.0,4.39,36.0,https://www.airbnb.es/rooms/690421336334403240,6.904213363344032e+17,3.0,4,1.0,1.0,0.0,1.0,1.0,Room in hotel,Private room,1.0,365.0,Barcelona - Regional registration number<br />HB-000508,0.6,0.7833333333333333,0.8555555555555555,0.8465753424657534,1
Barcelona,Eixample,26114542,2026-06-01,Hotel boutique en Barcelona,179.0,2.0,1.0,1.0,1.0,4.62,274.0,https://www.airbnb.es/rooms/26114542,26114542.0,7.0,4,1.0,0.98,1.0,1.0,1.0,Room in boutique hotel,Private room,1.0,1125.0,Barcelona - Regional registration number<br />HB-004666,0.6666666666666666,0.6666666666666666,0.7555555555555555,0.9397260273972603,1
Barcelona,Eixample,24589494,2026-06-01,Hotel boutique en .,205.0,3.0,1.0,2.0,0.0,4.66,185.0,https://www.airbnb.es/rooms/24589494,24589494.0,7.0,4,1.0,1.0,0.0,1.0,1.0,Room in boutique hotel,Private room,1.0,1125.0,Barcelona - Regional registration number<br />HB-004250,0.7333333333333333,0.8,0.8555555555555555,0.9561643835616438,1
Barcelona,Eixample,4117009,2026-06-01,Loft en Barcelona,306.0,4.0,1.0,3.0,1.0,4.83,440.0,https://www.airbnb.es/rooms/4117009,4117009.0,11.0,4,1.0,0.99,0.0,1.0,1.0,Entire loft,Entire home/apt,2.0,120.0,Barcelona - Regional registration number<br />HUTB-010311,0.7333333333333333,0.8666666666666667,0.9111111111111111,0.9287671232876712,1
Barcelona,Eixample,26114578,2026-06-01,Hotel boutique en Barcelona,205.0,2.0,1.0,1.0,1.0,4.65,648.0,https://www.airbnb.es/rooms/26114578,26114578.0,7.0,4,1.0,0.98,1.0,1.0,1.0,Room in boutique hotel,Private room,1.0,1125.0,Barcelona - Regional registration number<br />HB-004666,0.8666666666666667,0.8833333333333333,0.9222222222222223,0.9808219178082191,1
Barcelona,Eixample,562288828324380190,2026-06-01,Hostal en Barcelona,160.0,1.0,1.0,1.0,1.0,4.93,15.0,https://www.airbnb.es/rooms/562288828324380190,5.6228882832438016e+17,13.0,4,1.0,1.0,0.0,1.0,1.0,Private room in hostel,Private room,1.0,365.0,Barcelona - Regional registration number<br />HB-003960,0.5666666666666667,0.7,0.7111111111111111,0.9260273972602739,1
Barcelona,Eixample,45889115,2026-06-01,Habitación compartida en Barcelona,51.0,,,,,4.29,7.0,https://www.airbnb.es/rooms/45889115,45889115.0,5.0,4,1.0,0.99,0.0,1.0,1.0,Shared room in hostel,Shared room,1.0,1125.0,Barcelona - Regional registration number<br />AJ000593<br /><br />Spain - National registration number<br />Exempt,0.8,0.9,0.9333333333333333,0.9452054794520548,1
Barcelona,Eixample,1399912945645602366,2026-06-01,Hostal en Barcelona,171.0,2.0,1.0,1.0,0.0,4.63,43.0,https://www.airbnb.es/rooms/1399912945645602366,1.3999129456456023e+18,0.0,4,1.0,1.0,0.0,1.0,1.0,Private room in hostel,Private room,1.0,365.0,Barcelona - Regional registration number<br />HB-000899<br /><br />Spain - National registration number<br />Exempt,0.6666666666666666,0.7333333333333333,0.7888888888888889,0.9287671232876712,1
Barcelona,Eixample,21995015,2026-06-01,Apartamento en Barcelona,188.0,4.0,2.0,3.0,1.0,4.32,384.0,https://www.airbnb.es/rooms/21995015,21995015.0,3.0,0,,,0.0,1.0,1.0,Entire rental unit,Entire home/apt,1.0,365.0,Barcelona - Regional registration number<br />HUTB-010256,0.0,0.0,0.0,0.0,1
Barcelona,Eixample,43920422,2026-06-01,Hostal en Barcelona,171.0,2.0,1.0,1.0,1.0,4.82,330.0,https://www.airbnb.es/rooms/43920422,43920422.0,8.0,4,1.0,1.0,1.0,1.0,1.0,Private room in hostel,Private room,1.0,1125.0,Barcelona - Regional registration number<br />HB-004126<br /><br />Spain - National registration number<br />Exempt,0.43333333333333335,0.7166666666666667,0.7555555555555555,0.8191780821917808,1
Barcelona,Eixample,1086018140861723540,2026-06-01,Apartamento en Barcelona,224.0,3.0,1.0,2.0,0.0,4.5,122.0,https://www.airbnb.es/rooms/1086018140861723540,1.0860181408617235e+18,1.0,4,0.86,1.0,0.0,1.0,1.0,Entire rental unit,Entire home/apt,1.0,365.0,Barcelona - Regional registration number<br />HUTB-002963,0.6,0.7333333333333333,0.8222222222222222,0.9205479452054794,1
Barcelona,Eixample,46112987,2026-06-01,Habitación compartida en Barcelona,51.0,,,,,,,https://www.airbnb.es/rooms/46112987,46112987.0,5.0,4,1.0,0.99,0.0,1.0,1.0,Shared room in hostel,Shared room,1.0,1125.0,Barcelona - Regional registration number<br />AJ000593<br /><br />Spain - National registration number<br />Exempt,0.7666666666666667,0.8833333333333333,0.8888888888888888,0.9205479452054794,1
Barcelona,Eixample,872177389324953950,2026-06-01,Apartamento en Barcelona,284.0,4.0,1.0,2.0,1.0,4.65,62.0,https://www.airbnb.es/rooms/872177389324953950,8.72177389324954e+17,10.0,4,1.0,0.99,0.0,1.0,1.0,Entire rental unit,Entire home/apt,1.0,365.0,Barcelona - Regional registration number<br />HUTB-002016<br /><br />Spain - National registration number<br />ESFCTU000008056000867688000000000000000000HUTB0020164,0.06666666666666667,0.21666666666666667,0.34444444444444444,0.7698630136986301,1
Barcelona,Horta~Guinardó,699767101236251212,2026-06-01,Vivienda vacacional en Barcelona,292.0,4.0,2.0,3.0,2.0,4.52,66.0,https://www.airbnb.es/rooms/699767101236251212,6.997671012362513e+17,12.0,4,1.0,1.0,0.0,1.0,1.0,Entire vacation home,Entire home/apt,2.0,60.0,Spain - National registration number<br />ESFCTU00000804800039069300000000000000000HUTB-0007148,0.8333333333333334,0.8,0.8666666666666667,0.9671232876712329,1
Barcelona,Horta~Guinardó,32958232,2026-06-01,Habitaciones en San Fausto de Campcentellas,106.0,,2.0,3.0,,4.8,398.0,https://www.airbnb.es/rooms/32958232,,,0,,,,,,,,,,,,,,,0
Barcelona,Horta~Guinardó,1482518210467467973,2026-06-01,Alojamiento en Barberà del Vallés,118.0,1.0,3.0,3.0,1.0,5.0,4.0,https://www.airbnb.es/rooms/1482518210467467973,,,0,,,,,,,,,,,,,,,0
Barcelona,Horta~Guinardó,1479899776803939369,2026-06-01,Habitación en Badalona,164.0,,,1.0,,4.97,33.0,https://www.airbnb.es/rooms/1479899776803939369,,,0,,,,,,,,,,,,,,,0
Barcelona,Horta~Guinardó,1505592480371199538,2026-06-01,Alojamiento en Mataró,45.0,1.0,1.0,1.0,1.0,5.0,40.0,https://www.airbnb.es/rooms/1505592480371199538,,,0,,,,,,,,,,,,,,,0
Barcelona,Horta~Guinardó,623681053697731367,2026-06-01,Apartamento en Barcelona,198.0,5.0,2.0,4.0,1.0,4.22,27.0,https://www.airbnb.es/rooms/623681053697731367,6.236810536977313e+17,6.0,4,1.0,0.99,0.0,1.0,1.0,Entire rental unit,Entire home/apt,3.0,365.0,Spain - National registration number<br />ESFCTU00000811500024230400000000000000000HUTB-0129437,0.5,0.75,0.8333333333333334,0.589041095890411,1
Barcelona,Horta~Guinardó,1244149662131050850,2026-06-01,Casa rural en Tarrasa,182.0,4.0,1.0,2.0,1.0,4.88,33.0,https://www.airbnb.es/rooms/1244149662131050850,,,0,,,,,,,,,,,,,,,0
Barcelona,Horta~Guinardó,1693541294027713589,2026-06-01,Bed & breakfast en L'Hospitalet de Llobregat,59.0,2.0,1.0,1.0,1.0,,,https://www.airbnb.es/rooms/1693541294027713589,,,0,,,,,,,,,,,,,,,0
Barcelona,Horta~Guinardó,1268880281604179179,2026-06-01,Habitación en Mollet del Vallès,41.0,,,2.0,,4.84,67.0,https://www.airbnb.es/rooms/1268880281604179179,,,0,,,,,,,,,,,,,,,0
Barcelona,Horta~Guinardó,42112133,2026-06-01,Alojamiento en Premiá de Mar,77.0,2.0,1.0,1.0,1.0,4.78,208.0,https://www.airbnb.es/rooms/42112133,,,0,,,,,,,,,,,,,,,0
Barcelona,Horta~Guinardó,36324702,2026-06-01,Alojamiento en L'Hospitalet de Llobregat,102.0,1.0,1.0,1.0,1.0,4.34,29.0,https://www.airbnb.es/rooms/36324702,,,0,,,,,,,,,,,,,,,0
Barcelona,Horta~Guinardó,1455208546877813452,2026-06-01,Apartamento en Barcelona,207.0,4.0,3.0,3.0,1.0,4.67,45.0,https://www.airbnb.es/rooms/1455208546877813452,1.4552085468778135e+18,14.0,4,1.0,1.0,1.0,1.0,1.0,Entire rental unit,Entire home/apt,1.0,365.0,Barcelona - Regional registration number<br />HUTB-000000,0.5333333333333333,0.65,0.5888888888888889,0.8684931506849315,1
Barcelona,Horta~Guinardó,1021599813197691565,2026-06-01,Habitación en Matadepera,63.0,,,1.0,,4.96,115.0,https://www.airbnb.es/rooms/1021599813197691565,,,0,,,,,,,,,,,,,,,0
Barcelona,Horta~Guinardó,1610022680809524555,2026-06-01,Bed & breakfast en Sabadell,65.0,1.0,1.0,1.0,0.0,4.67,3.0,https://www.airbnb.es/rooms/1610022680809524555,,,0,,,,,,,,,,,,,,,0
Barcelona,Horta~Guinardó,1465104647433287203,2026-06-01,Apartamento en Barcelona,257.0,5.0,3.0,7.0,2.0,4.47,34.0,https://www.airbnb.es/rooms/1465104647433287203,1.4651046474332872e+18,12.0,4,1.0,0.79,0.0,1.0,1.0,Entire rental unit,Entire home/apt,1.0,365.0,Barcelona - Regional registration number<br />HUTB-004123<br /><br />Spain - National registration number<br />ESHFTU00000804800040100901000000000000HUTB-004123-706,0.06666666666666667,0.4,0.6,0.8876712328767123,1
Barcelona,Horta~Guinardó,827550894163283626,2026-06-01,Apartamento en Tarrasa,109.0,2.0,1.0,2.0,1.0,4.69,113.0,https://www.airbnb.es/rooms/827550894163283626,,,0,,,,,,,,,,,,,,,0
Barcelona,Horta~Guinardó,38541124,2026-06-01,Apartamento en Sabadell,119.0,6.0,3.0,5.0,1.0,4.47,270.0,https://www.airbnb.es/rooms/38541124,,,0,,,,,,,,,,,,,,,0
Barcelona,Horta~Guinardó,1148588542122095674,2026-06-01,Alojamiento en Pedra-Santa,34.0,1.0,1.0,1.0,1.0,,,https://www.airbnb.es/rooms/1148588542122095674,,,0,,,,,,,,,,,,,,,0
Barcelona,Horta~Guinardó,948616633723195379,2026-06-01,Habitación en Santa Coloma de Gramanet,80.0,,,2.0,,4.71,62.0,https://www.airbnb.es/rooms/948616633723195379,,,0,,,,,,,,,,,,,,,0
Barcelona,Horta~Guinardó,1690151509969722328,2026-06-01,Alojamiento en Barcelona,114.0,2.0,1.0,1.0,1.0,,,https://www.airbnb.es/rooms/1690151509969722328,,,0,,,,,,,,,,,,,,,0
Barcelona,Horta~Guinardó,1085526489458268676,2026-06-01,Habitación en Sant Cugat del Vallès,124.0,,,1.0,,4.67,6.0,https://www.airbnb.es/rooms/1085526489458268676,,,0,,,,,,,,,,,,,,,0
Barcelona,Horta~Guinardó,1510810220543970785,2026-06-01,Habitación compartida en Barcelona,48.0,,,1.0,,4.33,18.0,https://www.airbnb.es/rooms/1510810220543970785,1.5108102205439708e+18,1.0,4,0.9,0.97,0.0,1.0,1.0,Shared room in bed and breakfast,Shared room,1.0,365.0,Barcelona - Regional registration number<br />AJ000645,0.7666666666666667,0.8833333333333333,0.9222222222222223,0.9808219178082191,1
Barcelona,Horta~Guinardó,45877521,2026-06-01,Apartamento en Alella,191.0,2.0,1.0,1.0,1.0,4.87,63.0,https://www.airbnb.es/rooms/45877521,,,0,,,,,,,,,,,,,,,0
Barcelona,Horta~Guinardó,840365918787944328,2026-06-01,Apartamento en Santa Coloma de Gramanet,154.0,6.0,3.0,5.0,1.0,4.64,142.0,https://www.airbnb.es/rooms/840365918787944328,,,0,,,,,,,,,,,,,,,0
Barcelona,Horta~Guinardó,691081178879551865,2026-06-01,Granja en Castellar del Vallés,88.0,2.0,1.0,1.0,1.0,4.8,170.0,https://www.airbnb.es/rooms/691081178879551865,,,0,,,,,,,,,,,,,,,0
Barcelona,Horta~Guinardó,1327645600477620047,2026-06-01,Apartamento en Badalona,147.0,4.0,1.0,2.0,1.0,4.53,36.0,https://www.airbnb.es/rooms/1327645600477620047,,,0,,,,,,,,,,,,,,,0
Barcelona,Horta~Guinardó,27574462,2026-06-01,Habitación en Sant Cugat del Vallès,100.0,,,1.0,,4.85,239.0,https://www.airbnb.es/rooms/27574462,,,0,,,,,,,,,,,,,,,0
Barcelona,Horta~Guinardó,1197058036461399646,2026-06-01,Apartamento en Barcelona,320.0,5.0,2.0,4.0,1.0,4.58,110.0,https://www.airbnb.es/rooms/1197058036461399646,1.1970580364613996e+18,1.0,4,0.94,1.0,0.0,0.0,1.0,Entire rental unit,Entire home/apt,1.0,365.0,Barcelona - Regional registration number<br />HUTB-008030,0.3,0.5,0.6666666666666666,0.6575342465753424,1
Barcelona,Horta~Guinardó,1504229762292927458,2026-06-01,Alojamiento en Santa Coloma de Gramanet,125.0,2.0,1.0,1.0,1.0,,,https://www.airbnb.es/rooms/1504229762292927458,,,0,,,,,,,,,,,,,,,0
Barcelona,Horta~Guinardó,948619998734914618,2026-06-01,Habitación en Santa Coloma de Gramanet,90.0,,,1.0,,4.93,28.0,https://www.airbnb.es/rooms/948619998734914618,,,0,,,,,,,,,,,,,,,0
Barcelona,Horta~Guinardó,33529781,2026-06-01,Apto. residencial en Teià,171.0,5.0,3.0,6.0,1.0,4.82,223.0,https://www.airbnb.es/rooms/33529781,,,0,,,,,,,,,,,,,,,0
Barcelona,Horta~Guinardó,17148061,2026-06-01,Apartamento en L'Hospitalet de Llobregat,192.0,4.0,2.0,2.0,1.0,4.56,255.0,https://www.airbnb.es/rooms/17148061,,,0,,,,,,,,,,,,,,,0
Barcelona,Horta~Guinardó,883382,2026-06-01,Apartamento en Barcelona,282.0,4.0,2.0,4.0,1.0,4.7,244.0,https://www.airbnb.es/rooms/883382,883382.0,12.0,4,1.0,1.0,1.0,1.0,1.0,Entire rental unit,Entire home/apt,1.0,100.0,Spain - National registration number<br />ESFCTU00000804800038221600000000000000HUTB-009721-655,0.6333333333333333,0.7,0.7,0.8575342465753425,1
Madrid,Tetuán,1652994921110322087,2026-06-01,Apartamento en Madrid,89.0,4.0,1.0,2.0,1.0,5.0,9.0,https://www.airbnb.es/rooms/1652994921110322087,,,0,,,,,,,,,,,,,,,0
Madrid,Tetuán,1512225909580465102,2026-06-01,Alojamiento en Tetuán,50.0,1.0,1.0,1.0,3.0,4.56,41.0,https://www.airbnb.es/rooms/1512225909580465102,,,0,,,,,,,,,,,,,,,0
Madrid,Tetuán,1512285756050278380,2026-06-01,Alojamiento en Tetuán,60.0,2.0,1.0,1.0,3.0,4.61,46.0,https://www.airbnb.es/rooms/1512285756050278380,,,0,,,,,,,,,,,,,,,0
Madrid,Tetuán,862945987642116253,2026-06-01,Apartamento en Tetuán,86.0,4.0,,1.0,1.0,4.39,61.0,https://www.airbnb.es/rooms/862945987642116253,8.629459876421162e+17,,4,1.0,1.0,0.0,1.0,1.0,Entire rental unit,Entire home/apt,2.0,1125.0,ESFCNT00002810000025963000000000000000000000000000005,0.8,0.9,0.9222222222222223,0.2273972602739726,1
Madrid,Tetuán,1242677685438952483,2026-06-01,Apartamento en Cuatro Caminos,82.0,2.0,1.0,1.0,1.0,4.44,112.0,https://www.airbnb.es/rooms/1242677685438952483,1.2426776854389524e+18,,4,1.0,1.0,0.0,1.0,1.0,Entire rental unit,Entire home/apt,1.0,1125.0,20200301833,0.0,0.016666666666666666,0.1111111111111111,0.1643835616438356,1
Madrid,Tetuán,1006474949452112287,2026-06-01,Apartamento en Tetuán,106.0,,,,,4.4,55.0,https://www.airbnb.es/rooms/1006474949452112287,1.0064749494521123e+18,,4,1.0,1.0,0.0,1.0,1.0,Entire rental unit,Entire home/apt,2.0,1125.0,ESFCNT00002809400000577200000000000000000000000000003,0.7333333333333333,0.8666666666666667,0.9,0.2219178082191781,1
Madrid,Tetuán,844000325499446880,2026-06-01,Habitación en Tetuán,103.0,,,1.0,,4.93,85.0,https://www.airbnb.es/rooms/844000325499446880,8.440003254994469e+17,,3,1.0,0.98,1.0,1.0,1.0,Private room in rental unit,Private room,2.0,365.0,,0.06666666666666667,0.13333333333333333,0.16666666666666666,0.6575342465753424,0
Madrid,Tetuán,34123888,2026-06-01,Habitación en Tetuán,147.0,,,1.0,,4.97,182.0,https://www.airbnb.es/rooms/34123888,34123888.0,,4,1.0,0.99,1.0,1.0,1.0,Private room in rental unit,Private room,2.0,330.0,ESHFNT00002809400011701700300000000000000000000000005,0.16666666666666666,0.35,0.4666666666666667,0.6575342465753424,1
Madrid,Tetuán,37511724,2026-06-01,Apartamento en Tetuán,262.0,2.0,,1.0,1.0,4.73,153.0,https://www.airbnb.es/rooms/37511724,37511724.0,,4,1.0,0.94,0.0,1.0,1.0,Entire rental unit,Entire home/apt,1.0,365.0,VT-11310,0.13333333333333333,0.48333333333333334,0.6333333333333333,0.9013698630136986,1
Madrid,Tetuán,28049357,2026-06-01,Habitación en Tetuán,52.0,,,1.0,,4.85,419.0,https://www.airbnb.es/rooms/28049357,28049357.0,,4,1.0,1.0,1.0,1.0,1.0,Private room in rental unit,Private room,1.0,1125.0,,0.26666666666666666,0.45,0.5444444444444444,0.17534246575342466,0
Madrid,Tetuán,767013884849512261,2026-06-01,Habitación en Tetuán,133.0,,,1.0,,4.96,140.0,https://www.airbnb.es/rooms/767013884849512261,7.670138848495123e+17,,4,1.0,1.0,1.0,1.0,1.0,Private room in rental unit,Private room,2.0,4.0,ESHFNT00002810700005209400100000000000000000000000005,0.0,0.16666666666666666,0.4,0.18904109589041096,1
Madrid,Tetuán,748392739923041480,2026-06-01,Habitación en Chamberí,135.0,,,1.0,,4.9,107.0,https://www.airbnb.es/rooms/748392739923041480,7.483927399230415e+17,,0,,,0.0,1.0,1.0,Private room in condo,Private room,2.0,28.0,REGAGE24e0091907527,0.03333333333333333,0.3,0.4777777777777778,0.8273972602739726,1
Madrid,Tetuán,1537571099272969419,2026-06-01,Alojamiento en Madrid,70.0,2.0,1.0,1.0,1.0,4.78,77.0,https://www.airbnb.es/rooms/1537571099272969419,,,0,,,,,,,,,,,,,,,0
Madrid,Tetuán,1294712015241664838,2026-06-01,Apartamento en Tetuán,118.0,2.0,1.0,1.0,1.0,4.68,53.0,https://www.airbnb.es/rooms/1294712015241664838,1.2947120152416648e+18,,4,1.0,1.0,1.0,1.0,1.0,Entire rental unit,Entire home/apt,4.0,365.0,,0.06666666666666667,0.35,0.5222222222222223,0.6219178082191781,0
Madrid,Tetuán,999780427466755181,2026-06-01,Apartamento en Tetuán,125.0,3.0,1.0,1.0,1.0,4.66,98.0,https://www.airbnb.es/rooms/999780427466755181,9.997804274667552e+17,,4,1.0,1.0,0.0,0.0,1.0,Entire rental unit,Entire home/apt,1.0,365.0,,0.13333333333333333,0.18333333333333332,0.36666666666666664,0.7945205479452054,0
Madrid,Tetuán,1497102583939040812,2026-06-01,Apartamento en Tetuán,74.0,2.0,1.0,1.0,1.0,4.55,42.0,https://www.airbnb.es/rooms/1497102583939040812,,,0,,,,,,,,,,,,,,,0
Madrid,Tetuán,1426003829332352387,2026-06-01,Hotel en Cuatro Caminos,108.0,2.0,1.0,1.0,1.0,4.82,45.0,https://www.airbnb.es/rooms/1426003829332352387,1.4260038293323525e+18,,4,1.0,0.99,0.0,1.0,1.0,Room in hotel,Private room,1.0,365.0,,0.23333333333333334,0.4,0.5444444444444444,0.5671232876712329,0
Madrid,Tetuán,1283902065604455817,2026-06-01,Apartamento en Tetuán,135.0,4.0,1.0,2.0,1.0,4.86,51.0,https://www.airbnb.es/rooms/1283902065604455817,1.283902065604456e+18,,4,0.99,0.99,1.0,1.0,1.0,Entire rental unit,Entire home/apt,1.0,1125.0,ESHFTU00002813600015756000200000000000000000VT-146885,0.26666666666666666,0.3,0.5333333333333333,0.13150684931506848,1
Madrid,Tetuán,1410706900579981710,2026-06-01,Habitación compartida en Cuatro Caminos,23.0,,,1.0,,4.85,13.0,https://www.airbnb.es/rooms/1410706900579981710,1.4107069005799818e+18,,4,1.0,1.0,0.0,1.0,1.0,Shared room in bed and breakfast,Shared room,1.0,365.0,,0.9333333333333333,0.9666666666666667,0.9777777777777777,0.6191780821917808,0
Madrid,Tetuán,1269499095444942789,2026-06-01,Hostal en Cuatro Caminos,122.0,2.0,1.0,1.0,0.0,4.86,74.0,https://www.airbnb.es/rooms/1269499095444942789,1.2694990954449428e+18,,4,1.0,1.0,0.0,1.0,1.0,Entire rental unit,Entire home/apt,1.0,365.0,Exempt,0.43333333333333335,0.6833333333333333,0.7888888888888889,0.9397260273972603,1
Madrid,Tetuán,935927233926803692,2026-06-01,Apartamento en Tetuán,89.0,2.0,1.0,1.0,1.0,4.5,8.0,https://www.airbnb.es/rooms/935927233926803692,9.359272339268037e+17,,2,1.0,0.5,0.0,1.0,1.0,Entire rental unit,Entire home/apt,1.0,14.0,,0.0,0.05,0.36666666666666664,0.09315068493150686,0
Madrid,Tetuán,1528243977441060535,2026-06-01,Apartamento en Madrid,131.0,4.0,1.0,2.0,1.0,5.0,11.0,https://www.airbnb.es/rooms/1528243977441060535,,,0,,,,,,,,,,,,,,,0
Madrid,Tetuán,1510908159659674180,2026-06-01,Apartamento en Valdezarza,131.0,4.0,1.0,2.0,1.0,4.95,20.0,https://www.airbnb.es/rooms/1510908159659674180,,,0,,,,,,,,,,,,,,,0
Madrid,Tetuán,999746267536341965,2026-06-01,Apartamento en Tetuán,135.0,4.0,1.0,1.0,1.0,4.7,69.0,https://www.airbnb.es/rooms/999746267536341965,9.99746267536342e+17,,4,1.0,1.0,0.0,0.0,1.0,Entire rental unit,Entire home/apt,1.0,365.0,,0.06666666666666667,0.3,0.4666666666666667,0.8438356164383561,0
Madrid,Tetuán,17166723,2026-06-01,Habitación en Salamanca,53.0,,,1.0,,4.89,620.0,https://www.airbnb.es/rooms/17166723,17166723.0,,4,1.0,1.0,1.0,1.0,1.0,Private room in rental unit,Private room,1.0,28.0,,0.03333333333333333,0.21666666666666667,0.37777777777777777,0.4904109589041096,0
Madrid,Tetuán,1549321306621134078,2026-06-01,Hostal en Madrid,73.0,2.0,,1.0,1.0,4.94,18.0,https://www.airbnb.es/rooms/1549321306621134078,,,0,,,,,,,,,,,,,,,0
Madrid,Tetuán,762222031612564072,2026-06-01,Apartamento en Tetuán,131.0,2.0,1.0,1.0,1.0,4.7,37.0,https://www.airbnb.es/rooms/762222031612564072,,,0,,,,,,,,,,,,,,,0
Madrid,Tetuán,1445555081312991832,2026-06-01,Habitación en Tetuán,70.0,,,1.0,,4.65,82.0,https://www.airbnb.es/rooms/1445555081312991832,1.4455550813129917e+18,,0,,,0.0,,,Private room in rental unit,Private room,1.0,365.0,VT-14113,0.5333333333333333,0.5666666666666667,0.37777777777777777,0.09315068493150686,1
Madrid,Tetuán,1277430795219869662,2026-06-01,Apartamento en Tetuán,141.0,4.0,1.0,2.0,1.0,4.87,95.0,https://www.airbnb.es/rooms/1277430795219869662,1.2774307952198697e+18,,4,0.99,0.99,1.0,1.0,1.0,Entire rental unit,Entire home/apt,1.0,1125.0,ESHFTU00002813600015756000300000000000000000VT-146891,0.2,0.38333333333333336,0.5555555555555556,0.136986301369863,1
Madrid,Tetuán,1410732724754267208,2026-06-01,Habitación compartida en Cuatro Caminos,23.0,,,1.0,,4.65,43.0,https://www.airbnb.es/rooms/1410732724754267208,1.4107327247542671e+18,,4,1.0,1.0,0.0,1.0,1.0,Shared room in bed and breakfast,Shared room,1.0,365.0,,0.8,0.9,0.9333333333333333,0.6082191780821918,0
Madrid,Tetuán,1183079345536437587,2026-06-01,Apartamento en Tetuán,215.0,6.0,2.0,3.0,1.0,4.9,86.0,https://www.airbnb.es/rooms/1183079345536437587,1.1830793455364375e+18,,4,1.0,1.0,1.0,1.0,1.0,Entire rental unit,Entire home/apt,1.0,365.0,ESFCTU00002810000030610500000000000000000000VT-145575,0.4666666666666667,0.6166666666666667,0.6777777777777778,0.9178082191780822,1
Madrid,Tetuán,1340376110053785468,2026-06-01,easyHotel Madrid Alcala,83.0,,,,,4.74,1189.0,https://www.airbnb.es/rooms/1340376110053785468,1.3403761100537853e+18,,4,1.0,1.0,1.0,1.0,1.0,Room in hotel,Private room,1.0,365.0,,0.9333333333333333,0.9666666666666667,0.9777777777777777,0.3095890410958904,0
Madrid,Tetuán,1548364732773397400,2026-06-01,Sercotel Togumar,129.0,,,,,4.7,40.0,https://www.airbnb.es/rooms/1548364732773397400,,,0,,,,,,,,,,,,,,,0
Madrid,Tetuán,1486125207238545074,2026-06-01,Hotel Suites Feria de Madrid,109.0,,,,,4.84,178.0,https://www.airbnb.es/rooms/1486125207238545074,,,0,,,,,,,,,,,,,,,0
Madrid,Tetuán,1594902380071464129,2026-06-01,Welco Valdebebas,133.0,,,,,4.79,187.0,https://www.airbnb.es/rooms/1594902380071464129,,,0,,,,,,,,,,,,,,,0
Madrid,Tetuán,1638314870111458557,2026-06-01,Sercotel Alcalá 611,147.0,,,,,4.78,23.0,https://www.airbnb.es/rooms/1638314870111458557,,,0,,,,,,,,,,,,,,,0
Madrid,Tetuán,1539154308665747054,2026-06-01,NH Madrid Paseo De La Habana,207.0,,,,,4.8,5.0,https://www.airbnb.es/rooms/1539154308665747054,,,0,,,,,,,,,,,,,,,0
Madrid,Tetuán,1574502210259408768,2026-06-01,Hotel Acta Madfor,164.0,,,,,4.62,47.0,https://www.airbnb.es/rooms/1574502210259408768,,,0,,,,,,,,,,,,,,,0
Madrid,Tetuán,1513716274577759902,2026-06-01,Inhala Hotel Garden,189.0,,,,,4.61,144.0,https://www.airbnb.es/rooms/1513716274577759902,,,0,,,,,,,,,,,,,,,0
Madrid,Tetuán,1578153666639460768,2026-06-01,Hotel 1881 Madrid Ventas,135.0,,,,,5.0,6.0,https://www.airbnb.es/rooms/1578153666639460768,,,0,,,,,,,,,,,,,,,0
Madrid,Tetuán,981026027862256081,2026-06-01,Apartamento en Tetuán,194.0,8.0,3.0,3.0,2.0,4.31,74.0,https://www.airbnb.es/rooms/981026027862256081,9.810260278622561e+17,,4,1.0,1.0,0.0,1.0,1.0,Entire rental unit,Entire home/apt,2.0,1125.0,ESFCNT00002810000001686800000000000000000000000000009,0.5666666666666667,0.7833333333333333,0.8444444444444444,0.20821917808219179,1
Madrid,Tetuán,1546399101535973831,2026-06-01,Alojamiento en Madrid,70.0,2.0,1.0,1.0,2.0,4.47,36.0,https://www.airbnb.es/rooms/1546399101535973831,,,0,,,,,,,,,,,,,,,0
Madrid,Tetuán,1537584798404847783,2026-06-01,Alojamiento en Madrid,70.0,2.0,1.0,1.0,1.0,4.7,70.0,https://www.airbnb.es/rooms/1537584798404847783,,,0,,,,,,,,,,,,,,,0
Madrid,Tetuán,1299771712861765478,2026-06-01,Apartamento en Tetuán,191.0,6.0,2.0,2.0,2.0,4.72,72.0,https://www.airbnb.es/rooms/1299771712861765478,1.2997717128617654e+18,,4,1.0,1.0,0.0,1.0,1.0,Entire rental unit,Entire home/apt,2.0,1125.0,ESFCNT00002811500053195200000000000000000000000000001,0.5333333333333333,0.75,0.8333333333333334,0.2054794520547945,1
Madrid,Tetuán,1561711800911512048,2026-06-01,Alojamiento en Madrid,70.0,2.0,1.0,1.0,2.0,4.68,59.0,https://www.airbnb.es/rooms/1561711800911512048,,,0,,,,,,,,,,,,,,,0
Madrid,Tetuán,833787881956866657,2026-06-01,Apartamento en Tetuán,171.0,4.0,1.0,2.0,1.0,4.81,249.0,https://www.airbnb.es/rooms/833787881956866657,8.337878819568667e+17,,4,1.0,0.97,1.0,1.0,1.0,Entire rental unit,Entire home/apt,1.0,30.0,ESFCTU00002810000020295700000000000000000000VT-137567,0.36666666666666664,0.5666666666666667,0.6777777777777778,0.410958904109589,1
Madrid,Tetuán,1235562227088526430,2026-06-01,Habitación en Tetuán,56.0,,,1.0,,4.69,68.0,https://www.airbnb.es/rooms/1235562227088526430,1.2355622270885263e+18,,4,0.9,0.99,0.0,0.0,1.0,Private room in home,Private room,1.0,1125.0,,0.4666666666666667,0.6166666666666667,0.7444444444444445,0.936986301369863,0
Madrid,Tetuán,1262780716268389428,2026-06-01,Apartamento en Chamartín,152.0,,,,,4.78,406.0,https://www.airbnb.es/rooms/1262780716268389428,1.2627807162683894e+18,,4,0.98,0.99,0.0,1.0,1.0,Entire rental unit,Entire home/apt,1.0,365.0,ESHFTU000028094000326105141000000000000000000AM-14661,0.9,0.95,0.9666666666666667,0.9917808219178083,1
Madrid,Tetuán,1461290291734415238,2026-06-01,Habitación en Sol,25.0,,,1.0,,4.64,84.0,https://www.airbnb.es/rooms/1461290291734415238,1.4612902917344154e+18,,4,0.99,1.0,0.0,1.0,1.0,Private room in rental unit,Private room,2.0,16.0,Exempt,0.2,0.6,0.7111111111111111,0.17534246575342466,1
Madrid,Tetuán,795405693750606575,2026-06-01,Habitación en Ventas,30.0,,,1.0,,4.64,389.0,https://www.airbnb.es/rooms/795405693750606575,7.954056937506066e+17,,4,1.0,1.0,0.0,1.0,1.0,Private room in rental unit,Private room,1.0,1125.0,,0.1,0.16666666666666666,0.2777777777777778,0.536986301369863,0
Madrid,Tetuán,786152909321109689,2026-06-01,Apartamento en Tetuán,126.0,2.0,1.0,1.0,1.0,4.83,35.0,https://www.airbnb.es/rooms/786152909321109689,,,0,,,,,,,,,,,,,,,0
Madrid,Tetuán,1590526019567781103,2026-06-01,Alojamiento en Madrid,71.0,2.0,1.0,2.0,1.0,4.78,18.0,https://www.airbnb.es/rooms/1590526019567781103,,,0,,,,,,,,,,,,,,,0
Madrid,Tetuán,1353397384628199738,2026-06-01,Habitación compartida en Tetuán,43.0,,,1.0,5.0,4.24,34.0,https://www.airbnb.es/rooms/1353397384628199738,1.3533973846281997e+18,,4,1.0,1.0,0.0,1.0,1.0,Shared room in bed and breakfast,Shared room,1.0,30.0,,0.2,0.55,0.7,0.6602739726027397,0
Madrid,Tetuán,34767374,2026-06-01,Habitación en Chamartín,61.0,,,1.0,,4.91,191.0,https://www.airbnb.es/rooms/34767374,34767374.0,,4,1.0,0.83,1.0,1.0,1.0,Private room in rental unit,Private room,1.0,1125.0,,0.23333333333333334,0.21666666666666667,0.4111111111111111,0.4931506849315068,0
Madrid,Tetuán,1233906012351459182,2026-06-01,Apartamento en Tetuán,124.0,3.0,1.0,2.0,0.0,4.86,7.0,https://www.airbnb.es/rooms/1233906012351459182,1.233906012351459e+18,,4,0.83,0.99,0.0,1.0,1.0,Entire rental unit,Entire home/apt,1.0,365.0,Exempt,0.6,0.6166666666666667,0.6333333333333333,0.7753424657534247,1
Madrid,Tetuán,1523082388764857220,2026-06-01,Apartamento en Madrid,140.0,2.0,1.0,1.0,1.0,4.66,35.0,https://www.airbnb.es/rooms/1523082388764857220,,,0,,,,,,,,,,,,,,,0
Madrid,Tetuán,1485479169831506548,2026-06-01,Apartamento en Hortaleza,103.0,2.0,1.0,1.0,0.0,4.79,730.0,https://www.airbnb.es/rooms/1485479169831506548,1.4854791698315064e+18,,4,0.99,1.0,0.0,1.0,1.0,Entire rental unit,Entire home/apt,1.0,1125.0,Exempt,0.9333333333333333,0.9666666666666667,0.9777777777777777,0.9945205479452055,1
Madrid,Tetuán,1511707768583420429,2026-06-01,Alojamiento en Tetuán,60.0,2.0,1.0,1.0,3.0,4.17,47.0,https://www.airbnb.es/rooms/1511707768583420429,,,0,,,,,,,,,,,,,,,0
Madrid,Tetuán,1543507873645010049,2026-06-01,Alojamiento en Madrid,80.0,2.0,1.0,1.0,2.0,4.65,48.0,https://www.airbnb.es/rooms/1543507873645010049,,,0,,,,,,,,,,,,,,,0
Madrid,Tetuán,1059948249334468151,2026-06-01,Alojamiento en Cuatro Caminos,105.0,2.0,1.0,1.0,1.0,4.78,18.0,https://www.airbnb.es/rooms/1059948249334468151,1.0599482493344681e+18,,4,1.0,0.89,1.0,1.0,1.0,Private room in rental unit,Private room,1.0,365.0,,0.16666666666666666,0.4,0.5777777777777777,0.6356164383561644,0
Madrid,Tetuán,19112582,2026-06-01,Habitación en Chamartín,88.0,,,1.0,,4.91,365.0,https://www.airbnb.es/rooms/19112582,19112582.0,,4,1.0,0.96,1.0,1.0,1.0,Private room in rental unit,Private room,1.0,1125.0,ESHFNT00002811000050944400200000000000000000000000004,0.16666666666666666,0.4666666666666667,0.4,0.1232876712328767,1
Madrid,Tetuán,1451432280189260074,2026-06-01,Habitación en Pilar,104.0,,,1.0,,4.8,86.0,https://www.airbnb.es/rooms/1451432280189260074,1.45143228018926e+18,,4,1.0,1.0,0.0,1.0,1.0,Private room in rental unit,Private room,1.0,365.0,,0.9,0.95,0.9666666666666667,0.9917808219178083,0
Madrid,Tetuán,1561707443086656877,2026-06-01,Alojamiento en Madrid,70.0,2.0,1.0,1.0,2.0,4.67,57.0,https://www.airbnb.es/rooms/1561707443086656877,,,0,,,,,,,,,,,,,,,0
Madrid,Tetuán,1382578240001983116,2026-06-01,Habitación en Madrid,59.0,,,1.0,,4.97,147.0,https://www.airbnb.es/rooms/1382578240001983116,1.3825782400019832e+18,,4,1.0,0.97,1.0,1.0,1.0,Private room in rental unit,Private room,1.0,32.0,,0.03333333333333333,0.31666666666666665,0.4666666666666667,0.14520547945205478,0
Madrid,Tetuán,1226624025229624874,2026-06-01,Habitación en Tetuán,51.0,,,2.0,,4.11,71.0,https://www.airbnb.es/rooms/1226624025229624874,1.2266240252296248e+18,,4,1.0,1.0,0.0,1.0,1.0,Private room in bed and breakfast,Private room,1.0,60.0,,0.3333333333333333,0.6666666666666666,0.7444444444444445,0.6767123287671233,0
Madrid,Tetuán,1463784194161638134,2026-06-01,Habitación en Hortaleza,55.0,,,1.0,,4.51,65.0,https://www.airbnb.es/rooms/1463784194161638134,1.4637841941616381e+18,,0,,,0.0,,,Private room in home,Private room,1.0,365.0,ESFCTU00000304400021559900000000000000000VT-509120-A3,0.4666666666666667,0.5333333333333333,0.35555555555555557,0.08767123287671233,1
Madrid,Tetuán,1549330908681234871,2026-06-01,Hostal en Madrid,73.0,2.0,1.0,1.0,0.0,4.86,35.0,https://www.airbnb.es/rooms/1549330908681234871,,,0,,,,,,,,,,,,,,,0
Madrid,Tetuán,18939228,2026-06-01,Habitación en Tetuán,59.0,,,1.0,,4.94,63.0,https://www.airbnb.es/rooms/18939228,18939228.0,,4,1.0,1.0,1.0,1.0,1.0,Private room in rental unit,Private room,3.0,730.0,ESHFNT00002810000007557500100000000000000000000000007,0.03333333333333333,0.35,0.5666666666666667,0.8931506849315068,1
Madrid,Tetuán,1322567264800622761,2026-06-01,Habitación de hotel compartida en Cuatro Caminos,23.0,,,15.0,3.0,4.56,105.0,https://www.airbnb.es/rooms/1322567264800622761,1.3225672648006228e+18,,4,1.0,0.99,0.0,1.0,1.0,Shared room in hotel,Shared room,1.0,365.0,,0.9333333333333333,0.9666666666666667,0.9777777777777777,0.29041095890410956,0
Madrid,Tetuán,1410687626470328335,2026-06-01,Habitación compartida en Cuatro Caminos,23.0,,,1.0,,4.76,17.0,https://www.airbnb.es/rooms/1410687626470328335,1.4106876264703283e+18,,4,1.0,1.0,0.0,1.0,1.0,Shared room in bed and breakfast,Shared room,1.0,365.0,,0.9333333333333333,0.9666666666666667,0.9777777777777777,0.6191780821917808,0
Madrid,Tetuán,1349196106122539187,2026-06-01,Apartamento en Madrid,70.0,2.0,,1.0,1.0,4.5,46.0,https://www.airbnb.es/rooms/1349196106122539187,1.3491961061225393e+18,,4,1.0,1.0,0.0,1.0,1.0,Entire rental unit,Entire home/apt,2.0,1125.0,ESFCNT00002805300041672800000000000000000000000000005,0.7,0.85,0.9,0.2219178082191781,1
Madrid,Tetuán,1549336735254432699,2026-06-01,Hostal en Madrid,73.0,1.0,1.0,1.0,1.0,5.0,10.0,https://www.airbnb.es/rooms/1549336735254432699,,,0,,,,,,,,,,,,,,,0
Madrid,Tetuán,1674553467305625039,2026-06-01,Hotel boutique en Madrid,119.0,2.0,1.0,1.0,1.0,,,https://www.airbnb.es/rooms/1674553467305625039,,,0,,,,,,,,,,,,,,,0
Madrid,Tetuán,49851685,2026-06-01,Apto. residencial en Tetuán,177.0,4.0,1.0,2.0,1.0,4.87,338.0,https://www.airbnb.es/rooms/49851685,49851685.0,,4,1.0,0.97,1.0,1.0,1.0,Entire condo,Entire home/apt,1.0,30.0,ESFCTU00002810000102793100000000000000000000VT-138852,0.5333333333333333,0.7666666666666667,0.8444444444444444,0.7013698630136986,1
Madrid,Tetuán,1456520181777808265,2026-06-01,Apartamento en Tetuán,130.0,4.0,1.0,1.0,1.0,4.26,19.0,https://www.airbnb.es/rooms/1456520181777808265,,,0,,,,,,,,,,,,,,,0
Madrid,Tetuán,996154614511664571,2026-06-01,Apartamento en Tetuán,145.0,4.0,1.0,1.0,1.0,4.71,38.0,https://www.airbnb.es/rooms/996154614511664571,9.961546145116645e+17,,4,1.0,1.0,0.0,0.0,1.0,Entire rental unit,Entire home/apt,1.0,365.0,,0.1,0.21666666666666667,0.4111111111111111,0.8,0
Madrid,Tetuán,1425362291033969696,2026-06-01,Vivienda en Tetuán,94.0,4.0,1.0,4.0,1.0,4.62,50.0,https://www.airbnb.es/rooms/1425362291033969696,1.4253622910339697e+18,,4,1.0,1.0,0.0,1.0,1.0,Entire home,Entire home/apt,1.0,365.0,,0.7333333333333333,0.85,0.9,0.9726027397260274,0
Madrid,Tetuán,1410084135313977775,2026-06-01,Habitación en Tetuán,67.0,,,1.0,,4.4,15.0,https://www.airbnb.es/rooms/1410084135313977775,1.4100841353139779e+18,,3,0.91,0.6,0.0,1.0,1.0,Private room in rental unit,Private room,4.0,365.0,,0.0,0.0,0.0,0.726027397260274,0
Madrid,Tetuán,1445536324074192191,2026-06-01,Habitación en Tetuán,70.0,,,1.0,,4.55,88.0,https://www.airbnb.es/rooms/1445536324074192191,1.4455363240741921e+18,,0,,,0.0,,,Private room in rental unit,Private room,1.0,365.0,VT-14113,0.3333333333333333,0.4666666666666667,0.3111111111111111,0.07671232876712329,1
Madrid,Tetuán,1546404788999406804,2026-06-01,Alojamiento en Madrid,75.0,2.0,1.0,1.0,2.0,4.62,47.0,https://www.airbnb.es/rooms/1546404788999406804,,,0,,,,,,,,,,,,,,,0
Madrid,Tetuán,1410705031152160868,2026-06-01,Habitación compartida en Cuatro Caminos,23.0,,,1.0,,4.6,55.0,https://www.airbnb.es/rooms/1410705031152160868,1.4107050311521608e+18,,4,1.0,1.0,0.0,1.0,1.0,Shared room in bed and breakfast,Shared room,1.0,365.0,,0.8666666666666667,0.9333333333333333,0.9555555555555556,0.6136986301369863,0
Madrid,Tetuán,914057,2026-06-01,Habitación en Puente de Vallecas,30.0,,,2.0,,4.88,345.0,https://www.airbnb.es/rooms/914057,914057.0,,3,0.74,0.93,0.0,1.0,1.0,Private room in rental unit,Private room,1.0,1125.0,,0.1,0.18333333333333332,0.2777777777777778,0.726027397260274,0
Madrid,Tetuán,1286172083826512246,2026-06-01,Habitación en Tetuán,57.0,,,4.0,,4.07,46.0,https://www.airbnb.es/rooms/1286172083826512246,1.2861720838265121e+18,,4,1.0,1.0,0.0,1.0,1.0,Private room in bed and breakfast,Private room,1.0,30.0,,0.7333333333333333,0.6666666666666666,0.7666666666666667,0.6821917808219178,0
Madrid,Tetuán,1528243874408094234,2026-06-01,Apartamento en Madrid,131.0,4.0,1.0,2.0,1.0,4.8,10.0,https://www.airbnb.es/rooms/1528243874408094234,,,0,,,,,,,,,,,,,,,0
Madrid,Tetuán,1663784009828397296,2026-06-01,Apartamento en Madrid,146.0,4.0,1.0,1.0,1.0,,,https://www.airbnb.es/rooms/1663784009828397296,,,0,,,,,,,,,,,,,,,0
Madrid,Tetuán,23124018,2026-06-01,Hotel en Tetuán,90.0,1.0,1.0,1.0,1.0,4.65,31.0,https://www.airbnb.es/rooms/23124018,23124018.0,,3,0.88,0.49,0.0,1.0,1.0,Room in hotel,Private room,1.0,1125.0,,0.5,0.6833333333333333,0.7444444444444445,0.936986301369863,0
Madrid,Tetuán,1561703899200570207,2026-06-01,Alojamiento en Madrid,70.0,1.0,1.0,1.0,2.0,4.82,45.0,https://www.airbnb.es/rooms/1561703899200570207,,,0,,,,,,,,,,,,,,,0
Madrid,Tetuán,1406546160686052281,2026-06-01,Apartamento en Cuatro Caminos,231.0,6.0,2.0,2.0,1.0,5.0,6.0,https://www.airbnb.es/rooms/1406546160686052281,1.4065461606860524e+18,,4,1.0,1.0,1.0,1.0,1.0,Entire rental unit,Entire home/apt,1.0,365.0,Exempt,0.3333333333333333,0.48333333333333334,0.5888888888888889,0.873972602739726,1
Madrid,Tetuán,1299999093618214954,2026-06-01,Apartamento en Tetuán,253.0,6.0,3.0,3.0,2.0,4.69,114.0,https://www.airbnb.es/rooms/1299999093618214954,1.299999093618215e+18,,4,1.0,1.0,0.0,1.0,1.0,Entire rental unit,Entire home/apt,2.0,1125.0,ESFCNT00002811500053202700000000000000000000000000005,0.5666666666666667,0.7833333333333333,0.8555555555555555,0.21095890410958903,1
Madrid,Tetuán,48245090,2026-06-01,Apto. residencial en Tetuán,215.0,4.0,2.0,2.0,2.0,4.88,410.0,https://www.airbnb.es/rooms/48245090,48245090.0,,4,1.0,0.97,1.0,1.0,1.0,Entire condo,Entire home/apt,1.0,30.0,ESFCTU00002813600034519600000000000000000000VT-133448,0.13333333333333333,0.15,0.25555555555555554,0.547945205479452,1
Madrid,Tetuán,761261866476528079,2026-06-01,Habitaciones en Simancas,33.0,,2.0,1.0,,4.78,247.0,https://www.airbnb.es/rooms/761261866476528079,7.612618664765281e+17,,4,1.0,1.0,0.0,1.0,1.0,Private room in rental unit,Private room,1.0,1125.0,,0.13333333333333333,0.38333333333333336,0.5,0.32602739726027397,0
Madrid,Tetuán,1309220875284474451,2026-06-01,Apartamento en Tetuán,130.0,4.0,1.0,1.0,1.0,4.41,37.0,https://www.airbnb.es/rooms/1309220875284474451,1.3092208752844744e+18,,4,0.97,1.0,0.0,1.0,1.0,Entire rental unit,Entire home/apt,1.0,365.0,,0.1,0.05,0.03333333333333333,0.00821917808219178,0
Madrid,Tetuán,1338973125565744182,2026-06-01,Habitación de hotel compartida en Arganzuela,26.0,,,,2.0,4.69,787.0,https://www.airbnb.es/rooms/1338973125565744182,1.338973125565744e+18,,4,0.99,0.99,0.0,1.0,1.0,Shared room in hotel,Shared room,1.0,365.0,,0.8333333333333334,0.9166666666666666,0.9444444444444444,0.28493150684931506,0
Madrid,Tetuán,1234805143967326125,2026-06-01,Apartamento en Tetuán,134.0,5.0,2.0,3.0,0.0,3.67,3.0,https://www.airbnb.es/rooms/1234805143967326125,1.2348051439673262e+18,,4,0.83,0.99,0.0,1.0,1.0,Entire rental unit,Entire home/apt,1.0,365.0,Exempt,0.3333333333333333,0.31666666666666665,0.3888888888888889,0.5917808219178082,1
Madrid,Tetuán,1316862280238403879,2026-06-01,Alojamiento en Hortaleza,47.0,2.0,1.0,1.0,1.0,4.48,160.0,https://www.airbnb.es/rooms/1316862280238403879,1.3168622802384038e+18,,4,1.0,1.0,0.0,1.0,1.0,Private room in loft,Private room,1.0,8.0,,0.16666666666666666,0.45,0.6222222222222222,0.6465753424657534,0
Madrid,Tetuán,46416127,2026-06-01,Habitación compartida en Madrid,43.0,,,,2.0,4.82,1386.0,https://www.airbnb.es/rooms/46416127,46416127.0,,4,0.99,1.0,1.0,1.0,1.0,Shared room in hostel,Shared room,1.0,8.0,Exempt,0.7,0.85,0.9,0.9726027397260274,1
Madrid,Tetuán,1549323431756706519,2026-06-01,Hostal en Madrid,73.0,1.0,,1.0,1.0,5.0,8.0,https://www.airbnb.es/rooms/1549323431756706519,,,0,,,,,,,,,,,,,,,0
Madrid,Tetuán,1150095988537072266,2026-06-01,Apartamento en Chamartín,123.0,4.0,2.0,2.0,2.0,4.68,90.0,https://www.airbnb.es/rooms/1150095988537072266,1.1500959885370723e+18,,4,1.0,1.0,0.0,1.0,1.0,Entire rental unit,Entire home/apt,1.0,1125.0,,0.16666666666666666,0.2833333333333333,0.4222222222222222,0.30684931506849317,0
Madrid,Tetuán,1547744387824535671,2026-06-01,Apartamento en Madrid,126.0,2.0,1.0,1.0,1.0,4.86,14.0,https://www.airbnb.es/rooms/1547744387824535671,,,0,,,,,,,,,,,,,,,0
Madrid,Tetuán,1512228790083791344,2026-06-01,Alojamiento en Tetuán,70.0,2.0,1.0,1.0,3.0,4.44,57.0,https://www.airbnb.es/rooms/1512228790083791344,,,0,,,,,,,,,,,,,,,0
Madrid,Tetuán,1543513557245185703,2026-06-01,Alojamiento en Madrid,70.0,2.0,1.0,1.0,2.0,4.46,41.0,https://www.airbnb.es/rooms/1543513557245185703,,,0,,,,,,,,,,,,,,,0
Madrid,Tetuán,1410719633104272983,2026-06-01,Habitación compartida en Cuatro Caminos,23.0,,,1.0,,4.54,13.0,https://www.airbnb.es/rooms/1410719633104272983,1.410719633104273e+18,,4,1.0,1.0,0.0,1.0,1.0,Shared room in bed and breakfast,Shared room,1.0,365.0,,0.9333333333333333,0.9666666666666667,0.9777777777777777,0.6191780821917808,0
Madrid,Tetuán,1299998536153948870,2026-06-01,Apartamento en Tetuán,247.0,6.0,3.0,3.0,2.0,4.72,95.0,https://www.airbnb.es/rooms/1299998536153948870,1.299998536153949e+18,,4,1.0,1.0,0.0,1.0,1.0,Entire rental unit,Entire home/apt,2.0,1125.0,ESFCNT00002811500053197600000000000000000000000000007,0.6,0.75,0.8222222222222222,0.20273972602739726,1
Madrid,Tetuán,1648626801548184794,2026-06-01,Apartamento en Madrid,176.0,4.0,2.0,3.0,2.0,5.0,7.0,https://www.airbnb.es/rooms/1648626801548184794,,,0,,,,,,,,,,,,,,,0
Madrid,Tetuán,1466022961369749060,2026-06-01,Habitación en Hortaleza,60.0,,,1.0,,4.5,76.0,https://www.airbnb.es/rooms/1466022961369749060,1.466022961369749e+18,,0,,,0.0,,,Private room in home,Private room,1.0,365.0,ESFCTU00000304400021559900000000000000000VT-509120-A3,0.5333333333333333,0.5666666666666667,0.37777777777777777,0.09315068493150686,1
Madrid,Tetuán,1270195802834851581,2026-06-01,Habitación en Cuatro Caminos,122.0,,,1.0,,4.53,17.0,https://www.airbnb.es/rooms/1270195802834851581,1.2701958028348516e+18,,4,1.0,1.0,0.0,1.0,1.0,Private room in rental unit,Private room,1.0,365.0,Exempt,0.5,0.7333333333333333,0.8222222222222222,0.9561643835616438,1
Madrid,Tetuán,1528752336678449091,2026-06-01,Apartamento en Madrid,131.0,4.0,1.0,2.0,1.0,4.81,21.0,https://www.airbnb.es/rooms/1528752336678449091,,,0,,,,,,,,,,,,,,,0
Madrid,Tetuán,768217454691829279,2026-06-01,Apartamento en Cuatro Caminos,182.0,4.0,1.0,2.0,1.0,4.76,67.0,https://www.airbnb.es/rooms/768217454691829279,7.682174546918292e+17,,4,1.0,1.0,0.0,1.0,1.0,Entire rental unit,Entire home/apt,1.0,365.0,,0.0,0.23333333333333334,0.4444444444444444,0.821917808219178,0
Madrid,Tetuán,882305552846878797,2026-06-01,Habitación en Embajadores,53.0,,,1.0,,4.9,360.0,https://www.airbnb.es/rooms/882305552846878797,8.823055528468788e+17,,4,1.0,1.0,1.0,1.0,1.0,Private room in rental unit,Private room,1.0,365.0,,0.06666666666666667,0.35,0.5222222222222223,0.873972602739726,0
Madrid,Tetuán,1549298958628187967,2026-06-01,Hostal en Madrid,86.0,2.0,1.0,1.0,1.0,4.93,46.0,https://www.airbnb.es/rooms/1549298958628187967,,,0,,,,,,,,,,,,,,,0
Madrid,Tetuán,1636324209699300181,2026-06-01,Apartamento en Madrid,161.0,4.0,1.0,2.0,1.0,,,https://www.airbnb.es/rooms/1636324209699300181,,,0,,,,,,,,,,,,,,,0
Madrid,Tetuán,1152275096552450880,2026-06-01,Alojamiento en Tetuán,94.0,2.0,1.0,1.0,1.0,4.67,110.0,https://www.airbnb.es/rooms/1152275096552450880,1.1522750965524508e+18,,4,0.92,0.8,0.0,1.0,1.0,Private room in rental unit,Private room,1.0,730.0,,0.4,0.5333333333333333,0.6666666666666666,0.9013698630136986,0
Madrid,Tetuán,1253538805180397570,2026-06-01,Habitación en Gran Vía,46.0,,,1.0,,4.38,65.0,https://www.airbnb.es/rooms/1253538805180397570,1.2535388051803976e+18,,4,1.0,1.0,0.0,1.0,1.0,Private room in home,Private room,1.0,365.0,,0.43333333333333335,0.7166666666666667,0.8111111111111111,0.9534246575342465,0
Madrid,Tetuán,999760690272797101,2026-06-01,Apartamento en Tetuán,130.0,4.0,1.0,1.0,1.0,4.5,6.0,https://www.airbnb.es/rooms/999760690272797101,9.99760690272797e+17,,4,1.0,1.0,0.0,0.0,1.0,Entire rental unit,Entire home/apt,1.0,365.0,,0.03333333333333333,0.13333333333333333,0.16666666666666666,0.6465753424657534,0
Madrid,Tetuán,1652837684716954351,2026-06-01,Apartamento en Madrid,216.0,6.0,3.0,3.0,2.0,,,https://www.airbnb.es/rooms/1652837684716954351,,,0,,,,,,,,,,,,,,,0
Madrid,Tetuán,1183075127576522274,2026-06-01,Apartamento en Tetuán,206.0,4.0,1.0,2.0,1.0,4.93,42.0,https://www.airbnb.es/rooms/1183075127576522274,1.1830751275765222e+18,,4,1.0,1.0,1.0,1.0,1.0,Entire rental unit,Entire home/apt,1.0,365.0,ESFCTU00002810000030610500000000000000000000VT-145548,0.6666666666666666,0.8333333333333334,0.8888888888888888,0.9726027397260274,1
Madrid,Tetuán,1425887604750501809,2026-06-01,Hotel en Cuatro Caminos,105.0,2.0,1.0,1.0,1.0,4.4,5.0,https://www.airbnb.es/rooms/1425887604750501809,1.425887604750502e+18,,4,1.0,0.99,0.0,1.0,1.0,Room in hotel,Private room,1.0,365.0,,0.16666666666666666,0.23333333333333334,0.34444444444444444,0.5232876712328767,0
Madrid,Tetuán,805748664342844316,2026-06-01,Apartamento en Tetuán,126.0,2.0,1.0,1.0,1.0,4.72,18.0,https://www.airbnb.es/rooms/805748664342844316,,,0,,,,,,,,,,,,,,,0
Madrid,Tetuán,1466017106530591123,2026-06-01,Habitación en Hortaleza,50.0,,,1.0,,4.48,54.0,https://www.airbnb.es/rooms/1466017106530591123,1.4660171065305912e+18,,0,,,0.0,,,Private room in home,Private room,1.0,365.0,ESFCTU00000304400021559900000000000000000VT-509120-A3,0.7333333333333333,0.6666666666666666,0.4444444444444444,0.1095890410958904,1
Madrid,Tetuán,1445540804360145727,2026-06-01,Habitación en Tetuán,70.0,,,1.0,,4.35,68.0,https://www.airbnb.es/rooms/1445540804360145727,1.4455408043601457e+18,,0,,,0.0,,,Private room in rental unit,Private room,1.0,365.0,VT-14113,0.5,0.55,0.36666666666666664,0.09041095890410959,1
Madrid,Tetuán,1543517416420648852,2026-06-01,Alojamiento en Madrid,70.0,2.0,1.0,1.0,2.0,4.41,51.0,https://www.airbnb.es/rooms/1543517416420648852,,,0,,,,,,,,,,,,,,,0
Madrid,Tetuán,1410719131249796586,2026-06-01,Habitación compartida en Cuatro Caminos,23.0,,,1.0,,4.74,19.0,https://www.airbnb.es/rooms/1410719131249796586,1.4107191312497966e+18,,4,1.0,1.0,0.0,1.0,1.0,Shared room in bed and breakfast,Shared room,1.0,365.0,,0.8,0.9,0.9333333333333333,0.6082191780821918,0
Madrid,Tetuán,611227518398729877,2026-06-01,Apartamento en Cuatro Caminos,182.0,4.0,1.0,2.0,1.0,4.81,139.0,https://www.airbnb.es/rooms/611227518398729877,6.112275183987299e+17,,4,1.0,1.0,0.0,1.0,1.0,Entire rental unit,Entire home/apt,2.0,365.0,,0.06666666666666667,0.3,0.4666666666666667,0.8383561643835616,0
Madrid,Tetuán,1299999825182739121,2026-06-01,Apartamento en Tetuán,238.0,6.0,3.0,3.0,2.0,4.74,101.0,https://www.airbnb.es/rooms/1299999825182739121,,,0,,,,,,,,,,,,,,,0
Madrid,Tetuán,44230229,2026-06-01,Habitación en Madrid,47.0,,,1.0,,4.8,440.0,https://www.airbnb.es/rooms/44230229,44230229.0,,4,1.0,0.73,1.0,1.0,1.0,Private room in rental unit,Private room,1.0,3.0,,0.13333333333333333,0.06666666666666667,0.044444444444444446,0.19726027397260273,0
Madrid,Tetuán,1561698894451261412,2026-06-01,Alojamiento en Madrid,70.0,1.0,1.0,1.0,2.0,4.69,45.0,https://www.airbnb.es/rooms/1561698894451261412,,,0,,,,,,,,,,,,,,,0
Madrid,Tetuán,1270196804548774788,2026-06-01,Habitación en Cuatro Caminos,122.0,,,1.0,,4.83,29.0,https://www.airbnb.es/rooms/1270196804548774788,1.270196804548775e+18,,4,1.0,1.0,0.0,1.0,1.0,Private room in rental unit,Private room,1.0,365.0,Exempt,0.5,0.7166666666666667,0.8,0.9506849315068493,1
Madrid,Tetuán,1523095046913526481,2026-06-01,Apartamento en Madrid,140.0,2.0,1.0,2.0,1.0,4.43,28.0,https://www.airbnb.es/rooms/1523095046913526481,,,0,,,,,,,,,,,,,,,0
Madrid,Tetuán,44697269,2026-06-01,Bed & breakfast en Gran Vía,101.0,2.0,1.0,1.0,1.0,4.84,980.0,https://www.airbnb.es/rooms/44697269,44697269.0,,4,1.0,0.97,1.0,1.0,1.0,Private room in bed and breakfast,Private room,1.0,1125.0,,0.2,0.38333333333333336,0.5333333333333333,0.3424657534246575,0
Madrid,Tetuán,1561716195850097046,2026-06-01,Alojamiento en Madrid,70.0,2.0,1.0,1.0,2.0,4.68,41.0,https://www.airbnb.es/rooms/1561716195850097046,,,0,,,,,,,,,,,,,,,0
Madrid,Tetuán,1086042696278539274,2026-06-01,Apartamento en Tetuán,168.0,4.0,1.0,2.0,1.0,4.85,209.0,https://www.airbnb.es/rooms/1086042696278539274,1.0860426962785393e+18,,4,1.0,0.97,1.0,1.0,1.0,Entire rental unit,Entire home/apt,1.0,28.0,ESFCTU00002811500052746700000000000000000000VT-139259,0.23333333333333334,0.6166666666666667,0.7222222222222222,0.673972602739726,1
Madrid,Tetuán,53652613,2026-06-01,Apartamento en Tetuán,162.0,4.0,2.0,3.0,1.0,4.72,116.0,https://www.airbnb.es/rooms/53652613,53652613.0,,0,,,0.0,1.0,1.0,Entire rental unit,Entire home/apt,2.0,28.0,VT-139893,0.03333333333333333,0.36666666666666664,0.5444444444444444,0.6136986301369863,1
Madrid,Tetuán,1339805513555889554,2026-06-01,Habitación en Madrid,41.0,,,2.0,,4.91,208.0,https://www.airbnb.es/rooms/1339805513555889554,1.3398055135558897e+18,,4,0.99,1.0,1.0,1.0,1.0,Private room in rental unit,Private room,1.0,1125.0,,0.13333333333333333,0.3,0.4444444444444444,0.7643835616438356,0
Madrid,Tetuán,1517954825671806908,2026-06-01,Apartamento en Madrid,246.0,4.0,1.0,3.0,1.0,4.95,19.0,https://www.airbnb.es/rooms/1517954825671806908,,,0,,,,,,,,,,,,,,,0
Madrid,Tetuán,1549333880926329504,2026-06-01,Hotel boutique en Madrid,81.0,2.0,,1.0,1.0,4.89,28.0,https://www.airbnb.es/rooms/1549333880926329504,,,0,,,,,,,,,,,,,,,0
Madrid,Tetuán,853739035682361011,2026-06-01,Apartamento en Gran Vía,100.0,2.0,1.0,1.0,1.0,4.56,346.0,https://www.airbnb.es/rooms/853739035682361011,8.53739035682361e+17,,4,1.0,0.99,0.0,1.0,0.0,Entire rental unit,Entire home/apt,1.0,365.0,,0.36666666666666664,0.55,0.6666666666666666,0.6575342465753424,0
Madrid,Tetuán,1410681382314036442,2026-06-01,Habitación compartida en Cuatro Caminos,23.0,,,1.0,,4.11,18.0,https://www.airbnb.es/rooms/1410681382314036442,1.4106813823140365e+18,,4,1.0,1.0,0.0,1.0,1.0,Shared room in bed and breakfast,Shared room,1.0,365.0,,0.06666666666666667,0.3333333333333333,0.45555555555555555,0.40821917808219177,0
Madrid,Tetuán,1664475911228989752,2026-06-01,Apartamento en Madrid,226.0,6.0,2.0,2.0,2.0,,,https://www.airbnb.es/rooms/1664475911228989752,,,0,,,,,,,,,,,,,,,0
Madrid,Tetuán,45186871,2026-06-01,Apartamento en Tetuán,148.0,3.0,1.0,2.0,0.0,4.65,343.0,https://www.airbnb.es/rooms/45186871,45186871.0,,4,0.99,0.97,0.0,1.0,1.0,Entire serviced apartment,Entire home/apt,2.0,1125.0,106/2006/1387,0.2,0.36666666666666664,0.5111111111111111,0.8136986301369863,1
Madrid,Tetuán,1549332439817137124,2026-06-01,Apartamento en Madrid,88.0,2.0,1.0,1.0,1.0,4.83,18.0,https://www.airbnb.es/rooms/1549332439817137124,,,0,,,,,,,,,,,,,,,0
Madrid,Tetuán,1445560011099053768,2026-06-01,Habitación en Tetuán,70.0,,,1.0,,4.53,80.0,https://www.airbnb.es/rooms/1445560011099053768,1.4455600110990538e+18,,0,,,0.0,,,Private room in rental unit,Private room,1.0,365.0,VT-14113,0.6,0.6,0.4,0.09863013698630137,1
Madrid,Tetuán,1253642607837316042,2026-06-01,Habitación compartida en Cuatro Caminos,23.0,,,1.0,,4.51,65.0,https://www.airbnb.es/rooms/1253642607837316042,1.253642607837316e+18,,4,1.0,1.0,0.0,1.0,1.0,Shared room in bed and breakfast,Shared room,1.0,365.0,,0.8333333333333334,0.9166666666666666,0.9444444444444444,0.6109589041095891,0
Madrid,Tetuán,599089213728132465,2026-06-01,Apartamento en Cuatro Caminos,182.0,4.0,1.0,2.0,1.0,4.71,111.0,https://www.airbnb.es/rooms/599089213728132465,5.990892137281325e+17,,4,1.0,1.0,0.0,1.0,1.0,Entire rental unit,Entire home/apt,1.0,365.0,,0.2,0.4,0.4888888888888889,0.8438356164383561,0
Madrid,Tetuán,1633914591967912998,2026-06-01,Hotel en Madrid,112.0,2.0,1.0,1.0,1.0,4.57,7.0,https://www.airbnb.es/rooms/1633914591967912998,,,0,,,,,,,,,,,,,,,0
Madrid,Tetuán,1633916394629371447,2026-06-01,Hotel en Madrid,133.0,3.0,1.0,2.0,1.0,4.73,11.0,https://www.airbnb.es/rooms/1633916394629371447,,,0,,,,,,,,,,,,,,,0
Madrid,Tetuán,1016441089314560630,2026-06-01,Apartamento en Chamartín,181.0,4.0,2.0,3.0,1.0,4.79,162.0,https://www.airbnb.es/rooms/1016441089314560630,1.0164410893145606e+18,,4,1.0,1.0,0.0,1.0,1.0,Entire rental unit,Entire home/apt,1.0,32.0,ESFCTU00002811000013797500000000000000000000000148584,0.2,0.5333333333333333,0.6888888888888889,0.20821917808219179,1
Madrid,Tetuán,1391221423206197239,2026-06-01,Habitación en Salamanca,70.0,,,1.0,,4.57,131.0,https://www.airbnb.es/rooms/1391221423206197239,1.3912214232061972e+18,,0,,,0.0,,,Private room in rental unit,Private room,1.0,365.0,VT-8321,0.36666666666666664,0.48333333333333334,0.32222222222222224,0.07945205479452055,1
Madrid,Tetuán,1463786895192726077,2026-06-01,Habitación en Hortaleza,60.0,,,1.0,,4.58,72.0,https://www.airbnb.es/rooms/1463786895192726077,1.463786895192726e+18,,0,,,0.0,,,Private room in home,Private room,1.0,365.0,ESFCTU00000304400021559900000000000000000VT-509120-A3,0.5333333333333333,0.5666666666666667,0.37777777777777777,0.09315068493150686,1
Madrid,Tetuán,23674803,2026-06-01,Loft en Arganzuela,112.0,3.0,1.0,3.0,1.0,4.7,852.0,https://www.airbnb.es/rooms/23674803,23674803.0,,4,1.0,0.98,1.0,1.0,1.0,Entire loft,Entire home/apt,1.0,365.0,,0.13333333333333333,0.25,0.5,0.3561643835616438,0
Madrid,Tetuán,846101428969678874,2026-06-01,Apartamento en Chamartín,150.0,4.0,1.0,2.0,1.0,4.79,208.0,https://www.airbnb.es/rooms/846101428969678874,8.461014289696788e+17,,4,0.97,1.0,1.0,1.0,1.0,Entire rental unit,Entire home/apt,1.0,60.0,,0.06666666666666667,0.18333333333333332,0.24444444444444444,0.7041095890410959,0
Madrid,Tetuán,880260552950118225,2026-06-01,Apartamento en Hortaleza,168.0,6.0,2.0,4.0,2.0,4.61,304.0,https://www.airbnb.es/rooms/880260552950118225,8.802605529501183e+17,,4,1.0,1.0,0.0,1.0,1.0,Entire rental unit,Entire home/apt,1.0,365.0,,0.26666666666666666,0.4166666666666667,0.5555555555555556,0.7835616438356164,0
Madrid,Tetuán,37444466,2026-06-01,Habitación en Puente de Vallecas,56.0,,,1.0,,4.88,320.0,https://www.airbnb.es/rooms/37444466,37444466.0,,3,1.0,0.97,1.0,1.0,1.0,Private room in rental unit,Private room,1.0,15.0,,0.13333333333333333,0.3,0.4222222222222222,0.2410958904109589,0
Madrid,Tetuán,1559347183853476693,2026-06-01,Apartahotel en Madrid,126.0,2.0,1.0,1.0,1.0,4.44,9.0,https://www.airbnb.es/rooms/1559347183853476693,,,0,,,,,,,,,,,,,,,0
Madrid,Tetuán,1211509543946144532,2026-06-01,Habitación en La Paz,70.0,,,3.0,,4.5,8.0,https://www.airbnb.es/rooms/1211509543946144532,1.2115095439461445e+18,,2,0.6,0.57,0.0,1.0,1.0,Private room in rental unit,Private room,1.0,365.0,,0.0,0.0,0.0,0.6164383561643836,0
Madrid,Tetuán,1106581922386027292,2026-06-01,Apartamento en Puente de Vallecas,96.0,2.0,1.0,1.0,1.0,4.7,56.0,https://www.airbnb.es/rooms/1106581922386027292,1.1065819223860273e+18,,4,1.0,1.0,0.0,1.0,1.0,Entire rental unit,Entire home/apt,1.0,365.0,,0.9,0.95,0.9666666666666667,0.9917808219178083,0
Madrid,Tetuán,936633365938200343,2026-06-01,Apartamento en Cuatro Caminos,172.0,2.0,1.0,1.0,1.0,4.67,48.0,https://www.airbnb.es/rooms/936633365938200343,9.366333659382003e+17,,4,1.0,1.0,0.0,1.0,1.0,Entire rental unit,Entire home/apt,1.0,365.0,Exempt,0.2,0.55,0.6666666666666666,0.8986301369863013,1
Madrid,Tetuán,1243673086593229972,2026-06-01,Habitación en Tetuán,70.0,,,1.0,,4.78,65.0,https://www.airbnb.es/rooms/1243673086593229972,1.24367308659323e+18,,4,1.0,1.0,1.0,1.0,1.0,Private room in home,Private room,1.0,1125.0,,0.36666666666666664,0.6,0.7333333333333333,0.9342465753424658,0
Madrid,Tetuán,813174206646920800,2026-06-01,Habitación en Cuatro Caminos,71.0,,,1.0,,4.76,46.0,https://www.airbnb.es/rooms/813174206646920800,8.131742066469208e+17,,0,,0.75,0.0,1.0,1.0,Private room in rental unit,Private room,1.0,30.0,,0.0,0.0,0.0,0.0,0
Madrid,Tetuán,47280629,2026-06-01,Loft en Plaza Mayor,121.0,3.0,,3.0,1.0,4.69,543.0,https://www.airbnb.es/rooms/47280629,47280629.0,,4,0.99,0.98,0.0,1.0,1.0,Entire loft,Entire home/apt,1.0,365.0,,0.13333333333333333,0.3333333333333333,0.5555555555555556,0.35342465753424657,0
Madrid,Tetuán,1410720332219612702,2026-06-01,Habitación compartida en Cuatro Caminos,23.0,,,,,4.22,9.0,https://www.airbnb.es/rooms/1410720332219612702,1.4107203322196127e+18,,4,1.0,1.0,0.0,1.0,1.0,Shared room in bed and breakfast,Shared room,1.0,365.0,,0.9333333333333333,0.9666666666666667,0.9777777777777777,0.6191780821917808,0
Madrid,Tetuán,789876591664852064,2026-06-01,Apartamento en Cuatro Caminos,183.0,,,,,4.56,98.0,https://www.airbnb.es/rooms/789876591664852064,7.898765916648521e+17,,4,1.0,1.0,0.0,1.0,1.0,Entire rental unit,Entire home/apt,2.0,360.0,,0.26666666666666666,0.4,0.5333333333333333,0.8,0
Madrid,Tetuán,1512289462930437698,2026-06-01,Alojamiento en Tetuán,80.0,2.0,1.0,1.0,3.0,4.48,54.0,https://www.airbnb.es/rooms/1512289462930437698,,,0,,,,,,,,,,,,,,,0
Madrid,Tetuán,1410687423547529170,2026-06-01,Habitación compartida en Cuatro Caminos,23.0,,,1.0,,4.54,13.0,https://www.airbnb.es/rooms/1410687423547529170,1.4106874235475292e+18,,4,1.0,1.0,0.0,1.0,1.0,Shared room in bed and breakfast,Shared room,1.0,365.0,,0.9,0.95,0.9555555555555556,0.6136986301369863,0
Madrid,Tetuán,908786992979930521,2026-06-01,Alojamiento en Madrid,34.0,1.0,1.0,1.0,1.0,4.65,40.0,https://www.airbnb.es/rooms/908786992979930521,,,0,,,,,,,,,,,,,,,0
Madrid,Tetuán,1374572430844210862,2026-06-01,Apartamento en Chamberí,135.0,3.0,1.0,2.0,1.0,4.91,92.0,https://www.airbnb.es/rooms/1374572430844210862,1.374572430844211e+18,,4,1.0,1.0,1.0,1.0,1.0,Entire rental unit,Entire home/apt,2.0,365.0,VT-14638,0.03333333333333333,0.2,0.35555555555555557,0.2465753424657534,1
Madrid,Tetuán,984727411948523754,2026-06-01,Hotel en Chamberí,79.0,1.0,1.0,1.0,1.0,4.41,59.0,https://www.airbnb.es/rooms/984727411948523754,9.847274119485238e+17,,4,1.0,1.0,0.0,1.0,1.0,Room in hotel,Private room,1.0,365.0,Exempt,0.3,0.6166666666666667,0.7111111111111111,0.9287671232876712,1
Madrid,Tetuán,1294070546540467225,2026-06-01,Habitación en Tetuán,68.0,,,1.0,,4.14,28.0,https://www.airbnb.es/rooms/1294070546540467225,1.2940705465404672e+18,,4,1.0,1.0,0.0,1.0,1.0,Private room in bed and breakfast,Private room,1.0,60.0,,0.6,0.8,0.8666666666666667,0.7068493150684931,0
Madrid,Tetuán,22985103,2026-06-01,Habitación en Sol,81.0,,,2.0,,4.74,96.0,https://www.airbnb.es/rooms/22985103,22985103.0,,3,1.0,0.97,1.0,1.0,1.0,Private room in rental unit,Private room,1.0,1125.0,ESHFNT00002810900049634200200000000000000000000000008,0.03333333333333333,0.016666666666666666,0.011111111111111112,0.0027397260273972603,1
Madrid,Tetuán,31929550,2026-06-01,Habitación en Gran Vía,81.0,,,2.0,,4.65,132.0,https://www.airbnb.es/rooms/31929550,31929550.0,,3,1.0,0.97,0.0,1.0,1.0,Private room in rental unit,Private room,1.0,1125.0,ESHFNT00002810900049648900400000000000000000000000004,0.03333333333333333,0.016666666666666666,0.011111111111111112,0.0027397260273972603,1
Madrid,Tetuán,1199075564505436992,2026-06-01,Hostal en Tetuán,84.0,2.0,1.0,1.0,1.0,4.22,50.0,https://www.airbnb.es/rooms/1199075564505436992,1.199075564505437e+18,,4,0.8,0.98,0.0,1.0,1.0,Entire guesthouse,Entire home/apt,1.0,365.0,,0.4,0.6166666666666667,0.6666666666666666,0.9178082191780822,0
Madrid,Tetuán,1081879585353230151,2026-06-01,Apartamento en Fuentelarreina,104.0,4.0,,,1.0,4.52,46.0,https://www.airbnb.es/rooms/1081879585353230151,1.0818795853532302e+18,,4,1.0,1.0,0.0,1.0,1.0,Entire rental unit,Entire home/apt,2.0,1125.0,ESFCTU00002811800000504100000000000000000000VT-140769,0.8,0.9,0.9333333333333333,0.23013698630136986,1
Madrid,Tetuán,1498460323810838438,2026-06-01,Apartamento en Cuatro Caminos,130.0,4.0,1.0,2.0,1.0,4.47,17.0,https://www.airbnb.es/rooms/1498460323810838438,1.4984603238108385e+18,,4,1.0,0.92,0.0,0.0,0.0,Entire rental unit,Entire home/apt,3.0,365.0,ESFCNT00002809300034930500000000000000000000000000005,0.16666666666666666,0.43333333333333335,0.6222222222222222,0.9068493150684932,1
Madrid,Tetuán,23137302,2026-06-01,Hotel boutique en Tetuán,90.0,1.0,1.0,1.0,1.0,4.67,18.0,https://www.airbnb.es/rooms/23137302,23137302.0,,3,0.88,0.49,0.0,1.0,1.0,Room in boutique hotel,Private room,1.0,1125.0,,0.5666666666666667,0.7833333333333333,0.8333333333333334,0.958904109589041,0
Madrid,Tetuán,1064594507132636947,2026-06-01,Habitación en Madrid,67.0,,,1.0,,4.96,84.0,https://www.airbnb.es/rooms/1064594507132636947,1.0645945071326369e+18,,4,1.0,0.93,1.0,1.0,1.0,Private room in rental unit,Private room,1.0,1125.0,ESHFNT00002813700004246700200000000000000000000000000,0.5,0.6166666666666667,0.7111111111111111,0.6438356164383562,1
Madrid,Tetuán,1642709010579576351,2026-06-01,Alojamiento en Madrid,70.0,2.0,1.0,1.0,1.0,4.36,22.0,https://www.airbnb.es/rooms/1642709010579576351,,,0,,,,,,,,,,,,,,,0
Madrid,Tetuán,902810630153262672,2026-06-01,Habitación en Embajadores,53.0,,,1.0,,4.85,227.0,https://www.airbnb.es/rooms/902810630153262672,9.028106301532627e+17,,4,1.0,1.0,1.0,1.0,1.0,Private room in rental unit,Private room,1.0,365.0,,0.4,0.3333333333333333,0.5333333333333333,0.8849315068493151,0
Madrid,Tetuán,1173829405748540723,2026-06-01,Habitación en Madrid,75.0,,,1.0,,4.54,237.0,https://www.airbnb.es/rooms/1173829405748540723,1.1738294057485407e+18,,0,,,0.0,,,Private room in rental unit,Private room,1.0,365.0,VT-5125,0.03333333333333333,0.2,0.13333333333333333,0.03287671232876712,1
Madrid,Tetuán,1451430377896816290,2026-06-01,Hostal en Pilar,104.0,2.0,1.0,1.0,0.0,4.86,22.0,https://www.airbnb.es/rooms/1451430377896816290,1.4514303778968164e+18,,4,1.0,1.0,0.0,1.0,1.0,Entire rental unit,Entire home/apt,1.0,365.0,,0.7333333333333333,0.8666666666666667,0.9111111111111111,0.9780821917808219,0
Madrid,Tetuán,1463770819250836737,2026-06-01,Habitación en Hortaleza,75.0,,,1.0,,4.54,96.0,https://www.airbnb.es/rooms/1463770819250836737,1.4637708192508367e+18,,0,,,0.0,,,Private room in home,Private room,1.0,365.0,ESFCTU00000304400021559900000000000000000VT-509120-A3,0.43333333333333335,0.5166666666666667,0.34444444444444444,0.08493150684931507,1
Madrid,Tetuán,1547750376123415469,2026-06-01,Apartamento en Madrid,139.0,2.0,1.0,1.0,1.0,5.0,3.0,https://www.airbnb.es/rooms/1547750376123415469,,,0,,,,,,,,,,,,,,,0
Madrid,Tetuán,45234416,2026-06-01,Apartamento en Tetuán,148.0,3.0,1.0,2.0,1.0,4.61,107.0,https://www.airbnb.es/rooms/45234416,45234416.0,,4,0.99,0.97,0.0,1.0,1.0,Entire serviced apartment,Entire home/apt,2.0,1125.0,106/2006/1387,0.2,0.36666666666666664,0.5111111111111111,0.8082191780821918,1
Madrid,Tetuán,1600595466516637719,2026-06-01,Apartamento en Madrid,170.0,2.0,,1.0,1.0,5.0,9.0,https://www.airbnb.es/rooms/1600595466516637719,,,0,,,,,,,,,,,,,,,0
Madrid,Tetuán,1512291785336976554,2026-06-01,Alojamiento en Tetuán,80.0,2.0,1.0,1.0,3.0,4.17,47.0,https://www.airbnb.es/rooms/1512291785336976554,,,0,,,,,,,,,,,,,,,0
Madrid,Tetuán,1410733373798188645,2026-06-01,Habitación compartida en Cuatro Caminos,23.0,,,1.0,,4.6,30.0,https://www.airbnb.es/rooms/1410733373798188645,1.4107333737981885e+18,,4,1.0,1.0,0.0,1.0,1.0,Shared room in bed and breakfast,Shared room,1.0,365.0,,0.9333333333333333,0.9666666666666667,0.9777777777777777,0.6191780821917808,0
Madrid,Tetuán,927379206358920854,2026-06-01,Habitación en Madrid,72.0,,,1.0,,4.89,84.0,https://www.airbnb.es/rooms/927379206358920854,9.273792063589208e+17,,4,1.0,0.93,1.0,1.0,1.0,Private room in rental unit,Private room,1.0,1125.0,ESHFNT00002813700004246700100000000000000000000000001,0.4,0.6166666666666667,0.7111111111111111,0.9260273972602739,1
Madrid,Tetuán,907778347466471297,2026-06-01,Habitación en Madrid,75.0,,,1.0,,4.54,266.0,https://www.airbnb.es/rooms/907778347466471297,9.077783474664713e+17,,0,,,0.0,,,Private room in rental unit,Private room,1.0,365.0,VT-7078,0.0,0.11666666666666667,0.07777777777777778,0.019178082191780823,1
Madrid,Tetuán,1680191216363415867,2026-06-01,Alojamiento en Madrid,64.0,1.0,1.0,1.0,1.0,5.0,3.0,https://www.airbnb.es/rooms/1680191216363415867,,,0,,,,,,,,,,,,,,,0
Madrid,Tetuán,1642693547012324783,2026-06-01,Alojamiento en Madrid,70.0,2.0,1.0,1.0,1.0,4.43,14.0,https://www.airbnb.es/rooms/1642693547012324783,,,0,,,,,,,,,,,,,,,0
Madrid,Tetuán,49173577,2026-06-01,Hotel boutique en Madrid,111.0,2.0,1.0,1.0,1.0,4.47,32.0,https://www.airbnb.es/rooms/49173577,49173577.0,,4,0.83,0.99,0.0,1.0,1.0,Room in boutique hotel,Private room,1.0,1125.0,m8789,0.03333333333333333,0.25,0.3888888888888889,0.13972602739726028,1
Madrid,Tetuán,1633299203188256965,2026-06-01,Apartamento en Madrid,190.0,3.0,1.0,1.0,1.0,,,https://www.airbnb.es/rooms/1633299203188256965,,,0,,,,,,,,,,,,,,,0
Madrid,Tetuán,1559323897669547200,2026-06-01,Apartahotel en Madrid,126.0,2.0,1.0,1.0,1.0,3.67,3.0,https://www.airbnb.es/rooms/1559323897669547200,,,0,,,,,,,,,,,,,,,0
Madrid,Tetuán,1348668492966092681,2026-06-01,Alojamiento en Madrid,115.0,1.0,1.0,1.0,1.0,5.0,7.0,https://www.airbnb.es/rooms/1348668492966092681,,,0,,,,,,,,,,,,,,,0
Madrid,Tetuán,1231671516375598885,2026-06-01,Apartamento en Chamartín,188.0,5.0,2.0,4.0,2.0,4.96,170.0,https://www.airbnb.es/rooms/1231671516375598885,1.2316715163755988e+18,,0,,,0.0,1.0,1.0,Entire rental unit,Entire home/apt,2.0,27.0,ESFCTU00002803800020416200000000000000000000VT-144893,0.16666666666666666,0.36666666666666664,0.4888888888888889,0.5726027397260274,1
Madrid,Tetuán,1524902595804100653,2026-06-01,Apartamento en Madrid,141.0,2.0,,1.0,1.0,4.96,46.0,https://www.airbnb.es/rooms/1524902595804100653,,,0,,,,,,,,,,,,,,,0
Madrid,Tetuán,1353704048293100920,2026-06-01,Apartamento en Chamartín,150.0,4.0,1.0,3.0,1.0,4.76,37.0,https://www.airbnb.es/rooms/1353704048293100920,1.3537040482931008e+18,,4,0.99,1.0,0.0,1.0,1.0,Entire rental unit,Entire home/apt,2.0,1125.0,,0.1,0.16666666666666666,0.32222222222222224,0.37534246575342467,0
Madrid,Tetuán,1142050300938848764,2026-06-01,Apartamento en Embajadores,90.0,4.0,2.0,2.0,1.0,4.54,48.0,https://www.airbnb.es/rooms/1142050300938848764,,,0,,,,,,,,,,,,,,,0
Madrid,Tetuán,1244224576957017794,2026-06-01,Habitación en Madrid,75.0,,,1.0,,4.67,205.0,https://www.airbnb.es/rooms/1244224576957017794,1.2442245769570179e+18,,0,,,0.0,,,Private room in rental unit,Private room,1.0,365.0,VT-5125,0.16666666666666666,0.3333333333333333,0.2222222222222222,0.0547945205479452,1
Madrid,Tetuán,1630552669520490830,2026-06-01,Apartamento en Madrid,121.0,4.0,1.0,2.0,1.0,4.67,9.0,https://www.airbnb.es/rooms/1630552669520490830,,,0,,,,,,,,,,,,,,,0
Madrid,Tetuán,36204716,2026-06-01,Apartamento en Hortaleza,126.0,4.0,1.0,2.0,1.0,4.74,523.0,https://www.airbnb.es/rooms/36204716,36204716.0,,4,0.97,1.0,1.0,1.0,1.0,Entire rental unit,Entire home/apt,1.0,60.0,,0.1,0.25,0.34444444444444444,0.6438356164383562,0
Madrid,Tetuán,49206824,2026-06-01,Apto. residencial en Chamberí,160.0,4.0,1.0,2.0,1.0,4.73,161.0,https://www.airbnb.es/rooms/49206824,49206824.0,,4,1.0,0.99,0.0,1.0,1.0,Entire condo,Entire home/apt,3.0,45.0,ESFCNT00002809200050261100000000000000000000000000005,0.26666666666666666,0.5333333333333333,0.5444444444444444,0.13424657534246576,1
Madrid,Tetuán,1497048877752816133,2026-06-01,Apartamento en Tetuán,161.0,4.0,1.0,3.0,1.0,4.61,28.0,https://www.airbnb.es/rooms/1497048877752816133,1.497048877752816e+18,,4,1.0,0.92,0.0,0.0,0.0,Entire rental unit,Entire home/apt,3.0,365.0,ESFCNTEBA42810000013264300000000000000000000000000005,0.4,0.6166666666666667,0.7444444444444445,0.936986301369863,1
Madrid,Tetuán,1262805065517684702,2026-06-01,Apartamento en Chamartín,162.0,,,,,4.57,21.0,https://www.airbnb.es/rooms/1262805065517684702,1.2628050655176847e+18,,4,0.98,0.99,0.0,1.0,1.0,Entire rental unit,Entire home/apt,1.0,365.0,ESHFTU000028094000326105134000000000000000000AM-14661,0.7,0.85,0.9,0.8027397260273973,1
Madrid,Tetuán,1637614633557746156,2026-06-01,Apartamento en Madrid,178.0,4.0,,2.0,1.0,5.0,3.0,https://www.airbnb.es/rooms/1637614633557746156,,,0,,,,,,,,,,,,,,,0
Madrid,Tetuán,1512282093248168102,2026-06-01,Alojamiento en Tetuán,80.0,2.0,1.0,1.0,3.0,4.46,56.0,https://www.airbnb.es/rooms/1512282093248168102,,,0,,,,,,,,,,,,,,,0
Madrid,Tetuán,1512278537527964402,2026-06-01,Alojamiento en Tetuán,80.0,2.0,1.0,1.0,3.0,4.25,53.0,https://www.airbnb.es/rooms/1512278537527964402,,,0,,,,,,,,,,,,,,,0
Madrid,Tetuán,1410705946544210515,2026-06-01,Habitación compartida en Cuatro Caminos,23.0,,,1.0,,4.67,9.0,https://www.airbnb.es/rooms/1410705946544210515,1.4107059465442104e+18,,4,1.0,1.0,0.0,1.0,1.0,Shared room in bed and breakfast,Shared room,1.0,365.0,,0.9333333333333333,0.9666666666666667,0.9777777777777777,0.6191780821917808,0
Madrid,Tetuán,1642711625979955102,2026-06-01,Alojamiento en Madrid,70.0,2.0,1.0,1.0,1.0,3.88,17.0,https://www.airbnb.es/rooms/1642711625979955102,,,0,,,,,,,,,,,,,,,0
Madrid,Tetuán,1523114081339180264,2026-06-01,Alojamiento en Madrid,70.0,2.0,1.0,1.0,2.0,4.54,59.0,https://www.airbnb.es/rooms/1523114081339180264,,,0,,,,,,,,,,,,,,,0
Madrid,Tetuán,1567662804157254149,2026-06-01,Apartamento en Madrid,218.0,4.0,1.0,2.0,1.0,4.8,10.0,https://www.airbnb.es/rooms/1567662804157254149,,,0,,,,,,,,,,,,,,,0
Madrid,Tetuán,795355958374161082,2026-06-01,Habitación en Tetuán,100.0,,,1.0,,4.88,65.0,https://www.airbnb.es/rooms/795355958374161082,7.95355958374161e+17,,2,0.77,0.5,0.0,1.0,1.0,Private room in rental unit,Private room,1.0,1125.0,,0.3333333333333333,0.5666666666666667,0.7,0.9260273972602739,0
Madrid,Tetuán,1407233893719014163,2026-06-01,Apartamento en Cuatro Caminos,230.0,4.0,1.0,1.0,1.0,5.0,5.0,https://www.airbnb.es/rooms/1407233893719014163,1.4072338937190141e+18,,4,1.0,1.0,1.0,1.0,1.0,Entire rental unit,Entire home/apt,1.0,365.0,Exempt,0.7,0.85,0.9,0.9753424657534246,1
Madrid,Tetuán,907888221198200660,2026-06-01,Habitación en Madrid,75.0,,,1.0,,4.6,253.0,https://www.airbnb.es/rooms/907888221198200660,9.078882211982007e+17,,0,,,0.0,,,Private room in rental unit,Private room,1.0,365.0,VT-7078,0.23333333333333334,0.3,0.2,0.049315068493150684,1
Madrid,Tetuán,32406953,2026-06-01,Apartamento en Tetuán,271.0,4.0,2.0,2.0,2.0,4.53,125.0,https://www.airbnb.es/rooms/32406953,32406953.0,,4,1.0,1.0,0.0,1.0,1.0,Entire rental unit,Entire home/apt,1.0,365.0,ESFCNT00002809400022309100000000000000000000000000009,0.26666666666666666,0.55,0.6222222222222222,0.873972602739726,1
Madrid,Tetuán,1637735414893403189,2026-06-01,Apartamento en Madrid,178.0,2.0,1.0,2.0,1.0,5.0,4.0,https://www.airbnb.es/rooms/1637735414893403189,,,0,,,,,,,,,,,,,,,0
Madrid,Tetuán,1637749270544103351,2026-06-01,Apartamento en Madrid,178.0,4.0,,2.0,1.0,5.0,3.0,https://www.airbnb.es/rooms/1637749270544103351,,,0,,,,,,,,,,,,,,,0
Madrid,Tetuán,1648729293755555355,2026-06-01,Apartamento en Madrid,158.0,2.0,1.0,1.0,1.0,5.0,3.0,https://www.airbnb.es/rooms/1648729293755555355,,,0,,,,,,,,,,,,,,,0
Madrid,Tetuán,1665128751598165028,2026-06-01,Apartamento en Madrid,193.0,6.0,2.0,2.0,2.0,,,https://www.airbnb.es/rooms/1665128751598165028,,,0,,,,,,,,,,,,,,,0
Madrid,Tetuán,1554965093761113920,2026-06-01,Apartamento en Madrid,210.0,4.0,1.0,2.0,1.0,4.92,26.0,https://www.airbnb.es/rooms/1554965093761113920,,,0,,,,,,,,,,,,,,,0
Madrid,Tetuán,1026991865595731242,2026-06-01,Apartamento en Madrid,123.0,2.0,1.0,1.0,1.0,4.7,128.0,https://www.airbnb.es/rooms/1026991865595731242,1.0269918655957312e+18,,4,1.0,1.0,1.0,1.0,1.0,Entire rental unit,Entire home/apt,2.0,365.0,ESFCNT00002816700138224800000000000000000000000000001,0.06666666666666667,0.11666666666666667,0.28888888888888886,0.07397260273972603,1
Madrid,Tetuán,45184972,2026-06-01,Apartamento en Tetuán,148.0,3.0,1.0,2.0,0.0,4.61,31.0,https://www.airbnb.es/rooms/45184972,45184972.0,,4,0.99,0.97,0.0,1.0,1.0,Entire serviced apartment,Entire home/apt,2.0,1125.0,106/2006/1387,0.2,0.36666666666666664,0.5111111111111111,0.8136986301369863,1
Madrid,Tetuán,1648453503502926546,2026-06-01,Apartamento en Madrid,190.0,7.0,2.0,4.0,2.0,4.82,11.0,https://www.airbnb.es/rooms/1648453503502926546,,,0,,,,,,,,,,,,,,,0
Madrid,Tetuán,1032657188689626178,2026-06-01,Apartamento en Chamartín,211.0,,,,,4.93,83.0,https://www.airbnb.es/rooms/1032657188689626178,1.0326571886896262e+18,,3,1.0,0.94,1.0,1.0,1.0,Entire rental unit,Entire home/apt,3.0,365.0,ESFCTU00A42803800001892900000000000000000000000000007,0.06666666666666667,0.23333333333333334,0.43333333333333335,0.1095890410958904,1
Madrid,Tetuán,973640747156798972,2026-06-01,Apartamento en Salamanca,132.0,2.0,1.0,1.0,1.0,4.88,26.0,https://www.airbnb.es/rooms/973640747156798972,9.73640747156799e+17,,0,,,1.0,,,Entire rental unit,Entire home/apt,1.0,365.0,,0.26666666666666666,0.48333333333333334,0.6,0.2191780821917808,0
Madrid,Tetuán,663616412063513584,2026-06-01,Apartamento en Quintana,132.0,5.0,2.0,3.0,1.0,4.58,227.0,https://www.airbnb.es/rooms/663616412063513584,6.636164120635136e+17,,4,1.0,1.0,0.0,1.0,1.0,Entire rental unit,Entire home/apt,1.0,100.0,ESFCTU00002811700035029800000000000000000000VT-146491,0.23333333333333334,0.4,0.5333333333333333,0.8054794520547945,1
Madrid,Tetuán,1410734729057070420,2026-06-01,Habitación compartida en Cuatro Caminos,23.0,,,1.0,,4.44,25.0,https://www.airbnb.es/rooms/1410734729057070420,1.4107347290570703e+18,,4,1.0,1.0,0.0,1.0,1.0,Shared room in bed and breakfast,Shared room,1.0,365.0,,0.9333333333333333,0.9666666666666667,0.9777777777777777,0.6191780821917808,0
Madrid,Tetuán,1410720133431954056,2026-06-01,Habitación compartida en Cuatro Caminos,23.0,,,1.0,,4.55,11.0,https://www.airbnb.es/rooms/1410720133431954056,1.4107201334319542e+18,,4,1.0,1.0,0.0,1.0,1.0,Shared room in bed and breakfast,Shared room,1.0,365.0,,0.9666666666666667,0.9833333333333333,0.9888888888888889,0.6219178082191781,0
Madrid,Tetuán,1637656046312224488,2026-06-01,Apartamento en Madrid,178.0,4.0,,2.0,1.0,4.63,8.0,https://www.airbnb.es/rooms/1637656046312224488,,,0,,,,,,,,,,,,,,,0
Madrid,Tetuán,1217999363447466312,2026-06-01,Habitación en Tetuán,67.0,,,1.0,,4.65,26.0,https://www.airbnb.es/rooms/1217999363447466312,1.2179993634474662e+18,,4,0.9,0.99,0.0,0.0,1.0,Private room in casa particular,Private room,1.0,365.0,,0.0,0.0,0.0,0.7013698630136986,0
Madrid,Tetuán,52715140,2026-06-01,Apartamento en Chamartín,158.0,2.0,1.0,1.0,1.0,4.56,34.0,https://www.airbnb.es/rooms/52715140,52715140.0,,4,1.0,1.0,0.0,1.0,1.0,Entire rental unit,Entire home/apt,1.0,1125.0,AM- 1376,0.7666666666666667,0.8833333333333333,0.9222222222222223,0.9808219178082191,1
Madrid,Tetuán,1204268899425587161,2026-06-01,Apartamento en Madrid,201.0,6.0,2.0,3.0,1.0,4.51,70.0,https://www.airbnb.es/rooms/1204268899425587161,1.2042688994255872e+18,,4,1.0,0.94,0.0,1.0,1.0,Entire rental unit,Entire home/apt,1.0,365.0,En proceso,0.23333333333333334,0.18333333333333332,0.3,0.09315068493150686,1
Madrid,Tetuán,1440451108804053578,2026-06-01,Apartamento en Cuatro Caminos,143.0,2.0,1.0,1.0,1.0,,,https://www.airbnb.es/rooms/1440451108804053578,1.4404511088040535e+18,,4,1.0,0.66,0.0,1.0,1.0,Entire rental unit,Entire home/apt,28.0,365.0,,0.5333333333333333,0.26666666666666666,0.17777777777777778,0.7479452054794521,0
Madrid,Tetuán,1391236645904621007,2026-06-01,Habitación en Salamanca,90.0,,,1.0,,4.73,112.0,https://www.airbnb.es/rooms/1391236645904621007,1.391236645904621e+18,,0,,,0.0,,,Private room in rental unit,Private room,1.0,365.0,VT-8321,0.43333333333333335,0.5166666666666667,0.34444444444444444,0.08493150684931507,1
Madrid,Tetuán,49238337,2026-06-01,Hotel boutique en Madrid,132.0,3.0,2.0,3.0,1.0,4.74,54.0,https://www.airbnb.es/rooms/49238337,49238337.0,,4,0.83,0.99,0.0,1.0,1.0,Room in boutique hotel,Private room,1.0,1125.0,,0.03333333333333333,0.21666666666666667,0.37777777777777777,0.12602739726027398,0
Madrid,Tetuán,1192629511920186859,2026-06-01,Apartamento en Chamberí,176.0,3.0,1.0,2.0,1.0,4.84,116.0,https://www.airbnb.es/rooms/1192629511920186859,1.192629511920187e+18,,4,1.0,0.99,1.0,1.0,1.0,Entire rental unit,Entire home/apt,1.0,1125.0,,0.23333333333333334,0.43333333333333335,0.5555555555555556,0.8191780821917808,0
Madrid,Tetuán,53227837,2026-06-01,Apartamento en Cuatro Caminos,105.0,1.0,1.0,1.0,1.0,4.8,5.0,https://www.airbnb.es/rooms/53227837,53227837.0,,4,1.0,0.66,0.0,1.0,1.0,Entire serviced apartment,Entire home/apt,28.0,365.0,,0.0,0.0,0.0,0.0,0
Madrid,Tetuán,1002286613497817563,2026-06-01,Apartahotel en Chamartín,173.0,4.0,1.0,5.0,1.0,4.76,17.0,https://www.airbnb.es/rooms/1002286613497817563,1.0022866134978176e+18,,4,1.0,0.95,1.0,1.0,1.0,Room in aparthotel,Private room,1.0,30.0,1071517001369,0.23333333333333334,0.5166666666666667,0.6111111111111112,0.2,1
Madrid,Tetuán,1494195837241349645,2026-06-01,Apartamento en Hortaleza,174.0,4.0,1.0,2.0,1.0,4.96,23.0,https://www.airbnb.es/rooms/1494195837241349645,1.4941958372413496e+18,,4,1.0,1.0,1.0,1.0,1.0,Entire rental unit,Entire home/apt,2.0,365.0,Exempt,0.2,0.5333333333333333,0.6888888888888889,0.663013698630137,1
Madrid,Tetuán,1681292570763906245,2026-06-01,Alojamiento en Madrid,41.0,2.0,1.0,1.0,1.0,,,https://www.airbnb.es/rooms/1681292570763906245,,,0,,,,,,,,,,,,,,,0
Madrid,Tetuán,1358106560398851535,2026-06-01,Apartamento en Madrid,123.0,3.0,1.0,2.0,1.0,4.46,117.0,https://www.airbnb.es/rooms/1358106560398851535,1.3581065603988516e+18,,4,1.0,1.0,0.0,1.0,1.0,Entire rental unit,Entire home/apt,2.0,365.0,,0.06666666666666667,0.13333333333333333,0.24444444444444444,0.1780821917808219,0
Madrid,Tetuán,44328380,2026-06-01,Apartamento en Madrid,129.0,2.0,,1.0,1.0,4.83,366.0,https://www.airbnb.es/rooms/44328380,44328380.0,,4,1.0,1.0,1.0,1.0,1.0,Entire serviced apartment,Entire home/apt,2.0,700.0,ESFCNT00002816700138255200000000000000000000000000009,0.03333333333333333,0.03333333333333333,0.2111111111111111,0.0547945205479452,1
Madrid,Tetuán,1640013023211391833,2026-06-01,Apartamento en Madrid,118.0,4.0,1.0,2.0,1.0,4.53,15.0,https://www.airbnb.es/rooms/1640013023211391833,,,0,,,,,,,,,,,,,,,0
Madrid,Tetuán,1139642006892987613,2026-06-01,Apartamento en Salamanca,170.0,4.0,1.0,2.0,1.0,4.89,202.0,https://www.airbnb.es/rooms/1139642006892987613,1.1396420068929876e+18,,4,1.0,1.0,1.0,1.0,1.0,Entire rental unit,Entire home/apt,2.0,365.0,ESFCTU00002803700099946200000000000000000000VT-141412,0.4666666666666667,0.6666666666666666,0.7555555555555555,0.6794520547945205,1
Madrid,Tetuán,21923038,2026-06-01,Apartamento en Madrid,118.0,5.0,1.0,3.0,1.0,4.66,258.0,https://www.airbnb.es/rooms/21923038,21923038.0,,4,0.99,1.0,0.0,1.0,1.0,Entire rental unit,Entire home/apt,3.0,1125.0,AM-336,0.23333333333333334,0.5166666666666667,0.6777777777777778,0.9041095890410958,1
Madrid,Tetuán,38740472,2026-06-01,Apartamento en Hortaleza,136.0,2.0,,3.0,1.0,4.86,376.0,https://www.airbnb.es/rooms/38740472,38740472.0,,4,0.97,1.0,1.0,1.0,1.0,Entire rental unit,Entire home/apt,1.0,60.0,,0.1,0.21666666666666667,0.3333333333333333,0.4657534246575342,0
Madrid,Tetuán,1309982476048784217,2026-06-01,Apartamento en Tetuán,178.0,4.0,1.0,2.0,1.0,4.76,29.0,https://www.airbnb.es/rooms/1309982476048784217,1.3099824760487841e+18,,4,0.9,0.95,1.0,1.0,1.0,Entire rental unit,Entire home/apt,2.0,1125.0,ESFCTU000028115000319475000000000000000000000VT144322,0.6333333333333333,0.8,0.7888888888888889,0.24383561643835616,1
Madrid,Tetuán,994841175711949058,2026-06-01,Apartamento en Salamanca,163.0,2.0,1.0,1.0,1.0,4.62,129.0,https://www.airbnb.es/rooms/994841175711949058,9.94841175711949e+17,,4,1.0,1.0,0.0,1.0,1.0,Entire rental unit,Entire home/apt,3.0,29.0,,0.43333333333333335,0.7166666666666667,0.6777777777777778,0.16712328767123288,0
Madrid,Tetuán,1542978383459057260,2026-06-01,Apartamento en Madrid,163.0,4.0,1.0,2.0,1.0,4.71,63.0,https://www.airbnb.es/rooms/1542978383459057260,,,0,,,,,,,,,,,,,,,0
Madrid,Tetuán,1406533888069763456,2026-06-01,Apartamento en Cuatro Caminos,230.0,4.0,1.0,1.0,1.0,,,https://www.airbnb.es/rooms/1406533888069763456,1.4065338880697636e+18,,4,1.0,1.0,1.0,1.0,1.0,Entire rental unit,Entire home/apt,1.0,365.0,Exempt,0.6333333333333333,0.8166666666666667,0.8777777777777778,0.9698630136986301,1
Madrid,Tetuán,1639808640732006378,2026-06-01,Casa de invitados en Madrid,70.0,2.0,1.0,1.0,1.0,4.56,9.0,https://www.airbnb.es/rooms/1639808640732006378,,,0,,,,,,,,,,,,,,,0
Madrid,Tetuán,1394929778555367289,2026-06-01,Apartamento en Chamberí,159.0,2.0,1.0,1.0,1.0,4.94,16.0,https://www.airbnb.es/rooms/1394929778555367289,1.3949297785553672e+18,,4,1.0,1.0,1.0,1.0,1.0,Entire rental unit,Entire home/apt,1.0,365.0,Exempt,0.5,0.7166666666666667,0.7888888888888889,0.27671232876712326,1
Madrid,Tetuán,1642705062049956783,2026-06-01,Alojamiento en Madrid,70.0,1.0,1.0,1.0,1.0,4.5,6.0,https://www.airbnb.es/rooms/1642705062049956783,,,0,,,,,,,,,,,,,,,0
Madrid,Tetuán,1260744038671855847,2026-06-01,Hotel en Cuatro Caminos,86.0,1.0,1.0,1.0,3.0,4.37,68.0,https://www.airbnb.es/rooms/1260744038671855847,1.2607440386718559e+18,,4,1.0,0.99,0.0,1.0,1.0,Room in hotel,Private room,1.0,365.0,,0.6333333333333333,0.8,0.8555555555555555,0.2602739726027397,0
Madrid,Tetuán,1016443633879357802,2026-06-01,Apartamento en Sol,195.0,5.0,2.0,4.0,1.0,4.83,159.0,https://www.airbnb.es/rooms/1016443633879357802,1.0164436338793578e+18,,4,1.0,1.0,0.0,1.0,1.0,Entire rental unit,Entire home/apt,5.0,365.0,,0.0,0.03333333333333333,0.25555555555555554,0.7123287671232876,0
Madrid,Tetuán,573227205699099606,2026-06-01,Habitación en Chamberí,106.0,,,1.0,,4.88,85.0,https://www.airbnb.es/rooms/573227205699099606,5.732272056990996e+17,,4,0.95,0.96,1.0,1.0,1.0,Private room in rental unit,Private room,4.0,100.0,ESFCTU00002813100027581800000000000000000000VT-142127,0.16666666666666666,0.36666666666666664,0.5777777777777777,0.6356164383561644,1
Madrid,Tetuán,950023237737716657,2026-06-01,Apartamento en Madrid,95.0,5.0,1.0,3.0,1.0,4.74,332.0,https://www.airbnb.es/rooms/950023237737716657,9.500232377377166e+17,,4,0.97,0.98,1.0,1.0,1.0,Entire rental unit,Entire home/apt,1.0,365.0,,0.26666666666666666,0.48333333333333334,0.5666666666666667,0.8493150684931506,0
Madrid,Tetuán,1379520654226740717,2026-06-01,Hotel en Cuatro Caminos,101.0,2.0,1.0,1.0,1.0,4.32,22.0,https://www.airbnb.es/rooms/1379520654226740717,1.3795206542267407e+18,,4,1.0,0.99,0.0,1.0,1.0,Room in hotel,Private room,1.0,365.0,Exempt,0.43333333333333335,0.7166666666666667,0.8,0.6520547945205479,1
Madrid,Tetuán,44238211,2026-06-01,Apartamento en Madrid,142.0,2.0,1.0,2.0,1.0,4.76,21.0,https://www.airbnb.es/rooms/44238211,44238211.0,,0,,,1.0,,,Entire rental unit,Entire home/apt,1.0,1125.0,,0.5,0.65,0.6333333333333333,0.18356164383561643,0
Madrid,Tetuán,1662900862769700613,2026-06-01,Apartamento en Madrid,91.0,1.0,1.0,1.0,1.0,,,https://www.airbnb.es/rooms/1662900862769700613,,,0,,,,,,,,,,,,,,,0
Madrid,Tetuán,1531782176675910994,2026-06-01,Alojamiento en Madrid,70.0,2.0,1.0,1.0,2.0,4.35,46.0,https://www.airbnb.es/rooms/1531782176675910994,,,0,,,,,,,,,,,,,,,0
Madrid,Tetuán,1410735738777888904,2026-06-01,Habitación compartida en Cuatro Caminos,23.0,,,1.0,,4.59,17.0,https://www.airbnb.es/rooms/1410735738777888904,1.410735738777889e+18,,4,1.0,1.0,0.0,1.0,1.0,Shared room in bed and breakfast,Shared room,1.0,365.0,,0.8333333333333334,0.9166666666666666,0.9444444444444444,0.6109589041095891,0
Madrid,Tetuán,1447013443717309222,2026-06-01,Habitación en Sol,55.0,,,1.0,,4.46,105.0,https://www.airbnb.es/rooms/1447013443717309222,1.4470134437173092e+18,,4,1.0,1.0,0.0,1.0,1.0,Private room in rental unit,Private room,1.0,365.0,VT-12914,0.3,0.31666666666666665,0.2111111111111111,0.6712328767123288,1
Madrid,Tetuán,1603563960122593762,2026-06-01,Hotel en Madrid,137.0,2.0,1.0,1.0,1.0,,,https://www.airbnb.es/rooms/1603563960122593762,,,0,,,,,,,,,,,,,,,0
Madrid,Tetuán,1665146515751675487,2026-06-01,Apartamento en Madrid,193.0,6.0,2.0,2.0,2.0,,,https://www.airbnb.es/rooms/1665146515751675487,,,0,,,,,,,,,,,,,,,0
Madrid,Tetuán,1441823446092132988,2026-06-01,Apartamento en Sol,137.0,2.0,1.0,1.0,1.0,4.8,49.0,https://www.airbnb.es/rooms/1441823446092132988,1.4418234460921329e+18,,4,1.0,1.0,0.0,1.0,1.0,Entire rental unit,Entire home/apt,1.0,30.0,,0.1,0.4,0.6,0.22465753424657534,0
Madrid,Tetuán,1379528392738165133,2026-06-01,Hotel en Cuatro Caminos,101.0,2.0,1.0,2.0,1.0,4.43,42.0,https://www.airbnb.es/rooms/1379528392738165133,1.3795283927381652e+18,,4,1.0,0.99,0.0,1.0,1.0,Room in hotel,Private room,1.0,365.0,Exempt,0.3333333333333333,0.6,0.6888888888888889,0.6054794520547945,1
Madrid,Tetuán,1394976636336120791,2026-06-01,Apartamento en Chamberí,168.0,3.0,1.0,2.0,1.0,4.86,7.0,https://www.airbnb.es/rooms/1394976636336120791,1.3949766363361208e+18,,4,1.0,1.0,1.0,1.0,1.0,Entire rental unit,Entire home/apt,1.0,365.0,Exempt,0.5,0.6666666666666666,0.7222222222222222,0.2493150684931507,1
Madrid,Tetuán,1410732219899380994,2026-06-01,Habitación compartida en Cuatro Caminos,23.0,,,1.0,,4.75,4.0,https://www.airbnb.es/rooms/1410732219899380994,1.410732219899381e+18,,4,1.0,1.0,0.0,1.0,1.0,Shared room in bed and breakfast,Shared room,1.0,365.0,,0.5,0.75,0.8333333333333334,0.5835616438356165,0
Madrid,Tetuán,628862416538883821,2026-06-01,Apartamento en Salamanca,207.0,6.0,2.0,3.0,2.0,4.85,399.0,https://www.airbnb.es/rooms/628862416538883821,6.288624165388838e+17,,4,1.0,1.0,1.0,1.0,1.0,Entire rental unit,Entire home/apt,2.0,365.0,ESFCTU00002803700099946200000000000000000000VT-141403,0.3,0.5166666666666667,0.6333333333333333,0.6356164383561644,1
Madrid,Tetuán,22985266,2026-06-01,Habitación en Sol,81.0,,,2.0,,4.71,104.0,https://www.airbnb.es/rooms/22985266,22985266.0,,3,1.0,0.97,1.0,1.0,1.0,Private room in rental unit,Private room,1.0,1125.0,ESHFNT00002810900049634200300000000000000000000000007,0.03333333333333333,0.016666666666666666,0.011111111111111112,0.0027397260273972603,1
Madrid,Tetuán,1678407386515195299,2026-06-01,Casa de invitados en Madrid,45.0,2.0,1.0,1.0,2.0,,,https://www.airbnb.es/rooms/1678407386515195299,,,0,,,,,,,,,,,,,,,0
Madrid,Tetuán,758004952449186583,2026-06-01,Apartamento en Madrid,142.0,2.0,1.0,1.0,1.0,4.89,305.0,https://www.airbnb.es/rooms/758004952449186583,7.580049524491866e+17,,4,0.96,1.0,1.0,1.0,1.0,Entire rental unit,Entire home/apt,1.0,15.0,,0.0,0.08333333333333333,0.15555555555555556,0.4520547945205479,0
Madrid,Tetuán,1562386820687585168,2026-06-01,Habitación compartida en Madrid,30.0,,,1.0,,4.64,141.0,https://www.airbnb.es/rooms/1562386820687585168,,,0,,,,,,,,,,,,,,,0
Madrid,Tetuán,1106580286129900744,2026-06-01,Apartamento en Puente de Vallecas,96.0,2.0,1.0,1.0,1.0,4.72,36.0,https://www.airbnb.es/rooms/1106580286129900744,1.1065802861299008e+18,,4,1.0,1.0,0.0,1.0,1.0,Entire rental unit,Entire home/apt,1.0,365.0,,0.7333333333333333,0.8666666666666667,0.9111111111111111,0.9780821917808219,0
Madrid,Tetuán,1679879417196305125,2026-06-01,Apartamento en Madrid,164.0,6.0,2.0,2.0,1.0,,,https://www.airbnb.es/rooms/1679879417196305125,,,0,,,,,,,,,,,,,,,0
Madrid,Tetuán,41375947,2026-06-01,Habitación en Madrid,81.0,,,2.0,,4.96,76.0,https://www.airbnb.es/rooms/41375947,41375947.0,,4,1.0,0.93,1.0,1.0,1.0,Private room in home,Private room,1.0,7.0,ESHFNT00002809900042015000100000000000000000000000007,0.43333333333333335,0.7166666666666667,0.8111111111111111,0.3589041095890411,1
Madrid,Tetuán,1594896685940700869,2026-06-01,Alojamiento en Madrid,86.0,2.0,1.0,1.0,2.0,3.89,9.0,https://www.airbnb.es/rooms/1594896685940700869,,,0,,,,,,,,,,,,,,,0
Madrid,Tetuán,1114529764362056213,2026-06-01,Apartamento en Cuatro Caminos,176.0,3.0,2.0,2.0,1.0,4.45,64.0,https://www.airbnb.es/rooms/1114529764362056213,1.1145297643620562e+18,,4,1.0,0.99,0.0,1.0,1.0,Entire rental unit,Entire home/apt,2.0,365.0,ESFCNT00002809300029998300000000000000000000000000001,0.2,0.5,0.6444444444444445,0.1589041095890411,1
Madrid,Tetuán,767478386933876115,2026-06-01,Habitación en Ciudad Lineal,53.0,,,1.0,,5.0,18.0,https://www.airbnb.es/rooms/767478386933876115,7.674783869338761e+17,,3,1.0,0.39,1.0,1.0,1.0,Private room in condo,Private room,1.0,365.0,,0.36666666666666664,0.4666666666666667,0.5555555555555556,0.8904109589041096,0
Madrid,Tetuán,1233350870027135262,2026-06-01,Habitación en Simancas,44.0,,,1.0,,4.76,192.0,https://www.airbnb.es/rooms/1233350870027135262,1.2333508700271352e+18,,4,1.0,1.0,1.0,1.0,1.0,Private room in home,Private room,1.0,31.0,ESHFNT00002809900011959700200000000000000000000000006,0.0,0.18333333333333332,0.32222222222222224,0.6876712328767123,1
Madrid,Tetuán,1638447033670437943,2026-06-01,Apartamento en Madrid,149.0,4.0,1.0,2.0,1.0,5.0,10.0,https://www.airbnb.es/rooms/1638447033670437943,,,0,,,,,,,,,,,,,,,0
Madrid,Tetuán,52559824,2026-06-01,Apto. residencial en Chamberí,164.0,2.0,1.0,1.0,1.0,4.7,524.0,https://www.airbnb.es/rooms/52559824,52559824.0,,4,0.98,1.0,0.0,1.0,1.0,Entire condo,Entire home/apt,1.0,365.0,,0.16666666666666666,0.3333333333333333,0.45555555555555555,0.821917808219178,0
Madrid,Tetuán,51293911,2026-06-01,Apartamento en Chamartín,153.0,2.0,1.0,1.0,1.0,4.68,37.0,https://www.airbnb.es/rooms/51293911,51293911.0,,4,1.0,1.0,0.0,1.0,1.0,Entire rental unit,Entire home/apt,1.0,1125.0,AM- 1376,0.7333333333333333,0.8666666666666667,0.9111111111111111,0.9780821917808219,1
Madrid,Tetuán,1234787464692607040,2026-06-01,Vivienda en Tetuán,124.0,4.0,1.0,2.0,0.0,3.67,6.0,https://www.airbnb.es/rooms/1234787464692607040,1.234787464692607e+18,,4,0.83,0.99,0.0,1.0,1.0,Entire home,Entire home/apt,1.0,365.0,Exempt,0.4666666666666667,0.55,0.5666666666666667,0.6821917808219178,1
Madrid,Tetuán,46565987,2026-06-01,Habitación compartida en Madrid,48.0,,,4.0,,4.83,379.0,https://www.airbnb.es/rooms/46565987,46565987.0,,4,0.99,1.0,1.0,1.0,1.0,Shared room in hostel,Shared room,1.0,8.0,Exempt,0.5,0.75,0.8333333333333334,0.9534246575342465,1
Madrid,Carabanchel,1357477953481569144,2026-06-01,Habitación en Madrid,32.0,,,1.0,,4.82,113.0,https://www.airbnb.es/rooms/1357477953481569144,1.357477953481569e+18,,4,1.0,1.0,1.0,1.0,1.0,Private room in rental unit,Private room,1.0,1125.0,,0.4,0.5666666666666667,0.7111111111111111,0.22465753424657534,0
Madrid,Carabanchel,970201844572404654,2026-06-01,Apartamento en Vista Alegre,88.0,4.0,1.0,1.0,1.0,4.19,93.0,https://www.airbnb.es/rooms/970201844572404654,9.702018445724046e+17,,4,1.0,1.0,0.0,1.0,1.0,Entire rental unit,Entire home/apt,2.0,1125.0,ESFCNT00002811200162756100000000000000000000000000001,0.7333333333333333,0.8166666666666667,0.8444444444444444,0.20821917808219179,1
Madrid,Carabanchel,1563641069355474962,2026-06-01,Apartamento en Madrid,93.0,4.0,,1.0,1.0,,,https://www.airbnb.es/rooms/1563641069355474962,,,0,,,,,,,,,,,,,,,0
Madrid,Carabanchel,1424491930901399062,2026-06-01,Apartamento en Madrid,136.0,3.0,1.0,1.0,1.0,4.82,83.0,https://www.airbnb.es/rooms/1424491930901399062,1.424491930901399e+18,,4,1.0,1.0,0.0,1.0,1.0,Room in aparthotel,Private room,1.0,365.0,,0.9666666666666667,0.9833333333333333,0.9888888888888889,0.2958904109589041,0
Madrid,Carabanchel,1511521967672905695,2026-06-01,Apartamento en Madrid,134.0,2.0,1.0,1.0,1.0,4.78,18.0,https://www.airbnb.es/rooms/1511521967672905695,,,0,,,,,,,,,,,,,,,0
Madrid,Carabanchel,52386268,2026-06-01,Habitación en Vista Alegre,122.0,,,1.0,,4.99,79.0,https://www.airbnb.es/rooms/52386268,52386268.0,,3,1.0,1.0,1.0,1.0,1.0,Private room in rental unit,Private room,2.0,30.0,,0.5666666666666667,0.5666666666666667,0.5777777777777777,0.18356164383561643,0
Madrid,Carabanchel,33575979,2026-06-01,Habitación en Vista Alegre,43.0,,,1.0,,4.93,221.0,https://www.airbnb.es/rooms/33575979,33575979.0,,4,1.0,0.88,1.0,1.0,1.0,Private room in rental unit,Private room,1.0,1125.0,,0.4,0.6333333333333333,0.7222222222222222,0.9232876712328767,0
Madrid,Carabanchel,753388245514744021,2026-06-01,Habitación en Casa de Campo,36.0,,,2.0,,4.8,116.0,https://www.airbnb.es/rooms/753388245514744021,7.53388245514744e+17,,4,1.0,1.0,1.0,1.0,1.0,Private room in rental unit,Private room,1.0,1125.0,,0.5666666666666667,0.5333333333333333,0.5333333333333333,0.8273972602739726,0
Madrid,Carabanchel,1452901140914285418,2026-06-01,Apartamento en Madrid,168.0,2.0,1.0,1.0,1.0,4.84,19.0,https://www.airbnb.es/rooms/1452901140914285418,1.4529011409142853e+18,,4,1.0,1.0,0.0,1.0,1.0,Entire rental unit,Entire home/apt,1.0,365.0,,0.6333333333333333,0.8166666666666667,0.8777777777777778,0.6821917808219178,0
Madrid,Carabanchel,978814536403009668,2026-06-01,Apartamento en Madrid,223.0,4.0,1.0,2.0,1.0,4.82,129.0,https://www.airbnb.es/rooms/978814536403009668,9.788145364030097e+17,,4,1.0,1.0,1.0,1.0,1.0,Entire rental unit,Entire home/apt,2.0,365.0,,0.26666666666666666,0.13333333333333333,0.08888888888888889,0.021917808219178082,0
Madrid,Carabanchel,1548734407324873332,2026-06-01,Alojamiento en Madrid,53.0,2.0,1.0,1.0,1.0,4.91,22.0,https://www.airbnb.es/rooms/1548734407324873332,,,0,,,,,,,,,,,,,,,0
Madrid,Carabanchel,1472247368252946528,2026-06-01,Alojamiento en Estación de Puerta del Ángel,49.0,2.0,1.0,1.0,1.0,4.64,44.0,https://www.airbnb.es/rooms/1472247368252946528,,,0,,,,,,,,,,,,,,,0
Madrid,Carabanchel,1187346940116587429,2026-06-01,Habitación en Madrid,57.0,,,2.0,,4.95,92.0,https://www.airbnb.es/rooms/1187346940116587429,1.1873469401165875e+18,,4,1.0,1.0,1.0,1.0,1.0,Private room in rental unit,Private room,1.0,365.0,,0.16666666666666666,0.5833333333333334,0.7222222222222222,0.9315068493150684,0
Madrid,Carabanchel,1670203374952453570,2026-06-01,Alojamiento en Madrid,34.0,1.0,1.0,1.0,1.0,,,https://www.airbnb.es/rooms/1670203374952453570,,,0,,,,,,,,,,,,,,,0
Madrid,Carabanchel,1398612962508089420,2026-06-01,Apartamento en Usera,109.0,2.0,1.0,1.0,1.0,4.74,82.0,https://www.airbnb.es/rooms/1398612962508089420,1.3986129625080893e+18,,4,1.0,1.0,0.0,1.0,1.0,Entire rental unit,Entire home/apt,1.0,1125.0,,0.06666666666666667,0.3333333333333333,0.4111111111111111,0.8356164383561644,0
Madrid,Carabanchel,1668030304373875893,2026-06-01,Alojamiento en Madrid,45.0,2.0,1.0,1.0,1.0,3.0,3.0,https://www.airbnb.es/rooms/1668030304373875893,,,0,,,,,,,,,,,,,,,0
Madrid,Carabanchel,15465539,2026-06-01,Alojamiento en Vista Alegre,75.0,3.0,1.0,2.0,0.0,4.8,94.0,https://www.airbnb.es/rooms/15465539,15465539.0,,4,1.0,1.0,0.0,1.0,1.0,Private room in rental unit,Private room,1.0,365.0,,0.3,0.48333333333333334,0.5222222222222223,0.8767123287671232,0
Madrid,Carabanchel,1080925151754759220,2026-06-01,Apartamento en Madrid,159.0,3.0,1.0,2.0,1.0,4.68,136.0,https://www.airbnb.es/rooms/1080925151754759220,1.0809251517547592e+18,,4,0.9,0.98,0.0,1.0,1.0,Entire rental unit,Entire home/apt,1.0,365.0,,0.1,0.2833333333333333,0.4444444444444444,0.5643835616438356,0
Madrid,Carabanchel,912128231177506384,2026-06-01,Habitación en Vista Alegre,65.0,,,1.0,,4.7,118.0,https://www.airbnb.es/rooms/912128231177506384,9.121282311775064e+17,,3,0.7,0.84,0.0,1.0,1.0,Private room in rental unit,Private room,1.0,365.0,,0.6333333333333333,0.7166666666666667,0.7555555555555555,0.9397260273972603,0
Madrid,Carabanchel,1625308457746976629,2026-06-01,Apartamento en Madrid,62.0,2.0,1.0,1.0,1.0,4.61,18.0,https://www.airbnb.es/rooms/1625308457746976629,,,0,,,,,,,,,,,,,,,0
Madrid,Carabanchel,1446346084502380252,2026-06-01,Apartamento en Vista Alegre,194.0,4.0,1.0,2.0,1.0,4.9,40.0,https://www.airbnb.es/rooms/1446346084502380252,1.4463460845023803e+18,,4,1.0,1.0,0.0,0.0,0.0,Entire rental unit,Entire home/apt,1.0,365.0,ESFCTU00002811200164800900000000000000000000000000002,0.6,0.7666666666666667,0.8444444444444444,0.20821917808219179,1
Madrid,Carabanchel,709327134454429897,2026-06-01,Habitación en Madrid,29.0,,,1.0,,4.66,271.0,https://www.airbnb.es/rooms/709327134454429897,7.0932713445443e+17,,4,0.96,0.99,1.0,1.0,1.0,Private room in rental unit,Private room,1.0,7.0,,0.13333333333333333,0.13333333333333333,0.2,0.7178082191780822,0
Madrid,Carabanchel,982577325821347767,2026-06-01,Habitación en Madrid,39.0,,,1.0,,4.84,285.0,https://www.airbnb.es/rooms/982577325821347767,9.825773258213477e+17,,4,1.0,0.98,1.0,1.0,1.0,Private room in rental unit,Private room,1.0,1125.0,,0.1,0.31666666666666665,0.5444444444444444,0.852054794520548,0
Madrid,Carabanchel,882759479445807232,2026-06-01,Habitación en Madrid,64.0,,,1.0,,4.77,172.0,https://www.airbnb.es/rooms/882759479445807232,8.827594794458072e+17,,4,1.0,0.97,1.0,1.0,1.0,Private room in rental unit,Private room,1.0,30.0,,0.6,0.75,0.8333333333333334,0.2054794520547945,0
Madrid,Carabanchel,1213841192465478904,2026-06-01,Apartamento en Madrid,91.0,4.0,2.0,2.0,1.0,4.53,34.0,https://www.airbnb.es/rooms/1213841192465478904,1.213841192465479e+18,,4,0.98,1.0,0.0,1.0,1.0,Entire rental unit,Entire home/apt,1.0,365.0,,0.13333333333333333,0.23333333333333334,0.37777777777777777,0.8164383561643835,0
Madrid,Carabanchel,31505010,2026-06-01,Habitación en Madrid,29.0,,,1.0,,4.8,360.0,https://www.airbnb.es/rooms/31505010,31505010.0,,4,1.0,0.99,1.0,1.0,1.0,Private room in rental unit,Private room,1.0,7.0,ESHFNT00002814700097237400100000000000000000000000001,0.23333333333333334,0.36666666666666664,0.24444444444444444,0.06027397260273973,1
Madrid,Carabanchel,1558001589726044179,2026-06-01,Hotel Acta Pirámides,163.0,,,,,4.82,28.0,https://www.airbnb.es/rooms/1558001589726044179,,,0,,,,,,,,,,,,,,,0
Madrid,Carabanchel,1543292911660162821,2026-06-01,Madrid Atipico,171.0,,,,,4.79,95.0,https://www.airbnb.es/rooms/1543292911660162821,,,0,,,,,,,,,,,,,,,0
Madrid,Carabanchel,1486125837835237307,2026-06-01,Hotel Suites Feria de Madrid,109.0,,,,,4.84,178.0,https://www.airbnb.es/rooms/1486125837835237307,,,0,,,,,,,,,,,,,,,0
Madrid,Carabanchel,1537655105132466678,2026-06-01,NH Madrid Ribera Del Manzanares,166.0,,,,,4.25,8.0,https://www.airbnb.es/rooms/1537655105132466678,,,0,,,,,,,,,,,,,,,0
Madrid,Carabanchel,1548359480153638381,2026-06-01,Sercotel Pozuelo,160.0,,,,,,,https://www.airbnb.es/rooms/1548359480153638381,,,0,,,,,,,,,,,,,,,0
Madrid,Carabanchel,1264331307430968279,2026-06-01,Habitación en Madrid,65.0,,,1.0,,4.84,62.0,https://www.airbnb.es/rooms/1264331307430968279,1.2643313074309683e+18,,4,1.0,0.96,1.0,1.0,0.0,Private room in rental unit,Private room,1.0,365.0,Exempt,0.4,0.5333333333333333,0.6222222222222222,0.4,1
Madrid,Carabanchel,1371079491398504987,2026-06-01,Apartamento en Madrid,159.0,4.0,1.0,2.0,1.0,4.89,19.0,https://www.airbnb.es/rooms/1371079491398504987,1.371079491398505e+18,,4,1.0,1.0,0.0,1.0,1.0,Entire rental unit,Entire home/apt,1.0,365.0,,0.8,0.9,0.9333333333333333,0.9835616438356164,0
Madrid,Carabanchel,1424490638677457802,2026-06-01,Apartamento en Madrid,148.0,3.0,1.0,1.0,1.0,4.71,14.0,https://www.airbnb.es/rooms/1424490638677457802,1.424490638677458e+18,,4,1.0,1.0,0.0,1.0,1.0,Room in aparthotel,Private room,1.0,365.0,,0.9666666666666667,0.9833333333333333,0.9888888888888889,0.2958904109589041,0
Madrid,Carabanchel,18016295,2026-06-01,Habitación en Madrid,59.0,,,1.0,,4.83,312.0,https://www.airbnb.es/rooms/18016295,18016295.0,,4,1.0,1.0,1.0,1.0,1.0,Private room in chalet,Private room,1.0,15.0,,0.5,0.6333333333333333,0.6222222222222222,0.5945205479452055,0
Madrid,Carabanchel,1683195903446863431,2026-06-01,Alojamiento en Leganés,75.0,2.0,1.0,3.0,1.0,,,https://www.airbnb.es/rooms/1683195903446863431,,,0,,,,,,,,,,,,,,,0
Madrid,Carabanchel,1492003551426094733,2026-06-01,Apartamento en Madrid,103.0,4.0,2.0,3.0,1.0,4.4,43.0,https://www.airbnb.es/rooms/1492003551426094733,1.4920035514260948e+18,,4,1.0,0.98,,1.0,1.0,Entire rental unit,Entire home/apt,1.0,365.0,Exempt,0.5333333333333333,0.7166666666666667,0.8111111111111111,0.2,1
Madrid,Carabanchel,1555862842887425769,2026-06-01,Apartamento en Madrid,115.0,2.0,1.0,1.0,1.0,5.0,22.0,https://www.airbnb.es/rooms/1555862842887425769,,,0,,,,,,,,,,,,,,,0
Madrid,Carabanchel,1332698376438370063,2026-06-01,Apartamento en Las Águilas,122.0,4.0,1.0,2.0,1.0,4.54,13.0,https://www.airbnb.es/rooms/1332698376438370063,1.33269837643837e+18,,4,1.0,1.0,0.0,1.0,1.0,Entire rental unit,Entire home/apt,1.0,365.0,ESFCTU00002803900090240900000000000000000000VT-137314,0.23333333333333334,0.5166666666666667,0.6777777777777778,0.8054794520547945,1
Madrid,Carabanchel,6827442,2026-06-01,Habitación en Madrid,86.0,,,1.0,,4.96,653.0,https://www.airbnb.es/rooms/6827442,6827442.0,,4,1.0,0.99,1.0,1.0,1.0,Private room in rental unit,Private room,2.0,90.0,ESHFNT00002810600011880900100000000000000000000000001,0.23333333333333334,0.25,0.35555555555555557,0.21095890410958903,1
Madrid,Carabanchel,1064377409157116477,2026-06-01,Habitaciones en Usera,47.0,,4.0,1.0,,4.59,44.0,https://www.airbnb.es/rooms/1064377409157116477,1.0643774091571164e+18,,4,0.96,0.99,0.0,1.0,1.0,Private room in rental unit,Private room,1.0,21.0,,0.26666666666666666,0.48333333333333334,0.6555555555555556,0.6547945205479452,0
Madrid,Carabanchel,1231958785890449565,2026-06-01,Habitación en Madrid,82.0,,,1.0,,4.88,42.0,https://www.airbnb.es/rooms/1231958785890449565,1.2319587858904497e+18,,4,1.0,0.9,1.0,1.0,1.0,Private room in rental unit,Private room,1.0,365.0,,0.4666666666666667,0.7333333333333333,0.8222222222222222,0.43561643835616437,0
Madrid,Carabanchel,1684004062255612325,2026-06-01,Alojamiento en Madrid,65.0,2.0,1.0,1.0,2.0,,,https://www.airbnb.es/rooms/1684004062255612325,,,0,,,,,,,,,,,,,,,0
Madrid,Carabanchel,36760070,2026-06-01,Habitación en Latina,44.0,,,1.0,,4.82,238.0,https://www.airbnb.es/rooms/36760070,36760070.0,,4,1.0,0.96,1.0,1.0,1.0,Private room in rental unit,Private room,1.0,30.0,,0.4666666666666667,0.65,0.7111111111111111,0.863013698630137,0
Madrid,Carabanchel,953778038279439272,2026-06-01,Habitación en Vista Alegre,53.0,,,4.0,,4.71,31.0,https://www.airbnb.es/rooms/953778038279439272,9.537780382794392e+17,,1,0.0,0.86,0.0,1.0,1.0,Private room in casa particular,Private room,1.0,365.0,,0.5333333333333333,0.7666666666666667,0.8444444444444444,0.7013698630136986,0
Madrid,Carabanchel,1371081588665629412,2026-06-01,Apartamento en Madrid,160.0,4.0,1.0,2.0,1.0,4.81,31.0,https://www.airbnb.es/rooms/1371081588665629412,1.3710815886656294e+18,,4,1.0,1.0,0.0,1.0,1.0,Entire rental unit,Entire home/apt,1.0,365.0,,0.5,0.75,0.8333333333333334,0.958904109589041,0
Madrid,Carabanchel,1647801033166085592,2026-06-01,Apartamento en Madrid,152.0,4.0,2.0,3.0,1.0,4.8,10.0,https://www.airbnb.es/rooms/1647801033166085592,,,0,,,,,,,,,,,,,,,0
Madrid,Carabanchel,1552943804398189739,2026-06-01,Habitación compartida en Madrid,26.0,,,1.0,,4.69,62.0,https://www.airbnb.es/rooms/1552943804398189739,,,0,,,,,,,,,,,,,,,0
Madrid,Carabanchel,886682235824983049,2026-06-01,Habitación en Vista Alegre,71.0,,,1.0,,5.0,13.0,https://www.airbnb.es/rooms/886682235824983049,8.86682235824983e+17,,4,1.0,0.84,0.0,1.0,1.0,Private room in home,Private room,1.0,365.0,,0.8666666666666667,0.43333333333333335,0.37777777777777777,0.8410958904109589,0
Madrid,Carabanchel,1201290113798216032,2026-06-01,Apartamento en Usera,135.0,2.0,,1.0,1.0,4.59,49.0,https://www.airbnb.es/rooms/1201290113798216032,1.201290113798216e+18,,4,0.68,0.56,0.0,1.0,1.0,Entire rental unit,Entire home/apt,1.0,365.0,En proceso,0.16666666666666666,0.31666666666666665,0.37777777777777777,0.8410958904109589,1
Madrid,Carabanchel,21158218,2026-06-01,Habitación en Usera,53.0,,,1.0,,4.59,191.0,https://www.airbnb.es/rooms/21158218,21158218.0,,4,0.97,0.97,0.0,1.0,1.0,Private room in home,Private room,1.0,1125.0,,0.3333333333333333,0.6166666666666667,0.7444444444444445,0.6767123287671233,0
Madrid,Carabanchel,1424493708317022411,2026-06-01,Apartamento en Madrid,136.0,3.0,1.0,1.0,1.0,,,https://www.airbnb.es/rooms/1424493708317022411,1.4244937083170225e+18,,4,1.0,1.0,0.0,1.0,1.0,Room in aparthotel,Private room,1.0,365.0,,0.9666666666666667,0.9833333333333333,0.9888888888888889,0.2958904109589041,0
Madrid,Carabanchel,1424494423591415866,2026-06-01,Apartamento en Madrid,136.0,3.0,1.0,1.0,1.0,4.2,5.0,https://www.airbnb.es/rooms/1424494423591415866,1.4244944235914158e+18,,4,1.0,1.0,0.0,1.0,1.0,Room in aparthotel,Private room,1.0,365.0,,0.9666666666666667,0.9833333333333333,0.9888888888888889,0.2958904109589041,0
Madrid,Carabanchel,1102699693864729490,2026-06-01,Apartamento en Madrid,159.0,4.0,1.0,1.0,1.0,4.79,67.0,https://www.airbnb.es/rooms/1102699693864729490,1.1026996938647295e+18,,4,1.0,0.99,0.0,1.0,1.0,Entire rental unit,Entire home/apt,1.0,365.0,,0.5333333333333333,0.7666666666666667,0.8444444444444444,0.9506849315068493,0
Madrid,Carabanchel,730406034031219972,2026-06-01,Habitación en Latina,52.0,,,,,4.81,159.0,https://www.airbnb.es/rooms/730406034031219972,7.3040603403122e+17,,4,1.0,0.96,1.0,1.0,1.0,Private room in rental unit,Private room,1.0,15.0,,0.5333333333333333,0.7333333333333333,0.8222222222222222,0.9561643835616438,0
Madrid,Carabanchel,1368927593272564098,2026-06-01,Habitación en Latina,37.0,,,1.0,,4.48,67.0,https://www.airbnb.es/rooms/1368927593272564098,1.3689275932725642e+18,,4,1.0,0.97,0.0,1.0,0.0,Private room in rental unit,Private room,1.0,365.0,,0.13333333333333333,0.35,0.5666666666666667,0.8931506849315068,0
Madrid,Carabanchel,1191437981226770621,2026-06-01,Habitaciones en Usera,38.0,,2.0,1.0,,4.86,42.0,https://www.airbnb.es/rooms/1191437981226770621,1.1914379812267707e+18,,3,1.0,0.47,0.0,0.0,1.0,Private room in rental unit,Private room,1.0,365.0,,0.6666666666666666,0.8333333333333334,0.8888888888888888,0.7123287671232876,0
Madrid,Carabanchel,645352260145108648,2026-06-01,Apartamento en Madrid,129.0,2.0,1.0,2.0,1.0,4.91,449.0,https://www.airbnb.es/rooms/645352260145108648,6.453522601451086e+17,,4,1.0,0.98,1.0,1.0,1.0,Entire rental unit,Entire home/apt,1.0,364.0,,0.2,0.5,0.6666666666666666,0.21643835616438356,0
Madrid,Carabanchel,16300009,2026-06-01,Apartamento en Madrid,94.0,3.0,1.0,3.0,1.0,4.75,32.0,https://www.airbnb.es/rooms/16300009,16300009.0,,4,1.0,1.0,0.0,1.0,1.0,Entire rental unit,Entire home/apt,2.0,31.0,,0.2,0.45,0.5555555555555556,0.6767123287671233,0
Madrid,Carabanchel,1138351147330962769,2026-06-01,Habitación en Puente de Vallecas,56.0,,,1.0,,4.84,199.0,https://www.airbnb.es/rooms/1138351147330962769,1.1383511473309628e+18,,4,0.98,1.0,1.0,1.0,1.0,Private room in rental unit,Private room,1.0,365.0,ESHFNT00002805300066747200200000000000000000000000006,0.26666666666666666,0.4,0.6,0.2821917808219178,1
Madrid,Carabanchel,820881063737375856,2026-06-01,Apartamento en Puente de Vallecas,116.0,3.0,2.0,2.0,1.0,4.92,181.0,https://www.airbnb.es/rooms/820881063737375856,8.208810637373759e+17,,2,0.92,0.88,0.0,1.0,1.0,Entire rental unit,Entire home/apt,1.0,1125.0,625563363,0.03333333333333333,0.06666666666666667,0.15555555555555556,0.5506849315068493,1
Madrid,Carabanchel,1667309265981825934,2026-06-01,Apartamento en Madrid,164.0,6.0,3.0,4.0,1.0,,,https://www.airbnb.es/rooms/1667309265981825934,,,0,,,,,,,,,,,,,,,0
Madrid,Carabanchel,1105539859196826108,2026-06-01,Apartamento en Arganzuela,122.0,2.0,1.0,1.0,1.0,4.94,152.0,https://www.airbnb.es/rooms/1105539859196826108,1.1055398591968261e+18,,4,1.0,1.0,1.0,1.0,1.0,Entire rental unit,Entire home/apt,4.0,1125.0,,0.1,0.08333333333333333,0.3,0.7972602739726027,0
Madrid,Carabanchel,954142566731605385,2026-06-01,Alojamiento en Usera,81.0,4.0,1.0,3.0,,4.88,57.0,https://www.airbnb.es/rooms/954142566731605385,9.541425667316054e+17,,3,1.0,0.87,1.0,1.0,1.0,Private room in rental unit,Private room,1.0,365.0,,0.26666666666666666,0.6166666666666667,0.7444444444444445,0.936986301369863,0
Madrid,Carabanchel,1471027627217765287,2026-06-01,Habitación de hotel compartida en Argüelles,26.0,,,1.0,,4.18,110.0,https://www.airbnb.es/rooms/1471027627217765287,1.4710276272177654e+18,,4,1.0,1.0,0.0,1.0,1.0,Shared room in hotel,Shared room,1.0,365.0,ESFCTU00002810600077396800000000000000000000000000004,0.8333333333333334,0.9166666666666666,0.9444444444444444,0.9863013698630136,1
Madrid,Carabanchel,51558636,2026-06-01,Habitación compartida en Madrid,37.0,,,,,4.8,1306.0,https://www.airbnb.es/rooms/51558636,51558636.0,,4,0.98,0.97,0.0,1.0,1.0,Shared room,Shared room,1.0,1125.0,,1.0,0.9666666666666667,0.9777777777777777,0.8493150684931506,0
Madrid,Carabanchel,644962710503905533,2026-06-01,Apartamento en Madrid,125.0,2.0,1.0,2.0,1.0,4.91,473.0,https://www.airbnb.es/rooms/644962710503905533,6.449627105039055e+17,,4,1.0,0.99,1.0,1.0,1.0,Entire rental unit,Entire home/apt,1.0,364.0,,0.16666666666666666,0.45,0.6333333333333333,0.20821917808219179,0
Madrid,Carabanchel,1670340481431190104,2026-06-01,Alojamiento en Madrid,61.0,2.0,1.0,1.0,1.0,,,https://www.airbnb.es/rooms/1670340481431190104,,,0,,,,,,,,,,,,,,,0
Madrid,Carabanchel,1444260498660224000,2026-06-01,Habitación en Madrid,40.0,,,1.0,,4.83,24.0,https://www.airbnb.es/rooms/1444260498660224000,1.444260498660224e+18,,4,1.0,0.75,0.0,1.0,1.0,Private room in bed and breakfast,Private room,1.0,1.0,,1.0,1.0,1.0,1.0,0
Madrid,Carabanchel,1639296495946437153,2026-06-01,Apartamento en Madrid,86.0,2.0,1.0,2.0,1.0,4.8,10.0,https://www.airbnb.es/rooms/1639296495946437153,,,0,,,,,,,,,,,,,,,0
Madrid,Carabanchel,1371070903719842435,2026-06-01,Apartamento en Madrid,175.0,4.0,1.0,2.0,1.0,4.83,29.0,https://www.airbnb.es/rooms/1371070903719842435,1.3710709037198426e+18,,4,1.0,1.0,0.0,1.0,1.0,Entire rental unit,Entire home/apt,1.0,365.0,,0.6333333333333333,0.7333333333333333,0.8222222222222222,0.9561643835616438,0
Madrid,Carabanchel,989843259462476442,2026-06-01,Apartamento en Madrid,147.0,4.0,2.0,2.0,1.0,4.48,29.0,https://www.airbnb.es/rooms/989843259462476442,9.898432594624764e+17,,4,1.0,1.0,0.0,1.0,0.0,Entire rental unit,Entire home/apt,1.0,1125.0,VT - 7961,0.3333333333333333,0.48333333333333334,0.6555555555555556,0.915068493150685,1
Madrid,Carabanchel,1136035927061531038,2026-06-01,Habitación compartida en Madrid,31.0,,,14.0,,4.85,462.0,https://www.airbnb.es/rooms/1136035927061531038,1.136035927061531e+18,,4,1.0,1.0,1.0,1.0,1.0,Shared room in hostel,Shared room,1.0,365.0,,1.0,1.0,1.0,0.2958904109589041,0
Madrid,Carabanchel,1381028869463724456,2026-06-01,Habitación compartida en Madrid,28.0,,,8.0,,4.71,251.0,https://www.airbnb.es/rooms/1381028869463724456,1.3810288694637245e+18,,4,0.96,1.0,0.0,1.0,0.0,Shared room in bed and breakfast,Shared room,1.0,14.0,,0.9333333333333333,0.9666666666666667,0.9444444444444444,0.9424657534246575,0
Madrid,Carabanchel,1593325982733082577,2026-06-01,Apartamento en Madrid,71.0,2.0,1.0,1.0,1.0,4.33,21.0,https://www.airbnb.es/rooms/1593325982733082577,,,0,,,,,,,,,,,,,,,0
Madrid,Carabanchel,1414486056547325912,2026-06-01,Apartamento en Madrid,154.0,4.0,1.0,2.0,1.0,4.5,18.0,https://www.airbnb.es/rooms/1414486056547325912,1.414486056547326e+18,,4,1.0,0.99,0.0,1.0,1.0,Entire rental unit,Entire home/apt,1.0,365.0,,0.8,0.9,0.9333333333333333,0.9726027397260274,0
Madrid,Carabanchel,1186774626079715696,2026-06-01,Habitación en Pozuelo de Alarcón,66.0,,,3.0,,4.76,37.0,https://www.airbnb.es/rooms/1186774626079715696,,,0,,,,,,,,,,,,,,,0
Madrid,Carabanchel,958068264244749440,2026-06-01,Apartamento en Madrid,100.0,3.0,1.0,1.0,1.0,4.3,63.0,https://www.airbnb.es/rooms/958068264244749440,,,0,,,,,,,,,,,,,,,0
Madrid,Carabanchel,1515884987516028679,2026-06-01,Apartamento en Madrid,177.0,4.0,1.0,2.0,1.0,,,https://www.airbnb.es/rooms/1515884987516028679,,,0,,,,,,,,,,,,,,,0
Madrid,Carabanchel,1488189685781371498,2026-06-01,Habitación de hotel compartida en Sol,36.0,,,1.0,,4.71,38.0,https://www.airbnb.es/rooms/1488189685781371498,1.4881896857813714e+18,,4,1.0,1.0,0.0,1.0,1.0,Shared room in hotel,Shared room,1.0,365.0,Exempt,1.0,0.9833333333333333,0.9777777777777777,0.9561643835616438,1
Madrid,Carabanchel,1451673568388520438,2026-06-01,Loft en Villaverde,129.0,3.0,1.0,2.0,1.0,4.95,62.0,https://www.airbnb.es/rooms/1451673568388520438,1.4516735683885204e+18,,4,1.0,1.0,0.0,1.0,1.0,Entire loft,Entire home/apt,1.0,365.0,,0.5333333333333333,0.5166666666666667,0.6555555555555556,0.863013698630137,0
Madrid,Carabanchel,26771360,2026-06-01,Habitación en Retiro,53.0,,,1.0,,4.77,639.0,https://www.airbnb.es/rooms/26771360,26771360.0,,4,1.0,0.9,1.0,1.0,1.0,Private room in rental unit,Private room,2.0,4.0,,0.3,0.55,0.6222222222222222,0.6191780821917808,0
Madrid,Carabanchel,1132338120957858091,2026-06-01,Apartamento en Arganzuela,144.0,,,,,4.68,121.0,https://www.airbnb.es/rooms/1132338120957858091,1.132338120957858e+18,,4,0.98,1.0,0.0,1.0,1.0,Entire rental unit,Entire home/apt,1.0,365.0,ESFCNT00002809000074288400000000000000000000000000001,0.0,0.18333333333333332,0.45555555555555555,0.8602739726027397,1
Madrid,Carabanchel,924532544626967749,2026-06-01,Habitación compartida en Atocha,33.0,,,,,4.82,22.0,https://www.airbnb.es/rooms/924532544626967749,9.245325446269678e+17,,4,0.85,1.0,0.0,1.0,1.0,Shared room in hostel,Shared room,1.0,365.0,,0.8666666666666667,0.9333333333333333,0.9555555555555556,0.9534246575342465,0
Madrid,Carabanchel,1665180061563867382,2026-06-01,Apartamento en Madrid,121.0,2.0,1.0,1.0,1.0,,,https://www.airbnb.es/rooms/1665180061563867382,,,0,,,,,,,,,,,,,,,0
Madrid,Carabanchel,36924333,2026-06-01,Habitación en Usera,79.0,,,3.0,,4.48,222.0,https://www.airbnb.es/rooms/36924333,36924333.0,,4,0.97,0.97,0.0,1.0,1.0,Private room in condo,Private room,1.0,1125.0,,0.5,0.6666666666666666,0.7666666666666667,0.18904109589041096,0
Madrid,Carabanchel,822426161744963141,2026-06-01,Habitaciones en Estación de Puerta del Ángel,43.0,,2.0,2.0,,4.71,68.0,https://www.airbnb.es/rooms/822426161744963141,8.224261617449632e+17,,4,1.0,1.0,0.0,0.0,1.0,Private room in rental unit,Private room,1.0,365.0,,0.5333333333333333,0.5833333333333334,0.7222222222222222,0.1780821917808219,0
Madrid,Carabanchel,1679049635517436561,2026-06-01,Alojamiento en Madrid,65.0,1.0,1.0,1.0,1.0,,,https://www.airbnb.es/rooms/1679049635517436561,,,0,,,,,,,,,,,,,,,0
Madrid,Carabanchel,1648626332453926946,2026-06-01,Apartamento en Madrid,122.0,2.0,1.0,1.0,1.0,4.83,6.0,https://www.airbnb.es/rooms/1648626332453926946,,,0,,,,,,,,,,,,,,,0
Madrid,Carabanchel,1131142326389957998,2026-06-01,Apartamento en Arganzuela,144.0,4.0,1.0,2.0,1.0,4.64,90.0,https://www.airbnb.es/rooms/1131142326389957998,1.131142326389958e+18,,4,0.98,1.0,0.0,1.0,1.0,Entire rental unit,Entire home/apt,1.0,365.0,ESFCNT00002809000074285300000000000000000000000000007,0.03333333333333333,0.26666666666666666,0.4777777777777778,0.8410958904109589,1
Madrid,Carabanchel,1144840477997971926,2026-06-01,Habitaciones en Latina,34.0,,2.0,1.0,,4.56,45.0,https://www.airbnb.es/rooms/1144840477997971926,1.144840477997972e+18,,4,0.9,0.99,0.0,1.0,1.0,Private room in home,Private room,1.0,365.0,,0.3,0.6333333333333333,0.7111111111111111,0.8767123287671232,0
Madrid,Carabanchel,22225748,2026-06-01,Habitación en Usera,45.0,,,1.0,,4.85,434.0,https://www.airbnb.es/rooms/22225748,22225748.0,,4,1.0,0.9,1.0,1.0,1.0,Private room in rental unit,Private room,1.0,5.0,,0.5666666666666667,0.7666666666666667,0.8444444444444444,0.20821917808219179,0
Madrid,Carabanchel,1156533140873491951,2026-06-01,Alojamiento en Estación de Puerta del Ángel,97.0,2.0,1.0,1.0,1.0,4.67,27.0,https://www.airbnb.es/rooms/1156533140873491951,,,0,,,,,,,,,,,,,,,0
Madrid,Carabanchel,1202285360546850589,2026-06-01,Habitación en Ensanche de Vallecas,37.0,,,1.0,,4.8,44.0,https://www.airbnb.es/rooms/1202285360546850589,1.2022853605468506e+18,,4,1.0,0.95,0.0,1.0,1.0,Private room in rental unit,Private room,1.0,365.0,,0.9666666666666667,0.9833333333333333,0.9888888888888889,0.736986301369863,0
Madrid,Carabanchel,1446543994856224294,2026-06-01,Apartamento en Usera,94.0,2.0,1.0,1.0,1.0,4.36,61.0,https://www.airbnb.es/rooms/1446543994856224294,1.4465439948562243e+18,,4,1.0,1.0,0.0,1.0,1.0,Entire rental unit,Entire home/apt,1.0,365.0,,0.1,0.31666666666666665,0.4888888888888889,0.12054794520547946,0
Madrid,Carabanchel,1202981479518851567,2026-06-01,Apartamento en Embajadores,135.0,4.0,1.0,1.0,1.0,4.6,88.0,https://www.airbnb.es/rooms/1202981479518851567,1.2029814795188516e+18,,4,1.0,0.98,1.0,0.0,1.0,Entire rental unit,Entire home/apt,1.0,365.0,,0.06666666666666667,0.13333333333333333,0.24444444444444444,0.10684931506849316,0
Madrid,Carabanchel,1589882956823328975,2026-06-01,Apartamento en Madrid,108.0,4.0,1.0,1.0,1.0,4.56,16.0,https://www.airbnb.es/rooms/1589882956823328975,,,0,,,,,,,,,,,,,,,0
Madrid,Carabanchel,553641883859735849,2026-06-01,Apto. residencial en Madrid,158.0,4.0,1.0,3.0,1.0,4.81,238.0,https://www.airbnb.es/rooms/553641883859735849,5.536418838597359e+17,,4,1.0,1.0,1.0,1.0,1.0,Entire condo,Entire home/apt,3.0,365.0,,0.43333333333333335,0.7166666666666667,0.7777777777777778,0.1917808219178082,0
Madrid,Carabanchel,1571672732512548331,2026-06-01,Apartamento en Madrid,120.0,3.0,1.0,2.0,1.0,4.69,16.0,https://www.airbnb.es/rooms/1571672732512548331,,,0,,,,,,,,,,,,,,,0
Madrid,Carabanchel,811527387619841941,2026-06-01,Apartamento en Madrid,207.0,6.0,2.0,4.0,2.0,4.86,174.0,https://www.airbnb.es/rooms/811527387619841941,8.115273876198419e+17,,4,1.0,1.0,1.0,1.0,1.0,Entire rental unit,Entire home/apt,2.0,365.0,,0.13333333333333333,0.06666666666666667,0.044444444444444446,0.010958904109589041,0
Madrid,Carabanchel,992736500979911194,2026-06-01,Habitación en Usera,61.0,,,1.0,,4.75,151.0,https://www.airbnb.es/rooms/992736500979911194,9.927365009799112e+17,,4,1.0,0.99,1.0,1.0,1.0,Private room in rental unit,Private room,1.0,2.0,,0.8,0.9,0.9333333333333333,0.4767123287671233,0
Madrid,Carabanchel,1411584619646106170,2026-06-01,Habitación en Arganzuela,75.0,,,1.0,,4.9,70.0,https://www.airbnb.es/rooms/1411584619646106170,1.411584619646106e+18,,4,1.0,1.0,0.0,0.0,1.0,Private room in rental unit,Private room,2.0,28.0,,0.23333333333333334,0.3,0.4111111111111111,0.10136986301369863,0
Madrid,Carabanchel,1181124454279980679,2026-06-01,Apartamento en Arganzuela,133.0,4.0,1.0,2.0,1.0,4.57,108.0,https://www.airbnb.es/rooms/1181124454279980679,1.1811244542799808e+18,,4,0.98,1.0,0.0,1.0,1.0,Entire rental unit,Entire home/apt,1.0,365.0,ESFCNT00002809000074286000000000000000000000000000005,0.0,0.05,0.2777777777777778,0.821917808219178,1
Madrid,Carabanchel,1228012202527297844,2026-06-01,Apartamento en Madrid,167.0,6.0,2.0,4.0,1.0,4.89,9.0,https://www.airbnb.es/rooms/1228012202527297844,1.2280122025272978e+18,,4,1.0,0.67,0.0,1.0,1.0,Entire rental unit,Entire home/apt,1.0,1125.0,,0.16666666666666666,0.2833333333333333,0.4,0.273972602739726,0
Madrid,Carabanchel,990681879045720181,2026-06-01,Apartamento en Vista Alegre,199.0,4.0,1.0,2.0,1.0,4.87,84.0,https://www.airbnb.es/rooms/990681879045720181,9.906818790457202e+17,,4,1.0,0.83,1.0,1.0,1.0,Entire rental unit,Entire home/apt,1.0,225.0,,0.3,0.35,0.23333333333333334,0.18356164383561643,0
Madrid,Carabanchel,1139742507012664386,2026-06-01,Habitación en Madrid,77.0,,,,,4.81,26.0,https://www.airbnb.es/rooms/1139742507012664386,1.1397425070126644e+18,,4,1.0,0.87,1.0,1.0,1.0,Private room in rental unit,Private room,1.0,20.0,,0.6333333333333333,0.8166666666666667,0.8777777777777778,0.9698630136986301,0
Madrid,Carabanchel,1643581508304888800,2026-06-01,Alojamiento en Madrid,49.0,1.0,1.0,1.0,1.0,4.2,5.0,https://www.airbnb.es/rooms/1643581508304888800,,,0,,,,,,,,,,,,,,,0
Madrid,Carabanchel,1131196012925310812,2026-06-01,Habitación en Aluche,38.0,,,1.0,,4.69,48.0,https://www.airbnb.es/rooms/1131196012925310812,1.1311960129253108e+18,,2,0.7,0.17,0.0,1.0,1.0,Private room in rental unit,Private room,1.0,10.0,,0.43333333333333335,0.4666666666666667,0.6444444444444445,0.6027397260273972,0
Madrid,Carabanchel,803420085604916312,2026-06-01,Apartamento en Estación de Puerta del Ángel,231.0,6.0,3.0,2.0,1.0,4.75,114.0,https://www.airbnb.es/rooms/803420085604916312,8.034200856049164e+17,,4,1.0,0.99,0.0,1.0,1.0,Entire rental unit,Entire home/apt,1.0,365.0,ESFCNT00002810600002297700000000000000000000000000003,0.23333333333333334,0.38333333333333336,0.5,0.8575342465753425,1
Madrid,Carabanchel,1411431369265366667,2026-06-01,Habitación en Las Águilas,38.0,,,1.0,,4.34,47.0,https://www.airbnb.es/rooms/1411431369265366667,1.4114313692653668e+18,,4,1.0,0.96,0.0,1.0,1.0,Private room in rental unit,Private room,1.0,365.0,,0.5333333333333333,0.7666666666666667,0.8444444444444444,0.9616438356164384,0
Madrid,Carabanchel,1371073764016802428,2026-06-01,Apartamento en Madrid,167.0,2.0,1.0,1.0,1.0,4.92,13.0,https://www.airbnb.es/rooms/1371073764016802428,1.3710737640168023e+18,,4,1.0,1.0,0.0,1.0,1.0,Entire rental unit,Entire home/apt,1.0,365.0,,0.7333333333333333,0.8666666666666667,0.9111111111111111,0.9780821917808219,0
Madrid,Carabanchel,1131768478034959185,2026-06-01,Apartamento en Atocha,180.0,6.0,2.0,3.0,2.0,4.83,116.0,https://www.airbnb.es/rooms/1131768478034959185,1.1317684780349592e+18,,4,1.0,1.0,1.0,1.0,1.0,Entire rental unit,Entire home/apt,2.0,28.0,ESFCTU00002809000061547800000000000000000000VT-143692,0.13333333333333333,0.23333333333333334,0.32222222222222224,0.7041095890410959,1
Madrid,Carabanchel,1658209631455324799,2026-06-01,Apartamento en Madrid,187.0,4.0,3.0,3.0,2.0,5.0,4.0,https://www.airbnb.es/rooms/1658209631455324799,,,0,,,,,,,,,,,,,,,0
Madrid,Carabanchel,1199047735711626678,2026-06-01,Apartamento en Arganzuela,133.0,4.0,1.0,2.0,1.0,4.49,96.0,https://www.airbnb.es/rooms/1199047735711626678,1.1990477357116268e+18,,4,0.98,1.0,0.0,1.0,1.0,Entire rental unit,Entire home/apt,1.0,365.0,ESFCNT00002809000074294500000000000000000000000000009,0.0,0.11666666666666667,0.36666666666666664,0.8356164383561644,1
Madrid,Carabanchel,645326923050932776,2026-06-01,Apartamento en Madrid,147.0,2.0,1.0,2.0,1.0,4.93,454.0,https://www.airbnb.es/rooms/645326923050932776,6.453269230509327e+17,,4,1.0,0.99,1.0,1.0,1.0,Entire rental unit,Entire home/apt,1.0,364.0,,0.23333333333333334,0.45,0.6333333333333333,0.20821917808219179,0
Madrid,Carabanchel,1294251382515378300,2026-06-01,Apartamento en Arganzuela,150.0,4.0,1.0,2.0,1.0,4.08,53.0,https://www.airbnb.es/rooms/1294251382515378300,1.2942513825153782e+18,,4,1.0,1.0,0.0,1.0,1.0,Entire rental unit,Entire home/apt,1.0,365.0,,0.43333333333333335,0.7166666666666667,0.8111111111111111,0.27123287671232876,0
Madrid,Carabanchel,1536338930438960351,2026-06-01,Alojamiento en Madrid,49.0,1.0,1.0,1.0,1.0,4.94,31.0,https://www.airbnb.es/rooms/1536338930438960351,,,0,,,,,,,,,,,,,,,0
Madrid,Carabanchel,1564494581796109030,2026-06-01,Apartamento en Madrid,121.0,3.0,1.0,2.0,1.0,4.49,49.0,https://www.airbnb.es/rooms/1564494581796109030,,,0,,,,,,,,,,,,,,,0
Madrid,Carabanchel,1629752859851582303,2026-06-01,Suite con entrada independiente en Madrid,139.0,2.0,1.0,1.0,1.0,4.88,17.0,https://www.airbnb.es/rooms/1629752859851582303,,,0,,,,,,,,,,,,,,,0
Madrid,Carabanchel,1051328807606324225,2026-06-01,Habitación compartida en Ópera,29.0,,,,,4.33,285.0,https://www.airbnb.es/rooms/1051328807606324225,1.0513288076063242e+18,,4,1.0,1.0,0.0,1.0,1.0,Shared room in bed and breakfast,Shared room,1.0,365.0,500/2014/00210,1.0,1.0,1.0,0.2958904109589041,1
Madrid,Carabanchel,1635818116982589398,2026-06-01,Alojamiento en Madrid,51.0,1.0,1.0,1.0,1.0,4.73,11.0,https://www.airbnb.es/rooms/1635818116982589398,,,0,,,,,,,,,,,,,,,0
Madrid,Carabanchel,1553020093296972429,2026-06-01,Alojamiento en Madrid,75.0,2.0,1.0,1.0,2.0,4.36,59.0,https://www.airbnb.es/rooms/1553020093296972429,,,0,,,,,,,,,,,,,,,0
Madrid,Carabanchel,1223028650171340325,2026-06-01,Apartamento en Madrid,139.0,2.0,1.0,1.0,1.0,4.91,203.0,https://www.airbnb.es/rooms/1223028650171340325,1.2230286501713403e+18,,4,1.0,1.0,1.0,0.0,1.0,Entire rental unit,Entire home/apt,1.0,365.0,ESHFTU0000280370004194600040000000000000000000AM14532,0.3,0.6333333333333333,0.7222222222222222,0.9315068493150684,1
Madrid,Carabanchel,879749682363206532,2026-06-01,Apartamento en Madrid,123.0,4.0,1.0,1.0,1.0,4.86,64.0,https://www.airbnb.es/rooms/879749682363206532,8.797496823632065e+17,,4,1.0,0.99,1.0,1.0,1.0,Entire rental unit,Entire home/apt,1.0,28.0,ESFCTU000028096001072700000000000000000000000000no1,0.13333333333333333,0.21666666666666667,0.4777777777777778,0.1232876712328767,1
Madrid,Carabanchel,918282646881889674,2026-06-01,Habitación en Madrid,80.0,,,1.0,,5.0,24.0,https://www.airbnb.es/rooms/918282646881889674,9.182826468818897e+17,,3,1.0,1.0,0.0,1.0,1.0,Private room in rental unit,Private room,1.0,365.0,ESHFNT00002803900019578800100000000000000000000000007,0.3,0.6,0.7333333333333333,0.673972602739726,1
Madrid,Carabanchel,1287694344052615772,2026-06-01,Apartamento en Madrid,142.0,3.0,1.0,2.0,1.0,4.24,21.0,https://www.airbnb.es/rooms/1287694344052615772,1.2876943440526157e+18,,4,1.0,1.0,0.0,1.0,1.0,Entire rental unit,Entire home/apt,1.0,365.0,AM-1469,0.5,0.6833333333333333,0.7888888888888889,0.947945205479452,1
Madrid,Carabanchel,1106582222119830136,2026-06-01,Apartamento en Madrid,162.0,6.0,2.0,3.0,1.0,4.82,50.0,https://www.airbnb.es/rooms/1106582222119830136,1.1065822221198301e+18,,4,1.0,1.0,0.0,1.0,1.0,Entire rental unit,Entire home/apt,1.0,365.0,,0.6,0.8,0.8666666666666667,0.9671232876712329,0
Madrid,Carabanchel,1167526027706189559,2026-06-01,Apartamento en Madrid,133.0,4.0,1.0,2.0,1.0,4.62,125.0,https://www.airbnb.es/rooms/1167526027706189559,1.1675260277061896e+18,,4,0.98,1.0,0.0,1.0,1.0,Entire rental unit,Entire home/apt,1.0,365.0,ESFCNT00002809000074296900000000000000000000000000005,0.0,0.06666666666666667,0.26666666666666666,0.726027397260274,1
Madrid,Carabanchel,1435338155897404989,2026-06-01,Apartamento en Madrid,147.0,4.0,1.0,2.0,1.0,,,https://www.airbnb.es/rooms/1435338155897404989,1.435338155897405e+18,,4,1.0,0.94,0.0,1.0,1.0,Entire rental unit,Entire home/apt,1.0,365.0,,0.03333333333333333,0.08333333333333333,0.12222222222222222,0.4328767123287671,0
Madrid,Carabanchel,1381007980046165384,2026-06-01,Habitación de hotel compartida en Madrid,35.0,,,12.0,,4.89,72.0,https://www.airbnb.es/rooms/1381007980046165384,1.3810079800461655e+18,,4,1.0,1.0,1.0,1.0,1.0,Shared room in hotel,Shared room,1.0,365.0,,0.8666666666666667,0.9333333333333333,0.9555555555555556,0.28493150684931506,0
Madrid,Carabanchel,52396752,2026-06-01,Apartamento en Madrid,118.0,2.0,,1.0,1.0,4.69,26.0,https://www.airbnb.es/rooms/52396752,,,0,,,,,,,,,,,,,,,0
Madrid,Carabanchel,1672773431152615520,2026-06-01,Hotel en Pozuelo de Alarcón,69.0,2.0,1.0,2.0,1.0,,,https://www.airbnb.es/rooms/1672773431152615520,,,0,,,,,,,,,,,,,,,0
Madrid,Carabanchel,1393742005709570725,2026-06-01,Apartamento en Madrid,99.0,2.0,1.0,1.0,1.0,4.27,70.0,https://www.airbnb.es/rooms/1393742005709570725,1.3937420057095708e+18,,4,1.0,1.0,0.0,1.0,1.0,Entire rental unit,Entire home/apt,1.0,365.0,,0.5,0.7333333333333333,0.8,0.19726027397260273,0
Madrid,Carabanchel,1628902793121955357,2026-06-01,Alojamiento en Leganés,41.0,1.0,,1.0,,4.5,6.0,https://www.airbnb.es/rooms/1628902793121955357,,,0,,,,,,,,,,,,,,,0
Madrid,Carabanchel,1183801349836359209,2026-06-01,Apartamento en Arganzuela,197.0,4.0,1.0,2.0,1.0,4.72,83.0,https://www.airbnb.es/rooms/1183801349836359209,1.1838013498363592e+18,,4,1.0,0.94,0.0,1.0,1.0,Entire rental unit,Entire home/apt,2.0,365.0,,0.23333333333333334,0.3333333333333333,0.45555555555555555,0.11232876712328767,0
Madrid,Carabanchel,1480811662530349063,2026-06-01,Apartamento en Plaza Mayor,175.0,3.0,1.0,1.0,1.0,4.75,81.0,https://www.airbnb.es/rooms/1480811662530349063,1.480811662530349e+18,,4,0.98,0.94,0.0,1.0,1.0,Entire rental unit,Entire home/apt,1.0,365.0,ESFDRD111445765789432897098453865789765-DD-6789876654,0.16666666666666666,0.2,0.3,0.8136986301369863,1
Madrid,Carabanchel,587016498753826181,2026-06-01,Loft en Sol,160.0,4.0,1.0,2.0,1.0,4.66,236.0,https://www.airbnb.es/rooms/587016498753826181,5.870164987538262e+17,,4,1.0,1.0,0.0,1.0,1.0,Entire loft,Entire home/apt,2.0,365.0,350/2022/13778,0.06666666666666667,0.38333333333333336,0.5888888888888889,0.8986301369863013,1
Madrid,Carabanchel,725775654247275393,2026-06-01,Hostal en Sol,120.0,2.0,1.0,1.0,1.0,4.8,346.0,https://www.airbnb.es/rooms/725775654247275393,7.257756542472754e+17,,4,0.99,1.0,1.0,1.0,1.0,Private room in hostel,Private room,1.0,9.0,1809/82,0.43333333333333335,0.65,0.6555555555555556,0.1917808219178082,1
Madrid,Carabanchel,1657873362560487022,2026-06-01,Hostal en Madrid,120.0,2.0,1.0,1.0,1.0,5.0,3.0,https://www.airbnb.es/rooms/1657873362560487022,,,0,,,,,,,,,,,,,,,0
Madrid,Carabanchel,1148282994057847547,2026-06-01,Habitación en Madrid,75.0,,,1.0,,4.68,219.0,https://www.airbnb.es/rooms/1148282994057847547,1.1482829940578476e+18,,0,,,0.0,,,Private room in rental unit,Private room,1.0,365.0,VT-5125,0.23333333333333334,0.4,0.26666666666666666,0.06575342465753424,1
Madrid,Carabanchel,1638522789967825616,2026-06-01,Apartamento en Madrid,162.0,4.0,1.0,2.0,1.0,4.83,23.0,https://www.airbnb.es/rooms/1638522789967825616,,,0,,,,,,,,,,,,,,,0
Madrid,Carabanchel,867240806228932831,2026-06-01,Apartamento en Embajadores,173.0,4.0,1.0,2.0,1.0,4.65,31.0,https://www.airbnb.es/rooms/867240806228932831,8.672408062289329e+17,,4,1.0,1.0,0.0,1.0,1.0,Entire rental unit,Entire home/apt,1.0,365.0,ESFCNT00002811800047535600000000000000000000000000009,0.16666666666666666,0.2833333333333333,0.4666666666666667,0.8575342465753425,1
Madrid,Carabanchel,1587747795648692990,2026-06-01,Apartamento en Madrid,225.0,6.0,2.0,3.0,1.0,4.83,58.0,https://www.airbnb.es/rooms/1587747795648692990,,,0,,,,,,,,,,,,,,,0
Madrid,Carabanchel,1424672658983187485,2026-06-01,Apartamento en Arganzuela,145.0,4.0,1.0,2.0,1.0,4.57,47.0,https://www.airbnb.es/rooms/1424672658983187485,1.4246726589831875e+18,,4,0.98,1.0,0.0,1.0,1.0,Entire rental unit,Entire home/apt,1.0,365.0,ESFCNT00002809000074287700000000000000000000000000003,0.03333333333333333,0.26666666666666666,0.5111111111111111,0.8712328767123287,1
Madrid,Carabanchel,1369537907640511783,2026-06-01,Habitación en Lucero,90.0,,,1.0,,4.38,13.0,https://www.airbnb.es/rooms/1369537907640511783,1.3695379076405117e+18,,4,1.0,1.0,0.0,1.0,1.0,Private room in rental unit,Private room,1.0,365.0,,0.8,0.9,0.9333333333333333,0.9835616438356164,0
Madrid,Carabanchel,907020474144584788,2026-06-01,Habitación en Madrid,90.0,,,1.0,,4.62,354.0,https://www.airbnb.es/rooms/907020474144584788,9.070204741445848e+17,,0,,,0.0,,,Private room in rental unit,Private room,1.0,365.0,VT-7078,0.06666666666666667,0.13333333333333333,0.08888888888888889,0.021917808219178082,1
Madrid,Carabanchel,54269445,2026-06-01,Apartamento en Madrid,153.0,4.0,1.0,2.0,1.0,4.8,208.0,https://www.airbnb.es/rooms/54269445,54269445.0,,4,1.0,1.0,1.0,1.0,1.0,Entire serviced apartment,Entire home/apt,2.0,364.0,500/2021/00974,0.3,0.6166666666666667,0.7444444444444445,0.23013698630136986,1
Madrid,Carabanchel,1237009849487604189,2026-06-01,Habitación en Madrid,59.0,,,1.0,,4.89,276.0,https://www.airbnb.es/rooms/1237009849487604189,1.2370098494876042e+18,,4,1.0,1.0,1.0,1.0,1.0,Private room in rental unit,Private room,1.0,365.0,,0.06666666666666667,0.16666666666666666,0.43333333333333335,0.3315068493150685,0
Madrid,Carabanchel,32017580,2026-06-01,Habitación en Gran Vía,81.0,,,3.0,,4.64,185.0,https://www.airbnb.es/rooms/32017580,32017580.0,,3,1.0,0.97,0.0,1.0,1.0,Private room in rental unit,Private room,1.0,1125.0,ESHFNT00002810900049648900500000000000000000000000003,0.03333333333333333,0.016666666666666666,0.011111111111111112,0.0027397260273972603,1
Madrid,Carabanchel,1481016517758879136,2026-06-01,Habitación en Madrid,90.0,,,1.0,,4.6,104.0,https://www.airbnb.es/rooms/1481016517758879136,1.4810165177588792e+18,,4,1.0,1.0,0.0,1.0,1.0,Private room in rental unit,Private room,1.0,365.0,ESFCTU00000304400021559900000000000000000VT-509120-A2,0.26666666666666666,0.3,0.2,0.25753424657534246,1
Madrid,Carabanchel,1362294249473405797,2026-06-01,Apartamento en Retiro,128.0,2.0,1.0,1.0,1.0,4.54,24.0,https://www.airbnb.es/rooms/1362294249473405797,1.3622942494734057e+18,,4,1.0,1.0,1.0,0.0,1.0,Entire rental unit,Entire home/apt,3.0,365.0,,0.03333333333333333,0.1,0.06666666666666667,0.01643835616438356,0
Madrid,Carabanchel,1371076877261460055,2026-06-01,Apartamento en Madrid,172.0,4.0,1.0,3.0,1.0,4.67,6.0,https://www.airbnb.es/rooms/1371076877261460055,1.37107687726146e+18,,4,1.0,1.0,0.0,1.0,1.0,Entire rental unit,Entire home/apt,1.0,365.0,,0.7666666666666667,0.8833333333333333,0.9222222222222223,0.9808219178082191,0
Madrid,Carabanchel,1511523585315939575,2026-06-01,Apartamento en Madrid,211.0,4.0,1.0,2.0,2.0,4.92,24.0,https://www.airbnb.es/rooms/1511523585315939575,,,0,,,,,,,,,,,,,,,0
Madrid,Carabanchel,989843381400105619,2026-06-01,Apartamento en Estación de Puerta del Ángel,134.0,3.0,1.0,2.0,1.0,4.65,55.0,https://www.airbnb.es/rooms/989843381400105619,9.898433814001056e+17,,4,1.0,1.0,0.0,1.0,0.0,Entire rental unit,Entire home/apt,1.0,1125.0,VT - 7961,0.26666666666666666,0.6333333333333333,0.7555555555555555,0.9397260273972603,1
Madrid,Carabanchel,1392034152720039417,2026-06-01,Apartamento en Madrid,185.0,6.0,2.0,3.0,2.0,,,https://www.airbnb.es/rooms/1392034152720039417,,,0,,,,,,,,,,,,,,,0
Madrid,Carabanchel,54276569,2026-06-01,Apartamento en Madrid,189.0,6.0,2.0,3.0,1.0,4.84,230.0,https://www.airbnb.es/rooms/54276569,54276569.0,,4,1.0,1.0,1.0,1.0,1.0,Entire serviced apartment,Entire home/apt,2.0,364.0,500/2021/00974,0.06666666666666667,0.21666666666666667,0.4222222222222222,0.15342465753424658,1
Madrid,Carabanchel,696783863425842112,2026-06-01,Hostal en Madrid,128.0,2.0,1.0,1.0,1.0,4.67,15.0,https://www.airbnb.es/rooms/696783863425842112,6.967838634258422e+17,,4,1.0,0.99,0.0,1.0,1.0,Private room in hostel,Private room,1.0,365.0,,0.16666666666666666,0.38333333333333336,0.5,0.2465753424657534,0
Madrid,Carabanchel,1208550686266104086,2026-06-01,Habitación en Madrid,65.0,,,2.0,,4.88,89.0,https://www.airbnb.es/rooms/1208550686266104086,1.208550686266104e+18,,4,1.0,0.96,1.0,1.0,1.0,Private room in rental unit,Private room,1.0,1125.0,ESHFNT00002805300000054500100000000000000000000000009,0.26666666666666666,0.4666666666666667,0.6222222222222222,0.3972602739726027,1
Madrid,Carabanchel,1461726745885788602,2026-06-01,Apartamento en Madrid,175.0,6.0,3.0,4.0,1.0,4.84,38.0,https://www.airbnb.es/rooms/1461726745885788602,,,0,,,,,,,,,,,,,,,0
Madrid,Carabanchel,1472363648622040333,2026-06-01,Apartamento en Madrid,128.0,3.0,1.0,1.0,1.0,4.64,55.0,https://www.airbnb.es/rooms/1472363648622040333,,,0,,,,,,,,,,,,,,,0
Madrid,Carabanchel,1270940850149559440,2026-06-01,Apartamento en Madrid,116.0,2.0,1.0,1.0,1.0,4.47,15.0,https://www.airbnb.es/rooms/1270940850149559440,1.2709408501495596e+18,,4,0.98,1.0,0.0,1.0,1.0,Entire rental unit,Entire home/apt,1.0,365.0,,0.2,0.45,0.6111111111111112,0.6876712328767123,0
Madrid,Carabanchel,1658034250392764273,2026-06-01,Habitación de hotel compartida en Madrid,54.0,,,2.0,,,,https://www.airbnb.es/rooms/1658034250392764273,,,0,,,,,,,,,,,,,,,0
Madrid,Carabanchel,1178097915632865561,2026-06-01,Habitación en Madrid,87.0,,,1.0,,4.69,132.0,https://www.airbnb.es/rooms/1178097915632865561,1.1780979156328655e+18,,4,1.0,1.0,0.0,1.0,1.0,Private room in rental unit,Private room,1.0,365.0,,0.3,0.5833333333333334,0.7,0.6657534246575343,0
Madrid,Carabanchel,1380294853387571454,2026-06-01,Habitación de hotel en Madrid,149.0,2.0,1.0,1.0,1.0,4.89,114.0,https://www.airbnb.es/rooms/1380294853387571454,1.3802948533875715e+18,,4,1.0,0.98,1.0,1.0,1.0,Room in aparthotel,Entire home/apt,2.0,365.0,,0.3,0.6333333333333333,0.7555555555555555,0.9397260273972603,0
Madrid,Carabanchel,1672783678185944028,2026-06-01,Hotel en Pozuelo de Alarcón,67.0,1.0,1.0,1.0,1.0,,,https://www.airbnb.es/rooms/1672783678185944028,,,0,,,,,,,,,,,,,,,0
Madrid,Carabanchel,1493478575947715942,2026-06-01,Alojamiento en Madrid,64.0,2.0,1.0,1.0,1.0,,,https://www.airbnb.es/rooms/1493478575947715942,,,0,,,,,,,,,,,,,,,0
Madrid,Carabanchel,49238159,2026-06-01,Hotel boutique en Madrid,116.0,2.0,18.0,1.0,1.0,4.46,103.0,https://www.airbnb.es/rooms/49238159,49238159.0,,4,0.83,0.99,0.0,1.0,1.0,Room in boutique hotel,Private room,1.0,1125.0,,0.3,0.5,0.5666666666666667,0.18904109589041096,0
Madrid,Carabanchel,1232584399843385088,2026-06-01,Apartamento en Madrid,153.0,4.0,1.0,1.0,1.0,4.53,30.0,https://www.airbnb.es/rooms/1232584399843385088,1.232584399843385e+18,,4,1.0,1.0,0.0,1.0,1.0,Entire rental unit,Entire home/apt,1.0,365.0,,0.06666666666666667,0.16666666666666666,0.2777777777777778,0.11232876712328767,0
Madrid,Carabanchel,1239151946923493544,2026-06-01,Alojamiento en Madrid,56.0,2.0,1.0,2.0,1.0,4.75,48.0,https://www.airbnb.es/rooms/1239151946923493544,,,0,,,,,,,,,,,,,,,0
Madrid,Carabanchel,1349971330967545854,2026-06-01,Habitación en Sol,95.0,,,1.0,,4.51,140.0,https://www.airbnb.es/rooms/1349971330967545854,1.3499713309675459e+18,,0,,,0.0,,,Private room in rental unit,Private room,1.0,365.0,VT-12914,0.26666666666666666,0.3,0.2,0.049315068493150684,1
Madrid,Carabanchel,718045039094139137,2026-06-01,Apartamento en Arganzuela,131.0,2.0,1.0,2.0,1.0,4.64,323.0,https://www.airbnb.es/rooms/718045039094139137,7.180450390941391e+17,,4,1.0,0.98,0.0,1.0,1.0,Entire rental unit,Entire home/apt,1.0,30.0,,0.4666666666666667,0.7333333333333333,0.8222222222222222,0.9561643835616438,0
Madrid,Carabanchel,1333310417765191916,2026-06-01,Habitación en Sol,130.0,,,1.0,,,,https://www.airbnb.es/rooms/1333310417765191916,1.333310417765192e+18,,0,,0.8,0.0,1.0,1.0,Private room in rental unit,Private room,1.0,365.0,,0.13333333333333333,0.23333333333333334,0.4666666666666667,0.8493150684931506,0
Madrid,Carabanchel,617381097035078586,2026-06-01,Habitación en Puente de Vallecas,56.0,,,1.0,,4.77,305.0,https://www.airbnb.es/rooms/617381097035078586,6.173810970350785e+17,,4,1.0,1.0,,1.0,1.0,Private room in rental unit,Private room,1.0,7.0,,0.16666666666666666,0.15,0.37777777777777777,0.27123287671232876,0
Madrid,Carabanchel,1008051668339393206,2026-06-01,Habitación en Estación de Puerta del Ángel,78.0,,,1.0,,4.83,48.0,https://www.airbnb.es/rooms/1008051668339393206,1.0080516683393932e+18,,4,1.0,0.84,0.0,1.0,1.0,Private room in rental unit,Private room,1.0,9.0,,0.9,0.95,0.9666666666666667,0.23835616438356164,0
Madrid,Carabanchel,1381317911859805586,2026-06-01,Casa de invitados en Usera,83.0,2.0,,1.0,1.0,4.22,90.0,https://www.airbnb.es/rooms/1381317911859805586,1.3813179118598057e+18,,4,1.0,1.0,0.0,1.0,1.0,Private room in guesthouse,Private room,1.0,365.0,,0.5666666666666667,0.7833333333333333,0.8555555555555555,0.21095890410958903,0
Madrid,Carabanchel,921596832669859047,2026-06-01,Apartamento en Usera,190.0,6.0,3.0,4.0,1.0,4.79,97.0,https://www.airbnb.es/rooms/921596832669859047,9.215968326698591e+17,,4,1.0,1.0,0.0,1.0,1.0,Entire rental unit,Entire home/apt,1.0,365.0,ESFCNT00002814700087539200000000000000000000000000005,0.2,0.16666666666666666,0.24444444444444444,0.7178082191780822,1
Madrid,Carabanchel,10676283,2026-06-01,Apartamento en Sol,210.0,6.0,2.0,3.0,1.0,4.62,778.0,https://www.airbnb.es/rooms/10676283,10676283.0,,4,1.0,1.0,0.0,1.0,1.0,Entire rental unit,Entire home/apt,1.0,1125.0,,0.16666666666666666,0.35,0.4444444444444444,0.2191780821917808,0
Madrid,Carabanchel,1292766085510805414,2026-06-01,Apartamento en Usera,149.0,4.0,1.0,2.0,1.0,4.53,36.0,https://www.airbnb.es/rooms/1292766085510805414,1.2927660855108055e+18,,4,1.0,0.99,0.0,1.0,1.0,Entire rental unit,Entire home/apt,1.0,365.0,,0.23333333333333334,0.5,0.6666666666666666,0.9068493150684932,0
Madrid,Carabanchel,47959830,2026-06-01,Apartamento en Gran Vía,113.0,2.0,1.0,1.0,1.0,4.5,50.0,https://www.airbnb.es/rooms/47959830,,,0,,,,,,,,,,,,,,,0
Madrid,Carabanchel,1198405789318912782,2026-06-01,Hotel en Madrid,109.0,2.0,1.0,1.0,1.0,4.79,14.0,https://www.airbnb.es/rooms/1198405789318912782,1.1984057893189128e+18,,4,1.0,0.94,0.0,1.0,0.0,Room in hotel,Private room,1.0,365.0,1809/82,0.5,0.6833333333333333,0.7,0.20273972602739726,1
Madrid,Carabanchel,22984725,2026-06-01,Habitación en Sol,81.0,,,3.0,,4.72,53.0,https://www.airbnb.es/rooms/22984725,22984725.0,,3,1.0,0.97,1.0,1.0,1.0,Private room in rental unit,Private room,1.0,1125.0,ESHFNT00002810900049634200100000000000000000000000009,0.03333333333333333,0.016666666666666666,0.011111111111111112,0.0027397260273972603,1
Madrid,Usera,1106005671443436276,2026-06-01,Alojamiento en Usera,38.0,,,1.0,,4.82,217.0,https://www.airbnb.es/rooms/1106005671443436276,1.1060056714434363e+18,,4,1.0,1.0,1.0,1.0,1.0,Private room in rental unit,Private room,1.0,1125.0,,0.26666666666666666,0.3,0.4,0.5780821917808219,0
Madrid,Usera,1605996623385178146,2026-06-01,Apartamento en Madrid,219.0,4.0,1.0,2.0,1.0,4.82,11.0,https://www.airbnb.es/rooms/1605996623385178146,,,0,,,,,,,,,,,,,,,0
Madrid,Usera,921046742132973689,2026-06-01,Apartamento en Usera,268.0,4.0,1.0,2.0,1.0,4.83,105.0,https://www.airbnb.es/rooms/921046742132973689,9.210467421329737e+17,,4,1.0,0.94,0.0,1.0,1.0,Entire rental unit,Entire home/apt,1.0,365.0,En proceso,0.36666666666666664,0.5333333333333333,0.6222222222222222,0.9013698630136986,1
Madrid,Usera,840048123938851575,2026-06-01,Habitación en Usera,122.0,,,1.0,,4.75,72.0,https://www.airbnb.es/rooms/840048123938851575,8.400481239388516e+17,,3,1.0,0.94,1.0,1.0,1.0,Private room in condo,Private room,2.0,8.0,,0.06666666666666667,0.13333333333333333,0.18888888888888888,0.04657534246575343,0
Madrid,Usera,957277992369981935,2026-06-01,Alojamiento en Usera,36.0,1.0,1.0,1.0,1.0,4.81,73.0,https://www.airbnb.es/rooms/957277992369981935,,,0,,,,,,,,,,,,,,,0
Madrid,Usera,908378309682575667,2026-06-01,Apartamento en Usera,250.0,2.0,1.0,2.0,1.0,4.78,97.0,https://www.airbnb.es/rooms/908378309682575667,9.083783096825756e+17,,4,1.0,0.97,1.0,1.0,1.0,Entire rental unit,Entire home/apt,2.0,1125.0,,0.03333333333333333,0.13333333333333333,0.2222222222222222,0.6767123287671233,0
Madrid,Usera,1488070290467498745,2026-06-01,Apartamento en Usera,144.0,6.0,2.0,3.0,1.0,4.83,6.0,https://www.airbnb.es/rooms/1488070290467498745,,,0,,,,,,,,,,,,,,,0
Madrid,Usera,1065154081605836215,2026-06-01,Casa de invitados en Usera,63.0,2.0,1.0,2.0,1.0,4.03,33.0,https://www.airbnb.es/rooms/1065154081605836215,1.0651540816058362e+18,,4,1.0,1.0,0.0,1.0,1.0,Private room in guesthouse,Private room,2.0,1125.0,,0.6333333333333333,0.8166666666666667,0.8777777777777778,0.21643835616438356,0
Madrid,Usera,1151975378636983500,2026-06-01,Vincci Capitol,270.0,,,,,4.71,7.0,https://www.airbnb.es/rooms/1151975378636983500,1.1519753786369836e+18,,4,1.0,1.0,0.0,1.0,1.0,Room in hotel,Private room,1.0,365.0,,1.0,1.0,1.0,0.3150684931506849,0
Madrid,Usera,1066713129972958713,2026-06-01,Apartamento en Usera,129.0,4.0,2.0,3.0,1.0,4.72,162.0,https://www.airbnb.es/rooms/1066713129972958713,1.0667131299729587e+18,,4,1.0,0.94,1.0,1.0,1.0,Entire rental unit,Entire home/apt,2.0,1125.0,VT507015A,0.4666666666666667,0.48333333333333334,0.5555555555555556,0.8054794520547945,1
Madrid,Usera,820879352630849982,2026-06-01,Habitación en Usera,64.0,,,2.0,,4.89,111.0,https://www.airbnb.es/rooms/820879352630849982,8.208793526308499e+17,,4,1.0,0.98,,1.0,1.0,Private room in rental unit,Private room,1.0,1125.0,,0.0,0.2,0.4666666666666667,0.863013698630137,0
Madrid,Usera,1039103666621686080,2026-06-01,Apartamento en Usera,148.0,6.0,2.0,3.0,1.0,4.44,32.0,https://www.airbnb.es/rooms/1039103666621686080,1.039103666621686e+18,,4,1.0,1.0,0.0,1.0,0.0,Entire rental unit,Entire home/apt,1.0,1125.0,ESABCD123456789123456789123456789123456-WE-BT61285863,0.4666666666666667,0.5833333333333334,0.7,0.8191780821917808,1
Madrid,Usera,1065153919351159473,2026-06-01,Casa de invitados en Usera,63.0,2.0,1.0,1.0,1.0,3.92,12.0,https://www.airbnb.es/rooms/1065153919351159473,1.0651539193511594e+18,,4,1.0,1.0,0.0,1.0,1.0,Private room in guesthouse,Private room,2.0,1125.0,,0.7,0.85,0.9,0.2219178082191781,0
Madrid,Usera,1038337779193919072,2026-06-01,Apartamento en Usera,148.0,6.0,2.0,2.0,1.0,4.42,26.0,https://www.airbnb.es/rooms/1038337779193919072,1.0383377791939191e+18,,4,1.0,1.0,0.0,1.0,0.0,Entire rental unit,Entire home/apt,1.0,1125.0,ESABCD123456789123456789123456789123456-WE-BT61285863,0.6,0.7333333333333333,0.8222222222222222,0.9561643835616438,1
Madrid,Usera,1545631158724855253,2026-06-01,Apartamento en Madrid,88.0,2.0,1.0,1.0,1.0,4.06,17.0,https://www.airbnb.es/rooms/1545631158724855253,,,0,,,,,,,,,,,,,,,0
Madrid,Usera,1592832526294704227,2026-06-01,Apartamento en Madrid,94.0,2.0,1.0,1.0,1.0,4.46,24.0,https://www.airbnb.es/rooms/1592832526294704227,,,0,,,,,,,,,,,,,,,0
Madrid,Usera,1660463899128150046,2026-06-01,Alojamiento en Madrid,37.0,1.0,1.0,1.0,1.0,,,https://www.airbnb.es/rooms/1660463899128150046,,,0,,,,,,,,,,,,,,,0
Madrid,Usera,1593375348588843991,2026-06-01,Apartamento en Madrid,93.0,2.0,1.0,1.0,1.0,4.55,20.0,https://www.airbnb.es/rooms/1593375348588843991,,,0,,,,,,,,,,,,,,,0
Madrid,Usera,979955278080859390,2026-06-01,Apartamento en Madrid,88.0,3.0,,2.0,1.0,4.89,38.0,https://www.airbnb.es/rooms/979955278080859390,9.799552780808594e+17,,4,1.0,1.0,1.0,1.0,1.0,Entire rental unit,Entire home/apt,1.0,365.0,,0.43333333333333335,0.7166666666666667,0.6444444444444445,0.1589041095890411,0
Madrid,Usera,1545086895820786464,2026-06-01,Alojamiento en Madrid,46.0,2.0,1.0,1.0,0.0,4.53,15.0,https://www.airbnb.es/rooms/1545086895820786464,,,0,,,,,,,,,,,,,,,0
Madrid,Usera,1613972875213637577,2026-06-01,Apartamento en Madrid,139.0,6.0,,2.0,1.0,4.43,7.0,https://www.airbnb.es/rooms/1613972875213637577,,,0,,,,,,,,,,,,,,,0
Madrid,Usera,1205891725255959023,2026-06-01,Habitación en Usera,88.0,,,2.0,,4.71,73.0,https://www.airbnb.es/rooms/1205891725255959023,1.205891725255959e+18,,3,1.0,0.8,0.0,1.0,1.0,Private room in rental unit,Private room,1.0,3.0,,0.3,0.5333333333333333,0.6888888888888889,0.16986301369863013,0
Madrid,Usera,1008829300827407001,2026-06-01,Habitación en Santa Eugenia,40.0,,,3.0,,4.69,261.0,https://www.airbnb.es/rooms/1008829300827407001,1.008829300827407e+18,,4,0.98,1.0,0.0,1.0,1.0,Private room in rental unit,Private room,1.0,90.0,,0.16666666666666666,0.25,0.32222222222222224,0.5260273972602739,0
Madrid,Usera,1123101037619963484,2026-06-01,Apartamento en Puente de Vallecas,162.0,4.0,2.0,2.0,1.0,4.87,94.0,https://www.airbnb.es/rooms/1123101037619963484,1.1231010376199635e+18,,4,1.0,1.0,0.0,1.0,1.0,Entire rental unit,Entire home/apt,1.0,365.0,,0.6666666666666666,0.8333333333333334,0.8888888888888888,0.9726027397260274,0
Madrid,Usera,50337762,2026-06-01,Apartamento en Usera,223.0,6.0,2.0,4.0,1.0,4.48,31.0,https://www.airbnb.es/rooms/50337762,50337762.0,,4,0.99,0.99,0.0,1.0,1.0,Entire rental unit,Entire home/apt,1.0,1125.0,VT-6891,0.43333333333333335,0.6,0.7333333333333333,0.9342465753424658,1
Madrid,Usera,1547360413246918602,2026-06-01,Apartamento en Madrid,94.0,2.0,1.0,1.0,1.0,4.44,9.0,https://www.airbnb.es/rooms/1547360413246918602,,,0,,,,,,,,,,,,,,,0
Madrid,Usera,1640492759096705085,2026-06-01,Habitación en Madrid,84.0,,,1.0,,4.67,3.0,https://www.airbnb.es/rooms/1640492759096705085,,,0,,,,,,,,,,,,,,,0
Madrid,Usera,1436318414981713048,2026-06-01,Habitación en Puente de Vallecas,59.0,,,1.0,,4.82,39.0,https://www.airbnb.es/rooms/1436318414981713048,1.4363184149817132e+18,,4,1.0,1.0,1.0,0.0,0.0,Private room in rental unit,Private room,1.0,365.0,,0.4666666666666667,0.55,0.7,0.9260273972602739,0
Madrid,Usera,1654937527056601913,2026-06-01,Apartamento en Madrid,94.0,2.0,1.0,1.0,1.0,,,https://www.airbnb.es/rooms/1654937527056601913,,,0,,,,,,,,,,,,,,,0
Madrid,Usera,795028440067994497,2026-06-01,Habitación en Los Ángeles,39.0,,,,,4.89,73.0,https://www.airbnb.es/rooms/795028440067994497,7.950284400679945e+17,,4,0.92,0.96,1.0,1.0,1.0,Private room in rental unit,Private room,1.0,6.0,,0.6,0.7333333333333333,0.8222222222222222,0.9561643835616438,0
Madrid,Usera,1651337218922242683,2026-06-01,Alojamiento en Madrid,73.0,2.0,1.0,1.0,1.0,,,https://www.airbnb.es/rooms/1651337218922242683,,,0,,,,,,,,,,,,,,,0
Madrid,Usera,1650002781422647187,2026-06-01,Apartamento en Madrid,112.0,3.0,1.0,1.0,1.0,4.89,9.0,https://www.airbnb.es/rooms/1650002781422647187,,,0,,,,,,,,,,,,,,,0
Madrid,Usera,18146906,2026-06-01,Loft en Atocha,139.0,4.0,1.0,2.0,1.0,4.68,294.0,https://www.airbnb.es/rooms/18146906,18146906.0,,4,1.0,0.95,0.0,1.0,1.0,Entire loft,Entire home/apt,3.0,1121.0,VT-8169,0.16666666666666666,0.26666666666666666,0.35555555555555557,0.8,1
Madrid,Usera,1106580452746571461,2026-06-01,Apartamento en Puente de Vallecas,144.0,4.0,2.0,2.0,1.0,4.68,31.0,https://www.airbnb.es/rooms/1106580452746571461,1.1065804527465715e+18,,4,1.0,1.0,0.0,1.0,1.0,Entire rental unit,Entire home/apt,1.0,365.0,,0.6333333333333333,0.8166666666666667,0.8777777777777778,0.9698630136986301,0
Madrid,Usera,1114941310995216975,2026-06-01,Apartamento en Puente de Vallecas,162.0,6.0,2.0,3.0,1.0,4.48,21.0,https://www.airbnb.es/rooms/1114941310995216975,1.114941310995217e+18,,4,1.0,1.0,0.0,1.0,1.0,Entire rental unit,Entire home/apt,1.0,365.0,,0.6333333333333333,0.8166666666666667,0.8777777777777778,0.9698630136986301,0
Madrid,Usera,1643516025791993784,2026-06-01,Apartamento en Madrid,128.0,4.0,1.0,2.0,1.0,5.0,6.0,https://www.airbnb.es/rooms/1643516025791993784,,,0,,,,,,,,,,,,,,,0
Madrid,Usera,1187424312352140777,2026-06-01,Apartamento en Madrid,144.0,3.0,1.0,2.0,1.0,4.86,14.0,https://www.airbnb.es/rooms/1187424312352140777,1.1874243123521408e+18,,4,1.0,1.0,0.0,1.0,1.0,Entire rental unit,Entire home/apt,1.0,365.0,,0.4,0.6,0.7333333333333333,0.9342465753424658,0
Madrid,Usera,797752501770055290,2026-06-01,Apartamento en Puente de Vallecas,129.0,4.0,1.0,2.0,1.0,4.84,105.0,https://www.airbnb.es/rooms/797752501770055290,7.977525017700553e+17,,2,1.0,0.96,0.0,1.0,1.0,Entire rental unit,Entire home/apt,1.0,1125.0,VT-14027,0.2,0.3,0.36666666666666664,0.7643835616438356,1
Madrid,Usera,1478483543684088263,2026-06-01,Apartamento en Usera,182.0,3.0,,3.0,1.0,4.67,3.0,https://www.airbnb.es/rooms/1478483543684088263,1.4784835436840883e+18,,4,1.0,1.0,0.0,1.0,0.0,Entire rental unit,Entire home/apt,2.0,365.0,Exempt,0.23333333333333334,0.4,0.4666666666666667,0.1178082191780822,1
Madrid,Usera,1206000198548574592,2026-06-01,Apartamento en Delicias,143.0,4.0,1.0,3.0,1.0,4.58,36.0,https://www.airbnb.es/rooms/1206000198548574592,1.2060001985485747e+18,,4,0.97,0.99,0.0,1.0,1.0,Entire rental unit,Entire home/apt,1.0,10.0,,0.13333333333333333,0.25,0.3111111111111111,0.07671232876712329,0
Madrid,Usera,1107364511673446145,2026-06-01,Apartamento en Puente de Vallecas,162.0,4.0,2.0,2.0,1.0,4.73,48.0,https://www.airbnb.es/rooms/1107364511673446145,1.1073645116734461e+18,,4,1.0,1.0,0.0,1.0,1.0,Entire rental unit,Entire home/apt,1.0,365.0,,0.6,0.8,0.8666666666666667,0.9671232876712329,0
Madrid,Usera,1324983597835462209,2026-06-01,Habitación en Usera,77.0,,,1.0,,4.5,20.0,https://www.airbnb.es/rooms/1324983597835462209,1.3249835978354621e+18,,3,0.77,0.69,0.0,1.0,1.0,Private room in rental unit,Private room,1.0,365.0,,0.7333333333333333,0.8666666666666667,0.9111111111111111,0.9780821917808219,0
Madrid,Usera,1094967818848402539,2026-06-01,Habitación en Usera,82.0,,,1.0,,4.39,18.0,https://www.airbnb.es/rooms/1094967818848402539,1.0949678188484026e+18,,3,0.77,0.69,0.0,1.0,1.0,Private room in rental unit,Private room,1.0,365.0,,0.7,0.7833333333333333,0.8555555555555555,0.9643835616438357,0
Madrid,Usera,52250344,2026-06-01,Hotel en Embajadores,139.0,2.0,1.0,1.0,0.0,4.72,127.0,https://www.airbnb.es/rooms/52250344,52250344.0,,4,1.0,1.0,1.0,1.0,1.0,Room in hotel,Private room,1.0,365.0,Exempt,0.6333333333333333,0.8166666666666667,0.8666666666666667,0.5260273972602739,1
Madrid,Usera,654195963500489634,2026-06-01,Apartamento en Arganzuela,246.0,4.0,2.0,3.0,2.0,4.69,259.0,https://www.airbnb.es/rooms/654195963500489634,6.541959635004896e+17,,4,1.0,0.99,,1.0,1.0,Entire rental unit,Entire home/apt,5.0,365.0,,0.13333333333333333,0.16666666666666666,0.36666666666666664,0.5863013698630137,0
Madrid,Usera,1649963093276953392,2026-06-01,Apartamento en Madrid,163.0,4.0,,2.0,1.0,5.0,6.0,https://www.airbnb.es/rooms/1649963093276953392,,,0,,,,,,,,,,,,,,,0
Madrid,Usera,1201446110425479538,2026-06-01,Apartamento en Puente de Vallecas,169.0,6.0,2.0,4.0,1.0,4.71,28.0,https://www.airbnb.es/rooms/1201446110425479538,1.2014461104254794e+18,,4,1.0,1.0,1.0,1.0,1.0,Entire serviced apartment,Entire home/apt,2.0,365.0,,0.26666666666666666,0.26666666666666666,0.37777777777777777,0.16986301369863013,0
Madrid,Usera,955680357816392127,2026-06-01,Apartamento en Embajadores,153.0,3.0,2.0,,1.0,4.68,141.0,https://www.airbnb.es/rooms/955680357816392127,9.556803578163921e+17,,4,1.0,1.0,1.0,1.0,1.0,Entire rental unit,Entire home/apt,2.0,365.0,,0.5666666666666667,0.7833333333333333,0.8555555555555555,0.21095890410958903,0
Madrid,Usera,1338355735013084708,2026-06-01,Habitación de hotel compartida en Arganzuela,44.0,,,,2.0,4.65,48.0,https://www.airbnb.es/rooms/1338355735013084708,1.3383557350130847e+18,,4,0.99,0.99,0.0,1.0,1.0,Shared room in hotel,Shared room,1.0,365.0,,0.7666666666666667,0.8833333333333333,0.9222222222222223,0.27945205479452057,0
Madrid,Usera,1289669402276559559,2026-06-01,Apartamento en Arganzuela,155.0,5.0,1.0,5.0,1.0,4.69,86.0,https://www.airbnb.es/rooms/1289669402276559559,1.2896694022765596e+18,,4,1.0,1.0,0.0,1.0,1.0,Entire rental unit,Entire home/apt,1.0,365.0,,0.6,0.7833333333333333,0.8555555555555555,0.9643835616438357,0
Madrid,Usera,905672799514033111,2026-06-01,Apartamento en Madrid,182.0,4.0,2.0,2.0,1.0,4.91,195.0,https://www.airbnb.es/rooms/905672799514033111,9.056727995140332e+17,,4,1.0,0.99,1.0,1.0,1.0,Entire rental unit,Entire home/apt,2.0,1125.0,ESFCTU00002809500122888700000000000000000000vt-141872,0.13333333333333333,0.26666666666666666,0.37777777777777777,0.7616438356164383,1
Madrid,Usera,1339624970520133873,2026-06-01,Habitación en Villaverde,72.0,,,1.0,,,,https://www.airbnb.es/rooms/1339624970520133873,1.339624970520134e+18,,4,0.9,1.0,0.0,1.0,0.0,Private room in rental unit,Private room,1.0,365.0,,0.3,0.5666666666666667,0.7111111111111111,0.2273972602739726,0
Madrid,Usera,1575237223295476452,2026-06-01,Alojamiento en Madrid,161.0,2.0,1.0,1.0,1.0,4.98,44.0,https://www.airbnb.es/rooms/1575237223295476452,,,0,,,,,,,,,,,,,,,0
Madrid,Usera,1259340674485761204,2026-06-01,Habitación en Salamanca,61.0,,,1.0,,4.8,88.0,https://www.airbnb.es/rooms/1259340674485761204,1.2593406744857613e+18,,4,1.0,1.0,0.0,1.0,1.0,Private room in rental unit,Private room,1.0,365.0,,0.7333333333333333,0.7333333333333333,0.6555555555555556,0.915068493150685,0
Madrid,Valdebebas,1673051128555029327,2026-06-01,Hotel en Madrid,100.0,2.0,1.0,2.0,0.0,4.67,3.0,https://www.airbnb.es/rooms/1673051128555029327,,,0,,,,,,,,,,,,,,,0
Madrid,Valdebebas,677526310239241354,2026-06-01,Habitación en Madrid,36.0,,,1.0,,4.91,590.0,https://www.airbnb.es/rooms/677526310239241354,6.775263102392413e+17,,4,1.0,1.0,1.0,1.0,1.0,Private room in condo,Private room,1.0,365.0,,0.1,0.25,0.4222222222222222,0.8410958904109589,0
Madrid,Valdebebas,50201000,2026-06-01,Habitación en Madrid,47.0,,,,,4.78,479.0,https://www.airbnb.es/rooms/50201000,50201000.0,,4,1.0,0.99,0.0,1.0,1.0,Private room in rental unit,Private room,1.0,1125.0,Exempt,0.16666666666666666,0.35,0.5,0.8657534246575342,1
Madrid,Valdebebas,35067184,2026-06-01,Habitación en Madrid,77.0,,,1.0,,4.81,338.0,https://www.airbnb.es/rooms/35067184,35067184.0,,4,1.0,0.97,1.0,1.0,1.0,Private room in rental unit,Private room,1.0,365.0,ESHFNT00002809800050593500100000000000000000000000001,0.5666666666666667,0.6833333333333333,0.7888888888888889,0.5452054794520548,1
Madrid,Valdebebas,1548694541637185294,2026-06-01,Sercotel de los Reyes,90.0,,,,,4.73,89.0,https://www.airbnb.es/rooms/1548694541637185294,,,0,,,,,,,,,,,,,,,0
Madrid,Valdebebas,1547139222728474749,2026-06-01,Sercotel Madrid Aeropuerto,140.0,,,,,4.85,41.0,https://www.airbnb.es/rooms/1547139222728474749,,,0,,,,,,,,,,,,,,,0
Madrid,Valdebebas,1462887823030869510,2026-06-01,Truliving Vallecas by Habyt,110.0,,,,,4.77,199.0,https://www.airbnb.es/rooms/1462887823030869510,1.4628878230308695e+18,,4,1.0,1.0,0.0,1.0,1.0,Room in hotel,Private room,1.0,365.0,Exempt,0.7666666666666667,0.8,0.8666666666666667,0.3643835616438356,1
Madrid,Valdebebas,1537666264584681050,2026-06-01,NH Madrid Las Tablas,169.0,,,,,4.73,52.0,https://www.airbnb.es/rooms/1537666264584681050,,,0,,,,,,,,,,,,,,,0
Madrid,Valdebebas,909892240700301021,2026-06-01,Habitación de hotel compartida en Madrid,37.0,,,1.0,,4.68,472.0,https://www.airbnb.es/rooms/909892240700301021,9.09892240700301e+17,,4,0.97,1.0,0.0,1.0,1.0,Shared room in hotel,Shared room,1.0,365.0,Exempt,1.0,1.0,1.0,0.6958904109589041,1
Madrid,Valdebebas,1368099670545132698,2026-06-01,Apartamento en Coslada,92.0,2.0,1.0,1.0,1.0,4.95,131.0,https://www.airbnb.es/rooms/1368099670545132698,,,0,,,,,,,,,,,,,,,0
Madrid,Valdebebas,872974635642360691,2026-06-01,Habitación en Madrid,74.0,,,2.0,,4.79,149.0,https://www.airbnb.es/rooms/872974635642360691,8.729746356423607e+17,,4,0.92,0.87,1.0,1.0,1.0,Private room in home,Private room,1.0,365.0,,0.1,0.05,0.044444444444444446,0.030136986301369864,0
Madrid,Valdebebas,1069050670952676452,2026-06-01,Apartamento en Madrid,176.0,6.0,2.0,3.0,2.0,4.81,447.0,https://www.airbnb.es/rooms/1069050670952676452,1.0690506709526765e+18,,4,1.0,1.0,1.0,1.0,1.0,Entire rental unit,Entire home/apt,1.0,365.0,,0.1,0.23333333333333334,0.35555555555555557,0.5205479452054794,0
Madrid,Valdebebas,1232689735307110661,2026-06-01,Habitación en Madrid,115.0,,,2.0,,4.92,113.0,https://www.airbnb.es/rooms/1232689735307110661,1.2326897353071107e+18,,4,1.0,0.97,1.0,1.0,1.0,Private room,Private room,1.0,90.0,ESHFNTO0002809800025258700100000000000000000000000003,0.3333333333333333,0.38333333333333336,0.4888888888888889,0.31232876712328766,1
Madrid,Valdebebas,1092805075383565540,2026-06-01,Habitación en Madrid,51.0,,,1.0,,4.77,245.0,https://www.airbnb.es/rooms/1092805075383565540,1.0928050753835656e+18,,4,1.0,0.99,0.0,1.0,1.0,Private room in rental unit,Private room,1.0,1125.0,Exempt,0.3333333333333333,0.5666666666666667,0.7111111111111111,0.9178082191780822,1
Madrid,Valdebebas,1485473259922119458,2026-06-01,Apartamento en Madrid,105.0,2.0,1.0,1.0,1.0,4.85,20.0,https://www.airbnb.es/rooms/1485473259922119458,1.4854732599221194e+18,,4,0.99,1.0,0.0,1.0,1.0,Entire rental unit,Entire home/apt,1.0,1125.0,Exempt,0.9333333333333333,0.9666666666666667,0.9777777777777777,0.9945205479452055,1
Madrid,Valdebebas,1368286347722493002,2026-06-01,Habitación en Madrid,52.0,,,2.0,,4.84,43.0,https://www.airbnb.es/rooms/1368286347722493002,1.368286347722493e+18,,0,,0.5,1.0,1.0,1.0,Private room in home,Private room,1.0,1.0,,0.0,0.0,0.0,0.0,0
Madrid,Valdebebas,1145533383450378654,2026-06-01,Habitación en Alcobendas,41.0,,1.0,,,4.8,128.0,https://www.airbnb.es/rooms/1145533383450378654,,,0,,,,,,,,,,,,,,,0
Madrid,Valdebebas,1319730678417332450,2026-06-01,Habitación en Madrid,98.0,,,1.0,,4.91,54.0,https://www.airbnb.es/rooms/1319730678417332450,1.3197306784173325e+18,,4,1.0,0.6,0.0,1.0,0.0,Private room in rental unit,Private room,1.0,365.0,ESHFNT00002809800068826300100000000000000000000000007,0.4,0.6166666666666667,0.7222222222222222,0.9315068493150684,1
Madrid,Valdebebas,1241836962285079007,2026-06-01,Hotel en Madrid,113.0,6.0,1.0,5.0,1.0,4.43,115.0,https://www.airbnb.es/rooms/1241836962285079007,1.241836962285079e+18,,4,1.0,1.0,0.0,1.0,1.0,Room in hotel,Private room,1.0,365.0,Exempt,0.16666666666666666,0.31666666666666665,0.5333333333333333,0.8767123287671232,1
Madrid,Valdebebas,52677588,2026-06-01,Loft en Madrid,235.0,3.0,1.0,2.0,1.0,4.92,186.0,https://www.airbnb.es/rooms/52677588,52677588.0,,4,1.0,1.0,1.0,1.0,1.0,Entire loft,Entire home/apt,2.0,365.0,VT-14841,0.26666666666666666,0.6,0.6888888888888889,0.6657534246575343,1
Madrid,Valdebebas,1283043460371792026,2026-06-01,Habitación en Madrid,92.0,,,1.0,,4.85,260.0,https://www.airbnb.es/rooms/1283043460371792026,1.2830434603717921e+18,,4,1.0,1.0,1.0,1.0,1.0,Private room in home,Private room,1.0,1125.0,ESHFNT00002803500013815200200000000000000000000000004,0.13333333333333333,0.2833333333333333,0.4666666666666667,0.7506849315068493,1
Madrid,Valdebebas,896329041408931607,2026-06-01,Habitación en Madrid,59.0,,,1.0,,4.95,219.0,https://www.airbnb.es/rooms/896329041408931607,8.963290414089316e+17,,4,1.0,0.65,1.0,1.0,1.0,Private room in home,Private room,1.0,1.0,,0.26666666666666666,0.13333333333333333,0.13333333333333333,0.03287671232876712,0
Madrid,Valdebebas,1549339690403407985,2026-06-01,Hostal en Madrid,73.0,1.0,1.0,1.0,1.0,4.91,23.0,https://www.airbnb.es/rooms/1549339690403407985,,,0,,,,,,,,,,,,,,,0
Madrid,Valdebebas,1175993345405674214,2026-06-01,Apartamento en San Sebastián de los Reyes,105.0,6.0,2.0,1.0,1.0,4.38,53.0,https://www.airbnb.es/rooms/1175993345405674214,,,0,,,,,,,,,,,,,,,0
Madrid,Valdebebas,710880492122657462,2026-06-01,Habitación en Madrid,100.0,,,1.0,,4.98,190.0,https://www.airbnb.es/rooms/710880492122657462,7.108804921226574e+17,,4,1.0,0.89,1.0,1.0,1.0,Private room in rental unit,Private room,1.0,1125.0,22809899457B25F4537442B3B4806125FBC0B2FD,0.43333333333333335,0.21666666666666667,0.14444444444444443,0.03561643835616438,1
Madrid,Valdebebas,35341155,2026-06-01,Loft en San Sebastián de los Reyes,129.0,4.0,1.0,2.0,1.0,4.78,372.0,https://www.airbnb.es/rooms/35341155,,,0,,,,,,,,,,,,,,,0
Madrid,Valdebebas,1417434392284395045,2026-06-01,Apartamento en San Sebastián de los Reyes,236.0,8.0,3.0,5.0,1.0,5.0,110.0,https://www.airbnb.es/rooms/1417434392284395045,,,0,,,,,,,,,,,,,,,0
Madrid,Valdebebas,1358700749117197515,2026-06-01,Habitación en Madrid,50.0,,,1.0,,4.81,111.0,https://www.airbnb.es/rooms/1358700749117197515,1.3587007491171976e+18,,4,1.0,0.99,0.0,1.0,1.0,Private room in rental unit,Private room,1.0,1125.0,Exempt,0.6333333333333333,0.7666666666666667,0.8444444444444444,0.9616438356164384,1
Madrid,Valdebebas,1674852864108111993,2026-06-01,Alojamiento en Madrid,87.0,4.0,1.0,2.0,1.0,,,https://www.airbnb.es/rooms/1674852864108111993,,,0,,,,,,,,,,,,,,,0
Madrid,Valdebebas,1255732613041251220,2026-06-01,Apartamento en San Sebastián de los Reyes,137.0,2.0,1.0,1.0,1.0,4.95,38.0,https://www.airbnb.es/rooms/1255732613041251220,,,0,,,,,,,,,,,,,,,0
Madrid,Valdebebas,1475916941487984993,2026-06-01,Apartamento en Madrid,159.0,6.0,2.0,2.0,1.0,4.82,50.0,https://www.airbnb.es/rooms/1475916941487984993,1.475916941487985e+18,,4,1.0,1.0,1.0,1.0,1.0,Entire rental unit,Entire home/apt,1.0,90.0,ESFCNT00002803500052554900000000000000000000000000007,0.3333333333333333,0.5166666666666667,0.6333333333333333,0.15616438356164383,1
Madrid,Valdebebas,1190736150133306608,2026-06-01,Habitación en San Sebastián de los Reyes,36.0,,,1.0,,4.86,103.0,https://www.airbnb.es/rooms/1190736150133306608,,,0,,,,,,,,,,,,,,,0
Madrid,Valdebebas,1304410070115201891,2026-06-01,Apartamento en Madrid,174.0,6.0,2.0,3.0,1.0,4.8,79.0,https://www.airbnb.es/rooms/1304410070115201891,1.3044100701152018e+18,,4,0.99,0.96,0.0,1.0,1.0,Entire rental unit,Entire home/apt,1.0,364.0,VT7910,0.5,0.65,0.7333333333333333,0.29863013698630136,1
Madrid,Valdebebas,34713449,2026-06-01,Apartamento en Madrid,120.0,4.0,1.0,2.0,1.0,4.72,634.0,https://www.airbnb.es/rooms/34713449,34713449.0,,4,1.0,1.0,0.0,1.0,1.0,Entire rental unit,Entire home/apt,1.0,40.0,VT-12708,0.3,0.5333333333333333,0.6888888888888889,0.663013698630137,1
Madrid,Valdebebas,1465892521417096823,2026-06-01,Apartamento en San Sebastián de los Reyes,91.0,2.0,1.0,1.0,1.0,4.52,192.0,https://www.airbnb.es/rooms/1465892521417096823,,,0,,,,,,,,,,,,,,,0
Madrid,Valdebebas,1538983892400067967,2026-06-01,Vivienda en Madrid,147.0,4.0,1.0,2.0,1.0,4.68,88.0,https://www.airbnb.es/rooms/1538983892400067967,,,0,,,,,,,,,,,,,,,0
Madrid,Valdebebas,1158576785264702565,2026-06-01,Apartahotel en Alcobendas,83.0,2.0,,1.0,1.0,4.45,683.0,https://www.airbnb.es/rooms/1158576785264702565,,,0,,,,,,,,,,,,,,,0
Madrid,Valdebebas,912043480561765485,2026-06-01,Habitación de hotel compartida en Madrid,41.0,,,1.0,,4.84,114.0,https://www.airbnb.es/rooms/912043480561765485,9.120434805617655e+17,,4,0.97,1.0,0.0,1.0,1.0,Shared room in hotel,Shared room,1.0,365.0,Exempt,0.9333333333333333,0.9666666666666667,0.9777777777777777,0.6904109589041096,1
Madrid,Valdebebas,1414597922798710350,2026-06-01,Alojamiento en Madrid,50.0,1.0,1.0,1.0,,4.91,23.0,https://www.airbnb.es/rooms/1414597922798710350,,,0,,,,,,,,,,,,,,,0
Madrid,Valdebebas,1568924099654474600,2026-06-01,Alojamiento en Madrid,53.0,2.0,1.0,1.0,1.0,4.68,80.0,https://www.airbnb.es/rooms/1568924099654474600,,,0,,,,,,,,,,,,,,,0
Madrid,Valdebebas,889283971711447634,2026-06-01,Apartamento en Madrid,149.0,3.0,1.0,2.0,1.0,4.77,271.0,https://www.airbnb.es/rooms/889283971711447634,8.892839717114477e+17,,4,0.97,1.0,1.0,1.0,1.0,Entire rental unit,Entire home/apt,1.0,365.0,,0.13333333333333333,0.15,0.2777777777777778,0.6273972602739726,0
Madrid,Valdebebas,37581704,2026-06-01,Habitación de hotel en Madrid,64.0,2.0,1.0,1.0,1.0,4.36,308.0,https://www.airbnb.es/rooms/37581704,37581704.0,,4,0.99,0.99,0.0,1.0,1.0,Room in hostel,Hotel room,1.0,365.0,,0.6,0.8,0.8666666666666667,0.9671232876712329,0
Madrid,Valdebebas,38836201,2026-06-01,Apto. residencial en Madrid,153.0,4.0,1.0,2.0,1.0,4.82,786.0,https://www.airbnb.es/rooms/38836201,38836201.0,,4,1.0,1.0,1.0,1.0,1.0,Entire condo,Entire home/apt,1.0,1125.0,ESFCTU00002803500048294100000000000000000000VT-147993,0.06666666666666667,0.18333333333333332,0.26666666666666666,0.06575342465753424,1
Madrid,Valdebebas,744005210080743389,2026-06-01,Habitación en Madrid,47.0,,,1.0,,4.88,92.0,https://www.airbnb.es/rooms/744005210080743389,7.440052100807434e+17,,3,0.91,0.95,1.0,1.0,1.0,Private room in condo,Private room,1.0,30.0,,0.1,0.5333333333333333,0.6888888888888889,0.8986301369863013,0
Madrid,Valdebebas,1692689399242391850,2026-06-01,Hotel en Madrid,140.0,2.0,1.0,1.0,1.0,,,https://www.airbnb.es/rooms/1692689399242391850,,,0,,,,,,,,,,,,,,,0
Madrid,Valdebebas,1423776813334431113,2026-06-01,Apartamento en Madrid,114.0,4.0,1.0,2.0,1.0,4.75,20.0,https://www.airbnb.es/rooms/1423776813334431113,1.4237768133344312e+18,,4,1.0,1.0,1.0,1.0,1.0,Entire rental unit,Entire home/apt,1.0,365.0,ESFCNT00002803500051656100000000000000000000000000001,0.13333333333333333,0.4,0.5,0.1232876712328767,1
Madrid,Valdebebas,1310790636401663309,2026-06-01,Hotel en Hortaleza,49.0,2.0,1.0,1.0,1.0,3.57,14.0,https://www.airbnb.es/rooms/1310790636401663309,,,0,,,,,,,,,,,,,,,0
Madrid,Valdebebas,1376191703902297726,2026-06-01,Habitación en Canillejas,43.0,,,1.0,,4.93,71.0,https://www.airbnb.es/rooms/1376191703902297726,1.3761917039022976e+18,,3,1.0,0.81,0.0,1.0,1.0,Private room in rental unit,Private room,1.0,365.0,,0.5,0.6166666666666667,0.7444444444444445,0.9123287671232877,0
Madrid,Valdebebas,697508099137458332,2026-06-01,Apartamento en Madrid,120.0,4.0,1.0,2.0,1.0,4.79,195.0,https://www.airbnb.es/rooms/697508099137458332,6.975080991374583e+17,,4,1.0,1.0,1.0,1.0,1.0,Entire rental unit,Entire home/apt,1.0,365.0,ESFCNT00002803500039673600000000000000000000000000001,0.4,0.7,0.8,0.19726027397260273,1
Madrid,Valdebebas,1455783539483048525,2026-06-01,Apartamento en Alcobendas,103.0,2.0,1.0,1.0,1.0,4.7,257.0,https://www.airbnb.es/rooms/1455783539483048525,,,0,,,,,,,,,,,,,,,0
Madrid,Valdebebas,1449142060346708366,2026-06-01,Habitación en Madrid,66.0,,,1.0,,4.78,45.0,https://www.airbnb.es/rooms/1449142060346708366,1.4491420603467085e+18,,4,0.89,0.95,0.0,1.0,1.0,Private room in rental unit,Private room,1.0,7.0,,0.23333333333333334,0.26666666666666666,0.32222222222222224,0.7972602739726027,0
Madrid,Valdebebas,1692681459004573760,2026-06-01,Hotel en Madrid,140.0,2.0,1.0,1.0,1.0,,,https://www.airbnb.es/rooms/1692681459004573760,,,0,,,,,,,,,,,,,,,0
Madrid,Valdebebas,1321785762494698176,2026-06-01,Apartamento en Madrid,141.0,3.0,1.0,1.0,1.0,4.92,12.0,https://www.airbnb.es/rooms/1321785762494698176,1.3217857624946982e+18,,4,1.0,1.0,1.0,0.0,1.0,Entire rental unit,Entire home/apt,1.0,365.0,,0.23333333333333334,0.38333333333333336,0.5222222222222223,0.7917808219178082,0
Madrid,Valdebebas,36310344,2026-06-01,Habitación en Alcobendas,31.0,,,1.0,,4.79,146.0,https://www.airbnb.es/rooms/36310344,,,0,,,,,,,,,,,,,,,0
Madrid,Valdebebas,1336816776128935292,2026-06-01,Apartamento en Madrid,121.0,4.0,1.0,2.0,1.0,4.81,52.0,https://www.airbnb.es/rooms/1336816776128935292,1.3368167761289352e+18,,4,1.0,1.0,1.0,1.0,1.0,Entire rental unit,Entire home/apt,1.0,365.0,ESFCNT00002803500051656100000000000000000000000000001,0.5666666666666667,0.6333333333333333,0.6777777777777778,0.16712328767123288,1
Madrid,Valdebebas,1143596488730623908,2026-06-01,Apartamento en Madrid,121.0,4.0,1.0,2.0,1.0,4.88,64.0,https://www.airbnb.es/rooms/1143596488730623908,1.1435964887306239e+18,,4,1.0,1.0,1.0,1.0,1.0,Entire rental unit,Entire home/apt,1.0,365.0,ESFCNT00002803500052702400000000000000000000000000007,0.4,0.7,0.8,0.19726027397260273,1
Madrid,Valdebebas,1429030634724700404,2026-06-01,Apartamento en Paracuellos de Jarama,209.0,10.0,3.0,5.0,3.0,4.8,25.0,https://www.airbnb.es/rooms/1429030634724700404,,,0,,,,,,,,,,,,,,,0
Madrid,Valdebebas,920117616624475575,2026-06-01,Habitación en Madrid,61.0,,,1.0,,4.86,136.0,https://www.airbnb.es/rooms/920117616624475575,9.201176166244755e+17,,3,0.96,0.65,1.0,1.0,1.0,Private room in rental unit,Private room,1.0,365.0,ESHFNT00002809900014639500100000000000000000000000003,0.6,0.7833333333333333,0.8555555555555555,0.9342465753424658,1
Madrid,Valdebebas,1197644361608374612,2026-06-01,Apartamento en Alcobendas,80.0,4.0,,2.0,1.0,4.5,18.0,https://www.airbnb.es/rooms/1197644361608374612,,,0,,,,,,,,,,,,,,,0
Madrid,Valdebebas,1420779191506971677,2026-06-01,Habitación en Madrid,47.0,,,1.0,,4.35,77.0,https://www.airbnb.es/rooms/1420779191506971677,1.4207791915069716e+18,,2,0.61,0.44,0.0,1.0,1.0,Private room in home,Private room,1.0,365.0,,0.5,0.7333333333333333,0.7222222222222222,0.8986301369863013,0
Madrid,Valdebebas,983960666270047156,2026-06-01,Apartamento en San Sebastián de los Reyes,98.0,4.0,,,1.0,4.57,98.0,https://www.airbnb.es/rooms/983960666270047156,,,0,,,,,,,,,,,,,,,0
Madrid,Valdebebas,1463780816178846366,2026-06-01,Habitación en Madrid,65.0,,,1.0,,4.53,83.0,https://www.airbnb.es/rooms/1463780816178846366,1.4637808161788465e+18,,0,,,0.0,,,Private room in home,Private room,1.0,365.0,ESFCTU00000304400021559900000000000000000VT-509120-A3,0.6666666666666666,0.6333333333333333,0.4222222222222222,0.10410958904109589,1
Madrid,Valdebebas,705693258105953565,2026-06-01,Hotel en Madrid,78.0,2.0,1.0,1.0,1.0,3.92,65.0,https://www.airbnb.es/rooms/705693258105953565,7.056932581059535e+17,,4,1.0,1.0,0.0,1.0,1.0,Room in hotel,Private room,1.0,365.0,Exempt,0.43333333333333335,0.6833333333333333,0.7666666666666667,0.9342465753424658,1
Madrid,Valdebebas,1457286674549960714,2026-06-01,Apartamento en Alcobendas,105.0,2.0,1.0,1.0,1.0,4.87,47.0,https://www.airbnb.es/rooms/1457286674549960714,,,0,,,,,,,,,,,,,,,0
Madrid,Valdebebas,871688989890591370,2026-06-01,Apartamento en Madrid,121.0,4.0,1.0,2.0,1.0,4.78,114.0,https://www.airbnb.es/rooms/871688989890591370,8.716889898905914e+17,,4,1.0,1.0,1.0,1.0,1.0,Entire rental unit,Entire home/apt,1.0,365.0,ESFCNT00002803500049812600000000000000000000000000007,0.43333333333333335,0.6333333333333333,0.7333333333333333,0.18082191780821918,1
Madrid,Valdebebas,705700644816824969,2026-06-01,Hotel en Madrid,116.0,3.0,1.0,2.0,1.0,4.51,204.0,https://www.airbnb.es/rooms/705700644816824969,7.05700644816825e+17,,4,1.0,1.0,0.0,1.0,1.0,Room in hotel,Private room,1.0,365.0,Exempt,0.5,0.7333333333333333,0.8222222222222222,0.9561643835616438,1
Madrid,Valdebebas,3944509,2026-06-01,Habitación en Madrid,100.0,,,1.0,,4.94,157.0,https://www.airbnb.es/rooms/3944509,3944509.0,,3,1.0,0.83,1.0,1.0,1.0,Private room in home,Private room,1.0,31.0,ESHFNT00002809900031739900100000000000000000000000007,0.16666666666666666,0.3,0.5333333333333333,0.3780821917808219,1
Madrid,Valdebebas,1364282235000404403,2026-06-01,Habitación en Madrid,52.0,,,1.0,,4.76,148.0,https://www.airbnb.es/rooms/1364282235000404403,1.3642822350004045e+18,,4,1.0,0.99,0.0,1.0,1.0,Private room in rental unit,Private room,1.0,1125.0,,0.13333333333333333,0.3333333333333333,0.5555555555555556,0.34794520547945207,0
Madrid,Valdebebas,1447696030474918335,2026-06-01,Hostal en Madrid,116.0,3.0,1.0,2.0,1.0,4.5,28.0,https://www.airbnb.es/rooms/1447696030474918335,1.4476960304749184e+18,,4,1.0,1.0,0.0,1.0,1.0,Room in rental unit,Hotel room,1.0,365.0,Exempt,0.8666666666666667,0.9333333333333333,0.9555555555555556,0.9835616438356164,1
Madrid,Valdebebas,1465889783240531384,2026-06-01,Apartamento en San Sebastián de los Reyes,152.0,4.0,2.0,3.0,2.0,4.51,41.0,https://www.airbnb.es/rooms/1465889783240531384,,,0,,,,,,,,,,,,,,,0
Madrid,Valdebebas,1644298779012145945,2026-06-01,Apartamento en Madrid,147.0,4.0,1.0,1.0,1.0,5.0,6.0,https://www.airbnb.es/rooms/1644298779012145945,,,0,,,,,,,,,,,,,,,0
Madrid,Valdebebas,1239676122314982962,2026-06-01,Habitación en Alcobendas,51.0,,,1.0,,4.78,58.0,https://www.airbnb.es/rooms/1239676122314982962,,,0,,,,,,,,,,,,,,,0
Madrid,Valdebebas,1157735090702987509,2026-06-01,Apartamento en Madrid,144.0,3.0,1.0,2.0,1.0,4.87,38.0,https://www.airbnb.es/rooms/1157735090702987509,1.1577350907029875e+18,,4,1.0,1.0,1.0,1.0,1.0,Entire rental unit,Entire home/apt,1.0,365.0,,0.23333333333333334,0.5666666666666667,0.7111111111111111,0.8712328767123287,0
Madrid,Valdebebas,1355894677758262891,2026-06-01,Apartamento en Madrid,121.0,4.0,1.0,2.0,1.0,4.81,57.0,https://www.airbnb.es/rooms/1355894677758262891,1.3558946777582628e+18,,4,1.0,1.0,1.0,1.0,1.0,Entire rental unit,Entire home/apt,1.0,365.0,ESFCNT00002803500039647700000000000000000000000000003,0.5666666666666667,0.7833333333333333,0.8555555555555555,0.21095890410958903,1
Madrid,Valdebebas,1349195896196412709,2026-06-01,Apartamento en San Sebastián de los Reyes,98.0,4.0,1.0,1.0,1.0,4.28,82.0,https://www.airbnb.es/rooms/1349195896196412709,,,0,,,,,,,,,,,,,,,0
Madrid,Valdebebas,1685377032345721314,2026-06-01,Hotel en Madrid,140.0,2.0,1.0,1.0,1.0,,,https://www.airbnb.es/rooms/1685377032345721314,,,0,,,,,,,,,,,,,,,0
Madrid,Valdebebas,1640514289959944891,2026-06-01,Casa de invitados en Madrid,101.0,2.0,1.0,1.0,1.0,4.38,8.0,https://www.airbnb.es/rooms/1640514289959944891,,,0,,,,,,,,,,,,,,,0
Madrid,Valdebebas,1556077877512807898,2026-06-01,Alojamiento en Madrid,88.0,2.0,1.0,1.0,1.0,5.0,32.0,https://www.airbnb.es/rooms/1556077877512807898,,,0,,,,,,,,,,,,,,,0
Madrid,Valdebebas,1558651172826931490,2026-06-01,Hostal en Madrid,84.0,2.0,1.0,1.0,1.0,4.65,17.0,https://www.airbnb.es/rooms/1558651172826931490,,,0,,,,,,,,,,,,,,,0
Madrid,Valdebebas,823126638240366936,2026-06-01,Apartamento en San Sebastián de los Reyes,98.0,4.0,,,1.0,4.6,87.0,https://www.airbnb.es/rooms/823126638240366936,,,0,,,,,,,,,,,,,,,0
Madrid,Valdebebas,1426122211900712110,2026-06-01,Apartamento en Paracuellos de Jarama,111.0,4.0,1.0,2.0,1.0,4.78,18.0,https://www.airbnb.es/rooms/1426122211900712110,,,0,,,,,,,,,,,,,,,0
Madrid,Valdebebas,720395114930210044,2026-06-01,Apartamento en Madrid,170.0,2.0,1.0,2.0,1.0,4.97,157.0,https://www.airbnb.es/rooms/720395114930210044,7.2039511493021e+17,,4,1.0,0.97,1.0,1.0,1.0,Entire rental unit,Entire home/apt,1.0,1125.0,ESFCTU00002811400029190300000000000000000000VT-136397,0.06666666666666667,0.1,0.2222222222222222,0.6191780821917808,1
Madrid,Valdebebas,1461709529581594857,2026-06-01,Habitación en Coslada,79.0,,,,,4.91,53.0,https://www.airbnb.es/rooms/1461709529581594857,,,0,,,,,,,,,,,,,,,0
Madrid,Valdebebas,1500783816585928300,2026-06-01,Apartamento en Madrid,121.0,4.0,1.0,2.0,1.0,4.87,23.0,https://www.airbnb.es/rooms/1500783816585928300,1.5007838165859282e+18,,4,1.0,1.0,1.0,1.0,1.0,Entire rental unit,Entire home/apt,1.0,90.0,ESFCNT00002803500055207100000000000000000000000000007,0.3,0.5833333333333334,0.6888888888888889,0.16986301369863013,1
Madrid,Valdebebas,1361433131662246535,2026-06-01,Habitación en Madrid,132.0,,,1.0,,4.83,137.0,https://www.airbnb.es/rooms/1361433131662246535,1.3614331316622467e+18,,3,0.91,0.96,1.0,1.0,1.0,Private room in home,Private room,1.0,7.0,,0.8,0.9,0.9333333333333333,0.23013698630136986,0
Madrid,Valdebebas,1160137493320848240,2026-06-01,Apartamento en Madrid,160.0,4.0,1.0,3.0,1.0,4.75,144.0,https://www.airbnb.es/rooms/1160137493320848240,1.1601374933208481e+18,,4,1.0,1.0,0.0,1.0,1.0,Entire rental unit,Entire home/apt,1.0,28.0,ESFCNT000028172000099585000000000000000000005,0.4666666666666667,0.7166666666666667,0.6666666666666666,0.8575342465753425,1
Madrid,Valdebebas,1457286263938961978,2026-06-01,Apartamento en Alcobendas,106.0,2.0,1.0,1.0,1.0,4.66,176.0,https://www.airbnb.es/rooms/1457286263938961978,,,0,,,,,,,,,,,,,,,0
Madrid,Valdebebas,876136252113465208,2026-06-01,Alojamiento en Madrid,118.0,2.0,1.0,1.0,1.0,4.99,176.0,https://www.airbnb.es/rooms/876136252113465208,,,0,,,,,,,,,,,,,,,0
Madrid,Valdebebas,29840482,2026-06-01,Apartamento en Coslada,195.0,9.0,3.0,5.0,1.0,4.88,403.0,https://www.airbnb.es/rooms/29840482,,,0,,,,,,,,,,,,,,,0
Madrid,Valdebebas,1402530442411223422,2026-06-01,Habitación en Los Berrocales del Jarama,71.0,,,1.0,,4.74,35.0,https://www.airbnb.es/rooms/1402530442411223422,,,0,,,,,,,,,,,,,,,0
Madrid,Valdebebas,1465892805934717034,2026-06-01,Apartamento en San Sebastián de los Reyes,95.0,2.0,1.0,1.0,1.0,4.53,81.0,https://www.airbnb.es/rooms/1465892805934717034,,,0,,,,,,,,,,,,,,,0
Madrid,Valdebebas,1466028994198384812,2026-06-01,Habitación en Madrid,80.0,,,1.0,,4.48,62.0,https://www.airbnb.es/rooms/1466028994198384812,1.466028994198385e+18,,0,,,0.0,,,Private room in home,Private room,1.0,365.0,ESFCTU00000304400021559900000000000000000VT-509120-A3,0.6666666666666666,0.6333333333333333,0.4222222222222222,0.10410958904109589,1
Madrid,Valdebebas,1645190558150238668,2026-06-01,Hostal en Madrid,98.0,2.0,1.0,1.0,1.0,4.75,4.0,https://www.airbnb.es/rooms/1645190558150238668,,,0,,,,,,,,,,,,,,,0
Madrid,Valdebebas,1389281650389545424,2026-06-01,Apartamento en Madrid,160.0,4.0,1.0,2.0,1.0,4.94,49.0,https://www.airbnb.es/rooms/1389281650389545424,1.3892816503895455e+18,,4,1.0,1.0,0.0,1.0,1.0,Entire rental unit,Entire home/apt,2.0,365.0,,0.3,0.65,0.7666666666666667,0.2821917808219178,0
Madrid,Valdebebas,1360021039973445303,2026-06-01,Apartamento en Madrid,122.0,4.0,1.0,2.0,1.0,4.77,44.0,https://www.airbnb.es/rooms/1360021039973445303,1.3600210399734454e+18,,4,1.0,1.0,1.0,1.0,1.0,Entire rental unit,Entire home/apt,1.0,365.0,ESFCNT00002803500052582200000000000000000000000000001,0.43333333333333335,0.7166666666666667,0.7666666666666667,0.18904109589041096,1
Madrid,Valdebebas,803393200678448586,2026-06-01,Apartamento en Madrid,127.0,4.0,1.0,2.0,1.0,4.77,177.0,https://www.airbnb.es/rooms/803393200678448586,8.033932006784486e+17,,4,1.0,1.0,1.0,1.0,1.0,Entire rental unit,Entire home/apt,1.0,1125.0,ESFCTU00002803500049783900000000000000000000VT-150636,0.36666666666666664,0.6833333333333333,0.7888888888888889,0.19452054794520549,1
Madrid,Valdebebas,41307914,2026-06-01,Habitación en Madrid,94.0,,,1.0,,4.89,100.0,https://www.airbnb.es/rooms/41307914,41307914.0,,4,1.0,0.94,1.0,1.0,1.0,Private room in rental unit,Private room,1.0,1125.0,,0.3333333333333333,0.6,0.7333333333333333,0.8328767123287671,0
Madrid,Valdebebas,1286109923595627381,2026-06-01,Vivienda en Madrid,164.0,3.0,1.0,2.0,1.0,4.91,76.0,https://www.airbnb.es/rooms/1286109923595627381,1.2861099235956273e+18,,4,1.0,0.97,1.0,1.0,1.0,Entire home,Entire home/apt,1.0,1125.0,VT-14574,0.0,0.05,0.3333333333333333,0.8,1
Madrid,Valdebebas,551265359663353557,2026-06-01,Vivienda en Hortaleza,134.0,2.0,1.0,1.0,1.0,4.96,244.0,https://www.airbnb.es/rooms/551265359663353557,5.5126535966335354e+17,,4,1.0,0.93,1.0,1.0,1.0,Entire home,Entire home/apt,1.0,90.0,,0.26666666666666666,0.55,0.7,0.6657534246575343,0
Madrid,Valdebebas,1607266629835662043,2026-06-01,Apartamento en Madrid,140.0,2.0,1.0,1.0,1.0,4.67,15.0,https://www.airbnb.es/rooms/1607266629835662043,,,0,,,,,,,,,,,,,,,0
Madrid,Valdebebas,1211583077777641986,2026-06-01,Habitación en Ciudad Lineal,115.0,,,1.0,,4.78,23.0,https://www.airbnb.es/rooms/1211583077777641986,1.211583077777642e+18,,4,1.0,1.0,0.0,1.0,1.0,Private room in rental unit,Private room,1.0,365.0,,0.8333333333333334,0.9166666666666666,0.9444444444444444,0.9863013698630136,0
Madrid,Valdebebas,41029671,2026-06-01,Apartamento en Madrid,176.0,2.0,,1.0,1.0,4.86,350.0,https://www.airbnb.es/rooms/41029671,41029671.0,,4,1.0,1.0,1.0,1.0,1.0,Entire rental unit,Entire home/apt,1.0,730.0,500/2021/01932,1.0,0.7833333333333333,0.5222222222222223,0.12876712328767123,1
Madrid,Valdebebas,888434863492657302,2026-06-01,Apartamento en Madrid,180.0,9.0,2.0,5.0,1.0,4.73,78.0,https://www.airbnb.es/rooms/888434863492657302,8.884348634926573e+17,,4,1.0,1.0,1.0,1.0,1.0,Entire rental unit,Entire home/apt,1.0,30.0,,0.26666666666666666,0.2833333333333333,0.3888888888888889,0.6602739726027397,0
Madrid,Valdebebas,983961592248317249,2026-06-01,Apartamento en San Sebastián de los Reyes,98.0,4.0,,,1.0,4.33,78.0,https://www.airbnb.es/rooms/983961592248317249,,,0,,,,,,,,,,,,,,,0
Madrid,Valdebebas,1204127346617066575,2026-06-01,Apartamento en Madrid,147.0,4.0,1.0,2.0,1.0,4.9,121.0,https://www.airbnb.es/rooms/1204127346617066575,1.2041273466170665e+18,,4,0.86,0.92,,1.0,1.0,Entire rental unit,Entire home/apt,1.0,300.0,VT-14628,0.13333333333333333,0.3,0.4888888888888889,0.6684931506849315,1
Madrid,Valdebebas,1268897681863454214,2026-06-01,Apartamento en San Sebastián de los Reyes,155.0,4.0,2.0,3.0,1.0,4.61,18.0,https://www.airbnb.es/rooms/1268897681863454214,,,0,,,,,,,,,,,,,,,0
Madrid,Valdebebas,1400697340928345647,2026-06-01,Apartamento en Madrid,158.0,4.0,1.0,2.0,1.0,4.72,54.0,https://www.airbnb.es/rooms/1400697340928345647,1.4006973409283456e+18,,4,1.0,0.99,,1.0,1.0,Entire rental unit,Entire home/apt,4.0,365.0,,0.4666666666666667,0.6,0.7333333333333333,0.673972602739726,0
Madrid,Valdebebas,1526911141571870997,2026-06-01,Casa de invitados en Rivas-Vaciamadrid,118.0,4.0,1.0,2.0,1.0,4.97,34.0,https://www.airbnb.es/rooms/1526911141571870997,,,0,,,,,,,,,,,,,,,0
Madrid,Valdebebas,1380452211035648930,2026-06-01,Apartamento en Madrid,126.0,2.0,1.0,2.0,1.0,4.8,54.0,https://www.airbnb.es/rooms/1380452211035648930,1.380452211035649e+18,,4,0.98,0.99,0.0,1.0,1.0,Entire rental unit,Entire home/apt,1.0,180.0,09/815904.9/25,0.7333333333333333,0.8666666666666667,0.9111111111111111,0.9780821917808219,1
Madrid,Valdebebas,983961390081681460,2026-06-01,Apartamento en San Sebastián de los Reyes,98.0,4.0,,,1.0,4.26,85.0,https://www.airbnb.es/rooms/983961390081681460,,,0,,,,,,,,,,,,,,,0
Madrid,Valdebebas,1279722037192402039,2026-06-01,Habitación en Madrid,71.0,,,2.0,,4.68,38.0,https://www.airbnb.es/rooms/1279722037192402039,1.279722037192402e+18,,4,1.0,1.0,0.0,1.0,1.0,Private room in rental unit,Private room,1.0,365.0,,0.4666666666666667,0.48333333333333334,0.32222222222222224,0.07945205479452055,0
Madrid,Valdebebas,687391700326017150,2026-06-01,Apartamento en Madrid,175.0,4.0,1.0,2.0,1.0,4.72,191.0,https://www.airbnb.es/rooms/687391700326017150,6.873917003260172e+17,,4,1.0,1.0,1.0,1.0,1.0,Entire rental unit,Entire home/apt,1.0,1125.0,ESFCTU00002803500055207100000000000000000000VT-150629,0.43333333333333335,0.6166666666666667,0.7444444444444445,0.18356164383561643,1
Madrid,Valdebebas,44349389,2026-06-01,Apartamento en Madrid,222.0,6.0,2.0,3.0,2.0,4.9,416.0,https://www.airbnb.es/rooms/44349389,44349389.0,,4,1.0,1.0,1.0,1.0,1.0,Entire rental unit,Entire home/apt,2.0,1125.0,,0.0,0.05,0.13333333333333333,0.38082191780821917,0
Madrid,Valdebebas,35049750,2026-06-01,Habitación en Madrid,74.0,,,2.0,,4.74,395.0,https://www.airbnb.es/rooms/35049750,35049750.0,,2,1.0,0.87,1.0,1.0,1.0,Private room in rental unit,Private room,1.0,1125.0,,0.3,0.4666666666666667,0.6222222222222222,0.4,0
Madrid,Valdebebas,1491845816857612252,2026-06-01,Apartamento en Madrid,270.0,4.0,2.0,2.0,1.0,4.96,23.0,https://www.airbnb.es/rooms/1491845816857612252,1.4918458168576123e+18,,4,0.68,0.56,0.0,1.0,1.0,Entire rental unit,Entire home/apt,1.0,365.0,ESFCNT00002809800038625100000000000000000000000000001,0.4,0.7,0.8,0.9506849315068493,1
Madrid,Valdebebas,611600875982398989,2026-06-01,Habitación en Madrid,77.0,,,1.0,,4.54,69.0,https://www.airbnb.es/rooms/611600875982398989,6.11600875982399e+17,,0,,0.93,0.0,1.0,1.0,Private room in rental unit,Private room,1.0,1125.0,,0.0,0.0,0.0,0.3452054794520548,0
Madrid,Valdebebas,1191992558667297801,2026-06-01,Apartamento en Madrid,149.0,4.0,1.0,2.0,1.0,4.86,239.0,https://www.airbnb.es/rooms/1191992558667297801,1.1919925586672978e+18,,4,1.0,0.99,1.0,1.0,1.0,Entire rental unit,Entire home/apt,1.0,365.0,ESFCTU0000280350004982870000000000000000000-000580897,0.36666666666666664,0.4166666666666667,0.5777777777777777,0.14246575342465753,1
Madrid,Valdebebas,1042649968289741766,2026-06-01,Casa de invitados en Madrid,94.0,3.0,1.0,2.0,1.0,4.88,8.0,https://www.airbnb.es/rooms/1042649968289741766,1.0426499682897418e+18,,2,0.5,0.95,0.0,1.0,1.0,Private room in guesthouse,Private room,1.0,6.0,,0.0,0.21666666666666667,0.4777777777777778,0.6109589041095891,0
Madrid,Valdebebas,1103271401507193054,2026-06-01,Apartamento en Madrid,133.0,4.0,1.0,2.0,1.0,4.49,96.0,https://www.airbnb.es/rooms/1103271401507193054,1.1032714015071931e+18,,4,0.93,0.97,0.0,1.0,1.0,Entire rental unit,Entire home/apt,1.0,365.0,,0.26666666666666666,0.13333333333333333,0.08888888888888889,0.021917808219178082,0
Madrid,Valdebebas,1400025246894536557,2026-06-01,Apartamento en Madrid,198.0,3.0,1.0,2.0,1.0,4.93,28.0,https://www.airbnb.es/rooms/1400025246894536557,1.4000252468945364e+18,,4,1.0,1.0,0.0,1.0,1.0,Entire rental unit,Entire home/apt,1.0,365.0,AM-1491,0.3333333333333333,0.5166666666666667,0.6777777777777778,0.9095890410958904,1
Madrid,Valdebebas,825996863623765556,2026-06-01,Apartamento en San Sebastián de los Reyes,98.0,4.0,1.0,1.0,1.0,4.41,101.0,https://www.airbnb.es/rooms/825996863623765556,,,0,,,,,,,,,,,,,,,0
Madrid,Valdebebas,836289419837110160,2026-06-01,Apartamento en Madrid,211.0,5.0,2.0,3.0,2.0,4.71,175.0,https://www.airbnb.es/rooms/836289419837110160,8.362894198371101e+17,,4,1.0,0.99,0.0,1.0,1.0,Entire rental unit,Entire home/apt,1.0,365.0,,0.4666666666666667,0.45,0.3,0.09863013698630137,0
Madrid,Valdebebas,1277539086765989532,2026-06-01,Apartahotel en Alcobendas,102.0,2.0,,1.0,1.0,4.57,69.0,https://www.airbnb.es/rooms/1277539086765989532,,,0,,,,,,,,,,,,,,,0
Madrid,Valdebebas,1679886552774951572,2026-06-01,Apartamento en Madrid,149.0,4.0,1.0,2.0,1.0,,,https://www.airbnb.es/rooms/1679886552774951572,,,0,,,,,,,,,,,,,,,0
Madrid,Valdebebas,1400051455053113948,2026-06-01,Apartamento en Madrid,187.0,2.0,1.0,1.0,1.0,5.0,13.0,https://www.airbnb.es/rooms/1400051455053113948,1.4000514550531139e+18,,4,1.0,1.0,0.0,1.0,1.0,Entire rental unit,Entire home/apt,1.0,365.0,AM-1491,0.3333333333333333,0.48333333333333334,0.6555555555555556,0.9041095890410958,1
Madrid,Valdebebas,1066787550536884640,2026-06-01,Habitación en Madrid,69.0,,,1.0,,4.9,104.0,https://www.airbnb.es/rooms/1066787550536884640,1.0667875505368846e+18,,4,1.0,0.97,1.0,1.0,1.0,Private room in rental unit,Private room,3.0,1125.0,ESFCNT00002811100012236700000000000000000000000000003,0.23333333333333334,0.48333333333333334,0.6555555555555556,0.40821917808219177,1
Madrid,Valdebebas,1184104034841554302,2026-06-01,Apartamento en San Sebastián de los Reyes,161.0,4.0,1.0,2.0,1.0,4.61,72.0,https://www.airbnb.es/rooms/1184104034841554302,,,0,,,,,,,,,,,,,,,0
Madrid,Valdebebas,866392134132099245,2026-06-01,Habitación en Madrid,81.0,,,1.0,,4.9,41.0,https://www.airbnb.es/rooms/866392134132099245,8.663921341320992e+17,,4,1.0,0.91,1.0,1.0,1.0,Private room in condo,Private room,1.0,365.0,2485/2025,0.6666666666666666,0.7166666666666667,0.8111111111111111,0.9342465753424658,1
Madrid,Valdebebas,1214434324835176788,2026-06-01,Hostal en Madrid,132.0,2.0,1.0,1.0,1.0,4.8,127.0,https://www.airbnb.es/rooms/1214434324835176788,1.2144343248351767e+18,,4,1.0,1.0,1.0,1.0,1.0,Private room in hostel,Private room,1.0,365.0,HM-5092,0.3,0.4,0.5,0.8493150684931506,1
Madrid,Valdebebas,1465891898441471133,2026-06-01,Apartamento en San Sebastián de los Reyes,144.0,4.0,2.0,2.0,2.0,4.44,43.0,https://www.airbnb.es/rooms/1465891898441471133,,,0,,,,,,,,,,,,,,,0
Madrid,Puente-de-Vallecas,1429235758371683833,2026-06-01,Apartamento en Puente de Vallecas,219.0,2.0,1.0,1.0,1.0,4.81,36.0,https://www.airbnb.es/rooms/1429235758371683833,1.4292357583716838e+18,,4,1.0,0.98,0.0,1.0,1.0,Entire rental unit,Entire home/apt,2.0,1125.0,,0.2,0.5666666666666667,0.6777777777777778,0.8767123287671232,0
Madrid,Puente-de-Vallecas,1419528181833650609,2026-06-01,Habitación en Puente de Vallecas,75.0,,,1.0,,4.87,76.0,https://www.airbnb.es/rooms/1419528181833650609,1.4195281818336507e+18,,3,1.0,0.82,1.0,1.0,1.0,Private room in condo,Private room,2.0,365.0,ESHFNT00002809700015922300100000000000000000000000005,0.0,0.016666666666666666,0.08888888888888889,0.22465753424657534,1
Madrid,Puente-de-Vallecas,1251426835096901463,2026-06-01,Apartamento en Puente de Vallecas,328.0,4.0,1.0,2.0,1.0,4.77,87.0,https://www.airbnb.es/rooms/1251426835096901463,1.2514268350969014e+18,,4,0.98,0.95,0.0,1.0,1.0,Entire rental unit,Entire home/apt,2.0,365.0,,0.1,0.3333333333333333,0.4,0.7835616438356164,0
Madrid,Puente-de-Vallecas,1447704808932754438,2026-06-01,Apartamento en Retiro,220.0,2.0,1.0,1.0,1.0,5.0,3.0,https://www.airbnb.es/rooms/1447704808932754438,1.4477048089327544e+18,,4,0.98,1.0,0.0,1.0,1.0,Entire rental unit,Entire home/apt,1.0,365.0,,0.1,0.31666666666666665,0.37777777777777777,0.6191780821917808,0
Madrid,Puente-de-Vallecas,957823891253947353,2026-06-01,Habitación de hotel compartida en Puente de Vallecas,32.0,,,20.0,8.0,4.56,16.0,https://www.airbnb.es/rooms/957823891253947353,9.578238912539474e+17,,0,,,0.0,1.0,1.0,Shared room in hotel,Shared room,1.0,365.0,,1.0,1.0,1.0,1.0,0
Madrid,Puente-de-Vallecas,1380990977526379544,2026-06-01,Vincci Soho,308.0,,,,,4.86,21.0,https://www.airbnb.es/rooms/1380990977526379544,1.3809909775263795e+18,,4,1.0,1.0,0.0,1.0,1.0,Room in hotel,Private room,1.0,365.0,,1.0,1.0,1.0,0.3150684931506849,0
Madrid,Puente-de-Vallecas,1594248663231508629,2026-06-01,Apartamento en Madrid,108.0,4.0,1.0,1.0,1.0,4.15,20.0,https://www.airbnb.es/rooms/1594248663231508629,,,0,,,,,,,,,,,,,,,0
Madrid,Puente-de-Vallecas,1447110967087160329,2026-06-01,Hotel en Puente de Vallecas,49.0,2.0,1.0,1.0,1.0,4.26,34.0,https://www.airbnb.es/rooms/1447110967087160329,1.4471109670871603e+18,,4,0.99,0.99,0.0,1.0,1.0,Room in hotel,Private room,1.0,365.0,,0.4666666666666667,0.7333333333333333,0.8222222222222222,0.9561643835616438,0
Madrid,Puente-de-Vallecas,1634672633689716541,2026-06-01,Apartamento en Madrid,105.0,4.0,1.0,1.0,1.0,4.4,5.0,https://www.airbnb.es/rooms/1634672633689716541,,,0,,,,,,,,,,,,,,,0
Madrid,Puente-de-Vallecas,660279578104227624,2026-06-01,Habitación en Puente de Vallecas,77.0,,,1.0,,5.0,11.0,https://www.airbnb.es/rooms/660279578104227624,6.602795781042276e+17,,2,1.0,0.5,0.0,1.0,1.0,Private room in bed and breakfast,Private room,1.0,365.0,,0.0,0.4666666666666667,0.6444444444444445,0.9123287671232877,0
Madrid,Puente-de-Vallecas,1618851699926780025,2026-06-01,Alojamiento en Madrid,50.0,2.0,1.0,1.0,1.0,5.0,5.0,https://www.airbnb.es/rooms/1618851699926780025,,,0,,,,,,,,,,,,,,,0
Madrid,Puente-de-Vallecas,1282538883198799514,2026-06-01,Apartamento en Puente de Vallecas,183.0,4.0,2.0,3.0,1.0,4.81,67.0,https://www.airbnb.es/rooms/1282538883198799514,1.2825388831987996e+18,,4,1.0,1.0,1.0,1.0,1.0,Entire rental unit,Entire home/apt,2.0,365.0,,0.36666666666666664,0.43333333333333335,0.6222222222222222,0.2328767123287671,0
Madrid,Puente-de-Vallecas,777901724142489578,2026-06-01,Apartamento en Puente de Vallecas,131.0,2.0,,1.0,1.0,4.61,74.0,https://www.airbnb.es/rooms/777901724142489578,7.779017241424896e+17,,4,1.0,1.0,0.0,1.0,1.0,Entire rental unit,Entire home/apt,1.0,45.0,,0.6666666666666666,0.8333333333333334,0.8888888888888888,0.9726027397260274,0
Madrid,Puente-de-Vallecas,1564770934155787723,2026-06-01,Habitación de hotel compartida en Madrid,32.0,,,20.0,8.0,4.6,5.0,https://www.airbnb.es/rooms/1564770934155787723,,,0,,,,,,,,,,,,,,,0
Madrid,Puente-de-Vallecas,46038068,2026-06-01,Habitación en Puente de Vallecas,53.0,,,2.0,,4.85,40.0,https://www.airbnb.es/rooms/46038068,46038068.0,,3,1.0,0.66,1.0,1.0,1.0,Private room in rental unit,Private room,1.0,60.0,ESHFNT00002814500033986900100000000000000000000000005,0.7,0.7833333333333333,0.8555555555555555,0.26301369863013696,1
Madrid,Puente-de-Vallecas,32582408,2026-06-01,Hostal en Puente de Vallecas,44.0,2.0,1.0,1.0,1.0,4.32,124.0,https://www.airbnb.es/rooms/32582408,32582408.0,,4,0.99,0.99,0.0,1.0,1.0,Private room in hostel,Private room,1.0,365.0,,0.2,0.45,0.6111111111111112,0.9041095890410958,0
Madrid,Puente-de-Vallecas,1101937540879510367,2026-06-01,Apartamento en Puente de Vallecas,169.0,4.0,1.0,2.0,1.0,4.75,4.0,https://www.airbnb.es/rooms/1101937540879510367,1.1019375408795104e+18,,4,1.0,1.0,0.0,1.0,1.0,Entire rental unit,Entire home/apt,1.0,45.0,,0.5666666666666667,0.5833333333333334,0.6777777777777778,0.9205479452054794,0
Madrid,Puente-de-Vallecas,1558056101341913115,2026-06-01,Apartamento en Madrid,159.0,6.0,1.0,4.0,1.0,4.71,7.0,https://www.airbnb.es/rooms/1558056101341913115,,,0,,,,,,,,,,,,,,,0
Madrid,Puente-de-Vallecas,1436330519570659321,2026-06-01,Habitación en Puente de Vallecas,59.0,,,1.0,,4.78,51.0,https://www.airbnb.es/rooms/1436330519570659321,1.4363305195706593e+18,,4,1.0,1.0,1.0,0.0,0.0,Private room in rental unit,Private room,1.0,365.0,,0.5666666666666667,0.7,0.7777777777777778,0.936986301369863,0
Madrid,Puente-de-Vallecas,1024571965787456002,2026-06-01,Apartamento en Puente de Vallecas,133.0,4.0,1.0,2.0,0.0,4.36,44.0,https://www.airbnb.es/rooms/1024571965787456002,1.024571965787456e+18,,4,1.0,1.0,0.0,1.0,1.0,Entire rental unit,Entire home/apt,1.0,365.0,,0.3,0.5333333333333333,0.6222222222222222,0.8931506849315068,0
Madrid,Puente-de-Vallecas,1368877684727617333,2026-06-01,Apartamento en Puente de Vallecas,122.0,4.0,1.0,2.0,1.0,4.54,24.0,https://www.airbnb.es/rooms/1368877684727617333,1.3688776847276173e+18,,4,1.0,1.0,0.0,1.0,1.0,Entire rental unit,Entire home/apt,1.0,365.0,,0.3,0.6333333333333333,0.6333333333333333,0.8794520547945206,0
Madrid,Puente-de-Vallecas,1501360724881561050,2026-06-01,Habitación en Valdebernardo,41.0,,,1.0,,4.27,41.0,https://www.airbnb.es/rooms/1501360724881561050,1.501360724881561e+18,,4,0.99,0.85,0.0,0.0,1.0,Private room in rental unit,Private room,1.0,365.0,ESABCD123456789123456789123456789123456-HH-7891234567,0.0,0.2,0.4666666666666667,0.8684931506849315,1
Madrid,Puente-de-Vallecas,1201452489545612646,2026-06-01,Apartamento en Puente de Vallecas,151.0,4.0,1.0,2.0,1.0,4.76,17.0,https://www.airbnb.es/rooms/1201452489545612646,1.2014524895456125e+18,,4,1.0,1.0,1.0,1.0,1.0,Entire serviced apartment,Entire home/apt,1.0,365.0,,0.26666666666666666,0.3333333333333333,0.45555555555555555,0.2191780821917808,0
Madrid,Puente-de-Vallecas,777901588199992029,2026-06-01,Apartamento en Madrid,153.0,3.0,,3.0,1.0,4.69,49.0,https://www.airbnb.es/rooms/777901588199992029,7.77901588199992e+17,,4,1.0,1.0,0.0,1.0,1.0,Entire rental unit,Entire home/apt,1.0,45.0,,0.5,0.6,0.6666666666666666,0.9178082191780822,0
Madrid,Puente-de-Vallecas,1558750344646078171,2026-06-01,Apartamento en Madrid,192.0,6.0,3.0,4.0,1.0,4.76,21.0,https://www.airbnb.es/rooms/1558750344646078171,,,0,,,,,,,,,,,,,,,0
Madrid,Puente-de-Vallecas,17725607,2026-06-01,Apartamento en Madrid,174.0,5.0,3.0,3.0,1.0,4.84,79.0,https://www.airbnb.es/rooms/17725607,17725607.0,,3,1.0,0.87,1.0,1.0,1.0,Entire rental unit,Entire home/apt,3.0,1125.0,ESFCNT00002809500003265200000000000000000000000000001,0.3,0.4,0.5333333333333333,0.3506849315068493,1
Madrid,Puente-de-Vallecas,1629782400981212627,2026-06-01,Apartamento en Madrid,159.0,2.0,1.0,1.0,1.0,5.0,8.0,https://www.airbnb.es/rooms/1629782400981212627,,,0,,,,,,,,,,,,,,,0
Madrid,Puente-de-Vallecas,1417846804570327335,2026-06-01,Apartamento en Madrid,159.0,3.0,1.0,2.0,1.0,4.88,52.0,https://www.airbnb.es/rooms/1417846804570327335,1.4178468045703273e+18,,4,1.0,0.99,1.0,0.0,1.0,Entire rental unit,Entire home/apt,1.0,365.0,,0.1,0.1,0.17777777777777778,0.6794520547945205,0
Madrid,Puente-de-Vallecas,1672547876910519321,2026-06-01,Alojamiento en Madrid,77.0,1.0,1.0,1.0,,,,https://www.airbnb.es/rooms/1672547876910519321,,,0,,,,,,,,,,,,,,,0
Madrid,Puente-de-Vallecas,1420889591151526424,2026-06-01,Apartamento en Puente de Vallecas,201.0,4.0,1.0,3.0,1.0,5.0,4.0,https://www.airbnb.es/rooms/1420889591151526424,1.4208895911515264e+18,,4,1.0,1.0,0.0,1.0,1.0,Entire rental unit,Entire home/apt,1.0,45.0,,0.5666666666666667,0.75,0.8333333333333334,0.958904109589041,0
Madrid,Puente-de-Vallecas,1402883915034258000,2026-06-01,Habitaciones en Valdebernardo,57.0,,4.0,1.0,,4.56,25.0,https://www.airbnb.es/rooms/1402883915034258000,1.402883915034258e+18,,4,0.99,0.85,0.0,0.0,1.0,Private room in rental unit,Private room,2.0,365.0,,0.6666666666666666,0.8333333333333334,0.8888888888888888,0.9726027397260274,0
Madrid,Puente-de-Vallecas,1619640746738815234,2026-06-01,Alojamiento en Madrid,82.0,3.0,1.0,2.0,1.0,4.2,5.0,https://www.airbnb.es/rooms/1619640746738815234,,,0,,,,,,,,,,,,,,,0
Madrid,Puente-de-Vallecas,1563919124519855835,2026-06-01,Habitación de hotel compartida en Madrid,32.0,,,20.0,8.0,3.75,4.0,https://www.airbnb.es/rooms/1563919124519855835,,,0,,,,,,,,,,,,,,,0
Madrid,Puente-de-Vallecas,1350636496548226533,2026-06-01,Apartamento en Retiro,171.0,4.0,,2.0,1.0,4.25,4.0,https://www.airbnb.es/rooms/1350636496548226533,1.3506364965482266e+18,,4,0.99,0.99,0.0,1.0,1.0,Entire rental unit,Entire home/apt,1.0,1125.0,350202309690,0.2,0.31666666666666665,0.4222222222222222,0.8493150684931506,1
Madrid,Puente-de-Vallecas,1295613277238498559,2026-06-01,Apartamento en Puente de Vallecas,141.0,4.0,1.0,1.0,1.0,4.78,23.0,https://www.airbnb.es/rooms/1295613277238498559,1.2956132772384986e+18,,3,0.99,0.64,0.0,1.0,1.0,Entire rental unit,Entire home/apt,1.0,365.0,,0.2,0.5,0.4888888888888889,0.7917808219178082,0
Madrid,Puente-de-Vallecas,40225286,2026-06-01,Apartamento en Puente de Vallecas,156.0,4.0,1.0,2.0,1.0,4.55,49.0,https://www.airbnb.es/rooms/40225286,40225286.0,,4,1.0,1.0,0.0,1.0,1.0,Entire rental unit,Entire home/apt,1.0,45.0,,0.8333333333333334,0.9166666666666666,0.9444444444444444,0.9863013698630136,0
Madrid,Puente-de-Vallecas,1565100074009861605,2026-06-01,Habitación de hotel compartida en Madrid,32.0,,,20.0,8.0,,,https://www.airbnb.es/rooms/1565100074009861605,,,0,,,,,,,,,,,,,,,0
Madrid,Puente-de-Vallecas,1378393519082955343,2026-06-01,Habitación en Puente de Vallecas,67.0,,,1.0,,4.71,14.0,https://www.airbnb.es/rooms/1378393519082955343,1.3783935190829553e+18,,4,1.0,0.99,0.0,1.0,1.0,Private room in rental unit,Private room,1.0,1125.0,ESHFNT00002805300022221300400000000000000000000000004,0.4666666666666667,0.5666666666666667,0.6555555555555556,0.8438356164383561,1
Madrid,Puente-de-Vallecas,32402933,2026-06-01,Apartamento en Puente de Vallecas,168.0,4.0,1.0,2.0,1.0,4.74,70.0,https://www.airbnb.es/rooms/32402933,32402933.0,,4,1.0,1.0,0.0,1.0,1.0,Entire rental unit,Entire home/apt,1.0,45.0,VT – 10774,0.8333333333333334,0.8833333333333333,0.9111111111111111,0.9726027397260274,1
Madrid,Puente-de-Vallecas,1643505170698452440,2026-06-01,Apartamento en Madrid,151.0,5.0,1.0,3.0,2.0,4.73,11.0,https://www.airbnb.es/rooms/1643505170698452440,,,0,,,,,,,,,,,,,,,0
Madrid,Puente-de-Vallecas,48290903,2026-06-01,Apartamento en Retiro,176.0,4.0,1.0,2.0,1.0,4.6,107.0,https://www.airbnb.es/rooms/48290903,48290903.0,,4,1.0,1.0,0.0,1.0,1.0,Entire rental unit,Entire home/apt,1.0,45.0,,0.8333333333333334,0.9166666666666666,0.9444444444444444,0.9863013698630136,0
Madrid,Puente-de-Vallecas,1378399001087617538,2026-06-01,Habitación en Puente de Vallecas,73.0,,,1.0,,4.44,16.0,https://www.airbnb.es/rooms/1378399001087617538,1.3783990010876175e+18,,4,1.0,0.99,0.0,1.0,1.0,Private room in rental unit,Private room,1.0,1125.0,ESHFNT00002805300022221300100000000000000000000000007,0.43333333333333335,0.5666666666666667,0.6555555555555556,0.8438356164383561,1
Madrid,Puente-de-Vallecas,1362269516802674455,2026-06-01,Alojamiento en Puente de Vallecas,64.0,2.0,1.0,1.0,1.0,4.22,9.0,https://www.airbnb.es/rooms/1362269516802674455,,,0,,,,,,,,,,,,,,,0
Madrid,Puente-de-Vallecas,1563912907138411174,2026-06-01,Habitación de hotel compartida en Madrid,32.0,,,20.0,8.0,,,https://www.airbnb.es/rooms/1563912907138411174,,,0,,,,,,,,,,,,,,,0
Madrid,Puente-de-Vallecas,1133082926244884842,2026-06-01,Habitación en Retiro,84.0,,,1.0,,4.88,163.0,https://www.airbnb.es/rooms/1133082926244884842,1.1330829262448849e+18,,4,1.0,0.96,1.0,1.0,1.0,Private room in condo,Private room,1.0,30.0,,0.5666666666666667,0.75,0.8333333333333334,0.958904109589041,0
Madrid,Puente-de-Vallecas,1619654594179714392,2026-06-01,Alojamiento en Madrid,94.0,2.0,1.0,1.0,1.0,,,https://www.airbnb.es/rooms/1619654594179714392,,,0,,,,,,,,,,,,,,,0
Madrid,Puente-de-Vallecas,969385306023415916,2026-06-01,Alojamiento en Retiro,59.0,2.0,1.0,1.0,2.0,4.82,17.0,https://www.airbnb.es/rooms/969385306023415916,9.693853060234159e+17,,4,1.0,0.51,0.0,1.0,1.0,Private room in rental unit,Private room,1.0,365.0,,0.5,0.75,0.8333333333333334,0.7013698630136986,0
Madrid,Puente-de-Vallecas,1436131981187790617,2026-06-01,Habitación en Puente de Vallecas,129.0,,,1.0,,4.59,32.0,https://www.airbnb.es/rooms/1436131981187790617,1.4361319811877906e+18,,4,1.0,1.0,0.0,1.0,1.0,Private room in rental unit,Private room,1.0,365.0,,0.9,0.95,0.9666666666666667,0.9917808219178083,0
Madrid,Puente-de-Vallecas,1619622184092161666,2026-06-01,Alojamiento en Madrid,93.0,2.0,1.0,1.0,1.0,,,https://www.airbnb.es/rooms/1619622184092161666,,,0,,,,,,,,,,,,,,,0
Madrid,Puente-de-Vallecas,1442826261594690365,2026-06-01,Apartamento en Puente de Vallecas,228.0,2.0,1.0,1.0,1.0,4.67,54.0,https://www.airbnb.es/rooms/1442826261594690365,1.4428262615946903e+18,,4,1.0,1.0,0.0,1.0,1.0,Entire rental unit,Entire home/apt,1.0,365.0,ESFCNT00002814500071338600000000000000000000000000007,0.3,0.5833333333333334,0.7222222222222222,0.9315068493150684,1
Madrid,Puente-de-Vallecas,1365234138957513943,2026-06-01,Apartamento en Madrid,142.0,4.0,1.0,2.0,1.0,,,https://www.airbnb.es/rooms/1365234138957513943,1.365234138957514e+18,,4,0.99,0.96,0.0,1.0,1.0,Entire rental unit,Entire home/apt,1.0,365.0,,0.4666666666666667,0.7333333333333333,0.8222222222222222,0.9534246575342465,0
Madrid,Puente-de-Vallecas,1249125579855363791,2026-06-01,Apartamento en Puente de Vallecas,217.0,6.0,2.0,3.0,1.0,4.52,50.0,https://www.airbnb.es/rooms/1249125579855363791,1.2491255798553638e+18,,4,1.0,0.99,0.0,0.0,1.0,Entire rental unit,Entire home/apt,1.0,365.0,,0.36666666666666664,0.6333333333333333,0.7555555555555555,0.18904109589041096,0
Madrid,Puente-de-Vallecas,1376240235080269625,2026-06-01,Habitación en Puente de Vallecas,67.0,,,1.0,,4.78,23.0,https://www.airbnb.es/rooms/1376240235080269625,1.3762402350802696e+18,,4,1.0,0.99,0.0,1.0,1.0,Private room in condo,Private room,1.0,365.0,ESHFNT00002805300022221300300000000000000000000000005,0.4,0.48333333333333334,0.6,0.8301369863013699,1
Madrid,Puente-de-Vallecas,23225408,2026-06-01,Apartamento en Puente de Vallecas,155.0,4.0,1.0,1.0,1.0,4.57,215.0,https://www.airbnb.es/rooms/23225408,23225408.0,,3,1.0,0.92,0.0,1.0,1.0,Entire rental unit,Entire home/apt,2.0,1125.0,09/315554.9/18,0.1,0.18333333333333332,0.23333333333333334,0.057534246575342465,1
Madrid,Puente-de-Vallecas,1434732929563706677,2026-06-01,Apartamento en Retiro,179.0,2.0,1.0,1.0,1.0,4.85,85.0,https://www.airbnb.es/rooms/1434732929563706677,1.4347329295637066e+18,,4,0.99,1.0,0.0,1.0,1.0,Entire rental unit,Entire home/apt,1.0,45.0,ESHFTU00002808900006366201000000000000000000000000006,0.6666666666666666,0.8333333333333334,0.8888888888888888,0.9534246575342465,1
Madrid,Puente-de-Vallecas,1663862221542191877,2026-06-01,Apartamento en Madrid,168.0,2.0,1.0,1.0,1.0,5.0,5.0,https://www.airbnb.es/rooms/1663862221542191877,,,0,,,,,,,,,,,,,,,0
Madrid,Puente-de-Vallecas,7143136,2026-06-01,Apartamento en Plaza Mayor,169.0,4.0,1.0,1.0,1.0,4.71,170.0,https://www.airbnb.es/rooms/7143136,7143136.0,,4,1.0,1.0,1.0,1.0,1.0,Entire serviced apartment,Entire home/apt,2.0,29.0,,0.5666666666666667,0.7333333333333333,0.8222222222222222,0.9561643835616438,0
Madrid,Puente-de-Vallecas,1305772836528080619,2026-06-01,Hostal en Puente de Vallecas,158.0,3.0,1.0,2.0,1.0,4.67,109.0,https://www.airbnb.es/rooms/1305772836528080619,1.3057728365280806e+18,,4,1.0,1.0,1.0,1.0,1.0,Room in aparthotel,Private room,1.0,365.0,HM-5093,0.7,0.85,0.9,0.9753424657534246,1
Madrid,Chamberí,36262428,2026-06-01,Apartamento en Chamberí,130.0,2.0,1.0,1.0,1.0,4.75,402.0,https://www.airbnb.es/rooms/36262428,36262428.0,,0,,,1.0,,,Entire rental unit,Entire home/apt,1.0,1125.0,VT-12523,0.6,0.7166666666666667,0.7444444444444445,0.2547945205479452,1
Madrid,Chamberí,1207810158298135624,2026-06-01,Apartamento en Chamberí,141.0,2.0,1.0,1.0,1.0,4.82,141.0,https://www.airbnb.es/rooms/1207810158298135624,1.2078101582981356e+18,,4,1.0,1.0,0.0,1.0,1.0,Entire rental unit,Entire home/apt,2.0,30.0,ESFCNT00002810900050752900000000000000000000000000007,0.06666666666666667,0.2,0.4444444444444444,0.31232876712328766,1
Madrid,Chamberí,719370165149674464,2026-06-01,Habitación en Chamberí,153.0,,,1.0,,4.95,150.0,https://www.airbnb.es/rooms/719370165149674464,7.193701651496745e+17,,0,,,0.0,1.0,1.0,Private room in condo,Private room,2.0,10.0,REGAGE24e0091907527,0.06666666666666667,0.13333333333333333,0.3,0.7643835616438356,1
Madrid,Chamberí,984721049064283973,2026-06-01,Hotel en Chamberí,98.0,2.0,1.0,1.0,1.0,4.3,120.0,https://www.airbnb.es/rooms/984721049064283973,9.84721049064284e+17,,4,1.0,1.0,0.0,1.0,1.0,Room in hotel,Private room,1.0,365.0,Exempt,0.36666666666666664,0.6666666666666666,0.7777777777777778,0.9452054794520548,1
Madrid,Chamberí,50322960,2026-06-01,Apartamento en Chamberí,214.0,4.0,1.0,2.0,1.0,4.58,52.0,https://www.airbnb.es/rooms/50322960,50322960.0,,4,0.99,0.99,0.0,1.0,1.0,Entire rental unit,Entire home/apt,1.0,1125.0,VT-932,0.1,0.35,0.45555555555555555,0.852054794520548,1
Madrid,Chamberí,49203160,2026-06-01,Apto. residencial en Chamberí,160.0,4.0,1.0,2.0,1.0,4.78,180.0,https://www.airbnb.es/rooms/49203160,49203160.0,,4,1.0,1.0,0.0,1.0,1.0,Entire condo,Entire home/apt,3.0,45.0,ESFCNT00002809200050262800000000000000000000000000003,0.23333333333333334,0.5166666666666667,0.5111111111111111,0.12602739726027398,1
Madrid,Chamberí,1410157633033510310,2026-06-01,easyHotel Madrid Alcala,83.0,,,,,4.74,1190.0,https://www.airbnb.es/rooms/1410157633033510310,1.4101576330335104e+18,,4,1.0,1.0,1.0,1.0,1.0,Room in hotel,Private room,1.0,365.0,,0.7333333333333333,0.6666666666666666,0.7,0.21643835616438356,0
Madrid,Chamberí,1548364822876140258,2026-06-01,Sercotel Togumar,129.0,,,,,4.7,40.0,https://www.airbnb.es/rooms/1548364822876140258,,,0,,,,,,,,,,,,,,,0
Madrid,Chamberí,1505576789158362882,2026-06-01,chic&basic dot,195.0,,,,,4.89,218.0,https://www.airbnb.es/rooms/1505576789158362882,,,0,,,,,,,,,,,,,,,0
Madrid,Chamberí,1486125970355580583,2026-06-01,Hotel Suites Feria de Madrid,109.0,,,,,4.84,178.0,https://www.airbnb.es/rooms/1486125970355580583,,,0,,,,,,,,,,,,,,,0
Madrid,Chamberí,1638280336300627033,2026-06-01,Amber Plaza España Skyline,225.0,,,,,4.87,1876.0,https://www.airbnb.es/rooms/1638280336300627033,,,0,,,,,,,,,,,,,,,0
Madrid,Chamberí,1537664933803479152,2026-06-01,NH Madrid Chamberi,251.0,,,,,4.86,7.0,https://www.airbnb.es/rooms/1537664933803479152,,,0,,,,,,,,,,,,,,,0
Madrid,Chamberí,1028831881813269058,2026-06-01,Apartamento en Chamberí,130.0,2.0,1.0,1.0,1.0,4.64,89.0,https://www.airbnb.es/rooms/1028831881813269058,1.0288318818132691e+18,,4,1.0,0.99,0.0,1.0,1.0,Entire rental unit,Entire home/apt,3.0,60.0,ESFCNT00002810900012698000000000000000000000000000005,0.3,0.4166666666666667,0.2777777777777778,0.08767123287671233,1
Madrid,Chamberí,1036152002569554801,2026-06-01,Apartamento en Chamberí,178.0,3.0,1.0,2.0,1.0,4.48,79.0,https://www.airbnb.es/rooms/1036152002569554801,1.0361520025695548e+18,,4,1.0,0.98,0.0,1.0,1.0,Entire rental unit,Entire home/apt,2.0,365.0,,0.3,0.65,0.7666666666666667,0.44931506849315067,0
Madrid,Chamberí,4327320,2026-06-01,Alojamiento en Madrid,74.0,3.0,1.0,1.0,2.0,4.54,405.0,https://www.airbnb.es/rooms/4327320,,,0,,,,,,,,,,,,,,,0
Madrid,Chamberí,746039664594420842,2026-06-01,Habitación en Chamberí,59.0,,,1.0,,4.71,134.0,https://www.airbnb.es/rooms/746039664594420842,7.460396645944209e+17,,4,0.93,0.84,1.0,1.0,1.0,Private room in casa particular,Private room,1.0,1125.0,X3861912M,0.3,0.5833333333333334,0.6888888888888889,0.9232876712328767,1
Madrid,Chamberí,1132597898018669090,2026-06-01,Hotel en Madrid,76.0,2.0,1.0,1.0,1.0,3.76,66.0,https://www.airbnb.es/rooms/1132597898018669090,1.132597898018669e+18,,4,0.99,0.99,0.0,1.0,1.0,Room in hotel,Private room,1.0,365.0,,0.5333333333333333,0.75,0.8111111111111111,0.9534246575342465,0
Madrid,Chamberí,984729687783484237,2026-06-01,Hotel en Chamberí,125.0,4.0,1.0,2.0,1.0,5.0,13.0,https://www.airbnb.es/rooms/984729687783484237,9.847296877834843e+17,,4,1.0,1.0,0.0,1.0,1.0,Room in hotel,Private room,1.0,365.0,Exempt,0.5,0.7166666666666667,0.7555555555555555,0.915068493150685,1
Madrid,Chamberí,1642762044397132285,2026-06-01,Hotel en Madrid,108.0,3.0,1.0,1.0,0.0,,,https://www.airbnb.es/rooms/1642762044397132285,,,0,,,,,,,,,,,,,,,0
Madrid,Chamberí,984724891979524769,2026-06-01,Hotel en Chamberí,98.0,2.0,1.0,2.0,1.0,4.36,131.0,https://www.airbnb.es/rooms/984724891979524769,9.847248919795247e+17,,4,1.0,1.0,0.0,1.0,1.0,Room in hotel,Private room,1.0,365.0,Exempt,0.4666666666666667,0.7,0.8,0.9506849315068493,1
Madrid,Chamberí,1204269959031280563,2026-06-01,Apartamento en Madrid,201.0,6.0,2.0,3.0,1.0,4.58,36.0,https://www.airbnb.es/rooms/1204269959031280563,1.2042699590312806e+18,,4,1.0,0.94,0.0,1.0,1.0,Entire rental unit,Entire home/apt,1.0,365.0,En proceso,0.4,0.43333333333333335,0.4888888888888889,0.13972602739726028,1
Madrid,Chamberí,1318197240482825356,2026-06-01,Habitación en Chamberí,82.0,,,1.0,,5.0,5.0,https://www.airbnb.es/rooms/1318197240482825356,1.3181972404828255e+18,,2,0.9,0.64,0.0,1.0,1.0,Private room in rental unit,Private room,1.0,365.0,,0.3333333333333333,0.43333333333333335,0.6222222222222222,0.9068493150684932,0
Madrid,Chamberí,1658591396467196842,2026-06-01,Hotel en Madrid,147.0,3.0,1.0,2.0,1.0,,,https://www.airbnb.es/rooms/1658591396467196842,,,0,,,,,,,,,,,,,,,0
Madrid,Chamberí,1100779801700922816,2026-06-01,Apartamento en Madrid,115.0,4.0,1.0,1.0,1.0,4.43,119.0,https://www.airbnb.es/rooms/1100779801700922816,1.1007798017009229e+18,,4,1.0,1.0,0.0,1.0,1.0,Entire rental unit,Entire home/apt,1.0,1125.0,,0.06666666666666667,0.2833333333333333,0.4,0.8493150684931506,0
Madrid,Chamberí,1172830977065312196,2026-06-01,Habitación en Sol,57.0,,,1.0,,4.66,169.0,https://www.airbnb.es/rooms/1172830977065312196,1.1728309770653123e+18,,4,0.99,1.0,0.0,1.0,1.0,Private room in rental unit,Private room,1.0,365.0,,0.4,0.7,0.8,0.19726027397260273,0
Madrid,Chamberí,936237855245893798,2026-06-01,Apartamento en Madrid,147.0,2.0,1.0,1.0,1.0,4.92,76.0,https://www.airbnb.es/rooms/936237855245893798,9.362378552458938e+17,,4,1.0,0.99,0.0,1.0,1.0,Entire rental unit,Entire home/apt,1.0,365.0,ESFCTU00002810800034080800000000000000000002850034909,0.06666666666666667,0.36666666666666664,0.5444444444444444,0.3178082191780822,1
Madrid,Chamberí,1081671618060488991,2026-06-01,Apartamento en Madrid,155.0,2.0,1.0,,1.0,4.83,114.0,https://www.airbnb.es/rooms/1081671618060488991,1.081671618060489e+18,,4,0.96,1.0,1.0,1.0,1.0,Entire rental unit,Entire home/apt,2.0,365.0,,0.06666666666666667,0.26666666666666666,0.4777777777777778,0.2219178082191781,0
Madrid,Chamberí,32802184,2026-06-01,Habitación en Madrid,50.0,,,1.0,,4.72,327.0,https://www.airbnb.es/rooms/32802184,32802184.0,,4,1.0,0.99,0.0,1.0,1.0,Private room in bed and breakfast,Private room,1.0,1125.0,,0.2,0.3333333333333333,0.5333333333333333,0.8849315068493151,0
Madrid,Chamberí,1244765837979335514,2026-06-01,Alojamiento en Gran Vía,63.0,2.0,,19.0,1.0,4.21,119.0,https://www.airbnb.es/rooms/1244765837979335514,1.2447658379793354e+18,,4,0.99,1.0,0.0,1.0,1.0,Private room in condo,Private room,1.0,365.0,,0.03333333333333333,0.2833333333333333,0.4,0.8164383561643835,0
Madrid,Chamberí,985959554913065855,2026-06-01,Apartamento en Chamberí,222.0,4.0,1.0,2.0,1.0,4.65,52.0,https://www.airbnb.es/rooms/985959554913065855,9.859595549130659e+17,,4,0.98,0.99,0.0,1.0,1.0,Entire rental unit,Entire home/apt,1.0,365.0,,0.6666666666666666,0.8333333333333334,0.8333333333333334,0.6958904109589041,0
Madrid,Chamberí,1268866386663121354,2026-06-01,Apartamento en Madrid,167.0,2.0,1.0,1.0,1.0,4.76,74.0,https://www.airbnb.es/rooms/1268866386663121354,1.2688663866631214e+18,,4,0.96,1.0,1.0,1.0,1.0,Entire rental unit,Entire home/apt,2.0,30.0,,0.13333333333333333,0.3,0.4888888888888889,0.6027397260273972,0
Madrid,Chamberí,1204272415263552049,2026-06-01,Apartamento en Madrid,198.0,6.0,2.0,3.0,1.0,4.75,32.0,https://www.airbnb.es/rooms/1204272415263552049,1.204272415263552e+18,,4,1.0,0.94,0.0,1.0,1.0,Entire rental unit,Entire home/apt,1.0,365.0,En proceso,0.36666666666666664,0.4,0.4666666666666667,0.12876712328767123,1
Madrid,Chamberí,44778173,2026-06-01,Habitación en Gran Vía,114.0,,,1.0,,4.81,43.0,https://www.airbnb.es/rooms/44778173,44778173.0,,4,1.0,0.97,1.0,1.0,1.0,Private room in bed and breakfast,Private room,1.0,1125.0,,0.16666666666666666,0.38333333333333336,0.5777777777777777,0.35342465753424657,0
Madrid,Chamberí,1676318954806489787,2026-06-01,Apartamento en Madrid,134.0,3.0,1.0,2.0,1.0,,,https://www.airbnb.es/rooms/1676318954806489787,,,0,,,,,,,,,,,,,,,0
Madrid,Chamberí,1536302501592248694,2026-06-01,Apartahotel en Madrid,134.0,2.0,1.0,1.0,1.0,4.32,214.0,https://www.airbnb.es/rooms/1536302501592248694,,,0,,,,,,,,,,,,,,,0
Madrid,Chamberí,1354412404758933044,2026-06-01,Apartamento en Madrid,164.0,4.0,2.0,2.0,1.0,4.36,80.0,https://www.airbnb.es/rooms/1354412404758933044,1.354412404758933e+18,,4,1.0,1.0,0.0,1.0,1.0,Entire rental unit,Entire home/apt,1.0,365.0,,0.3,0.5666666666666667,0.6444444444444445,0.30684931506849317,0
Madrid,Chamberí,1603832263676340043,2026-06-01,Alojamiento en Madrid,88.0,2.0,1.0,1.0,1.0,4.94,17.0,https://www.airbnb.es/rooms/1603832263676340043,,,0,,,,,,,,,,,,,,,0
Madrid,Chamberí,29841889,2026-06-01,Habitación en Madrid,65.0,,,1.0,,4.52,275.0,https://www.airbnb.es/rooms/29841889,29841889.0,,4,0.88,0.95,0.0,1.0,1.0,Private room in rental unit,Private room,3.0,60.0,,0.13333333333333333,0.2833333333333333,0.3,0.5287671232876713,0
Madrid,Chamberí,41388849,2026-06-01,Hostal en Madrid,111.0,2.0,1.0,1.0,1.0,4.57,295.0,https://www.airbnb.es/rooms/41388849,41388849.0,,4,0.98,1.0,0.0,1.0,1.0,Private room in hostel,Private room,1.0,1125.0,,0.36666666666666664,0.6333333333333333,0.7555555555555555,0.936986301369863,0
Madrid,Chamberí,1136130760218303367,2026-06-01,Hotel en Madrid,69.0,2.0,1.0,1.0,1.0,3.99,611.0,https://www.airbnb.es/rooms/1136130760218303367,1.1361307602183034e+18,,4,0.99,0.99,0.0,1.0,1.0,Room in hotel,Private room,1.0,365.0,,0.8,0.9,0.9333333333333333,0.9835616438356164,0
Madrid,Chamberí,973678060043479699,2026-06-01,Apartamento en Salamanca,125.0,2.0,1.0,1.0,1.0,4.67,70.0,https://www.airbnb.es/rooms/973678060043479699,9.736780600434797e+17,,0,,,1.0,,,Entire rental unit,Entire home/apt,1.0,365.0,,0.4,0.45,0.5222222222222223,0.2,0
Madrid,Chamberí,12908786,2026-06-01,Loft en Madrid,170.0,2.0,1.0,1.0,1.0,4.84,316.0,https://www.airbnb.es/rooms/12908786,12908786.0,,4,1.0,1.0,1.0,1.0,1.0,Entire loft,Entire home/apt,4.0,45.0,,0.0,0.15,0.28888888888888886,0.7753424657534247,0
Madrid,Chamberí,1116062507405721060,2026-06-01,Habitación en Gran Vía,163.0,,,1.0,,4.82,103.0,https://www.airbnb.es/rooms/1116062507405721060,1.1160625074057211e+18,,4,1.0,1.0,0.0,1.0,1.0,Private room in rental unit,Private room,1.0,365.0,,0.8,0.9,0.9333333333333333,0.9835616438356164,0
Madrid,Chamberí,1109679258972859696,2026-06-01,Apartamento en Salamanca,195.0,2.0,1.0,,1.0,4.98,61.0,https://www.airbnb.es/rooms/1109679258972859696,1.1096792589728596e+18,,4,1.0,1.0,1.0,1.0,1.0,Entire rental unit,Entire home/apt,2.0,120.0,,0.06666666666666667,0.05,0.14444444444444443,0.0684931506849315,0
Madrid,Chamberí,599815876214706078,2026-06-01,Hotel boutique en Argüelles,126.0,2.0,1.0,1.0,0.0,4.81,233.0,https://www.airbnb.es/rooms/599815876214706078,5.99815876214706e+17,,4,1.0,1.0,1.0,1.0,1.0,Room in boutique hotel,Private room,1.0,365.0,Exempt,0.7333333333333333,0.85,0.9,0.9698630136986301,1
Madrid,Chamberí,1044680474609035548,2026-06-01,Habitación en Madrid,68.0,,,1.0,,4.98,89.0,https://www.airbnb.es/rooms/1044680474609035548,1.0446804746090355e+18,,4,1.0,0.96,0.0,1.0,1.0,Private room in rental unit,Private room,1.0,365.0,ESHFNT00002810800037019500100000000000000000000000001,0.1,0.18333333333333332,0.4222222222222222,0.5972602739726027,1
Madrid,Chamberí,1340334547392003657,2026-06-01,Apartamento en Gran Vía,119.0,3.0,2.0,2.0,1.0,4.48,23.0,https://www.airbnb.es/rooms/1340334547392003657,1.3403345473920036e+18,,4,0.9,1.0,0.0,1.0,0.0,Entire rental unit,Entire home/apt,1.0,365.0,,0.16666666666666666,0.35,0.4444444444444444,0.13972602739726028,0
Madrid,Chamberí,1618182927577904169,2026-06-01,Apartamento en Madrid,155.0,3.0,1.0,2.0,1.0,4.81,21.0,https://www.airbnb.es/rooms/1618182927577904169,,,0,,,,,,,,,,,,,,,0
Madrid,Chamberí,23770161,2026-06-01,Loft en Gran Vía,179.0,4.0,1.0,2.0,1.0,4.83,402.0,https://www.airbnb.es/rooms/23770161,23770161.0,,4,1.0,0.98,1.0,1.0,1.0,Entire loft,Entire home/apt,2.0,28.0,VT9179,0.13333333333333333,0.11666666666666667,0.34444444444444444,0.8328767123287671,1
Madrid,Chamberí,1232596991473581716,2026-06-01,Apartamento en Gran Vía,153.0,4.0,1.0,2.0,1.0,4.41,22.0,https://www.airbnb.es/rooms/1232596991473581716,1.2325969914735818e+18,,4,1.0,1.0,0.0,1.0,1.0,Entire rental unit,Entire home/apt,1.0,365.0,,0.13333333333333333,0.18333333333333332,0.28888888888888886,0.11232876712328767,0
Madrid,Chamberí,1204273707307442243,2026-06-01,Apartamento en Madrid,257.0,6.0,2.0,3.0,1.0,4.93,43.0,https://www.airbnb.es/rooms/1204273707307442243,1.2042737073074422e+18,,4,1.0,0.94,0.0,1.0,1.0,Entire rental unit,Entire home/apt,1.0,365.0,En proceso,0.16666666666666666,0.16666666666666666,0.3111111111111111,0.0821917808219178,1
Madrid,Chamberí,855819866667039076,2026-06-01,Habitación en Madrid,73.0,,,1.0,,4.65,43.0,https://www.airbnb.es/rooms/855819866667039076,8.558198666670391e+17,,4,1.0,0.97,,1.0,1.0,Private room in rental unit,Private room,1.0,365.0,ESHFTU00002810800025121000200000000000000000000000007,0.13333333333333333,0.3,0.36666666666666664,0.6383561643835617,1
Madrid,Chamberí,1548072682491979043,2026-06-01,Apartamento en Madrid,164.0,4.0,1.0,2.0,1.0,4.63,30.0,https://www.airbnb.es/rooms/1548072682491979043,,,0,,,,,,,,,,,,,,,0
Madrid,Chamberí,836159827856570368,2026-06-01,Habitación en Chamberí,129.0,,,1.0,,4.77,84.0,https://www.airbnb.es/rooms/836159827856570368,8.361598278565704e+17,,3,0.8,0.62,0.0,1.0,1.0,Private room in rental unit,Private room,1.0,20.0,,0.5666666666666667,0.7833333333333333,0.8555555555555555,0.4575342465753425,0
Madrid,Chamberí,1086066441228175565,2026-06-01,Apartamento en Gran Vía,151.0,2.0,1.0,,1.0,4.79,147.0,https://www.airbnb.es/rooms/1086066441228175565,1.0860664412281756e+18,,4,0.98,0.99,1.0,1.0,1.0,Entire rental unit,Entire home/apt,2.0,30.0,,0.13333333333333333,0.45,0.6333333333333333,0.6493150684931507,0
Madrid,Chamberí,1181668924207094769,2026-06-01,Apartamento en Sol,107.0,2.0,1.0,1.0,1.0,4.24,67.0,https://www.airbnb.es/rooms/1181668924207094769,1.1816689242070948e+18,,4,1.0,1.0,0.0,1.0,1.0,Entire rental unit,Entire home/apt,1.0,365.0,,0.06666666666666667,0.3,0.4888888888888889,0.863013698630137,0
Madrid,Chamberí,20670897,2026-06-01,Habitación en Chamberí,118.0,,,1.0,,4.97,30.0,https://www.airbnb.es/rooms/20670897,20670897.0,,3,1.0,0.68,1.0,1.0,1.0,Private room in rental unit,Private room,1.0,15.0,,0.4,0.7,0.8,0.2,0
Madrid,Chamberí,41389046,2026-06-01,Hostal en Madrid,125.0,2.0,1.0,2.0,1.0,4.7,530.0,https://www.airbnb.es/rooms/41389046,41389046.0,,4,0.98,1.0,0.0,1.0,1.0,Private room in hostel,Private room,1.0,1125.0,,0.8333333333333334,0.9166666666666666,0.9444444444444444,0.9863013698630136,0
Madrid,Chamberí,33775442,2026-06-01,Habitación en Chamberí,147.0,,,1.0,,4.74,155.0,https://www.airbnb.es/rooms/33775442,33775442.0,,4,1.0,1.0,1.0,1.0,1.0,Private room in condo,Private room,3.0,30.0,,0.3,0.6,0.6666666666666666,0.9178082191780822,0
Madrid,Chamberí,1617505649224204364,2026-06-01,Loft en Madrid,160.0,2.0,,2.0,1.0,4.6,20.0,https://www.airbnb.es/rooms/1617505649224204364,,,0,,,,,,,,,,,,,,,0
Madrid,Chamberí,1080974547974722152,2026-06-01,Habitación en Gran Vía,88.0,,,1.0,,4.8,20.0,https://www.airbnb.es/rooms/1080974547974722152,,,0,,,,,,,,,,,,,,,0
Madrid,Chamberí,1315067496641447584,2026-06-01,Habitación en Madrid,126.0,,,1.0,,4.34,29.0,https://www.airbnb.es/rooms/1315067496641447584,1.3150674966414477e+18,,4,0.96,0.99,0.0,1.0,1.0,Private room in rental unit,Private room,1.0,1125.0,vt-5980,0.4666666666666667,0.7333333333333333,0.8,0.2876712328767123,1
Madrid,Chamberí,1426008687481647991,2026-06-01,Hotel en Cuatro Caminos,123.0,2.0,1.0,1.0,1.0,3.8,5.0,https://www.airbnb.es/rooms/1426008687481647991,1.4260086874816479e+18,,4,1.0,0.99,0.0,1.0,1.0,Room in hotel,Private room,1.0,365.0,,0.26666666666666666,0.38333333333333336,0.4777777777777778,0.5643835616438356,0
Madrid,Chamberí,1115902112439051866,2026-06-01,Habitación en Gran Vía,163.0,,,1.0,,4.75,28.0,https://www.airbnb.es/rooms/1115902112439051866,1.1159021124390519e+18,,4,1.0,1.0,0.0,1.0,1.0,Private room in rental unit,Private room,1.0,365.0,,0.0,0.0,0.0,0.0,0
Madrid,Chamberí,985437540121072665,2026-06-01,Apartamento en Chamberí,211.0,4.0,1.0,1.0,1.0,4.74,23.0,https://www.airbnb.es/rooms/985437540121072665,9.854375401210726e+17,,4,0.98,0.99,0.0,1.0,1.0,Entire rental unit,Entire home/apt,1.0,365.0,,0.36666666666666664,0.65,0.7,0.663013698630137,0
Madrid,Chamberí,1568168581626209521,2026-06-01,Apartamento en Madrid,212.0,4.0,1.0,2.0,1.0,,,https://www.airbnb.es/rooms/1568168581626209521,,,0,,,,,,,,,,,,,,,0
Madrid,Chamberí,1376625027772889326,2026-06-01,Hotel en Gran Vía,140.0,2.0,1.0,1.0,1.0,4.49,102.0,https://www.airbnb.es/rooms/1376625027772889326,1.3766250277728893e+18,,4,1.0,1.0,0.0,1.0,1.0,Room in hotel,Private room,1.0,365.0,,0.0,0.016666666666666666,0.011111111111111112,0.0027397260273972603,0
Madrid,Chamberí,38561598,2026-06-01,Hostal en Gran Vía,127.0,2.0,1.0,1.0,0.0,4.82,11.0,https://www.airbnb.es/rooms/38561598,38561598.0,,0,,1.0,0.0,1.0,1.0,Private room in hostel,Private room,1.0,365.0,ESX6426199E,0.0,0.4,0.6,0.4301369863013699,1
Madrid,Chamberí,1658643255987361167,2026-06-01,Hotel en Madrid,124.0,3.0,1.0,2.0,1.0,,,https://www.airbnb.es/rooms/1658643255987361167,,,0,,,,,,,,,,,,,,,0
Madrid,Chamberí,1054862784305201373,2026-06-01,Apartamento en Madrid,210.0,2.0,,1.0,1.0,4.91,117.0,https://www.airbnb.es/rooms/1054862784305201373,1.0548627843052014e+18,,4,1.0,0.98,1.0,1.0,1.0,Entire rental unit,Entire home/apt,1.0,60.0,ESFCNT00002810900057766900000000000000000000000000009,0.06666666666666667,0.3333333333333333,0.5555555555555556,0.8904109589041096,1
Madrid,Chamberí,1394795750420161233,2026-06-01,Apartamento en Chamberí,246.0,4.0,1.0,2.0,1.0,4.98,46.0,https://www.airbnb.es/rooms/1394795750420161233,1.3947957504201613e+18,,4,1.0,1.0,1.0,1.0,1.0,Entire rental unit,Entire home/apt,1.0,365.0,Exempt,0.5333333333333333,0.7,0.7777777777777778,0.26301369863013696,1
Madrid,Chamberí,720062842720015995,2026-06-01,Apartamento en Chamberí,170.0,2.0,1.0,2.0,1.0,4.57,91.0,https://www.airbnb.es/rooms/720062842720015995,7.20062842720016e+17,,4,0.99,1.0,0.0,1.0,1.0,Entire rental unit,Entire home/apt,1.0,45.0,ESHFTU00002808900006366200300000000000000000000000006,0.6,0.8,0.8666666666666667,0.9671232876712329,1
Madrid,Chamberí,1241869552722841041,2026-06-01,Apartamento en Gran Vía,153.0,4.0,1.0,2.0,1.0,4.37,41.0,https://www.airbnb.es/rooms/1241869552722841041,1.241869552722841e+18,,4,1.0,1.0,0.0,1.0,1.0,Entire rental unit,Entire home/apt,1.0,365.0,,0.13333333333333333,0.18333333333333332,0.28888888888888886,0.1178082191780822,0
Madrid,Chamberí,666045462835630676,2026-06-01,Apartamento en Madrid,266.0,6.0,1.0,4.0,1.0,4.85,47.0,https://www.airbnb.es/rooms/666045462835630676,6.660454628356307e+17,,4,1.0,1.0,1.0,1.0,1.0,Entire rental unit,Entire home/apt,1.0,1125.0,ESFCNT00002810800044270000000000000000000000000000005,0.3333333333333333,0.3333333333333333,0.3888888888888889,0.7123287671232876,1
Madrid,Chamberí,1463129922053535871,2026-06-01,Habitación en Madrid,94.0,,,1.0,,4.86,65.0,https://www.airbnb.es/rooms/1463129922053535871,1.4631299220535357e+18,,4,1.0,0.97,0.0,1.0,1.0,Private room in rental unit,Private room,2.0,28.0,ESMADH374827501928374659182746193847561-HH-1983746201,0.06666666666666667,0.2833333333333333,0.5,0.1726027397260274,1
Madrid,Chamberí,1536867530919944880,2026-06-01,Apartamento en Madrid,141.0,1.0,1.0,1.0,1.0,4.53,40.0,https://www.airbnb.es/rooms/1536867530919944880,,,0,,,,,,,,,,,,,,,0
Madrid,Chamberí,1232590991896906188,2026-06-01,Apartamento en Gran Vía,153.0,4.0,1.0,2.0,1.0,4.42,38.0,https://www.airbnb.es/rooms/1232590991896906188,1.2325909918969062e+18,,4,1.0,1.0,0.0,1.0,1.0,Entire rental unit,Entire home/apt,1.0,365.0,,0.16666666666666666,0.2,0.24444444444444444,0.10410958904109589,0
Madrid,Chamberí,10677284,2026-06-01,Apartamento en Sol,210.0,5.0,2.0,3.0,2.0,4.57,668.0,https://www.airbnb.es/rooms/10677284,10677284.0,,4,1.0,1.0,0.0,1.0,1.0,Entire rental unit,Entire home/apt,1.0,1125.0,,0.26666666666666666,0.48333333333333334,0.5888888888888889,0.24383561643835616,0
Madrid,Chamberí,1188420399495489951,2026-06-01,Apartamento en Gran Vía,176.0,4.0,1.0,2.0,1.0,4.19,86.0,https://www.airbnb.es/rooms/1188420399495489951,1.18842039949549e+18,,4,1.0,1.0,0.0,1.0,1.0,Entire rental unit,Entire home/apt,1.0,365.0,,0.1,0.26666666666666666,0.4111111111111111,0.1589041095890411,0
Madrid,Chamberí,24862265,2026-06-01,Habitación en Madrid,78.0,,,1.0,,4.74,429.0,https://www.airbnb.es/rooms/24862265,24862265.0,,4,1.0,1.0,0.0,1.0,1.0,Private room in rental unit,Private room,1.0,1125.0,no tengo numero asignado aun,0.06666666666666667,0.36666666666666664,0.5555555555555556,0.8904109589041096,1
Madrid,Chamberí,1492650580038856111,2026-06-01,Hostal en Sol,156.0,2.0,1.0,1.0,1.0,4.83,35.0,https://www.airbnb.es/rooms/1492650580038856111,1.4926505800388562e+18,,4,1.0,1.0,0.0,1.0,1.0,Entire hostel,Entire home/apt,1.0,365.0,Exempt,0.2,0.5,0.6666666666666666,0.9178082191780822,1
Madrid,Chamberí,1368760858391578391,2026-06-01,Apartamento en Plaza Mayor,173.0,4.0,1.0,2.0,1.0,4.65,74.0,https://www.airbnb.es/rooms/1368760858391578391,1.3687608583915784e+18,,4,1.0,1.0,0.0,1.0,1.0,Entire rental unit,Entire home/apt,1.0,365.0,,0.0,0.1,0.2222222222222222,0.0958904109589041,0
Madrid,Chamberí,1091422450130501934,2026-06-01,Apartamento en Gran Vía,242.0,3.0,2.0,2.0,3.0,4.91,67.0,https://www.airbnb.es/rooms/1091422450130501934,1.0914224501305019e+18,,4,0.99,0.99,1.0,1.0,1.0,Entire rental unit,Entire home/apt,5.0,365.0,,0.36666666666666664,0.6166666666666667,0.7444444444444445,0.936986301369863,0
Madrid,Chamberí,1188412227396041905,2026-06-01,Apartamento en Gran Vía,176.0,4.0,1.0,2.0,1.0,4.41,29.0,https://www.airbnb.es/rooms/1188412227396041905,1.188412227396042e+18,,4,1.0,1.0,0.0,1.0,1.0,Entire rental unit,Entire home/apt,1.0,365.0,,0.1,0.11666666666666667,0.24444444444444444,0.10684931506849316,0
Madrid,Chamberí,1523130978330163979,2026-06-01,Alojamiento en Madrid,70.0,2.0,1.0,1.0,2.0,4.49,49.0,https://www.airbnb.es/rooms/1523130978330163979,,,0,,,,,,,,,,,,,,,0
Madrid,Chamberí,43338866,2026-06-01,Apartamento en Madrid,229.0,6.0,1.0,3.0,1.0,4.67,217.0,https://www.airbnb.es/rooms/43338866,43338866.0,,4,0.9,0.97,0.0,1.0,1.0,Entire rental unit,Entire home/apt,1.0,1125.0,,0.03333333333333333,0.08333333333333333,0.14444444444444443,0.32602739726027397,0
Madrid,Chamberí,600398581741788896,2026-06-01,Alojamiento en Ópera,146.0,4.0,1.0,2.0,1.0,4.66,155.0,https://www.airbnb.es/rooms/600398581741788896,6.003985817417889e+17,,4,0.95,0.99,0.0,1.0,1.0,Private room in serviced apartment,Private room,1.0,365.0,,0.2,0.38333333333333336,0.5888888888888889,0.8849315068493151,0
Madrid,Chamberí,41388931,2026-06-01,Hostal en Madrid,118.0,2.0,1.0,1.0,1.0,4.58,269.0,https://www.airbnb.es/rooms/41388931,41388931.0,,4,0.98,1.0,0.0,1.0,1.0,Private room in hostel,Private room,1.0,1125.0,,0.6666666666666666,0.8,0.8666666666666667,0.9671232876712329,0
Madrid,Chamberí,1572526880613191725,2026-06-01,Alojamiento en Madrid,58.0,2.0,1.0,1.0,1.0,4.64,14.0,https://www.airbnb.es/rooms/1572526880613191725,,,0,,,,,,,,,,,,,,,0
Madrid,Chamberí,1231779720251536851,2026-06-01,Vivienda en Chamberí,154.0,2.0,1.0,1.0,1.0,,,https://www.airbnb.es/rooms/1231779720251536851,1.231779720251537e+18,,4,0.96,0.99,0.0,1.0,1.0,Entire home,Entire home/apt,1.0,365.0,,0.0,0.21666666666666667,0.4777777777777778,0.8712328767123287,0
Madrid,Chamberí,49699467,2026-06-01,Apartamento en Madrid,238.0,2.0,,1.0,1.0,4.73,197.0,https://www.airbnb.es/rooms/49699467,49699467.0,,4,1.0,1.0,1.0,1.0,1.0,Entire rental unit,Entire home/apt,4.0,1125.0,,0.3333333333333333,0.48333333333333334,0.6555555555555556,0.3726027397260274,0
Madrid,Chamberí,1309333829193978946,2026-06-01,Apartamento en Sol,143.0,3.0,1.0,1.0,1.0,4.53,129.0,https://www.airbnb.es/rooms/1309333829193978946,1.309333829193979e+18,,4,1.0,0.86,0.0,1.0,1.0,Entire rental unit,Entire home/apt,2.0,365.0,,0.2,0.6,0.7333333333333333,0.18082191780821918,0
Madrid,Chamberí,1080541612392968252,2026-06-01,Habitación en Ópera,100.0,,,1.0,,4.8,41.0,https://www.airbnb.es/rooms/1080541612392968252,1.0805416123929682e+18,,4,1.0,0.97,1.0,1.0,1.0,Private room in rental unit,Private room,2.0,365.0,ESHFNT00002809100076692400400000000000000000000000008,0.2,0.13333333333333333,0.4222222222222222,0.35342465753424657,1
Madrid,Chamberí,1492590291236910788,2026-06-01,Hostal en Sol,160.0,2.0,1.0,1.0,1.0,4.73,15.0,https://www.airbnb.es/rooms/1492590291236910788,1.4925902912369108e+18,,4,1.0,1.0,0.0,1.0,1.0,Entire hostel,Entire home/apt,1.0,365.0,Exempt,0.06666666666666667,0.3,0.4777777777777778,0.8712328767123287,1
Valencia,Rascanya,923219372883679828,2026-06-01,Loft en Valencia,114.0,2.0,1.0,1.0,1.0,4.94,312.0,https://www.airbnb.es/rooms/923219372883679828,9.232193728836799e+17,,4,1.0,0.98,1.0,1.0,1.0,Entire loft,Entire home/apt,1.0,30.0,VT-54601-V,0.36666666666666664,0.6,0.5333333333333333,0.13150684931506848,1
Valencia,Rascanya,1029880800518857431,2026-06-01,Habitación en Extramurs,33.0,,,1.0,,4.56,177.0,https://www.airbnb.es/rooms/1029880800518857431,1.0298808005188575e+18,,4,0.99,1.0,0.0,1.0,1.0,Private room in rental unit,Private room,1.0,365.0,ESFCTU00004606700085076100000000000000000000VT33258V1,0.13333333333333333,0.26666666666666666,0.4666666666666667,0.8465753424657534,1
Valencia,Rascanya,1682733677251097264,2026-06-01,Apartamento en Valencia,120.0,2.0,1.0,,1.0,,,https://www.airbnb.es/rooms/1682733677251097264,,,0,,,,,,,,,,,,,,,0
Valencia,Rascanya,1679948472735002468,2026-06-01,Alojamiento en Benicalap,92.0,2.0,1.0,1.0,1.0,,,https://www.airbnb.es/rooms/1679948472735002468,,,0,,,,,,,,,,,,,,,0
Valencia,Rascanya,1568057759850207921,2026-06-01,Apartamento en Patraix,84.0,2.0,1.0,,1.0,4.73,80.0,https://www.airbnb.es/rooms/1568057759850207921,,,0,,,,,,,,,,,,,,,0
Valencia,Rascanya,1157414797154740052,2026-06-01,Alojamiento en Extramurs,32.0,1.0,1.0,1.0,1.0,4.4,68.0,https://www.airbnb.es/rooms/1157414797154740052,,,0,,,,,,,,,,,,,,,0
Valencia,Rascanya,1674523380186949406,2026-06-01,Alojamiento en L'Eixample,64.0,2.0,1.0,1.0,1.0,4.67,3.0,https://www.airbnb.es/rooms/1674523380186949406,,,0,,,,,,,,,,,,,,,0
Valencia,Rascanya,1243653269497433536,2026-06-01,Apartamento en Valencia,264.0,4.0,1.0,2.0,1.0,4.89,28.0,https://www.airbnb.es/rooms/1243653269497433536,1.2436532694974336e+18,,4,1.0,0.98,1.0,1.0,1.0,Entire loft,Entire home/apt,4.0,365.0,VT-55828-V,0.8666666666666667,0.8333333333333334,0.6444444444444445,0.1589041095890411,1
Valencia,Rascanya,1191307464480254001,2026-06-01,Apartamento en Valencia,268.0,4.0,1.0,2.0,1.0,4.9,10.0,https://www.airbnb.es/rooms/1191307464480254001,1.191307464480254e+18,,4,0.8,1.0,1.0,1.0,1.0,Entire rental unit,Entire home/apt,1.0,365.0,ESFCTU000046057001150014000000000000000000VT-56873-V1,0.16666666666666666,0.43333333333333335,0.5777777777777777,0.3287671232876712,1
Valencia,Rascanya,722021642187220119,2026-06-01,Loft en Valencia,260.0,4.0,1.0,2.0,1.0,4.91,94.0,https://www.airbnb.es/rooms/722021642187220119,7.220216421872201e+17,,4,1.0,0.99,1.0,1.0,1.0,Entire loft,Entire home/apt,1.0,30.0,ESFCTU000046057000730339200000000000000000VT-51645-V1,0.6333333333333333,0.7333333333333333,0.7333333333333333,0.8246575342465754,1
Valencia,Rascanya,578250316279292052,2026-06-01,Loft en Ciutat Vella,237.0,3.0,1.0,2.0,1.0,4.87,254.0,https://www.airbnb.es/rooms/578250316279292052,5.78250316279292e+17,,4,1.0,1.0,,1.0,1.0,Entire loft,Entire home/apt,2.0,1125.0,,0.16666666666666666,0.3,0.5,0.6164383561643836,0
Valencia,Rascanya,1272614679134126634,2026-06-01,Apartamento en Ciutat Vella,232.0,2.0,1.0,1.0,1.0,4.77,53.0,https://www.airbnb.es/rooms/1272614679134126634,1.2726146791341266e+18,,4,0.69,1.0,1.0,1.0,1.0,Entire serviced apartment,Entire home/apt,1.0,365.0,,0.6333333333333333,0.8,0.8222222222222222,0.8767123287671232,0
Valencia,Rascanya,44563367,2026-06-01,Loft en Valencia,114.0,2.0,1.0,1.0,1.0,4.9,342.0,https://www.airbnb.es/rooms/44563367,44563367.0,,4,1.0,0.98,1.0,1.0,1.0,Entire loft,Entire home/apt,1.0,30.0,VT26820V,0.6666666666666666,0.7833333333333333,0.6888888888888889,0.16986301369863013,1
Valencia,Rascanya,1522464652811906036,2026-06-01,Vivienda en Benimaclet,151.0,4.0,1.0,1.0,1.0,4.87,46.0,https://www.airbnb.es/rooms/1522464652811906036,,,0,,,,,,,,,,,,,,,0
Valencia,Rascanya,997063990758123324,2026-06-01,Apartamento en Benicalap,248.0,6.0,2.0,3.0,2.0,4.95,208.0,https://www.airbnb.es/rooms/997063990758123324,9.970639907581233e+17,,4,1.0,0.99,1.0,1.0,1.0,Entire rental unit,Entire home/apt,1.0,365.0,VT-52409-V,0.2,0.5,0.6333333333333333,0.8246575342465754,1
Valencia,Rascanya,1003301700089189824,2026-06-01,Apartamento en Extramurs,104.0,3.0,1.0,3.0,1.0,4.78,169.0,https://www.airbnb.es/rooms/1003301700089189824,1.0033017000891899e+18,,4,1.0,0.99,0.0,1.0,1.0,Entire rental unit,Entire home/apt,1.0,1125.0,ESFCTU0000460630003738350000000000000CV-VUT0045343-V9,0.06666666666666667,0.4,0.5,0.8493150684931506,1
Valencia,Rascanya,1215878839568324919,2026-06-01,Apartamento en Valencia,164.0,4.0,1.0,1.0,1.0,4.57,60.0,https://www.airbnb.es/rooms/1215878839568324919,1.2158788395683249e+18,,4,1.0,1.0,0.0,1.0,1.0,Entire rental unit,Entire home/apt,3.0,10.0,VT 55394-V,0.5333333333333333,0.7666666666666667,0.8111111111111111,0.5260273972602739,1
Valencia,Rascanya,1190660601896254565,2026-06-01,Habitación en Valencia,48.0,,,1.0,,4.69,39.0,https://www.airbnb.es/rooms/1190660601896254565,1.1906606018962545e+18,,3,1.0,0.8,0.0,1.0,1.0,Private room in rental unit,Private room,1.0,120.0,,0.26666666666666666,0.13333333333333333,0.3888888888888889,0.6191780821917808,0
Valencia,Rascanya,1213794089365977911,2026-06-01,Apartamento en Valencia,139.0,4.0,1.0,1.0,1.0,4.64,14.0,https://www.airbnb.es/rooms/1213794089365977911,1.2137940893659779e+18,,4,1.0,0.99,0.0,1.0,1.0,Entire rental unit,Entire home/apt,1.0,365.0,VT-56261-V,0.43333333333333335,0.5833333333333334,0.6666666666666666,0.4054794520547945,1
Valencia,Rascanya,733261772280468540,2026-06-01,Apartamento en Camins al Grau,132.0,4.0,1.0,2.0,1.0,4.94,251.0,https://www.airbnb.es/rooms/733261772280468540,7.332617722804685e+17,,4,1.0,0.99,1.0,1.0,1.0,Entire rental unit,Entire home/apt,1.0,365.0,ESFCTU0000460610001302050000000000000CV-VUT0058702-V8,0.5333333333333333,0.7166666666666667,0.7555555555555555,0.9397260273972603,1
Valencia,Rascanya,1297984983049473441,2026-06-01,Habitación en Ciutat Vella,43.0,,,1.0,,4.34,134.0,https://www.airbnb.es/rooms/1297984983049473441,1.2979849830494735e+18,,4,0.99,1.0,0.0,1.0,1.0,Private room in rental unit,Private room,1.0,365.0,ESFCTU00004606700085076100000000000000000000VT33258V1,0.06666666666666667,0.18333333333333332,0.34444444444444444,0.7041095890410959,1
Valencia,Rascanya,1144221879917227281,2026-06-01,Apto. residencial en Extramurs,154.0,6.0,2.0,3.0,1.0,4.95,105.0,https://www.airbnb.es/rooms/1144221879917227281,1.1442218799172273e+18,,4,1.0,1.0,1.0,1.0,1.0,Entire condo,Entire home/apt,1.0,365.0,VT-54049-V,0.1,0.4,0.5555555555555556,0.40821917808219177,1
Valencia,Rascanya,1104208387698709244,2026-06-01,Habitación compartida en Valencia,52.0,,,3.0,,4.75,20.0,https://www.airbnb.es/rooms/1104208387698709244,1.1042083876987092e+18,,4,0.93,0.94,0.0,1.0,1.0,Shared room in rental unit,Shared room,1.0,3.0,,0.9,0.75,0.5,0.1232876712328767,0
Valencia,Rascanya,1102600082626398888,2026-06-01,Apartamento en Ciutat Vella,116.0,5.0,1.0,3.0,1.0,4.26,117.0,https://www.airbnb.es/rooms/1102600082626398888,1.1026000826263988e+18,,4,1.0,1.0,0.0,1.0,1.0,Entire rental unit,Entire home/apt,1.0,365.0,ESFCTU00004605700085076200000000000000000000VT38387V1,0.3333333333333333,0.4666666666666667,0.6,0.14794520547945206,1
Valencia,Rascanya,50621566,2026-06-01,Loft en Valencia,175.0,4.0,2.0,2.0,1.0,4.91,237.0,https://www.airbnb.es/rooms/50621566,50621566.0,,4,1.0,1.0,1.0,1.0,1.0,Entire loft,Entire home/apt,4.0,10.0,ESFCTU00004602500031236800000000000000000000050451-V2,0.2,0.2833333333333333,0.18888888888888888,0.2547945205479452,1
Valencia,Rascanya,1207703065724832169,2026-06-01,Apartamento en Valencia,150.0,6.0,2.0,3.0,1.0,4.86,70.0,https://www.airbnb.es/rooms/1207703065724832169,1.2077030657248323e+18,,4,1.0,0.98,0.0,1.0,1.0,Entire rental unit,Entire home/apt,3.0,365.0,ESFCTU00004602500076264400000000000000000000057122-V0,0.4666666666666667,0.6833333333333333,0.7444444444444445,0.6767123287671233,1
Valencia,Rascanya,975267274376124290,2026-06-01,Habitación en Sedaví,37.0,,,1.0,,4.84,184.0,https://www.airbnb.es/rooms/975267274376124290,,,0,,,,,,,,,,,,,,,0
Valencia,Rascanya,1679941376771509615,2026-06-01,Alojamiento en Valencia,95.0,2.0,1.0,1.0,1.0,,,https://www.airbnb.es/rooms/1679941376771509615,,,0,,,,,,,,,,,,,,,0
Valencia,Rascanya,902232330966264993,2026-06-01,Apartamento en Valencia,194.0,6.0,1.0,3.0,1.0,4.75,4.0,https://www.airbnb.es/rooms/902232330966264993,9.02232330966265e+17,,4,1.0,1.0,,1.0,1.0,Entire rental unit,Entire home/apt,1.0,365.0,,0.6666666666666666,0.7666666666666667,0.7888888888888889,0.44931506849315067,0
Valencia,Rascanya,1294117733059408297,2026-06-01,Apartamento en Valencia,104.0,4.0,1.0,1.0,1.0,4.82,96.0,https://www.airbnb.es/rooms/1294117733059408297,1.2941177330594084e+18,,3,1.0,0.87,1.0,1.0,1.0,Entire rental unit,Entire home/apt,2.0,30.0,,0.43333333333333335,0.6333333333333333,0.7222222222222222,0.9205479452054794,0
Valencia,Rascanya,46034145,2026-06-01,Apartamento en Valencia,102.0,2.0,,1.0,1.0,4.89,106.0,https://www.airbnb.es/rooms/46034145,46034145.0,,4,1.0,0.9,1.0,1.0,1.0,Entire rental unit,Entire home/apt,1.0,14.0,CV-VUT0057897-V,0.4666666666666667,0.65,0.5333333333333333,0.13150684931506848,1
Valencia,Rascanya,949351221159384808,2026-06-01,Alojamiento en Valencia,47.0,2.0,1.0,1.0,1.0,4.58,120.0,https://www.airbnb.es/rooms/949351221159384808,9.493512211593848e+17,,4,1.0,0.99,0.0,1.0,1.0,Private room in rental unit,Private room,1.0,28.0,,0.0,0.0,0.0,0.024657534246575342,0
Valencia,Rascanya,819039969348702184,2026-06-01,Habitación en Sedaví,37.0,,,1.0,,4.91,208.0,https://www.airbnb.es/rooms/819039969348702184,,,0,,,,,,,,,,,,,,,0
Valencia,Rascanya,1390721458560665590,2026-06-01,Apartamento en Valencia,219.0,4.0,2.0,2.0,2.0,4.87,75.0,https://www.airbnb.es/rooms/1390721458560665590,1.3907214585606656e+18,,4,1.0,1.0,0.0,1.0,1.0,Entire rental unit,Entire home/apt,2.0,10.0,ESFCTU000046059000380461000000000000000000VT-56577-V0,0.2,0.4666666666666667,0.6,0.8273972602739726,1
Valencia,Rascanya,659910490316445110,2026-06-01,Apartamento en Valencia,141.0,5.0,2.0,3.0,1.0,4.74,170.0,https://www.airbnb.es/rooms/659910490316445110,6.59910490316445e+17,,4,1.0,0.99,0.0,1.0,1.0,Entire vacation home,Entire home/apt,2.0,1125.0,ESFCTU000046025000430857000000000000000000VT-51071-V6,0.3333333333333333,0.43333333333333335,0.5777777777777777,0.873972602739726,1
Valencia,Rascanya,796294296520049808,2026-06-01,Habitaciones en Valencia,60.0,,2.0,2.0,,4.65,178.0,https://www.airbnb.es/rooms/796294296520049808,7.962942965200498e+17,,4,0.98,0.99,0.0,1.0,1.0,Private room in rental unit,Private room,2.0,365.0,,0.6666666666666666,0.8333333333333334,0.7888888888888889,0.8356164383561644,0
Valencia,Rascanya,1153832658973092503,2026-06-01,Habitación en Valencia,78.0,,,1.0,,4.58,132.0,https://www.airbnb.es/rooms/1153832658973092503,1.1538326589730926e+18,,4,1.0,1.0,0.0,1.0,1.0,Private room in rental unit,Private room,1.0,365.0,VT48703V,0.2,0.45,0.5555555555555556,0.2493150684931507,1
Valencia,Rascanya,743244065080966066,2026-06-01,Habitación en Valencia,82.0,,,2.0,,4.88,237.0,https://www.airbnb.es/rooms/743244065080966066,7.43244065080966e+17,,4,1.0,0.96,1.0,1.0,1.0,Private room in rental unit,Private room,1.0,31.0,VT-38036V,0.0,0.3,0.4222222222222222,0.8438356164383561,1
Valencia,Rascanya,1100856617104450645,2026-06-01,Apartamento en Valencia,135.0,4.0,,4.0,1.0,4.8,75.0,https://www.airbnb.es/rooms/1100856617104450645,1.1008566171044507e+18,,4,1.0,0.99,0.0,1.0,1.0,Entire rental unit,Entire home/apt,1.0,365.0,ESFCTU000046052000166431000000000000000000VT-54534-V7,0.5666666666666667,0.6333333333333333,0.7222222222222222,0.8,1
Valencia,Rascanya,1287750819488598191,2026-06-01,Apartamento en Valencia,122.0,4.0,1.0,2.0,1.0,4.73,86.0,https://www.airbnb.es/rooms/1287750819488598191,1.2877508194885983e+18,,4,1.0,1.0,0.0,0.0,1.0,Entire rental unit,Entire home/apt,1.0,320.0,,0.0,0.05,0.24444444444444444,0.3150684931506849,0
Valencia,Rascanya,808573,2026-06-01,Habitación de hotel en Burjasot,93.0,6.0,2.0,,2.0,4.71,363.0,https://www.airbnb.es/rooms/808573,,,0,,,,,,,,,,,,,,,0
Valencia,Rascanya,842617138808615675,2026-06-01,Habitación en Valencia,39.0,,,1.0,,4.71,221.0,https://www.airbnb.es/rooms/842617138808615675,8.426171388086157e+17,,4,1.0,1.0,0.0,1.0,1.0,Private room in rental unit,Private room,1.0,8.0,,0.4666666666666667,0.7333333333333333,0.7777777777777778,0.5315068493150685,0
Valencia,Rascanya,1212159329910373880,2026-06-01,Apartamento en Valencia,182.0,3.0,1.0,2.0,1.0,4.68,37.0,https://www.airbnb.es/rooms/1212159329910373880,1.212159329910374e+18,,4,1.0,1.0,0.0,1.0,1.0,Entire rental unit,Entire home/apt,1.0,150.0,ESFCTU000046057001151844000000000000000000VT-56332-V5,0.6,0.7333333333333333,0.8111111111111111,0.38904109589041097,1
Valencia,Rascanya,45746964,2026-06-01,Bed & breakfast en Valencia,98.0,2.0,1.0,1.0,1.0,4.75,4.0,https://www.airbnb.es/rooms/45746964,45746964.0,,4,1.0,1.0,0.0,1.0,1.0,Private room in bed and breakfast,Private room,1.0,1125.0,,0.5333333333333333,0.6833333333333333,0.7555555555555555,0.9397260273972603,0
Valencia,Rascanya,1428038427561918358,2026-06-01,Apartamento en Valencia,159.0,4.0,2.0,2.0,1.0,4.67,60.0,https://www.airbnb.es/rooms/1428038427561918358,1.4280384275619185e+18,,4,1.0,1.0,1.0,1.0,1.0,Entire rental unit,Entire home/apt,2.0,365.0,,0.43333333333333335,0.5833333333333334,0.7,0.40273972602739727,0
Valencia,Rascanya,1512519028889881468,2026-06-01,Bed & breakfast en Valencia,47.0,1.0,1.0,1.0,1.0,4.42,31.0,https://www.airbnb.es/rooms/1512519028889881468,1.5125190288898813e+18,,0,,1.0,0.0,1.0,1.0,Private room in bed and breakfast,Private room,10.0,365.0,,1.0,1.0,1.0,1.0,0
Valencia,Rascanya,1638883062776494747,2026-06-01,Alojamiento en Valencia,102.0,2.0,1.0,1.0,1.0,3.75,12.0,https://www.airbnb.es/rooms/1638883062776494747,,,0,,,,,,,,,,,,,,,0
Valencia,Rascanya,11678559,2026-06-01,Apartamento en Valencia,250.0,8.0,4.0,5.0,2.0,4.89,256.0,https://www.airbnb.es/rooms/11678559,11678559.0,,4,1.0,1.0,1.0,1.0,1.0,Entire rental unit,Entire home/apt,1.0,10.0,VT-34215-V,0.0,0.06666666666666667,0.23333333333333334,0.536986301369863,1
Valencia,Rascanya,1457159715285449182,2026-06-01,Habitación en Valencia,90.0,,,1.0,,4.53,40.0,https://www.airbnb.es/rooms/1457159715285449182,1.4571597152854492e+18,,0,,,0.0,1.0,1.0,Private room in rental unit,Private room,1.0,365.0,VT-249534-V,0.7666666666666667,0.8833333333333333,0.8444444444444444,0.7013698630136986,1
Valencia,Rascanya,45746689,2026-06-01,Habitación en Valencia,68.0,,,1.0,,4.59,51.0,https://www.airbnb.es/rooms/45746689,45746689.0,,4,1.0,1.0,0.0,1.0,1.0,Private room in bed and breakfast,Private room,1.0,1125.0,,0.6666666666666666,0.7666666666666667,0.8111111111111111,0.9534246575342465,0
Valencia,Rascanya,26770759,2026-06-01,Apartamento en Valencia,142.0,4.0,1.0,2.0,1.0,4.94,259.0,https://www.airbnb.es/rooms/26770759,26770759.0,,4,1.0,0.99,1.0,1.0,1.0,Entire rental unit,Entire home/apt,10.0,365.0,ESFCTU0000460860011040620000000000000CV-VUT0058702-V8,0.5,0.7166666666666667,0.7777777777777778,0.9452054794520548,1
Valencia,Rascanya,1364372676801870660,2026-06-01,Loft en Valencia,82.0,2.0,1.0,1.0,1.0,4.8,5.0,https://www.airbnb.es/rooms/1364372676801870660,,,0,,,,,,,,,,,,,,,0
Valencia,Rascanya,1333406438369114902,2026-06-01,Habitación en Valencia,71.0,,,2.0,,4.77,35.0,https://www.airbnb.es/rooms/1333406438369114902,1.333406438369115e+18,,4,1.0,1.0,1.0,1.0,1.0,Private room in rental unit,Private room,1.0,20.0,,0.4666666666666667,0.6333333333333333,0.4888888888888889,0.12054794520547946,0
Valencia,Rascanya,843965481980144443,2026-06-01,Habitación en Burjasot,40.0,,,1.0,,4.85,112.0,https://www.airbnb.es/rooms/843965481980144443,,,0,,,,,,,,,,,,,,,0
Valencia,Rascanya,1219388577599626609,2026-06-01,Apartamento en Valencia,149.0,2.0,1.0,2.0,1.0,4.81,52.0,https://www.airbnb.es/rooms/1219388577599626609,1.2193885775996265e+18,,3,1.0,0.87,1.0,0.0,1.0,Entire rental unit,Entire home/apt,1.0,10.0,ESFCTU000046057000395348000000000000000000VT-55897-V8,0.16666666666666666,0.48333333333333334,0.6222222222222222,0.8547945205479452,1
Valencia,Rascanya,1566522140026019963,2026-06-01,Habitación de hotel compartida en Valencia,22.0,,,1.0,,3.76,46.0,https://www.airbnb.es/rooms/1566522140026019963,,,0,,,,,,,,,,,,,,,0
Valencia,Rascanya,1567974835906278426,2026-06-01,Apartamento en Valencia,254.0,6.0,3.0,3.0,2.0,3.75,4.0,https://www.airbnb.es/rooms/1567974835906278426,,,0,,,,,,,,,,,,,,,0
Valencia,Rascanya,1318125955444191350,2026-06-01,Apartamento en Valencia,144.0,4.0,1.0,2.0,1.0,4.76,99.0,https://www.airbnb.es/rooms/1318125955444191350,1.3181259554441912e+18,,4,1.0,0.88,1.0,0.0,1.0,Entire rental unit,Entire home/apt,1.0,15.0,ESFCTU000046052000304161000000000000000000VT-55581-V4,0.6,0.6,0.6888888888888889,0.8904109589041096,1
Valencia,Rascanya,1425404072039542559,2026-06-01,Apartamento en Port Saplaya,159.0,6.0,3.0,6.0,0.0,4.63,65.0,https://www.airbnb.es/rooms/1425404072039542559,,,0,,,,,,,,,,,,,,,0
Valencia,Rascanya,1304531902497034848,2026-06-01,Apartamento en Valencia,112.0,4.0,,2.0,1.0,4.48,61.0,https://www.airbnb.es/rooms/1304531902497034848,1.3045319024970348e+18,,4,1.0,0.98,,1.0,1.0,Entire rental unit,Entire home/apt,5.0,365.0,VT-445916-A,0.4,0.5,0.6111111111111112,0.5917808219178082,1
Valencia,Rascanya,1155089812157305602,2026-06-01,Apartamento en Valencia,112.0,4.0,1.0,2.0,1.0,4.61,38.0,https://www.airbnb.es/rooms/1155089812157305602,1.1550898121573056e+18,,4,0.95,1.0,0.0,1.0,1.0,Entire rental unit,Entire home/apt,1.0,1125.0,ESHFTU000046061001022189001000000000000000VT-56795-V0,0.5333333333333333,0.6833333333333333,0.7111111111111111,0.6301369863013698,1
Valencia,Rascanya,768839744509573011,2026-06-01,Apartamento en Valencia,126.0,3.0,1.0,1.0,1.0,4.68,215.0,https://www.airbnb.es/rooms/768839744509573011,7.68839744509573e+17,,4,1.0,1.0,0.0,1.0,1.0,Entire rental unit,Entire home/apt,1.0,10.0,VT51801-V,0.43333333333333335,0.6666666666666666,0.7444444444444445,0.6684931506849315,1
Valencia,Rascanya,41880017,2026-06-01,Hotel en Valencia,59.0,2.0,1.0,1.0,1.0,4.15,13.0,https://www.airbnb.es/rooms/41880017,41880017.0,,4,0.75,0.96,0.0,1.0,1.0,Room in hotel,Private room,1.0,1125.0,,0.6333333333333333,0.75,0.8222222222222222,0.947945205479452,0
Valencia,Rascanya,26930146,2026-06-01,Apartamento en Valencia,196.0,8.0,4.0,6.0,2.0,4.81,259.0,https://www.airbnb.es/rooms/26930146,26930146.0,,4,1.0,1.0,0.0,1.0,1.0,Entire rental unit,Entire home/apt,3.0,1125.0,VT-44168-V,0.16666666666666666,0.36666666666666664,0.4444444444444444,0.30684931506849317,1
Valencia,Rascanya,49915574,2026-06-01,Apartamento en Valencia,125.0,2.0,1.0,1.0,1.0,4.76,148.0,https://www.airbnb.es/rooms/49915574,49915574.0,,0,,,,1.0,1.0,Entire rental unit,Entire home/apt,2.0,90.0,BL000064V,0.26666666666666666,0.18333333333333332,0.3333333333333333,0.8054794520547945,1
Valencia,Rascanya,1147137978413342367,2026-06-01,Apartahotel en Valencia,125.0,4.0,1.0,1.0,1.0,4.91,68.0,https://www.airbnb.es/rooms/1147137978413342367,1.1471379784133423e+18,,4,0.96,0.98,0.0,1.0,0.0,Room in aparthotel,Private room,1.0,1125.0,,0.5333333333333333,0.6666666666666666,0.7222222222222222,0.21643835616438356,0
Valencia,Rascanya,28836747,2026-06-01,Habitación de hotel en Valencia,37.0,1.0,1.0,1.0,1.0,4.77,181.0,https://www.airbnb.es/rooms/28836747,28836747.0,,4,1.0,0.97,1.0,1.0,1.0,Room in hostel,Hotel room,1.0,365.0,,0.9333333333333333,0.9666666666666667,0.9666666666666667,0.3287671232876712,0
Valencia,Rascanya,1187589262229377567,2026-06-01,Apartamento en Valencia,125.0,4.0,1.0,2.0,1.0,4.85,66.0,https://www.airbnb.es/rooms/1187589262229377567,1.1875892622293775e+18,,4,1.0,1.0,1.0,1.0,1.0,Entire rental unit,Entire home/apt,4.0,65.0,ESFCTU000027030000310712000000000000000000VT-42610-V9,0.43333333333333335,0.6166666666666667,0.7111111111111111,0.25205479452054796,1
Valencia,Rascanya,948418106651889138,2026-06-01,Alojamiento en Valencia,53.0,2.0,1.0,1.0,1.0,4.29,31.0,https://www.airbnb.es/rooms/948418106651889138,,,0,,,,,,,,,,,,,,,0
Valencia,Rascanya,873224470188917364,2026-06-01,Apartamento en Valencia,194.0,6.0,1.0,3.0,1.0,4.5,18.0,https://www.airbnb.es/rooms/873224470188917364,8.732244701889174e+17,,4,1.0,1.0,,1.0,1.0,Entire rental unit,Entire home/apt,1.0,365.0,,0.4666666666666667,0.6333333333333333,0.7222222222222222,0.4328767123287671,0
Valencia,Rascanya,1543310920704023641,2026-06-01,Apartamento en Valencia,121.0,4.0,1.0,2.0,1.0,4.76,54.0,https://www.airbnb.es/rooms/1543310920704023641,,,0,,,,,,,,,,,,,,,0
Valencia,Rascanya,1418700031526549398,2026-06-01,Loft en Valencia,182.0,8.0,2.0,5.0,2.0,4.96,24.0,https://www.airbnb.es/rooms/1418700031526549398,,,0,,,,,,,,,,,,,,,0
Valencia,Rascanya,980347426047095844,2026-06-01,Apartamento en Valencia,119.0,4.0,1.0,2.0,1.0,4.82,33.0,https://www.airbnb.es/rooms/980347426047095844,9.803474260470958e+17,,4,1.0,1.0,0.0,1.0,1.0,Entire rental unit,Entire home/apt,1.0,365.0,ESFCTU000046054000535606000000000000000000000058104V4,0.4666666666666667,0.6666666666666666,0.7555555555555555,0.9342465753424658,1
Valencia,Rascanya,743186075147318111,2026-06-01,Apto. residencial en Valencia,201.0,6.0,3.0,4.0,2.0,4.72,193.0,https://www.airbnb.es/rooms/743186075147318111,7.431860751473181e+17,,4,1.0,1.0,0.0,1.0,1.0,Entire condo,Entire home/apt,1.0,365.0,,0.2,0.21666666666666667,0.43333333333333335,0.31232876712328766,0
Valencia,Rascanya,16441101,2026-06-01,Hotel en Burjasot,102.0,6.0,2.0,6.0,2.0,4.54,24.0,https://www.airbnb.es/rooms/16441101,,,0,,,,,,,,,,,,,,,0
Valencia,Rascanya,1415048562795297693,2026-06-01,Habitación en Valencia,87.0,,,1.0,,4.73,66.0,https://www.airbnb.es/rooms/1415048562795297693,1.4150485627952978e+18,,4,1.0,1.0,1.0,1.0,0.0,Private room in home,Private room,1.0,31.0,,0.3333333333333333,0.6166666666666667,0.6666666666666666,0.5287671232876713,0
Valencia,Rascanya,879731561064142425,2026-06-01,Suite con entrada independiente en Valencia,140.0,6.0,1.0,2.0,1.0,4.93,173.0,https://www.airbnb.es/rooms/879731561064142425,8.797315610641425e+17,,4,1.0,1.0,1.0,1.0,1.0,Entire guest suite,Entire home/apt,2.0,60.0,ESFCTU0000460520005965800000000000000CV-VUT0057572-V0,0.26666666666666666,0.36666666666666664,0.4888888888888889,0.3452054794520548,1
Valencia,Rascanya,1545824359332831130,2026-06-01,Apartamento en Valencia,258.0,8.0,3.0,5.0,1.0,4.72,25.0,https://www.airbnb.es/rooms/1545824359332831130,,,0,,,,,,,,,,,,,,,0
Valencia,Rascanya,875063778141749138,2026-06-01,Apartamento en Valencia,133.0,4.0,1.0,2.0,1.0,4.75,179.0,https://www.airbnb.es/rooms/875063778141749138,8.750637781417491e+17,,4,1.0,1.0,0.0,1.0,1.0,Entire rental unit,Entire home/apt,1.0,10.0,ESFCTU0000460520005964430000000000000CV-VUT0057465-V3,0.23333333333333334,0.5666666666666667,0.7,0.6657534246575343,1
Valencia,Rascanya,1412374476597247594,2026-06-01,Apartamento en Valencia,280.0,6.0,3.0,3.0,2.0,4.77,39.0,https://www.airbnb.es/rooms/1412374476597247594,1.4123744765972475e+18,,4,1.0,0.82,0.0,1.0,1.0,Entire rental unit,Entire home/apt,5.0,40.0,,0.3333333333333333,0.4,0.5111111111111111,0.2219178082191781,0
Valencia,Rascanya,710494612932574416,2026-06-01,Hotel boutique en Valencia,145.0,2.0,1.0,1.0,1.0,4.85,27.0,https://www.airbnb.es/rooms/710494612932574416,7.104946129325745e+17,,4,0.9,1.0,0.0,1.0,1.0,Room in boutique hotel,Private room,1.0,365.0,,0.8333333333333334,0.8833333333333333,0.9111111111111111,0.9726027397260274,0
Valencia,Rascanya,856569637537340825,2026-06-01,Apto. residencial en Valencia,132.0,2.0,1.0,1.0,1.0,4.73,192.0,https://www.airbnb.es/rooms/856569637537340825,8.565696375373408e+17,,4,1.0,0.99,0.0,1.0,1.0,Entire condo,Entire home/apt,1.0,10.0,VT-44515-V,0.03333333333333333,0.08333333333333333,0.2111111111111111,0.1863013698630137,1
Valencia,Rascanya,1233846790081427267,2026-06-01,Hotel en Valencia,122.0,2.0,1.0,1.0,1.0,4.45,129.0,https://www.airbnb.es/rooms/1233846790081427267,,,0,,,,,,,,,,,,,,,0
Valencia,Rascanya,712712584892741915,2026-06-01,Apartamento en Valencia,236.0,5.0,2.0,3.0,1.0,4.84,295.0,https://www.airbnb.es/rooms/712712584892741915,7.127125848927419e+17,,4,0.97,1.0,1.0,1.0,1.0,Entire serviced apartment,Entire home/apt,1.0,1125.0,AV-18,0.5,0.6,0.6777777777777778,0.19726027397260273,1
Valencia,Rascanya,1420153352794910831,2026-06-01,Apartamento en Picanya,117.0,4.0,1.0,2.0,1.0,4.98,40.0,https://www.airbnb.es/rooms/1420153352794910831,,,0,,,,,,,,,,,,,,,0
Valencia,Rascanya,1543378220055626058,2026-06-01,Apartamento en Valencia,157.0,4.0,2.0,5.0,1.0,4.73,41.0,https://www.airbnb.es/rooms/1543378220055626058,,,0,,,,,,,,,,,,,,,0
Valencia,Rascanya,50185488,2026-06-01,Apartamento en Valencia,185.0,4.0,2.0,2.0,1.0,4.77,142.0,https://www.airbnb.es/rooms/50185488,50185488.0,,4,1.0,0.99,1.0,1.0,1.0,Entire rental unit,Entire home/apt,1.0,90.0,VT-50484-V,0.23333333333333334,0.38333333333333336,0.5666666666666667,0.3863013698630137,1
Valencia,Rascanya,42823413,2026-06-01,Apartamento en Valencia,190.0,6.0,3.0,4.0,2.0,4.75,80.0,https://www.airbnb.es/rooms/42823413,42823413.0,,4,1.0,1.0,1.0,1.0,1.0,Entire rental unit,Entire home/apt,1.0,11.0,ESFCTU000046060000631682000000000000000000VT-43619-V9,0.4666666666666667,0.6166666666666667,0.7111111111111111,0.20273972602739726,1
Valencia,Rascanya,1145106173050203663,2026-06-01,Apartamento en Valencia,129.0,2.0,1.0,,1.0,4.85,81.0,https://www.airbnb.es/rooms/1145106173050203663,1.1451061730502036e+18,,4,1.0,1.0,1.0,1.0,1.0,Entire rental unit,Entire home/apt,1.0,1125.0,ESFCNT123456789012304578443ABCDEFGHIJKLMNOPQRSTUVWXY1,0.36666666666666664,0.5,0.6333333333333333,0.40273972602739727,1
Valencia,Rascanya,46803758,2026-06-01,Alojamiento en Valencia,59.0,2.0,1.0,1.0,,4.43,126.0,https://www.airbnb.es/rooms/46803758,46803758.0,,4,1.0,0.99,0.0,1.0,1.0,Private room in serviced apartment,Private room,1.0,28.0,,0.8666666666666667,0.9333333333333333,0.7111111111111111,0.17534246575342466,0
Valencia,Rascanya,696965243391455134,2026-06-01,Apartamento en Valencia,186.0,6.0,3.0,3.0,2.0,4.68,244.0,https://www.airbnb.es/rooms/696965243391455134,6.969652433914551e+17,,4,1.0,1.0,0.0,1.0,1.0,Entire rental unit,Entire home/apt,1.0,365.0,,0.13333333333333333,0.31666666666666665,0.37777777777777777,0.29315068493150687,0
Valencia,Rascanya,1425405405832997380,2026-06-01,Apartamento en Port Saplaya,219.0,8.0,4.0,8.0,0.0,4.87,23.0,https://www.airbnb.es/rooms/1425405405832997380,,,0,,,,,,,,,,,,,,,0
Valencia,Rascanya,1492911962179548553,2026-06-01,Loft en Valencia,144.0,4.0,1.0,1.0,1.0,5.0,5.0,https://www.airbnb.es/rooms/1492911962179548553,1.4929119621795487e+18,,4,1.0,1.0,0.0,1.0,1.0,Entire loft,Entire home/apt,1.0,1125.0,ESFCTU0000460520001482840000000000000CV-VUT0058364-V4,0.16666666666666666,0.23333333333333334,0.4888888888888889,0.873972602739726,1
Valencia,Rascanya,887699089860675354,2026-06-01,Habitación en Valencia,80.0,,,1.0,,4.29,34.0,https://www.airbnb.es/rooms/887699089860675354,8.876990898606753e+17,,4,1.0,1.0,0.0,1.0,1.0,Private room in condo,Private room,1.0,1125.0,,0.13333333333333333,0.36666666666666664,0.5333333333333333,0.7863013698630137,0
Valencia,Rascanya,1080387598065347617,2026-06-01,Alojamiento en Valencia,105.0,2.0,1.0,1.0,1.0,4.54,112.0,https://www.airbnb.es/rooms/1080387598065347617,1.0803875980653476e+18,,4,1.0,1.0,0.0,1.0,1.0,Private room in rental unit,Private room,1.0,365.0,,0.13333333333333333,0.4166666666666667,0.5333333333333333,0.8849315068493151,0
Valencia,Rascanya,1104101282540778290,2026-06-01,Habitaciones en Valencia,85.0,,2.0,2.0,,4.99,69.0,https://www.airbnb.es/rooms/1104101282540778290,1.1041012825407782e+18,,3,0.78,0.68,1.0,1.0,1.0,Private room in rental unit,Private room,1.0,365.0,,0.3,0.16666666666666666,0.1111111111111111,0.6821917808219178,0
Valencia,Rascanya,1192832580578840827,2026-06-01,Hotel en Valencia,113.0,2.0,1.0,1.0,1.0,4.7,79.0,https://www.airbnb.es/rooms/1192832580578840827,1.1928325805788408e+18,,4,0.64,0.99,1.0,1.0,1.0,Room in hotel,Private room,1.0,365.0,,0.43333333333333335,0.6166666666666667,0.7333333333333333,0.9342465753424658,0
Valencia,Rascanya,49493986,2026-06-01,Apto. residencial en Valencia,187.0,7.0,4.0,4.0,2.0,4.71,103.0,https://www.airbnb.es/rooms/49493986,49493986.0,,4,0.9,1.0,0.0,1.0,1.0,Entire condo,Entire home/apt,4.0,10.0,ESFCTU000046061000306112000000000000000000VT-43092-V8,0.16666666666666666,0.25,0.35555555555555557,0.10684931506849316,1
Valencia,Rascanya,1257825541503087694,2026-06-01,Loft en Valencia,122.0,4.0,1.0,2.0,1.0,4.96,70.0,https://www.airbnb.es/rooms/1257825541503087694,1.2578255415030876e+18,,4,1.0,0.99,1.0,1.0,1.0,Entire loft,Entire home/apt,1.0,90.0,ESFCTU0000460520005964740000000000000000VUT-0057439V2,0.5333333333333333,0.6833333333333333,0.7555555555555555,0.8876712328767123,1
Valencia,Rascanya,980852262153350113,2026-06-01,Apartamento en Valencia,119.0,4.0,1.0,2.0,1.0,4.54,13.0,https://www.airbnb.es/rooms/980852262153350113,9.808522621533501e+17,,4,1.0,1.0,0.0,1.0,1.0,Entire rental unit,Entire home/apt,1.0,365.0,ESFCTU000046054000535569000000000000000000000058097V3,0.43333333333333335,0.6833333333333333,0.7666666666666667,0.9424657534246575,1
Valencia,Rascanya,1394766176732695921,2026-06-01,easyHotel Valencia Ciutat Vella,144.0,,,,,4.77,22.0,https://www.airbnb.es/rooms/1394766176732695921,,,0,,,,,,,,,,,,,,,0
Valencia,Rascanya,1019308545494852196,2026-06-01,Loft en Valencia,128.0,4.0,,2.0,1.0,4.76,67.0,https://www.airbnb.es/rooms/1019308545494852196,1.0193085454948522e+18,,4,1.0,0.99,,1.0,1.0,Entire loft,Entire home/apt,1.0,1125.0,ESFCTU000046051000230104000000000000000000VT-53509-V4,0.3,0.65,0.7222222222222222,0.9041095890410958,1
Valencia,Rascanya,1524494836395080564,2026-06-01,Habitación de hotel compartida en Valencia,26.0,,,10.0,,4.49,96.0,https://www.airbnb.es/rooms/1524494836395080564,,,0,,,,,,,,,,,,,,,0
Valencia,Rascanya,1381020234640096897,2026-06-01,Apartamento en Valencia,217.0,5.0,1.0,3.0,1.0,4.92,59.0,https://www.airbnb.es/rooms/1381020234640096897,1.381020234640097e+18,,4,1.0,0.99,1.0,1.0,1.0,Entire rental unit,Entire home/apt,3.0,60.0,ESFCTU0000460540005350260000000000000000VUT0057460-V2,0.5,0.6833333333333333,0.7444444444444445,0.936986301369863,1
Valencia,Rascanya,1220306924161071748,2026-06-01,Apartamento en Valencia,123.0,2.0,,1.0,1.0,4.67,21.0,https://www.airbnb.es/rooms/1220306924161071748,1.2203069241610719e+18,,4,1.0,1.0,1.0,1.0,0.0,Entire rental unit,Entire home/apt,1.0,1125.0,VT-54221-V,0.23333333333333334,0.4166666666666667,0.5777777777777777,0.8958904109589041,1
Valencia,Rascanya,1532483201983516419,2026-06-01,Apartamento en Valencia,176.0,5.0,2.0,5.0,1.0,5.0,3.0,https://www.airbnb.es/rooms/1532483201983516419,,,0,,,,,,,,,,,,,,,0
Valencia,Rascanya,1434887262722785904,2026-06-01,Loft en Valencia,147.0,4.0,1.0,2.0,1.0,4.78,60.0,https://www.airbnb.es/rooms/1434887262722785904,1.4348872627227858e+18,,4,1.0,1.0,0.0,1.0,1.0,Entire loft,Entire home/apt,1.0,365.0,VT-53453-V,0.4666666666666667,0.6333333333333333,0.7111111111111111,0.915068493150685,1
Valencia,Rascanya,1086688096488008371,2026-06-01,Loft en Valencia,100.0,3.0,1.0,1.0,1.0,4.67,132.0,https://www.airbnb.es/rooms/1086688096488008371,1.0866880964880083e+18,,4,1.0,0.99,0.0,1.0,1.0,Entire loft,Entire home/apt,1.0,365.0,ESHFNT00004605200026457100600000000000000000000000004,0.03333333333333333,0.25,0.4666666666666667,0.5863013698630137,1
Valencia,Rascanya,1424625542168462164,2026-06-01,Apartamento en Benetúser,129.0,6.0,2.0,5.0,1.0,4.89,93.0,https://www.airbnb.es/rooms/1424625542168462164,,,0,,,,,,,,,,,,,,,0
Valencia,Rascanya,844857601566232239,2026-06-01,Apartamento en Valencia,189.0,6.0,2.0,3.0,1.0,4.6,272.0,https://www.airbnb.es/rooms/844857601566232239,8.448576015662322e+17,,4,1.0,1.0,0.0,1.0,1.0,Entire rental unit,Entire home/apt,1.0,10.0,ESFCTU00004608600110068200000000000000000VUT-52183-V8,0.43333333333333335,0.6666666666666666,0.7444444444444445,0.6602739726027397,1
Valencia,Rascanya,1542022700922565734,2026-06-01,Apartamento en Valencia,105.0,2.0,1.0,1.0,1.0,,,https://www.airbnb.es/rooms/1542022700922565734,,,0,,,,,,,,,,,,,,,0
Valencia,Rascanya,1277575559230116842,2026-06-01,Apartamento en Valencia,129.0,2.0,,1.0,1.0,4.86,7.0,https://www.airbnb.es/rooms/1277575559230116842,1.2775755592301169e+18,,4,1.0,1.0,1.0,1.0,0.0,Entire rental unit,Entire home/apt,1.0,1125.0,VT-54437-V,0.0,0.03333333333333333,0.25555555555555554,0.8054794520547945,1
Valencia,Rascanya,1548715020442788801,2026-06-01,Apartamento en Valencia,126.0,3.0,1.0,2.0,1.0,4.93,15.0,https://www.airbnb.es/rooms/1548715020442788801,,,0,,,,,,,,,,,,,,,0
Valencia,Rascanya,1653688529301104002,2026-06-01,Habitación compartida en Valencia,53.0,,,1.0,,4.53,19.0,https://www.airbnb.es/rooms/1653688529301104002,,,0,,,,,,,,,,,,,,,0
Valencia,Rascanya,1170949559421381685,2026-06-01,Apartamento en Valencia,135.0,4.0,1.0,3.0,1.0,4.73,59.0,https://www.airbnb.es/rooms/1170949559421381685,1.1709495594213816e+18,,4,1.0,0.94,0.0,1.0,1.0,Entire rental unit,Entire home/apt,1.0,365.0,VT-55478-V,0.26666666666666666,0.4,0.5666666666666667,0.3863013698630137,1
Valencia,Rascanya,1422375968526249613,2026-06-01,Apartamento en Valencia,236.0,6.0,2.0,4.0,2.0,5.0,3.0,https://www.airbnb.es/rooms/1422375968526249613,,,0,,,,,,,,,,,,,,,0
Valencia,Rascanya,913632023760894090,2026-06-01,Habitación en Valencia,118.0,,,1.0,,5.0,22.0,https://www.airbnb.es/rooms/913632023760894090,9.136320237608941e+17,,2,1.0,0.57,0.0,1.0,1.0,Private room in rental unit,Private room,1.0,365.0,,1.0,1.0,0.9777777777777777,0.2410958904109589,0
Valencia,Rascanya,20135707,2026-06-01,Apartamento en Valencia,205.0,6.0,2.0,3.0,2.0,4.76,290.0,https://www.airbnb.es/rooms/20135707,20135707.0,,4,0.9,0.98,1.0,1.0,1.0,Entire rental unit,Entire home/apt,5.0,1125.0,,0.0,0.26666666666666666,0.45555555555555555,0.7452054794520548,0
Valencia,Rascanya,1524493297336768120,2026-06-01,Habitación de hotel compartida en Valencia,27.0,,,8.0,,4.59,39.0,https://www.airbnb.es/rooms/1524493297336768120,,,0,,,,,,,,,,,,,,,0
Valencia,Rascanya,865309801178588781,2026-06-01,Apartamento en Valencia,184.0,4.0,1.0,2.0,1.0,5.0,7.0,https://www.airbnb.es/rooms/865309801178588781,8.653098011785888e+17,,4,1.0,1.0,,1.0,1.0,Entire rental unit,Entire home/apt,1.0,365.0,,0.5,0.6333333333333333,0.7111111111111111,0.4301369863013699,0
Valencia,Rascanya,1218679399975540970,2026-06-01,Apartamento en Valencia,133.0,4.0,,2.0,1.0,4.74,38.0,https://www.airbnb.es/rooms/1218679399975540970,1.218679399975541e+18,,4,1.0,1.0,1.0,1.0,0.0,Entire rental unit,Entire home/apt,1.0,1125.0,ESFCTU0000460540005360850000000000000CV-VUT0058519-V0,0.6,0.7,0.7666666666666667,0.9424657534246575,1
Valencia,Rascanya,957105056123376288,2026-06-01,Loft en Valencia,129.0,2.0,,1.0,1.0,4.67,52.0,https://www.airbnb.es/rooms/957105056123376288,9.571050561233763e+17,,4,1.0,0.99,0.0,1.0,1.0,Entire loft,Entire home/apt,1.0,300.0,VT-40809-V,0.16666666666666666,0.23333333333333334,0.15555555555555556,0.038356164383561646,1
Valencia,Rascanya,53469371,2026-06-01,Hotel en Valencia,94.0,3.0,1.0,3.0,1.0,4.88,8.0,https://www.airbnb.es/rooms/53469371,53469371.0,,4,0.8,1.0,0.0,1.0,0.0,Room in hotel,Private room,1.0,1125.0,,0.6666666666666666,0.7666666666666667,0.8444444444444444,0.9616438356164384,0
Valencia,Rascanya,1390586084536110659,2026-06-01,Hotel en Valencia,85.0,3.0,2.0,2.0,1.0,4.3,20.0,https://www.airbnb.es/rooms/1390586084536110659,1.3905860845361106e+18,,4,0.95,1.0,0.0,1.0,1.0,Room in hotel,Private room,1.0,365.0,,0.6666666666666666,0.6833333333333333,0.7555555555555555,0.9232876712328767,0
Valencia,Rascanya,1495763528567236413,2026-06-01,Loft en Valencia,143.0,4.0,1.0,1.0,1.0,4.35,20.0,https://www.airbnb.es/rooms/1495763528567236413,1.4957635285672364e+18,,4,1.0,1.0,0.0,1.0,1.0,Entire loft,Entire home/apt,1.0,10.0,ESFCTU0000460530005579080000000000000CV-VUT0058841-V8,0.43333333333333335,0.7,0.7777777777777778,0.9287671232876712,1
Valencia,Rascanya,1405974262281855257,2026-06-01,Apartamento en Valencia,119.0,4.0,2.0,2.0,1.0,4.74,23.0,https://www.airbnb.es/rooms/1405974262281855257,1.4059742622818552e+18,,4,1.0,0.96,0.0,1.0,1.0,Entire rental unit,Entire home/apt,1.0,365.0,,0.6666666666666666,0.8333333333333334,0.8,0.9232876712328767,0
Valencia,Rascanya,1374406670352704529,2026-06-01,Apartamento en Port Saplaya,238.0,6.0,3.0,4.0,3.0,4.45,38.0,https://www.airbnb.es/rooms/1374406670352704529,,,0,,,,,,,,,,,,,,,0
Valencia,Rascanya,1547050451447063756,2026-06-01,Vivienda en Manises,235.0,8.0,4.0,7.0,2.0,4.95,20.0,https://www.airbnb.es/rooms/1547050451447063756,,,0,,,,,,,,,,,,,,,0
Valencia,Rascanya,24435383,2026-06-01,Loft en Valencia,159.0,2.0,1.0,1.0,1.0,4.81,258.0,https://www.airbnb.es/rooms/24435383,24435383.0,,4,1.0,0.99,1.0,1.0,1.0,Entire loft,Entire home/apt,3.0,10.0,VT-45592-V,0.23333333333333334,0.4666666666666667,0.6111111111111112,0.15342465753424658,1
Valencia,Rascanya,503305262822613325,2026-06-01,Apartamento en Valencia,124.0,2.0,1.0,1.0,1.0,4.32,93.0,https://www.airbnb.es/rooms/503305262822613325,5.033052628226133e+17,,4,0.98,0.99,0.0,1.0,1.0,Entire serviced apartment,Entire home/apt,1.0,1125.0,,0.43333333333333335,0.6833333333333333,0.7555555555555555,0.673972602739726,0
Valencia,Rascanya,1460907580928275190,2026-06-01,Alojamiento en Chirivella,42.0,2.0,2.0,1.0,2.0,4.8,5.0,https://www.airbnb.es/rooms/1460907580928275190,,,0,,,,,,,,,,,,,,,0
Valencia,Rascanya,988390690825353361,2026-06-01,Loft en Valencia,147.0,2.0,,2.0,1.0,4.95,59.0,https://www.airbnb.es/rooms/988390690825353361,9.883906908253533e+17,,4,1.0,1.0,,1.0,1.0,Entire loft,Entire home/apt,5.0,10.0,ESFCTU00004605900034701300000000000000000-VT-53494-V8,0.13333333333333333,0.48333333333333334,0.6222222222222222,0.26301369863013696,1
Valencia,Rascanya,1170933099646009574,2026-06-01,Apartamento en Valencia,141.0,4.0,1.0,3.0,1.0,4.77,79.0,https://www.airbnb.es/rooms/1170933099646009574,1.1709330996460096e+18,,4,1.0,0.94,0.0,1.0,1.0,Entire rental unit,Entire home/apt,2.0,365.0,VT-55478-V,0.36666666666666664,0.48333333333333334,0.6222222222222222,0.4,1
Valencia,Rascanya,1425379131766964177,2026-06-01,Apartamento en Port Saplaya,155.0,4.0,2.0,4.0,0.0,4.68,19.0,https://www.airbnb.es/rooms/1425379131766964177,,,0,,,,,,,,,,,,,,,0
Valencia,Rascanya,19169345,2026-06-01,Apartamento en Valencia,165.0,4.0,1.0,2.0,1.0,4.55,42.0,https://www.airbnb.es/rooms/19169345,19169345.0,,4,0.97,0.98,0.0,1.0,1.0,Entire rental unit,Entire home/apt,1.0,1125.0,,0.3,0.55,0.6666666666666666,0.852054794520548,0
Valencia,Rascanya,1443374458501570121,2026-06-01,Habitación en Valencia,59.0,,,1.0,,4.53,34.0,https://www.airbnb.es/rooms/1443374458501570121,1.44337445850157e+18,,3,0.7,0.61,0.0,1.0,1.0,Private room in rental unit,Private room,1.0,365.0,,0.03333333333333333,0.016666666666666666,0.011111111111111112,0.6465753424657534,0
Valencia,Rascanya,1427767447708621364,2026-06-01,Apartamento en Valencia,136.0,2.0,1.0,2.0,1.0,4.77,30.0,https://www.airbnb.es/rooms/1427767447708621364,1.4277674477086213e+18,,4,1.0,0.97,0.0,1.0,1.0,Entire rental unit,Entire home/apt,2.0,1125.0,ESFCTU0000460540005362210000000000000CV-VUT0058412-V6,0.5666666666666667,0.6166666666666667,0.7111111111111111,0.42191780821917807,1
Valencia,Rascanya,1090385444452215714,2026-06-01,Apartamento en Valencia,129.0,4.0,,2.0,1.0,4.84,25.0,https://www.airbnb.es/rooms/1090385444452215714,1.0903854444522157e+18,,4,1.0,1.0,1.0,1.0,0.0,Entire rental unit,Entire home/apt,1.0,1125.0,ESFCTU000046061000057038000000000000000000VT-54437-V3,0.6,0.7333333333333333,0.7888888888888889,0.9287671232876712,1
Valencia,Rascanya,1208089309681136650,2026-06-01,Alojamiento en Valencia,91.0,2.0,1.0,1.0,1.0,4.76,51.0,https://www.airbnb.es/rooms/1208089309681136650,,,0,,,,,,,,,,,,,,,0
Valencia,Rascanya,1275656721580654328,2026-06-01,Apartamento en Valencia,117.0,2.0,,1.0,1.0,4.67,3.0,https://www.airbnb.es/rooms/1275656721580654328,1.2756567215806543e+18,,4,1.0,1.0,1.0,1.0,0.0,Entire rental unit,Entire home/apt,1.0,1125.0,VT-54437-V,0.16666666666666666,0.36666666666666664,0.4888888888888889,0.8575342465753425,1
Valencia,Rascanya,1295422269779961273,2026-06-01,Loft en Valencia,147.0,2.0,1.0,1.0,1.0,4.6,98.0,https://www.airbnb.es/rooms/1295422269779961273,1.2954222697799613e+18,,4,1.0,1.0,,1.0,1.0,Entire loft,Entire home/apt,1.0,730.0,VT246354V,0.5333333333333333,0.7333333333333333,0.7444444444444445,0.18356164383561643,1
Valencia,Rascanya,1097080390038260095,2026-06-01,Apartamento en Valencia,175.0,2.0,1.0,,1.0,4.91,57.0,https://www.airbnb.es/rooms/1097080390038260095,1.0970803900382601e+18,,4,1.0,0.98,1.0,1.0,1.0,Entire rental unit,Entire home/apt,4.0,365.0,,0.06666666666666667,0.13333333333333333,0.37777777777777777,0.32602739726027397,0
Valencia,Rascanya,1192919197425069113,2026-06-01,Hotel en Valencia,109.0,2.0,1.0,1.0,1.0,4.43,7.0,https://www.airbnb.es/rooms/1192919197425069113,1.192919197425069e+18,,4,0.64,0.99,1.0,1.0,1.0,Room in hotel,Private room,1.0,365.0,,0.2,0.4,0.5777777777777777,0.8958904109589041,0
Valencia,Rascanya,19905509,2026-06-01,Apartamento en Valencia,257.0,4.0,2.0,3.0,2.0,4.81,165.0,https://www.airbnb.es/rooms/19905509,19905509.0,,4,1.0,0.99,1.0,1.0,1.0,Entire rental unit,Entire home/apt,2.0,10.0,ESFCTU1AB246050000256503000000000000000000VT-53610-V5,0.13333333333333333,0.3333333333333333,0.5111111111111111,0.3095890410958904,1
Valencia,Rascanya,1347875013700163388,2026-06-01,Apartamento en Valencia,140.0,4.0,1.0,2.0,1.0,4.89,19.0,https://www.airbnb.es/rooms/1347875013700163388,1.3478750137001633e+18,,4,1.0,1.0,1.0,0.0,1.0,Entire rental unit,Entire home/apt,1.0,10.0,ESFCTU00004605400026423000000000000000000003501-20220,0.3,0.5,0.4888888888888889,0.1232876712328767,1
Valencia,Rascanya,582973718271656183,2026-06-01,Apartamento en Valencia,208.0,6.0,2.0,3.0,1.0,4.88,8.0,https://www.airbnb.es/rooms/582973718271656183,5.829737182716562e+17,,4,1.0,0.99,0.0,1.0,1.0,Entire rental unit,Entire home/apt,1.0,1125.0,VT-45881-V,0.3,0.5,0.6111111111111112,0.4,1
Valencia,Rascanya,1076653638122481644,2026-06-01,Apartamento en Valencia,270.0,6.0,2.0,4.0,2.0,4.9,50.0,https://www.airbnb.es/rooms/1076653638122481644,1.0766536381224817e+18,,4,1.0,0.98,,1.0,1.0,Entire rental unit,Entire home/apt,1.0,10.0,VT-56540-V,0.43333333333333335,0.26666666666666666,0.17777777777777778,0.04657534246575343,1
Valencia,Rascanya,938734,2026-06-01,Apartamento en Valencia,118.0,2.0,1.0,1.0,,4.37,81.0,https://www.airbnb.es/rooms/938734,938734.0,,1,0.42,0.19,0.0,1.0,1.0,Entire rental unit,Entire home/apt,1.0,60.0,,0.5,0.65,0.7444444444444445,0.936986301369863,0
Valencia,Rascanya,1660747493393816910,2026-06-01,Habitación de hotel compartida en Valencia,25.0,,,1.0,,3.6,5.0,https://www.airbnb.es/rooms/1660747493393816910,,,0,,,,,,,,,,,,,,,0
Valencia,Rascanya,1532440405302494173,2026-06-01,Apartamento en Valencia,162.0,6.0,2.0,1.0,1.0,4.4,15.0,https://www.airbnb.es/rooms/1532440405302494173,,,0,,,,,,,,,,,,,,,0
Valencia,Rascanya,1147750626348882839,2026-06-01,Apartamento en Valencia,155.0,4.0,1.0,2.0,1.0,4.86,43.0,https://www.airbnb.es/rooms/1147750626348882839,1.1477506263488828e+18,,4,1.0,1.0,1.0,1.0,1.0,Entire rental unit,Entire home/apt,1.0,365.0,,0.7333333333333333,0.7833333333333333,0.8222222222222222,0.3150684931506849,0
Valencia,Rascanya,1434701573230361064,2026-06-01,Apartamento en Valencia,138.0,2.0,1.0,1.0,1.0,4.61,54.0,https://www.airbnb.es/rooms/1434701573230361064,1.434701573230361e+18,,4,1.0,1.0,,1.0,1.0,Entire rental unit,Entire home/apt,1.0,365.0,VT-24534V,0.2,0.45,0.5555555555555556,0.13972602739726028,1
Valencia,Rascanya,914940682850148989,2026-06-01,Apartamento en Puebla de Farnals,135.0,4.0,1.0,3.0,1.0,4.94,246.0,https://www.airbnb.es/rooms/914940682850148989,,,0,,,,,,,,,,,,,,,0
Valencia,Rascanya,1502042659796281704,2026-06-01,Loft en Valencia,160.0,2.0,1.0,2.0,1.0,4.59,32.0,https://www.airbnb.es/rooms/1502042659796281704,1.5020426597962816e+18,,4,1.0,1.0,,1.0,1.0,Entire loft,Entire home/apt,1.0,365.0,vt531524-V,0.7333333333333333,0.8333333333333334,0.8555555555555555,0.7041095890410959,1
Valencia,Rascanya,1220306731131365935,2026-06-01,Apartamento en Valencia,131.0,4.0,,2.0,1.0,4.67,18.0,https://www.airbnb.es/rooms/1220306731131365935,1.220306731131366e+18,,4,1.0,1.0,1.0,1.0,0.0,Entire rental unit,Entire home/apt,1.0,1125.0,VT-54221-V,0.5666666666666667,0.5833333333333334,0.6888888888888889,0.9232876712328767,1
Valencia,Rascanya,1401164747879817502,2026-06-01,Habitación en Valencia,64.0,,,2.0,,4.6,30.0,https://www.airbnb.es/rooms/1401164747879817502,,,0,,,,,,,,,,,,,,,0
Valencia,Rascanya,1187462188665949600,2026-06-01,Apartamento en Valencia,188.0,6.0,2.0,3.0,1.0,4.71,76.0,https://www.airbnb.es/rooms/1187462188665949600,1.1874621886659497e+18,,4,1.0,1.0,0.0,1.0,1.0,Entire rental unit,Entire home/apt,1.0,10.0,ESFCTU0000460520005918510000000000000CV-VUT0055827-V9,0.6333333333333333,0.8166666666666667,0.8444444444444444,0.9534246575342465,1
Valencia,Rascanya,1581959407495999126,2026-06-01,Apartamento en Valencia,139.0,4.0,1.0,1.0,1.0,,,https://www.airbnb.es/rooms/1581959407495999126,,,0,,,,,,,,,,,,,,,0
Valencia,Rascanya,1269444243185740401,2026-06-01,Apartamento en Valencia,188.0,4.0,1.0,2.0,1.0,4.89,18.0,https://www.airbnb.es/rooms/1269444243185740401,1.2694442431857403e+18,,4,1.0,1.0,1.0,1.0,1.0,Entire rental unit,Entire home/apt,1.0,10.0,ESFCTU000046052000594807000000000000000000VT-56552-V1,0.23333333333333334,0.25,0.4888888888888889,0.8657534246575342,1
Valencia,Rascanya,1599214253398035730,2026-06-01,Apartamento en Valencia,159.0,4.0,1.0,2.0,1.0,,,https://www.airbnb.es/rooms/1599214253398035730,,,0,,,,,,,,,,,,,,,0
Valencia,Rascanya,1034604446338143194,2026-06-01,Apartamento en Valencia,162.0,4.0,1.0,2.0,1.0,4.6,81.0,https://www.airbnb.es/rooms/1034604446338143194,1.0346044463381432e+18,,4,0.98,0.99,0.0,1.0,1.0,Entire rental unit,Entire home/apt,1.0,365.0,,0.9666666666666667,0.9833333333333333,0.9888888888888889,0.9972602739726028,0
Valencia,Rascanya,1192925496990459796,2026-06-01,Hotel en Valencia,137.0,3.0,1.0,2.0,1.0,4.85,40.0,https://www.airbnb.es/rooms/1192925496990459796,1.19292549699046e+18,,4,0.64,0.99,1.0,1.0,1.0,Room in hotel,Private room,1.0,365.0,,0.5666666666666667,0.7333333333333333,0.8111111111111111,0.9534246575342465,0
Valencia,Rascanya,1278156838577911108,2026-06-01,Apartamento en Valencia,141.0,4.0,,2.0,1.0,4.94,17.0,https://www.airbnb.es/rooms/1278156838577911108,1.278156838577911e+18,,4,1.0,1.0,1.0,1.0,0.0,Entire rental unit,Entire home/apt,1.0,1125.0,VT-54437-V,0.4666666666666667,0.48333333333333334,0.6222222222222222,0.8986301369863013,1
Valencia,Rascanya,1309230633826024362,2026-06-01,Apartamento en Valencia,178.0,4.0,1.0,3.0,0.0,5.0,17.0,https://www.airbnb.es/rooms/1309230633826024362,1.3092306338260244e+18,,4,1.0,1.0,0.0,1.0,1.0,Entire rental unit,Entire home/apt,1.0,1125.0,ESHFTU00004605500038474400600000000000000000VT00000V5,0.36666666666666664,0.55,0.6666666666666666,0.6657534246575343,1
Valencia,Rascanya,1643490258032948253,2026-06-01,Hostal en Valencia,89.0,2.0,1.0,1.0,1.0,4.8,10.0,https://www.airbnb.es/rooms/1643490258032948253,,,0,,,,,,,,,,,,,,,0
Valencia,Rascanya,1401282391679654922,2026-06-01,Apartamento en Valencia,235.0,6.0,2.0,2.0,2.0,4.96,52.0,https://www.airbnb.es/rooms/1401282391679654922,1.401282391679655e+18,,4,1.0,1.0,0.0,1.0,1.0,Entire rental unit,Entire home/apt,1.0,10.0,VT54468V,0.2,0.45,0.6111111111111112,0.9041095890410958,1
Valencia,Rascanya,1308580370407817420,2026-06-01,Habitación compartida en Valencia,29.0,,,8.0,,4.68,28.0,https://www.airbnb.es/rooms/1308580370407817420,,,0,,,,,,,,,,,,,,,0
Valencia,Rascanya,1477723372889332744,2026-06-01,Apartamento en Valencia,308.0,8.0,4.0,5.0,1.0,4.47,38.0,https://www.airbnb.es/rooms/1477723372889332744,1.4777233728893327e+18,,4,1.0,1.0,,1.0,1.0,Entire rental unit,Entire home/apt,1.0,365.0,VT204539V,0.5,0.6,0.6555555555555556,0.16164383561643836,1
Valencia,Rascanya,844619245994295364,2026-06-01,Apartamento en Valencia,189.0,5.0,,2.0,1.0,4.62,293.0,https://www.airbnb.es/rooms/844619245994295364,8.446192459942954e+17,,4,1.0,1.0,0.0,1.0,1.0,Entire rental unit,Entire home/apt,1.0,10.0,ESFCTU000046061000284229000000000000000000VT-58036-V8,0.0,0.0,0.0,0.0,1
Valencia,Rascanya,1195435294898211375,2026-06-01,Loft en Valencia,169.0,4.0,1.0,2.0,1.0,4.99,76.0,https://www.airbnb.es/rooms/1195435294898211375,1.1954352948982113e+18,,4,1.0,0.99,1.0,1.0,1.0,Entire loft,Entire home/apt,1.0,10.0,VT-55710-V,0.5333333333333333,0.65,0.7333333333333333,0.4301369863013699,1
Valencia,Rascanya,1085513966444593612,2026-06-01,Loft en Valencia,100.0,3.0,1.0,1.0,1.0,4.48,95.0,https://www.airbnb.es/rooms/1085513966444593612,1.0855139664445937e+18,,4,1.0,0.99,0.0,1.0,1.0,Entire loft,Entire home/apt,1.0,365.0,ESHFNT00004605200026457100500000000000000000000000005,0.26666666666666666,0.31666666666666665,0.4111111111111111,0.5753424657534246,1
Valencia,Rascanya,931255016876977503,2026-06-01,Loft en Valencia,205.0,5.0,3.0,3.0,1.0,4.79,178.0,https://www.airbnb.es/rooms/931255016876977503,9.312550168769775e+17,,4,1.0,0.99,0.0,1.0,1.0,Entire loft,Entire home/apt,3.0,30.0,VT-52729V,0.06666666666666667,0.2833333333333333,0.4666666666666667,0.136986301369863,1
Valencia,Rascanya,1390406547431572803,2026-06-01,Apartamento en Valencia,153.0,3.0,2.0,5.0,1.0,4.79,39.0,https://www.airbnb.es/rooms/1390406547431572803,1.3904065474315727e+18,,4,1.0,0.98,0.0,1.0,1.0,Entire rental unit,Entire home/apt,3.0,1125.0,VT-45614-V,0.13333333333333333,0.36666666666666664,0.5222222222222223,0.6465753424657534,1
Valencia,Rascanya,844003211790758034,2026-06-01,Apartamento en Burjasot,104.0,2.0,1.0,2.0,1.0,4.77,196.0,https://www.airbnb.es/rooms/844003211790758034,,,0,,,,,,,,,,,,,,,0
Valencia,Rascanya,53355963,2026-06-01,Apartamento en Valencia,145.0,4.0,1.0,2.0,1.0,4.61,59.0,https://www.airbnb.es/rooms/53355963,53355963.0,,4,1.0,1.0,0.0,1.0,1.0,Entire rental unit,Entire home/apt,1.0,365.0,VT-50524-V,0.4666666666666667,0.55,0.6444444444444445,0.2136986301369863,1
Valencia,Rascanya,1395734874504535798,2026-06-01,Habitación compartida en Valencia,30.0,,,1.0,,4.63,27.0,https://www.airbnb.es/rooms/1395734874504535798,1.3957348745045358e+18,,4,1.0,0.99,0.0,1.0,1.0,Shared room in rental unit,Shared room,1.0,365.0,,0.8666666666666667,0.9333333333333333,0.9555555555555556,0.2602739726027397,0
Valencia,Rascanya,1649123458044221333,2026-06-01,Hostal en Valencia,115.0,2.0,1.0,1.0,1.0,4.1,10.0,https://www.airbnb.es/rooms/1649123458044221333,,,0,,,,,,,,,,,,,,,0
Valencia,Rascanya,609042535173332206,2026-06-01,Vivienda vacacional en Valencia,247.0,6.0,2.0,3.0,2.0,4.76,165.0,https://www.airbnb.es/rooms/609042535173332206,6.090425351733322e+17,,4,1.0,0.99,0.0,1.0,1.0,Entire vacation home,Entire home/apt,2.0,365.0,VT-54029-V,0.1,0.4,0.5666666666666667,0.4328767123287671,1
Valencia,Rascanya,1259960882727342182,2026-06-01,Habitación en Valencia,86.0,,,1.0,,5.0,34.0,https://www.airbnb.es/rooms/1259960882727342182,1.259960882727342e+18,,4,1.0,0.97,1.0,1.0,1.0,Private room in rental unit,Private room,1.0,1125.0,,0.3333333333333333,0.5333333333333333,0.5666666666666667,0.852054794520548,0
Valencia,Rascanya,1028681600083538711,2026-06-01,Apartamento en Valencia,194.0,4.0,1.0,2.0,1.0,4.86,63.0,https://www.airbnb.es/rooms/1028681600083538711,1.0286816000835387e+18,,4,1.0,1.0,1.0,1.0,1.0,Entire rental unit,Entire home/apt,4.0,150.0,ESFCTU00004605400053256800000000000000000000000000008,0.5,0.5666666666666667,0.6555555555555556,0.6410958904109589,1
Valencia,Rascanya,858817957978283523,2026-06-01,Apartamento en Valencia,194.0,6.0,1.0,3.0,1.0,4.33,3.0,https://www.airbnb.es/rooms/858817957978283523,8.588179579782835e+17,,4,1.0,1.0,,1.0,1.0,Entire rental unit,Entire home/apt,1.0,365.0,,0.7,0.75,0.8,0.4520547945205479,0
Valencia,Rascanya,1187429399209424216,2026-06-01,Apartamento en Valencia,188.0,6.0,2.0,3.0,1.0,4.67,79.0,https://www.airbnb.es/rooms/1187429399209424216,,,0,,,,,,,,,,,,,,,0
Valencia,Rascanya,1366479408787658421,2026-06-01,Apartamento en Valencia,147.0,4.0,1.0,3.0,1.0,4.83,40.0,https://www.airbnb.es/rooms/1366479408787658421,1.3664794087876585e+18,,4,1.0,1.0,1.0,1.0,1.0,Entire rental unit,Entire home/apt,2.0,730.0,ESFCTU0000460510009716700000000000000CV-VUT0057267-V1,0.16666666666666666,0.38333333333333336,0.5222222222222223,0.5315068493150685,1
Valencia,Rascanya,1340632888427451713,2026-06-01,Apartamento en Valencia,127.0,2.0,1.0,1.0,1.0,4.74,80.0,https://www.airbnb.es/rooms/1340632888427451713,1.3406328884274516e+18,,4,1.0,1.0,1.0,1.0,1.0,Entire rental unit,Entire home/apt,1.0,1125.0,,0.4,0.6,0.6777777777777778,0.1780821917808219,0
Valencia,Rascanya,1347152892263592071,2026-06-01,Apartamento en Valencia,185.0,4.0,1.0,2.0,1.0,,,https://www.airbnb.es/rooms/1347152892263592071,1.3471528922635922e+18,,4,1.0,0.91,,1.0,1.0,Entire rental unit,Entire home/apt,2.0,365.0,ESFCTU00004605400029146500000000000000000000055557-V2,0.06666666666666667,0.36666666666666664,0.5222222222222223,0.25205479452054796,1
Valencia,Rascanya,1289755008352546351,2026-06-01,Apartamento en Valencia,211.0,4.0,1.0,1.0,1.0,5.0,14.0,https://www.airbnb.es/rooms/1289755008352546351,1.2897550083525463e+18,,4,1.0,1.0,0.0,1.0,1.0,Entire rental unit,Entire home/apt,1.0,30.0,ESFCNT00004605300079272900000000000000000000000000003,0.43333333333333335,0.65,0.7444444444444445,0.6794520547945205,1
Valencia,Rascanya,873124583053115835,2026-06-01,Apartamento en Torrefiel,194.0,5.0,1.0,3.0,1.0,4.29,14.0,https://www.airbnb.es/rooms/873124583053115835,8.731245830531158e+17,,4,1.0,1.0,,1.0,1.0,Entire rental unit,Entire home/apt,1.0,365.0,,0.5,0.6333333333333333,0.7111111111111111,0.4301369863013699,0
Valencia,Rascanya,19169313,2026-06-01,Apartamento en Ciutat Vella,176.0,4.0,1.0,2.0,1.0,4.45,98.0,https://www.airbnb.es/rooms/19169313,19169313.0,,4,0.97,0.98,0.0,1.0,1.0,Entire rental unit,Entire home/apt,1.0,1125.0,ESFCTU00004605700093461500000000000000000VUT0034004V8,0.6666666666666666,0.8,0.8666666666666667,0.9671232876712329,1
Valencia,Rascanya,1637505118892363782,2026-06-01,Apartamento en Extramurs,172.0,4.0,1.0,1.0,1.0,4.27,11.0,https://www.airbnb.es/rooms/1637505118892363782,,,0,,,,,,,,,,,,,,,0
Valencia,Rascanya,1207704880595369214,2026-06-01,Apartamento en El Cabanyal-El Canyamelar,174.0,4.0,1.0,1.0,1.0,4.73,45.0,https://www.airbnb.es/rooms/1207704880595369214,1.2077048805953692e+18,,4,1.0,0.98,0.0,1.0,1.0,Entire rental unit,Entire home/apt,2.0,365.0,ESFCTU00004602500076264400000000000000000000057122-V0,0.5333333333333333,0.7166666666666667,0.7888888888888889,0.6876712328767123,1
Valencia,Rascanya,1029479461362811368,2026-06-01,Loft en Camins al Grau,157.0,2.0,,1.0,1.0,4.79,145.0,https://www.airbnb.es/rooms/1029479461362811368,1.0294794613628114e+18,,4,1.0,1.0,1.0,1.0,1.0,Entire loft,Entire home/apt,1.0,365.0,ESFCTU000046086001089390000000000000000000VT-53743-V0,0.4,0.6666666666666666,0.7555555555555555,0.7068493150684931,1
Valencia,Rascanya,1516712870057318982,2026-06-01,Hotel en Ciutat Vella,205.0,4.0,1.0,2.0,1.0,4.58,19.0,https://www.airbnb.es/rooms/1516712870057318982,,,0,,,,,,,,,,,,,,,0
Valencia,Rascanya,1573124076168830789,2026-06-01,Apartamento en Valencia,182.0,4.0,1.0,2.0,1.0,5.0,7.0,https://www.airbnb.es/rooms/1573124076168830789,,,0,,,,,,,,,,,,,,,0
Valencia,Rascanya,1318236502182499555,2026-06-01,Apartamento en Cuatre Carreres,171.0,4.0,1.0,2.0,1.0,4.94,95.0,https://www.airbnb.es/rooms/1318236502182499555,1.3182365021824996e+18,,4,1.0,0.99,1.0,1.0,1.0,Entire rental unit,Entire home/apt,1.0,1125.0,ESFCTU000046059000704441000000000000000000VT-56985-V1,0.16666666666666666,0.2833333333333333,0.4777777777777778,0.14794520547945206,1
Valencia,Rascanya,897619095049425307,2026-06-01,Habitación en El Cabanyal-El Canyamelar,65.0,,,1.0,,4.56,55.0,https://www.airbnb.es/rooms/897619095049425307,8.976190950494253e+17,,3,0.92,1.0,0.0,0.0,1.0,Private room in rental unit,Private room,1.0,1125.0,,0.8666666666666667,0.8833333333333333,0.8555555555555555,0.9643835616438357,0
Valencia,Rascanya,1640554297357232763,2026-06-01,Hostal en Ciutat Vella,89.0,2.0,1.0,2.0,1.0,4.62,13.0,https://www.airbnb.es/rooms/1640554297357232763,,,0,,,,,,,,,,,,,,,0
Valencia,Rascanya,51611389,2026-06-01,Apartamento en El Cabanyal-El Canyamelar,231.0,6.0,2.0,3.0,1.0,4.66,161.0,https://www.airbnb.es/rooms/51611389,51611389.0,,4,1.0,0.99,0.0,1.0,1.0,Entire rental unit,Entire home/apt,2.0,365.0,VT-54028-V,0.2,0.36666666666666664,0.5444444444444444,0.4410958904109589,1
Valencia,Rascanya,1395777725220292713,2026-06-01,Habitación compartida en Camins al Grau,31.0,,,6.0,,4.63,19.0,https://www.airbnb.es/rooms/1395777725220292713,,,0,,,,,,,,,,,,,,,0
Valencia,Rascanya,1309334858285010777,2026-06-01,Habitación compartida en Camins al Grau,29.0,,,8.0,,4.08,12.0,https://www.airbnb.es/rooms/1309334858285010777,,,0,,,,,,,,,,,,,,,0
Valencia,Rascanya,1309223791917582762,2026-06-01,Apartamento en Camins al Grau,186.0,4.0,1.0,2.0,1.0,,,https://www.airbnb.es/rooms/1309223791917582762,1.3092237919175828e+18,,4,1.0,1.0,0.0,1.0,1.0,Entire rental unit,Entire home/apt,1.0,1125.0,ESFCTU000046061001017468000000000000000000VT-55181-V8,0.4,0.5166666666666667,0.6333333333333333,0.8465753424657534,1
Valencia,Rascanya,53460968,2026-06-01,Apartamento en Extramurs,198.0,3.0,,2.0,1.0,4.69,204.0,https://www.airbnb.es/rooms/53460968,53460968.0,,4,1.0,0.99,,1.0,1.0,Entire rental unit,Entire home/apt,3.0,364.0,VT-37465-V,0.23333333333333334,0.38333333333333336,0.5555555555555556,0.2465753424657534,1
Valencia,Rascanya,1404176697606872527,2026-06-01,Apartamento en Cuatre Carreres,138.0,4.0,1.0,1.0,1.0,4.82,22.0,https://www.airbnb.es/rooms/1404176697606872527,1.4041766976068726e+18,,4,1.0,0.99,1.0,1.0,1.0,Entire rental unit,Entire home/apt,2.0,365.0,,0.43333333333333335,0.6833333333333333,0.7555555555555555,0.38082191780821917,0
Valencia,Rascanya,53469225,2026-06-01,Hotel en Benimámet,84.0,2.0,1.0,1.0,1.0,3.8,5.0,https://www.airbnb.es/rooms/53469225,,,0,,,,,,,,,,,,,,,0
Valencia,Rascanya,979832090429693512,2026-06-01,Habitación en Ciutat Vella,118.0,,,1.0,,4.44,9.0,https://www.airbnb.es/rooms/979832090429693512,9.798320904296936e+17,,4,0.9,1.0,0.0,1.0,1.0,Private room in rental unit,Private room,1.0,365.0,,0.7666666666666667,0.85,0.9,0.2465753424657534,0
Valencia,Rascanya,866521635504366299,2026-06-01,Alojamiento en El Cabanyal-El Canyamelar,152.0,2.0,1.0,1.0,2.0,4.67,3.0,https://www.airbnb.es/rooms/866521635504366299,,,0,,,,,,,,,,,,,,,0
Valencia,Rascanya,552735701112668446,2026-06-01,Apartamento en Extramurs,121.0,2.0,1.0,1.0,1.0,4.63,8.0,https://www.airbnb.es/rooms/552735701112668446,5.527357011126684e+17,,4,0.99,1.0,0.0,1.0,1.0,Entire rental unit,Entire home/apt,1.0,365.0,HV-1477,0.26666666666666666,0.45,0.5777777777777777,0.6,1
Valencia,Rascanya,1603555216980767248,2026-06-01,Apartamento en Russafa,219.0,4.0,,,1.0,,,https://www.airbnb.es/rooms/1603555216980767248,,,0,,,,,,,,,,,,,,,0
Valencia,Rascanya,18426659,2026-06-01,Loft en Russafa,181.0,2.0,1.0,1.0,1.0,4.8,425.0,https://www.airbnb.es/rooms/18426659,18426659.0,,4,1.0,1.0,,1.0,1.0,Entire loft,Entire home/apt,3.0,364.0,VT-38328-V,0.3,0.45,0.5777777777777777,0.3287671232876712,1
Valencia,Rascanya,938110941050052733,2026-06-01,Loft en El Cabanyal-El Canyamelar,190.0,3.0,1.0,2.0,1.0,4.54,37.0,https://www.airbnb.es/rooms/938110941050052733,9.381109410500527e+17,,4,1.0,0.99,0.0,1.0,1.0,Entire loft,Entire home/apt,2.0,1125.0,VT-54027-V,0.16666666666666666,0.2833333333333333,0.45555555555555555,0.4383561643835616,1
Valencia,Rascanya,1689031497526311726,2026-06-01,Apartamento en Patraix,146.0,2.0,1.0,2.0,1.0,,,https://www.airbnb.es/rooms/1689031497526311726,,,0,,,,,,,,,,,,,,,0
Valencia,Rascanya,51720969,2026-06-01,Apartamento en Ciutat Vella,179.0,4.0,1.0,2.0,1.0,5.0,3.0,https://www.airbnb.es/rooms/51720969,51720969.0,,4,1.0,0.97,0.0,1.0,1.0,Entire serviced apartment,Entire home/apt,2.0,1125.0,VT36854V,0.4,0.6166666666666667,0.7222222222222222,0.3506849315068493,1
Valencia,Rascanya,50494851,2026-06-01,Loft en Ciutat Vella,191.0,4.0,1.0,2.0,1.0,4.66,93.0,https://www.airbnb.es/rooms/50494851,50494851.0,,4,1.0,0.99,0.0,1.0,1.0,Entire loft,Entire home/apt,2.0,10.0,VT-40211-V,0.13333333333333333,0.2833333333333333,0.4777777777777778,0.21643835616438356,1
Valencia,Rascanya,45745106,2026-06-01,Hostal en Ciutat Vella,118.0,2.0,1.0,1.0,1.0,4.4,5.0,https://www.airbnb.es/rooms/45745106,45745106.0,,4,1.0,1.0,0.0,1.0,1.0,Private room in hostel,Private room,1.0,1125.0,,0.36666666666666664,0.5833333333333334,0.6666666666666666,0.9095890410958904,0
Valencia,Rascanya,1116779529373427744,2026-06-01,Loft en Natzaret,138.0,4.0,1.0,2.0,1.0,4.75,80.0,https://www.airbnb.es/rooms/1116779529373427744,1.1167795293734277e+18,,4,1.0,1.0,0.0,1.0,1.0,Entire loft,Entire home/apt,1.0,10.0,ESFCTU0000460520002415890000000000000CV-VUT0055452-V3,0.4,0.6333333333333333,0.7333333333333333,0.6684931506849315,1
Valencia,Rascanya,1635471035965745054,2026-06-01,Apartamento en Patraix,168.0,4.0,1.0,2.0,1.0,,,https://www.airbnb.es/rooms/1635471035965745054,,,0,,,,,,,,,,,,,,,0
Valencia,Rascanya,42727914,2026-06-01,Apartamento en Russafa,252.0,4.0,2.0,2.0,1.0,4.93,190.0,https://www.airbnb.es/rooms/42727914,42727914.0,,4,1.0,1.0,1.0,1.0,1.0,Entire rental unit,Entire home/apt,3.0,10.0,VT-52018-V,0.13333333333333333,0.35,0.5111111111111111,0.27945205479452057,1
Valencia,Rascanya,50867896,2026-06-01,Apartamento en Extramurs,209.0,6.0,2.0,4.0,1.0,4.7,54.0,https://www.airbnb.es/rooms/50867896,50867896.0,,4,0.98,0.99,0.0,1.0,1.0,Entire serviced apartment,Entire home/apt,1.0,1125.0,,0.43333333333333335,0.5,0.6333333333333333,0.36712328767123287,0
Valencia,Rascanya,1034597057605446183,2026-06-01,Apartamento en Valencia,161.0,4.0,1.0,3.0,1.0,4.46,56.0,https://www.airbnb.es/rooms/1034597057605446183,1.0345970576054461e+18,,4,0.98,0.99,0.0,1.0,1.0,Entire rental unit,Entire home/apt,1.0,365.0,,0.7666666666666667,0.8333333333333334,0.8777777777777778,0.9671232876712329,0
Valencia,Rascanya,912186572570322061,2026-06-01,Apartamento en Ciutat Vella,167.0,4.0,1.0,2.0,1.0,4.79,14.0,https://www.airbnb.es/rooms/912186572570322061,9.12186572570322e+17,,4,1.0,1.0,0.0,1.0,1.0,Entire rental unit,Entire home/apt,1.0,365.0,ESHFTU00004602500055575800600000000000000000VT30620V2,0.6,0.7166666666666667,0.8,0.6931506849315069,1
Valencia,Rascanya,1295464547837969149,2026-06-01,Adosado en El Cabanyal-El Canyamelar,215.0,5.0,3.0,3.0,1.0,4.43,30.0,https://www.airbnb.es/rooms/1295464547837969149,1.2954645478379692e+18,,4,1.0,1.0,0.0,1.0,0.0,Entire townhouse,Entire home/apt,4.0,365.0,VT-50472-V,0.26666666666666666,0.13333333333333333,0.12222222222222222,0.030136986301369864,1
Valencia,Rascanya,1358854821312431741,2026-06-01,Apartamento en Valencia,209.0,4.0,1.0,2.0,1.0,4.53,36.0,https://www.airbnb.es/rooms/1358854821312431741,1.3588548213124316e+18,,4,1.0,1.0,0.0,1.0,0.0,Entire rental unit,Entire home/apt,1.0,1125.0,ESFCTU0000460530009335280000000000000CV-VUT0057525-V4,0.8,0.85,0.8666666666666667,0.4547945205479452,1
Valencia,Rascanya,45745180,2026-06-01,Hostal en Ciutat Vella,134.0,2.0,1.0,1.0,1.0,4.64,39.0,https://www.airbnb.es/rooms/45745180,45745180.0,,4,1.0,1.0,0.0,1.0,1.0,Private room in hostel,Private room,1.0,1125.0,,0.6,0.7333333333333333,0.7777777777777778,0.9397260273972603,0
Valencia,Rascanya,1133019910389060816,2026-06-01,Apartamento en Valencia,200.0,4.0,1.0,2.0,1.0,4.78,46.0,https://www.airbnb.es/rooms/1133019910389060816,1.1330199103890609e+18,,4,1.0,1.0,0.0,1.0,0.0,Entire rental unit,Entire home/apt,1.0,1125.0,ESFCTU000046051000023393000000000000000000VT-55073-V8,0.5666666666666667,0.7833333333333333,0.8222222222222222,0.44931506849315067,1
Valencia,Rascanya,1359271786157646377,2026-06-01,Apartamento en Valencia,190.0,3.0,1.0,2.0,1.0,,,https://www.airbnb.es/rooms/1359271786157646377,1.3592717861576463e+18,,3,0.6,0.95,1.0,1.0,1.0,Entire rental unit,Entire home/apt,1.0,1125.0,ESFCTU000046054000084500000000000000000000000HV-14808,0.8333333333333334,0.8666666666666667,0.8666666666666667,0.2191780821917808,1
Valencia,Rascanya,7254820,2026-06-01,Apartamento en Valencia,233.0,4.0,2.0,2.0,1.0,4.88,220.0,https://www.airbnb.es/rooms/7254820,7254820.0,,4,1.0,1.0,1.0,1.0,1.0,Entire rental unit,Entire home/apt,3.0,130.0,VT-39564-V,0.13333333333333333,0.26666666666666666,0.45555555555555555,0.11232876712328767,1
Valencia,Rascanya,663825601416591495,2026-06-01,Loft en Valencia,194.0,4.0,1.0,1.0,1.0,4.81,21.0,https://www.airbnb.es/rooms/663825601416591495,6.638256014165915e+17,,3,1.0,0.5,,1.0,1.0,Entire loft,Entire home/apt,4.0,50.0,ESFCTU0000460540005327730000000000000CV-VUT0052019-V1,0.3333333333333333,0.48333333333333334,0.6,0.6410958904109589,1
Valencia,Rascanya,1389150793764377405,2026-06-01,Hotel en Valencia,91.0,2.0,1.0,1.0,1.0,4.6,5.0,https://www.airbnb.es/rooms/1389150793764377405,1.3891507937643773e+18,,4,0.95,1.0,0.0,1.0,1.0,Room in hotel,Private room,1.0,365.0,,0.8,0.8166666666666667,0.8222222222222222,0.9424657534246575,0
Valencia,Rascanya,1425397851540825183,2026-06-01,Apartamento en Port Saplaya,169.0,6.0,3.0,6.0,0.0,4.4,15.0,https://www.airbnb.es/rooms/1425397851540825183,,,0,,,,,,,,,,,,,,,0
Valencia,Rascanya,1635502966918424255,2026-06-01,Apartamento en Valencia,168.0,4.0,1.0,2.0,1.0,,,https://www.airbnb.es/rooms/1635502966918424255,,,0,,,,,,,,,,,,,,,0
Valencia,Rascanya,1045441732698251354,2026-06-01,Apartamento en Valencia,152.0,4.0,1.0,1.0,1.0,4.38,129.0,https://www.airbnb.es/rooms/1045441732698251354,1.0454417326982514e+18,,4,1.0,1.0,0.0,1.0,1.0,Entire rental unit,Entire home/apt,1.0,10.0,ESFCTU0000460520001679260000000000000CV-VUT0054050-V4,0.3333333333333333,0.5833333333333334,0.6888888888888889,0.6547945205479452,1
Valencia,Rascanya,1379523697187239243,2026-06-01,Apartamento en Valencia,116.0,4.0,,2.0,1.0,4.78,9.0,https://www.airbnb.es/rooms/1379523697187239243,1.3795236971872392e+18,,4,1.0,1.0,1.0,1.0,0.0,Entire rental unit,Entire home/apt,1.0,1125.0,VT-54221-V,0.8666666666666667,0.9333333333333333,0.9222222222222223,0.9808219178082191,1
Valencia,Rascanya,1275921238201173538,2026-06-01,Habitación de hotel en Valencia,120.0,4.0,1.0,2.0,1.0,4.76,115.0,https://www.airbnb.es/rooms/1275921238201173538,1.2759212382011735e+18,,4,1.0,1.0,0.0,1.0,1.0,Room in aparthotel,Entire home/apt,1.0,90.0,,0.9,0.95,0.9666666666666667,0.9917808219178083,0
Valencia,Rascanya,38688752,2026-06-01,Habitación de hotel en Valencia,46.0,1.0,1.0,1.0,1.0,4.7,33.0,https://www.airbnb.es/rooms/38688752,,,0,,,,,,,,,,,,,,,0
Valencia,Rascanya,5628080,2026-06-01,Habitación en Paterna,53.0,,,1.0,,4.9,40.0,https://www.airbnb.es/rooms/5628080,,,0,,,,,,,,,,,,,,,0
Valencia,Rascanya,26252623,2026-06-01,Apartamento en Valencia,274.0,8.0,4.0,6.0,1.0,4.48,264.0,https://www.airbnb.es/rooms/26252623,26252623.0,,4,0.96,1.0,0.0,1.0,1.0,Entire rental unit,Entire home/apt,1.0,1125.0,VT-44869-V,0.6,0.6333333333333333,0.6888888888888889,0.8958904109589041,1
Valencia,Rascanya,1254848865340952648,2026-06-01,Apartamento en Valencia,237.0,4.0,1.0,2.0,1.0,4.8,5.0,https://www.airbnb.es/rooms/1254848865340952648,1.2548488653409526e+18,,0,,0.25,0.0,1.0,1.0,Entire rental unit,Entire home/apt,1.0,365.0,ESFCTU000046051000957698000000000000000000CV-55196-V1,0.16666666666666666,0.45,0.6,0.336986301369863,1
Valencia,Rascanya,1302783550773951181,2026-06-01,Habitación en Valencia,68.0,,,1.0,,4.55,33.0,https://www.airbnb.es/rooms/1302783550773951181,1.3027835507739512e+18,,4,1.0,0.96,0.0,0.0,1.0,Private room in rental unit,Private room,1.0,21.0,,0.8333333333333334,0.9,0.9,0.2465753424657534,0
Valencia,Rascanya,1445666480713235113,2026-06-01,Vivienda en Burjasot,293.0,4.0,2.0,3.0,2.0,5.0,22.0,https://www.airbnb.es/rooms/1445666480713235113,,,0,,,,,,,,,,,,,,,0
Valencia,Rascanya,19935603,2026-06-01,Apartamento en Valencia,270.0,5.0,3.0,4.0,2.0,4.69,176.0,https://www.airbnb.es/rooms/19935603,19935603.0,,4,1.0,0.96,0.0,1.0,1.0,Entire rental unit,Entire home/apt,3.0,10.0,VT-36799V,0.3333333333333333,0.5666666666666667,0.6777777777777778,0.16986301369863013,1
Valencia,Rascanya,861410996799190096,2026-06-01,Alojamiento en Valencia,153.0,4.0,1.0,4.0,1.0,4.81,94.0,https://www.airbnb.es/rooms/861410996799190096,8.614109967991901e+17,,4,0.98,0.96,1.0,1.0,1.0,Private room in rental unit,Private room,1.0,365.0,HV-1440,0.6333333333333333,0.8166666666666667,0.8555555555555555,0.7178082191780822,1
Valencia,Rascanya,745489583366115986,2026-06-01,Hotel boutique en Valencia,160.0,2.0,1.0,1.0,0.0,5.0,3.0,https://www.airbnb.es/rooms/745489583366115986,7.45489583366116e+17,,4,0.9,1.0,0.0,1.0,1.0,Room in boutique hotel,Private room,1.0,365.0,,0.4666666666666667,0.5666666666666667,0.6777777777777778,0.8958904109589041,0
Valencia,Rascanya,886998425075070494,2026-06-01,Habitación en Valencia,100.0,,,1.0,,4.46,26.0,https://www.airbnb.es/rooms/886998425075070494,8.869984250750705e+17,,4,1.0,1.0,0.0,1.0,1.0,Private room in condo,Private room,1.0,1125.0,,0.7,0.7333333333333333,0.8111111111111111,0.9013698630136986,0
Valencia,Rascanya,1309223714915716139,2026-06-01,Apartamento en Valencia,186.0,4.0,1.0,2.0,1.0,4.6,5.0,https://www.airbnb.es/rooms/1309223714915716139,1.309223714915716e+18,,4,1.0,1.0,0.0,1.0,1.0,Entire rental unit,Entire home/apt,1.0,1125.0,ESFCTU000046061001017475000000000000000000VT-55182-V3,0.26666666666666666,0.55,0.6666666666666666,0.8547945205479452,1
Valencia,Rascanya,1188450940860544992,2026-06-01,Loft en Valencia,106.0,4.0,1.0,1.0,1.0,4.71,77.0,https://www.airbnb.es/rooms/1188450940860544992,1.188450940860545e+18,,4,1.0,0.99,0.0,1.0,1.0,Entire loft,Entire home/apt,1.0,365.0,ESHFNT00004605200026457100700000000000000000000000003,0.5666666666666667,0.43333333333333335,0.43333333333333335,0.6027397260273972,1
Valencia,Rascanya,1233286051715314497,2026-06-01,Apartamento en Valencia,126.0,2.0,1.0,2.0,1.0,4.78,23.0,https://www.airbnb.es/rooms/1233286051715314497,1.2332860517153144e+18,,4,0.7,0.97,0.0,1.0,1.0,Room in hotel,Private room,1.0,365.0,,0.16666666666666666,0.4,0.5555555555555556,0.8904109589041096,0
Valencia,Rascanya,861413153718066055,2026-06-01,Alojamiento en Valencia,142.0,3.0,1.0,4.0,1.0,4.77,74.0,https://www.airbnb.es/rooms/861413153718066055,8.61413153718066e+17,,4,0.98,0.96,1.0,1.0,1.0,Private room in rental unit,Private room,1.0,365.0,HV-1440,0.7,0.8166666666666667,0.8555555555555555,0.7315068493150685,1
Valencia,Rascanya,23870127,2026-06-01,Apartamento en Valencia,200.0,6.0,3.0,3.0,1.0,4.77,13.0,https://www.airbnb.es/rooms/23870127,23870127.0,,0,,1.0,0.0,1.0,1.0,Entire rental unit,Entire home/apt,4.0,60.0,VT-43759-V,0.26666666666666666,0.4166666666666667,0.5777777777777777,0.3178082191780822,1
Valencia,Rascanya,1425961695106085987,2026-06-01,Apartamento en Valencia,190.0,4.0,1.0,1.0,1.0,,,https://www.airbnb.es/rooms/1425961695106085987,1.425961695106086e+18,,4,0.89,1.0,0.0,1.0,0.0,Entire rental unit,Entire home/apt,1.0,365.0,,0.4,0.5,0.6333333333333333,0.1917808219178082,0
Valencia,Rascanya,1117763306906360041,2026-06-01,Apartamento en Valencia,138.0,4.0,1.0,2.0,1.0,4.58,80.0,https://www.airbnb.es/rooms/1117763306906360041,1.11776330690636e+18,,4,1.0,1.0,0.0,1.0,1.0,Entire rental unit,Entire home/apt,1.0,10.0,ESFCTU0000460520005994680000000000000CV-VUT0056863-V8,0.7,0.8,0.8333333333333334,0.6931506849315069,1
Valencia,Rascanya,1013893880064605677,2026-06-01,Apartamento en Godella,150.0,4.0,1.0,2.0,1.0,4.9,40.0,https://www.airbnb.es/rooms/1013893880064605677,,,0,,,,,,,,,,,,,,,0
Valencia,Rascanya,1151288988345949707,2026-06-01,Habitación de hotel en Valencia,118.0,3.0,1.0,2.0,1.0,4.72,25.0,https://www.airbnb.es/rooms/1151288988345949707,1.1512889883459497e+18,,4,0.96,0.98,0.0,1.0,0.0,Room in aparthotel,Entire home/apt,1.0,1125.0,,0.5,0.5833333333333334,0.6888888888888889,0.20821917808219179,0
Valencia,Rascanya,1116764743700338104,2026-06-01,Apartamento en Valencia,138.0,2.0,1.0,2.0,1.0,4.74,73.0,https://www.airbnb.es/rooms/1116764743700338104,1.116764743700338e+18,,4,1.0,1.0,0.0,1.0,1.0,Entire rental unit,Entire home/apt,1.0,10.0,ESFCTU0000460520005994440000000000000CV-VUT0056862-V5,0.7666666666666667,0.8333333333333334,0.8555555555555555,0.7041095890410959,1
Valencia,Rascanya,1521694286655934392,2026-06-01,Vivienda en Manises,229.0,7.0,3.0,6.0,2.0,4.76,25.0,https://www.airbnb.es/rooms/1521694286655934392,,,0,,,,,,,,,,,,,,,0
Valencia,Rascanya,1075246798291751679,2026-06-01,Apartamento en Valencia,173.0,2.0,1.0,1.0,1.0,4.67,3.0,https://www.airbnb.es/rooms/1075246798291751679,1.0752467982917517e+18,,4,1.0,1.0,0.0,1.0,1.0,Entire rental unit,Entire home/apt,1.0,1125.0,ESFCTU000046061001020406000000000000000000VT-54136-V5,0.26666666666666666,0.6333333333333333,0.7222222222222222,0.8684931506849315,1
Valencia,Rascanya,1607840187609887992,2026-06-01,Hotel en Valencia,152.0,2.0,1.0,1.0,0.0,,,https://www.airbnb.es/rooms/1607840187609887992,,,0,,,,,,,,,,,,,,,0
Valencia,Rascanya,1410922727762428454,2026-06-01,Loft en Valencia,323.0,4.0,2.0,,1.0,4.57,7.0,https://www.airbnb.es/rooms/1410922727762428454,,,0,,,,,,,,,,,,,,,0
Valencia,Rascanya,1074404568126123746,2026-06-01,Apartamento en Valencia,150.0,4.0,1.0,2.0,1.0,4.42,12.0,https://www.airbnb.es/rooms/1074404568126123746,1.0744045681261238e+18,,4,0.98,0.99,0.0,1.0,1.0,Entire rental unit,Entire home/apt,1.0,365.0,,0.2,0.3,0.37777777777777777,0.4301369863013699,0
Valencia,Rascanya,1635455386228720977,2026-06-01,Apartamento en Valencia,168.0,4.0,1.0,2.0,1.0,,,https://www.airbnb.es/rooms/1635455386228720977,,,0,,,,,,,,,,,,,,,0
Valencia,Rascanya,861430992314981197,2026-06-01,Habitación en Camins al Grau,208.0,,,5.0,,4.89,35.0,https://www.airbnb.es/rooms/861430992314981197,8.614309923149812e+17,,4,0.98,0.96,1.0,1.0,1.0,Private room in rental unit,Private room,1.0,365.0,HV-1440,0.5,0.6833333333333333,0.7555555555555555,0.6602739726027397,1
Valencia,Rascanya,1034610319570021185,2026-06-01,Apartamento en Valencia,180.0,4.0,1.0,3.0,1.0,4.4,10.0,https://www.airbnb.es/rooms/1034610319570021185,1.0346103195700212e+18,,4,0.98,0.99,0.0,1.0,1.0,Entire rental unit,Entire home/apt,1.0,365.0,,0.7666666666666667,0.8166666666666667,0.8777777777777778,0.9616438356164384,0
Valencia,Rascanya,50890366,2026-06-01,Apartamento en El Cabanyal-El Canyamelar,183.0,4.0,2.0,3.0,1.0,4.55,71.0,https://www.airbnb.es/rooms/50890366,50890366.0,,4,1.0,0.97,0.0,1.0,1.0,Entire serviced apartment,Entire home/apt,2.0,1125.0,VT-33501-V,0.8666666666666667,0.9333333333333333,0.9555555555555556,0.42191780821917807,1
Valencia,Rascanya,1648649467507702351,2026-06-01,Hostal en Ciutat Vella,96.0,2.0,1.0,1.0,1.0,4.67,6.0,https://www.airbnb.es/rooms/1648649467507702351,,,0,,,,,,,,,,,,,,,0
Valencia,Rascanya,1375245120707310190,2026-06-01,Habitación en Camins al Grau,212.0,,,1.0,,4.9,30.0,https://www.airbnb.es/rooms/1375245120707310190,1.37524512070731e+18,,4,1.0,1.0,0.0,1.0,1.0,Private room in rental unit,Private room,1.0,365.0,,0.6333333333333333,0.75,0.7888888888888889,0.8876712328767123,0
Valencia,Rascanya,1084688564822099218,2026-06-01,Barco en Valencia,268.0,6.0,3.0,2.0,2.0,5.0,17.0,https://www.airbnb.es/rooms/1084688564822099218,,,0,,,,,,,,,,,,,,,0
Valencia,Rascanya,1092691689259355963,2026-06-01,Apartamento en Cuatre Carreres,140.0,2.0,1.0,1.0,1.0,4.4,5.0,https://www.airbnb.es/rooms/1092691689259355963,1.0926916892593559e+18,,4,0.98,0.99,0.0,1.0,1.0,Entire rental unit,Entire home/apt,1.0,365.0,,0.5333333333333333,0.65,0.7111111111111111,0.9205479452054794,0
Valencia,Rascanya,1543404315943790513,2026-06-01,Apartamento en Benimámet,122.0,4.0,1.0,2.0,1.0,4.6,5.0,https://www.airbnb.es/rooms/1543404315943790513,,,0,,,,,,,,,,,,,,,0
Valencia,Rascanya,1298528201046989630,2026-06-01,Apartamento en Ciutat Vella,151.0,4.0,1.0,1.0,1.0,,,https://www.airbnb.es/rooms/1298528201046989630,1.2985282010469896e+18,,4,1.0,1.0,0.0,1.0,1.0,Entire rental unit,Entire home/apt,1.0,365.0,ESHFTU000046025000555710002000000000000000000VT306264,0.36666666666666664,0.5333333333333333,0.6444444444444445,0.6219178082191781,1
Valencia,Rascanya,1167296448957671368,2026-06-01,Apartamento en Patraix,153.0,4.0,1.0,2.0,1.0,4.71,7.0,https://www.airbnb.es/rooms/1167296448957671368,1.1672964489576714e+18,,4,1.0,1.0,0.0,0.0,1.0,Entire rental unit,Entire home/apt,1.0,10.0,VT-55583-V,0.2,0.45,0.5888888888888889,0.6,1
Valencia,Rascanya,730832755247670221,2026-06-01,Apartamento en Russafa,229.0,4.0,1.0,2.0,1.0,4.92,12.0,https://www.airbnb.es/rooms/730832755247670221,7.308327552476703e+17,,4,1.0,1.0,0.0,1.0,1.0,Entire rental unit,Entire home/apt,1.0,1125.0,VT-41914-V,0.23333333333333334,0.35,0.37777777777777777,0.7397260273972602,1
Valencia,Rascanya,16578998,2026-06-01,Apartamento en Ciutat Vella,266.0,3.0,1.0,1.0,1.0,4.83,306.0,https://www.airbnb.es/rooms/16578998,16578998.0,,3,1.0,0.98,1.0,1.0,1.0,Entire rental unit,Entire home/apt,3.0,300.0,VT-41451-V,0.06666666666666667,0.18333333333333332,0.26666666666666666,0.273972602739726,1
Valencia,Rascanya,1461556181651064090,2026-06-01,Apartamento en Cuatre Carreres,174.0,3.0,1.0,2.0,1.0,4.43,14.0,https://www.airbnb.es/rooms/1461556181651064090,1.461556181651064e+18,,4,0.95,0.97,0.0,1.0,1.0,Entire rental unit,Entire home/apt,2.0,11.0,VT-57938-V,0.8666666666666667,0.8,0.8111111111111111,0.9534246575342465,1
Valencia,Rascanya,1131934890511255838,2026-06-01,Habitación en Algirós,60.0,,,1.0,,4.67,6.0,https://www.airbnb.es/rooms/1131934890511255838,1.1319348905112558e+18,,4,1.0,0.2,0.0,1.0,1.0,Private room in rental unit,Private room,1.0,365.0,,0.0,0.0,0.0,0.3150684931506849,0
Valencia,Rascanya,1543396271146521105,2026-06-01,Apartamento en Benimámet,97.0,2.0,1.0,1.0,1.0,,,https://www.airbnb.es/rooms/1543396271146521105,,,0,,,,,,,,,,,,,,,0
Valencia,Rascanya,1443604455776766845,2026-06-01,Habitación de hotel en El Cabanyal-El Canyamelar,139.0,2.0,1.0,1.0,1.0,4.17,12.0,https://www.airbnb.es/rooms/1443604455776766845,1.4436044557767667e+18,,4,0.93,1.0,0.0,1.0,1.0,Room in aparthotel,Entire home/apt,1.0,1125.0,AT-186-V,0.8333333333333334,0.8666666666666667,0.8666666666666667,0.9671232876712329,1
Valencia,Rascanya,1121525098311929924,2026-06-01,Apartamento en Extramurs,185.0,4.0,2.0,3.0,1.0,4.31,16.0,https://www.airbnb.es/rooms/1121525098311929924,1.12152509831193e+18,,4,0.91,0.99,0.0,1.0,1.0,Entire rental unit,Entire home/apt,1.0,1125.0,AV-10,0.43333333333333335,0.65,0.7666666666666667,0.9342465753424658,1
Valencia,Campanar,1066369783450628624,2026-06-01,Apartamento en Valencia,250.0,4.0,1.0,2.0,1.0,4.67,104.0,https://www.airbnb.es/rooms/1066369783450628624,1.0663697834506286e+18,,4,1.0,1.0,0.0,1.0,1.0,Entire rental unit,Entire home/apt,3.0,10.0,ESFCTU00004605300093159300000000000000000000057528-V2,0.3333333333333333,0.55,0.7,0.36164383561643837,1
Valencia,Campanar,53875212,2026-06-01,Habitación de hotel en Valencia,219.0,2.0,1.0,1.0,1.0,4.88,17.0,https://www.airbnb.es/rooms/53875212,53875212.0,,4,1.0,1.0,1.0,1.0,1.0,Room in aparthotel,Private room,1.0,1125.0,HV-1474,0.5333333333333333,0.7666666666666667,0.8222222222222222,0.9561643835616438,1
Valencia,Campanar,1050702638622043658,2026-06-01,Apartamento en Aldaya,82.0,3.0,1.0,1.0,1.0,4.78,258.0,https://www.airbnb.es/rooms/1050702638622043658,,,0,,,,,,,,,,,,,,,0
Valencia,Campanar,1447145761273484453,2026-06-01,Habitación en Valencia,128.0,,,1.0,,4.88,26.0,https://www.airbnb.es/rooms/1447145761273484453,1.4471457612734845e+18,,4,1.0,0.96,0.0,1.0,1.0,Private room in rental unit,Private room,1.0,365.0,,0.0,0.0,0.0,0.0,0
Valencia,Campanar,48145359,2026-06-01,Apartamento en Valencia,294.0,2.0,1.0,1.0,1.0,4.88,224.0,https://www.airbnb.es/rooms/48145359,48145359.0,,4,1.0,0.99,1.0,1.0,0.0,Entire rental unit,Entire home/apt,2.0,45.0,ESFCTU000046063000683781000000000000000000VT-50482-V9,0.36666666666666664,0.5333333333333333,0.6555555555555556,0.6547945205479452,1
Valencia,Campanar,1082437798138968198,2026-06-01,Hotel en Valencia,163.0,3.0,1.0,1.0,1.0,4.54,13.0,https://www.airbnb.es/rooms/1082437798138968198,1.0824377981389682e+18,,4,1.0,0.97,0.0,1.0,1.0,Room in hotel,Private room,1.0,365.0,HV-1103,0.6333333333333333,0.6666666666666666,0.7,0.2273972602739726,1
Valencia,Campanar,1072417754507096408,2026-06-01,Apartamento en Valencia,170.0,3.0,1.0,2.0,1.0,4.76,21.0,https://www.airbnb.es/rooms/1072417754507096408,1.0724177545070964e+18,,4,0.98,0.99,0.0,1.0,1.0,Entire rental unit,Entire home/apt,1.0,365.0,,0.7,0.8,0.8444444444444444,0.9534246575342465,0
Valencia,Campanar,1609346408451818484,2026-06-01,Hotel en Valencia,184.0,3.0,1.0,1.0,1.0,,,https://www.airbnb.es/rooms/1609346408451818484,,,0,,,,,,,,,,,,,,,0
Valencia,Campanar,1074382554534579679,2026-06-01,Apartamento en Valencia,180.0,4.0,1.0,2.0,1.0,4.6,47.0,https://www.airbnb.es/rooms/1074382554534579679,1.0743825545345797e+18,,4,0.98,0.99,0.0,1.0,1.0,Entire rental unit,Entire home/apt,1.0,365.0,,0.8333333333333334,0.9166666666666666,0.9333333333333333,0.9753424657534246,0
Valencia,Campanar,878820494292655166,2026-06-01,Apartamento en Valencia,190.0,4.0,1.0,3.0,1.0,5.0,3.0,https://www.airbnb.es/rooms/878820494292655166,8.788204942926551e+17,,3,0.6,0.95,1.0,1.0,1.0,Entire rental unit,Entire home/apt,1.0,1125.0,ESFCTU000046051000944063000000000000000000VT-54006-V3,0.8,0.8,0.7888888888888889,0.2,1
Valencia,Campanar,1074423342182409239,2026-06-01,Apartamento en Valencia,189.0,4.0,1.0,2.0,1.0,4.67,9.0,https://www.airbnb.es/rooms/1074423342182409239,1.0744233421824092e+18,,4,0.98,0.99,0.0,1.0,1.0,Entire rental unit,Entire home/apt,1.0,365.0,,0.9333333333333333,0.9666666666666667,0.9555555555555556,0.9808219178082191,0
Valencia,Campanar,1609302291357461191,2026-06-01,Hotel en Valencia,211.0,4.0,1.0,2.0,0.0,,,https://www.airbnb.es/rooms/1609302291357461191,,,0,,,,,,,,,,,,,,,0
Valencia,Campanar,873980449234579085,2026-06-01,Apartamento en Valencia,204.0,6.0,3.0,4.0,1.0,4.53,30.0,https://www.airbnb.es/rooms/873980449234579085,8.739804492345791e+17,,4,1.0,1.0,0.0,1.0,1.0,Entire rental unit,Entire home/apt,1.0,365.0,,0.5333333333333333,0.6,0.6333333333333333,0.3013698630136986,0
Valencia,Campanar,1607911063851267271,2026-06-01,Hotel en Valencia,140.0,2.0,1.0,1.0,0.0,,,https://www.airbnb.es/rooms/1607911063851267271,,,0,,,,,,,,,,,,,,,0
Valencia,Campanar,1319420598436902796,2026-06-01,Habitaciones en Mislata,59.0,,3.0,1.0,,,,https://www.airbnb.es/rooms/1319420598436902796,,,0,,,,,,,,,,,,,,,0
Valencia,Campanar,1446858614496961560,2026-06-01,Hostal en Manises,50.0,1.0,1.0,1.0,1.0,4.72,29.0,https://www.airbnb.es/rooms/1446858614496961560,,,0,,,,,,,,,,,,,,,0
Valencia,Campanar,1251535907417987288,2026-06-01,Habitación en Valencia,70.0,,,2.0,,4.0,3.0,https://www.airbnb.es/rooms/1251535907417987288,1.2515359074179873e+18,,4,0.86,0.96,0.0,1.0,1.0,Private room in rental unit,Private room,1.0,365.0,,0.3,0.48333333333333334,0.5555555555555556,0.6493150684931507,0
Valencia,Campanar,860812362642417137,2026-06-01,Habitación en Valencia,59.0,,,1.0,,4.53,19.0,https://www.airbnb.es/rooms/860812362642417137,8.608123626424172e+17,,4,0.93,0.89,0.0,1.0,1.0,Private room in rental unit,Private room,1.0,1125.0,,0.4,0.6166666666666667,0.6888888888888889,0.9232876712328767,0
Valencia,Campanar,1192621607560178037,2026-06-01,Loft en Valencia,200.0,3.0,1.0,2.0,1.0,4.79,87.0,https://www.airbnb.es/rooms/1192621607560178037,1.192621607560178e+18,,4,1.0,0.99,1.0,1.0,1.0,Entire loft,Entire home/apt,2.0,10.0,ESFCTU000046051000589356000000000000000000VT-54800-V7,0.2,0.5,0.6222222222222222,0.6356164383561644,1
Valencia,Campanar,1635492286820751413,2026-06-01,Apartamento en Valencia,162.0,4.0,1.0,2.0,1.0,,,https://www.airbnb.es/rooms/1635492286820751413,,,0,,,,,,,,,,,,,,,0
Valencia,Campanar,1192539496426011861,2026-06-01,Apartamento en Valencia,273.0,5.0,2.0,4.0,1.0,4.8,5.0,https://www.airbnb.es/rooms/1192539496426011861,1.192539496426012e+18,,4,0.63,1.0,0.0,1.0,1.0,Entire rental unit,Entire home/apt,1.0,1125.0,ESFCTU000046051000398880000000000000000000VT-54632-V4,0.3333333333333333,0.43333333333333335,0.5444444444444444,0.7917808219178082,1
Valencia,Campanar,1231785744537107577,2026-06-01,Apartamento en Valencia,161.0,3.0,,2.0,1.0,4.67,45.0,https://www.airbnb.es/rooms/1231785744537107577,1.2317857445371075e+18,,4,1.0,0.99,1.0,1.0,1.0,Entire rental unit,Entire home/apt,1.0,28.0,ESFCTU0000460670000212840000000000000000000VT-57240V7,0.0,0.45,0.6,0.6328767123287671,1
Valencia,Campanar,11842432,2026-06-01,Apartamento en Valencia,200.0,2.0,1.0,2.0,1.0,4.63,145.0,https://www.airbnb.es/rooms/11842432,11842432.0,,0,,1.0,0.0,1.0,1.0,Entire rental unit,Entire home/apt,1.0,1125.0,VT-37941-V,0.0,0.0,0.0,0.2191780821917808,1
Valencia,Campanar,1630410176700345874,2026-06-01,Apartamento en Valencia,166.0,4.0,1.0,2.0,1.0,,,https://www.airbnb.es/rooms/1630410176700345874,,,0,,,,,,,,,,,,,,,0
Valencia,Campanar,1254170920109648167,2026-06-01,Apartamento en Valencia,175.0,4.0,1.0,2.0,1.0,4.8,5.0,https://www.airbnb.es/rooms/1254170920109648167,1.2541709201096481e+18,,4,1.0,1.0,0.0,1.0,1.0,Entire rental unit,Entire home/apt,1.0,1125.0,ESFCTU000046063000751220000000000000000000VT-55154-V4,0.1,0.36666666666666664,0.5444444444444444,0.8246575342465754,1
Valencia,Campanar,14552908,2026-06-01,Cueva en Paterna,123.0,4.0,2.0,3.0,1.0,4.62,278.0,https://www.airbnb.es/rooms/14552908,,,0,,,,,,,,,,,,,,,0
Valencia,Campanar,1568164483917420372,2026-06-01,Smartr Valencia Turia,215.0,,,,,4.33,9.0,https://www.airbnb.es/rooms/1568164483917420372,,,0,,,,,,,,,,,,,,,0
Valencia,Campanar,1254160098310400411,2026-06-01,Apartamento en Valencia,184.0,4.0,1.0,2.0,1.0,4.67,3.0,https://www.airbnb.es/rooms/1254160098310400411,1.2541600983104005e+18,,4,1.0,1.0,0.0,1.0,1.0,Entire rental unit,Entire home/apt,1.0,1125.0,ESFCTU000046063000751237000000000000000000VT-55155-V9,0.1,0.4,0.5666666666666667,0.8301369863013699,1
Valencia,Campanar,1370263853601754234,2026-06-01,Apartamento en Valencia,211.0,2.0,1.0,1.0,1.0,4.4,5.0,https://www.airbnb.es/rooms/1370263853601754234,1.370263853601754e+18,,4,0.98,0.99,0.0,1.0,1.0,Entire rental unit,Entire home/apt,1.0,180.0,,0.23333333333333334,0.2833333333333333,0.4666666666666667,0.7232876712328767,0
Valencia,Campanar,1273764762920232905,2026-06-01,Apartamento en Valencia,132.0,4.0,,2.0,1.0,4.33,6.0,https://www.airbnb.es/rooms/1273764762920232905,1.273764762920233e+18,,4,0.99,1.0,0.0,1.0,1.0,Entire rental unit,Entire home/apt,1.0,45.0,,0.5333333333333333,0.6666666666666666,0.7555555555555555,0.9397260273972603,0
Valencia,Campanar,1375353041885463059,2026-06-01,Habitación en Valencia,59.0,,,1.0,,4.65,49.0,https://www.airbnb.es/rooms/1375353041885463059,1.375353041885463e+18,,4,1.0,0.97,0.0,1.0,1.0,Private room in rental unit,Private room,1.0,1125.0,,1.0,1.0,0.9777777777777777,0.2410958904109589,0
Valencia,Campanar,650786690282065935,2026-06-01,Loft en Valencia,134.0,4.0,1.0,2.0,1.0,4.33,33.0,https://www.airbnb.es/rooms/650786690282065935,6.507866902820659e+17,,4,0.99,1.0,0.0,1.0,1.0,Entire loft,Entire home/apt,1.0,45.0,VT-51231-V,0.7333333333333333,0.8666666666666667,0.9111111111111111,0.9780821917808219,1
Valencia,Campanar,43019647,2026-06-01,Apartamento en Paterna,149.0,4.0,2.0,2.0,2.0,4.7,33.0,https://www.airbnb.es/rooms/43019647,,,0,,,,,,,,,,,,,,,0
Valencia,Campanar,1285331757536687338,2026-06-01,Apartamento en Valencia,243.0,4.0,1.0,2.0,1.0,,,https://www.airbnb.es/rooms/1285331757536687338,1.2853317575366874e+18,,4,1.0,0.97,0.0,1.0,1.0,Entire rental unit,Entire home/apt,1.0,365.0,,0.4,0.5666666666666667,0.6333333333333333,0.4986301369863014,0
Valencia,Campanar,906208966624897692,2026-06-01,Apartamento en Valencia,340.0,4.0,2.0,2.0,2.0,5.0,25.0,https://www.airbnb.es/rooms/906208966624897692,9.062089666248977e+17,,4,1.0,0.95,1.0,1.0,1.0,Entire rental unit,Entire home/apt,1.0,365.0,VT-54071-V,0.2,0.35,0.4222222222222222,0.4876712328767123,1
Valencia,Campanar,1075209707519933105,2026-06-01,Apartamento en Valencia,216.0,4.0,1.0,2.0,1.0,,,https://www.airbnb.es/rooms/1075209707519933105,1.075209707519933e+18,,4,0.98,0.99,0.0,1.0,1.0,Entire rental unit,Entire home/apt,1.0,365.0,,0.4,0.45,0.6111111111111112,0.8383561643835616,0
Valencia,Campanar,1264470275993068625,2026-06-01,Habitación en Valencia,80.0,,,1.0,,4.66,47.0,https://www.airbnb.es/rooms/1264470275993068625,1.2644702759930685e+18,,4,0.84,0.91,0.0,0.0,1.0,Private room in rental unit,Private room,1.0,365.0,,0.36666666666666664,0.6,0.5,0.1232876712328767,0
Valencia,Campanar,1222481324368118241,2026-06-01,Apartamento en Valencia,174.0,4.0,1.0,2.0,1.0,4.87,53.0,https://www.airbnb.es/rooms/1222481324368118241,1.2224813243681183e+18,,4,1.0,0.99,1.0,1.0,1.0,Entire rental unit,Entire home/apt,1.0,28.0,ESFCTU0000460670003613350000000000000000000VT-56861V1,0.7,0.7666666666666667,0.8222222222222222,0.6767123287671233,1
Valencia,L'Olivereta,1400729233940372057,2026-06-01,Apartamento en Valencia,245.0,6.0,3.0,4.0,1.0,4.83,18.0,https://www.airbnb.es/rooms/1400729233940372057,1.400729233940372e+18,,4,1.0,1.0,0.0,1.0,1.0,Entire rental unit,Entire home/apt,2.0,1125.0,,0.23333333333333334,0.3333333333333333,0.5,0.7616438356164383,0
Valencia,L'Olivereta,1425274985291319997,2026-06-01,Apartamento en Valencia,316.0,4.0,2.0,3.0,1.0,4.95,21.0,https://www.airbnb.es/rooms/1425274985291319997,1.42527498529132e+18,,0,,,1.0,,,Entire rental unit,Entire home/apt,1.0,1125.0,ESFCTU0000460510010933640000000000000CV-VUT0058282-V9,0.7666666666666667,0.8166666666666667,0.8444444444444444,0.7863013698630137,1
Valencia,L'Olivereta,1587853938277995132,2026-06-01,Vivienda en Valencia,289.0,5.0,2.0,3.0,2.0,4.78,18.0,https://www.airbnb.es/rooms/1587853938277995132,,,0,,,,,,,,,,,,,,,0
Valencia,L'Olivereta,1629887153965763072,2026-06-01,Apartamento en Valencia,266.0,2.0,1.0,1.0,1.0,5.0,8.0,https://www.airbnb.es/rooms/1629887153965763072,,,0,,,,,,,,,,,,,,,0
Valencia,L'Olivereta,1305223669349795129,2026-06-01,Apartamento en Valencia,255.0,4.0,2.0,4.0,1.0,4.78,64.0,https://www.airbnb.es/rooms/1305223669349795129,1.305223669349795e+18,,4,1.0,1.0,0.0,1.0,1.0,Entire rental unit,Entire home/apt,2.0,10.0,ESFCTU000046051000976859000000000000000000VT-56611-V5,0.3,0.4,0.5222222222222223,0.8438356164383561,1
Valencia,L'Olivereta,1335574297870239048,2026-06-01,Habitación en Valencia,63.0,,,2.0,,4.94,33.0,https://www.airbnb.es/rooms/1335574297870239048,,,0,,,,,,,,,,,,,,,0
Valencia,L'Olivereta,1609456596648382958,2026-06-01,Hotel en Valencia,164.0,4.0,1.0,2.0,0.0,,,https://www.airbnb.es/rooms/1609456596648382958,,,0,,,,,,,,,,,,,,,0
Valencia,L'Olivereta,1491318986567109686,2026-06-01,Apartamento en Valencia,170.0,4.0,1.0,1.0,1.0,4.53,15.0,https://www.airbnb.es/rooms/1491318986567109686,1.4913189865671096e+18,,4,1.0,1.0,0.0,1.0,1.0,Entire rental unit,Entire home/apt,1.0,365.0,VUT-57780-V,0.8,0.9,0.9333333333333333,0.9835616438356164,1
Valencia,L'Olivereta,1479875765477470356,2026-06-01,Alojamiento en Mislata,53.0,2.0,1.0,2.0,,,,https://www.airbnb.es/rooms/1479875765477470356,,,0,,,,,,,,,,,,,,,0
Valencia,L'Olivereta,1607960056668039613,2026-06-01,Hotel en Valencia,164.0,4.0,1.0,2.0,0.0,,,https://www.airbnb.es/rooms/1607960056668039613,,,0,,,,,,,,,,,,,,,0
Valencia,L'Olivereta,1481925667485362724,2026-06-01,Alojamiento en Chirivella,47.0,1.0,1.0,1.0,2.0,5.0,4.0,https://www.airbnb.es/rooms/1481925667485362724,,,0,,,,,,,,,,,,,,,0
Valencia,L'Olivereta,1137009023536887768,2026-06-01,Habitación en Mislata,45.0,,,,,4.25,12.0,https://www.airbnb.es/rooms/1137009023536887768,,,0,,,,,,,,,,,,,,,0
Valencia,L'Olivereta,18219423,2026-06-01,Habitación en Paterna,65.0,,,1.0,,4.78,251.0,https://www.airbnb.es/rooms/18219423,,,0,,,,,,,,,,,,,,,0
Valencia,L'Olivereta,1441053500313447603,2026-06-01,Apartamento en Valencia,189.0,4.0,1.0,2.0,1.0,4.9,30.0,https://www.airbnb.es/rooms/1441053500313447603,1.4410535003134477e+18,,0,,,,1.0,1.0,Entire rental unit,Entire home/apt,2.0,27.0,,0.23333333333333334,0.45,0.5888888888888889,0.39452054794520547,0
Valencia,L'Olivereta,1108741866897824152,2026-06-01,Vivienda en Paterna,200.0,6.0,3.0,4.0,1.0,4.4,5.0,https://www.airbnb.es/rooms/1108741866897824152,,,0,,,,,,,,,,,,,,,0
Valencia,L'Olivereta,948494413511335769,2026-06-01,Habitación en Valencia,77.0,,,1.0,,4.06,17.0,https://www.airbnb.es/rooms/948494413511335769,,,0,,,,,,,,,,,,,,,0
Valencia,L'Olivereta,1403858593613230266,2026-06-01,Habitación en Torrent,40.0,,,1.0,,3.67,3.0,https://www.airbnb.es/rooms/1403858593613230266,,,0,,,,,,,,,,,,,,,0
Valencia,L'Olivereta,1629724098959902845,2026-06-01,Apartamento en Valencia,183.0,4.0,1.0,2.0,1.0,4.0,3.0,https://www.airbnb.es/rooms/1629724098959902845,,,0,,,,,,,,,,,,,,,0
Valencia,L'Olivereta,1607249205040369249,2026-06-01,Hotel en Valencia,211.0,2.0,1.0,1.0,0.0,,,https://www.airbnb.es/rooms/1607249205040369249,,,0,,,,,,,,,,,,,,,0
Valencia,L'Olivereta,1254160871680527858,2026-06-01,Apartamento en Valencia,175.0,4.0,1.0,2.0,1.0,,,https://www.airbnb.es/rooms/1254160871680527858,1.254160871680528e+18,,4,1.0,1.0,0.0,1.0,1.0,Entire rental unit,Entire home/apt,1.0,1125.0,ESFCTU000046063000751244000000000000000000VT-55157-V1,0.23333333333333334,0.45,0.5555555555555556,0.8273972602739726,1
Valencia,L'Olivereta,1609411858074804447,2026-06-01,Hotel en Valencia,187.0,4.0,1.0,2.0,0.0,,,https://www.airbnb.es/rooms/1609411858074804447,,,0,,,,,,,,,,,,,,,0
Valencia,L'Olivereta,1284944291429036042,2026-06-01,Habitación en Manises,78.0,,,1.0,,,,https://www.airbnb.es/rooms/1284944291429036042,,,0,,,,,,,,,,,,,,,0
Valencia,L'Olivereta,860755584240256119,2026-06-01,Habitación en Valencia,71.0,,,1.0,,,,https://www.airbnb.es/rooms/860755584240256119,8.607555842402561e+17,,4,0.93,0.89,0.0,1.0,1.0,Private room in rental unit,Private room,1.0,1125.0,,0.9666666666666667,0.9333333333333333,0.9333333333333333,0.9835616438356164,0
Valencia,L'Olivereta,1082463870080111781,2026-06-01,Apartahotel en Valencia,133.0,4.0,1.0,1.0,1.0,4.75,4.0,https://www.airbnb.es/rooms/1082463870080111781,1.0824638700801117e+18,,4,0.96,0.98,0.0,1.0,0.0,Room in aparthotel,Private room,1.0,1125.0,,0.7666666666666667,0.8,0.8333333333333334,0.24383561643835616,0
Valencia,L'Olivereta,1284954777274273287,2026-06-01,Habitación en Manises,78.0,,,2.0,,4.45,11.0,https://www.airbnb.es/rooms/1284954777274273287,,,0,,,,,,,,,,,,,,,0
Valencia,Patraix,1235986435250490965,2026-06-01,Apartamento en Valencia,215.0,2.0,1.0,1.0,1.0,4.78,59.0,https://www.airbnb.es/rooms/1235986435250490965,1.235986435250491e+18,,4,1.0,1.0,0.0,1.0,1.0,Entire rental unit,Entire home/apt,3.0,90.0,ESFCTU00004606700004554900000000000000000VUT0057481V2,0.16666666666666666,0.3,0.4777777777777778,0.3643835616438356,1
Valencia,Patraix,23448418,2026-06-01,Alojamiento en Valencia,153.0,2.0,1.0,1.0,1.0,4.96,195.0,https://www.airbnb.es/rooms/23448418,23448418.0,,4,1.0,0.95,1.0,1.0,1.0,Private room in rental unit,Private room,2.0,1125.0,,0.3333333333333333,0.5666666666666667,0.6777777777777778,0.40821917808219177,0
Valencia,Patraix,1612301267128494532,2026-06-01,Apartamento en Valencia,246.0,4.0,2.0,2.0,2.0,4.89,9.0,https://www.airbnb.es/rooms/1612301267128494532,,,0,,,,,,,,,,,,,,,0
Valencia,Patraix,1297936037603119385,2026-06-01,Habitación en Valencia,49.0,,,1.0,,4.97,59.0,https://www.airbnb.es/rooms/1297936037603119385,1.2979360376031194e+18,,4,1.0,0.79,1.0,1.0,1.0,Private room in rental unit,Private room,1.0,365.0,,0.0,0.0,0.0,0.0,0
Valencia,Patraix,40361417,2026-06-01,Apartamento en Mislata,132.0,6.0,2.0,3.0,1.0,4.63,83.0,https://www.airbnb.es/rooms/40361417,,,0,,,,,,,,,,,,,,,0
Valencia,Patraix,1107802998613426854,2026-06-01,Apartamento en Valencia,265.0,5.0,2.0,4.0,1.0,,,https://www.airbnb.es/rooms/1107802998613426854,1.1078029986134268e+18,,4,0.63,1.0,0.0,1.0,1.0,Entire rental unit,Entire home/apt,1.0,1125.0,ESFCTU000046051000398880000000000000000000VT-54634-V8,0.1,0.43333333333333335,0.5444444444444444,0.7917808219178082,1
Valencia,Patraix,1612879697610338607,2026-06-01,Apartamento en Valencia,190.0,6.0,2.0,2.0,1.0,,,https://www.airbnb.es/rooms/1612879697610338607,,,0,,,,,,,,,,,,,,,0
Valencia,Patraix,1233814092740348474,2026-06-01,Apartamento en Valencia,176.0,6.0,2.0,2.0,1.0,4.75,16.0,https://www.airbnb.es/rooms/1233814092740348474,1.2338140927403484e+18,,4,0.7,0.97,0.0,1.0,1.0,Room in aparthotel,Private room,1.0,365.0,,0.8333333333333334,0.8333333333333334,0.8555555555555555,0.9643835616438357,0
Valencia,Patraix,28092199,2026-06-01,Habitación en Patraix,33.0,,,1.0,,4.44,16.0,https://www.airbnb.es/rooms/28092199,28092199.0,,2,1.0,0.0,0.0,1.0,1.0,Private room in rental unit,Private room,1.0,40.0,,0.0,0.18333333333333332,0.45555555555555555,0.11506849315068493,0
Valencia,Patraix,1228240140332550058,2026-06-01,Apartamento en Cuatre Carreres,144.0,4.0,1.0,2.0,1.0,4.61,44.0,https://www.airbnb.es/rooms/1228240140332550058,1.2282401403325501e+18,,4,0.7,0.97,0.0,1.0,1.0,Room in aparthotel,Entire home/apt,1.0,365.0,,0.7333333333333333,0.7833333333333333,0.8222222222222222,0.9561643835616438,0
Valencia,Patraix,1082464695961892979,2026-06-01,Apartahotel en Valencia,125.0,4.0,1.0,2.0,1.0,4.71,28.0,https://www.airbnb.es/rooms/1082464695961892979,1.082464695961893e+18,,4,0.96,0.98,0.0,1.0,0.0,Room in aparthotel,Private room,1.0,1125.0,,0.5333333333333333,0.6,0.7,0.20821917808219179,0
Valencia,Patraix,1574595091519322843,2026-06-01,Bed & breakfast en Valencia,77.0,2.0,1.0,1.0,1.0,4.28,18.0,https://www.airbnb.es/rooms/1574595091519322843,,,0,,,,,,,,,,,,,,,0
Valencia,Patraix,613637123509346545,2026-06-01,Apartamento en Valencia,311.0,6.0,2.0,3.0,1.0,4.83,159.0,https://www.airbnb.es/rooms/613637123509346545,6.136371235093466e+17,,4,1.0,0.99,1.0,1.0,1.0,Entire rental unit,Entire home/apt,3.0,364.0,VT-52118-V,0.26666666666666666,0.5166666666666667,0.6333333333333333,0.3452054794520548,1
Valencia,Patraix,38690008,2026-06-01,Habitación de hotel en Valencia,55.0,1.0,1.0,1.0,1.0,4.8,55.0,https://www.airbnb.es/rooms/38690008,,,0,,,,,,,,,,,,,,,0
Valencia,Patraix,1654165767449896366,2026-06-01,Vivienda en Valencia,127.0,4.0,1.0,1.0,1.0,,,https://www.airbnb.es/rooms/1654165767449896366,,,0,,,,,,,,,,,,,,,0
Valencia,Patraix,1577487808702580992,2026-06-01,Apartamento en Valencia,169.0,2.0,1.0,1.0,1.0,4.58,45.0,https://www.airbnb.es/rooms/1577487808702580992,,,0,,,,,,,,,,,,,,,0
Valencia,Benicalap,1597585162198369007,2026-06-01,Apartamento en Valencia,270.0,,,,,4.87,23.0,https://www.airbnb.es/rooms/1597585162198369007,,,0,,,,,,,,,,,,,,,0
Valencia,Benicalap,839856792206270579,2026-06-01,Habitación en Valencia,164.0,,,1.0,,4.95,91.0,https://www.airbnb.es/rooms/839856792206270579,8.398567922062706e+17,,3,1.0,0.97,1.0,1.0,1.0,Private room in rental unit,Private room,2.0,10.0,,0.13333333333333333,0.43333333333333335,0.5666666666666667,0.13972602739726028,0
Valencia,Benicalap,1628972711711607659,2026-06-01,Apartamento en Valencia,258.0,6.0,1.0,3.0,2.0,4.81,16.0,https://www.airbnb.es/rooms/1628972711711607659,,,0,,,,,,,,,,,,,,,0
Valencia,Benicalap,1380914254871656267,2026-06-01,Apartamento en Valencia,84.0,2.0,1.0,2.0,1.0,4.92,53.0,https://www.airbnb.es/rooms/1380914254871656267,1.3809142548716562e+18,,4,1.0,0.99,1.0,1.0,1.0,Entire rental unit,Entire home/apt,1.0,30.0,CV-VUT0057622-V,0.13333333333333333,0.15,0.28888888888888886,0.2219178082191781,1
Valencia,Benicalap,1328265618076207676,2026-06-01,Habitación en Valencia,108.0,,,2.0,,4.78,32.0,https://www.airbnb.es/rooms/1328265618076207676,1.3282656180762076e+18,,3,0.92,0.68,1.0,0.0,1.0,Private room in bed and breakfast,Private room,2.0,30.0,,0.0,0.35,0.5333333333333333,0.13424657534246576,0
Valencia,Benicalap,19694078,2026-06-01,Loft en Valencia,175.0,6.0,2.0,3.0,1.0,4.94,371.0,https://www.airbnb.es/rooms/19694078,19694078.0,,4,1.0,1.0,1.0,1.0,1.0,Entire loft,Entire home/apt,4.0,10.0,ESFCTU00004602500070948900000000000000000000041458-V7,0.16666666666666666,0.21666666666666667,0.14444444444444443,0.17534246575342466,1
Valencia,Benicalap,1376760485719773958,2026-06-01,Apartamento en Godella,141.0,4.0,1.0,2.0,1.0,4.75,8.0,https://www.airbnb.es/rooms/1376760485719773958,,,0,,,,,,,,,,,,,,,0
Valencia,Benicalap,1232656219449197839,2026-06-01,Apartamento en Puzol,207.0,4.0,2.0,3.0,1.0,5.0,12.0,https://www.airbnb.es/rooms/1232656219449197839,,,0,,,,,,,,,,,,,,,0
Valencia,Benicalap,1312355340930501910,2026-06-01,Apartamento en Valencia,216.0,4.0,1.0,2.0,1.0,,,https://www.airbnb.es/rooms/1312355340930501910,1.312355340930502e+18,,4,1.0,1.0,0.0,1.0,1.0,Entire rental unit,Entire home/apt,1.0,28.0,,0.4666666666666667,0.5666666666666667,0.6888888888888889,0.16986301369863013,0
Valencia,Benicalap,32856966,2026-06-01,Hotel boutique en Valencia,137.0,2.0,1.0,1.0,1.0,4.52,29.0,https://www.airbnb.es/rooms/32856966,32856966.0,,4,0.9,0.91,0.0,1.0,1.0,Room in boutique hotel,Private room,1.0,1125.0,,0.36666666666666664,0.5333333333333333,0.6555555555555556,0.4575342465753425,0
Valencia,Benicalap,1072239408827539793,2026-06-01,Hotel en Valencia,59.0,2.0,1.0,1.0,1.0,,,https://www.airbnb.es/rooms/1072239408827539793,1.0722394088275398e+18,,4,0.75,0.96,0.0,1.0,1.0,Room in hotel,Private room,1.0,365.0,,0.36666666666666664,0.4666666666666667,0.5777777777777777,0.8465753424657534,0
Valencia,Benicalap,1312378057626609725,2026-06-01,Apartamento en Valencia,210.0,4.0,1.0,2.0,1.0,4.81,21.0,https://www.airbnb.es/rooms/1312378057626609725,1.3123780576266097e+18,,4,1.0,1.0,0.0,1.0,1.0,Entire rental unit,Entire home/apt,1.0,28.0,,0.5,0.7166666666666667,0.7888888888888889,0.19452054794520549,0
Valencia,Benicalap,1072239773891979667,2026-06-01,Hotel en Valencia,69.0,2.0,1.0,2.0,1.0,,,https://www.airbnb.es/rooms/1072239773891979667,1.0722397738919796e+18,,4,0.75,0.96,0.0,1.0,1.0,Room in hotel,Private room,1.0,365.0,,0.3333333333333333,0.6166666666666667,0.7111111111111111,0.9178082191780822,0
Valencia,Cuatre-Carreres,1203553295610586880,2026-06-01,Apartamento en Valencia,200.0,4.0,,2.0,1.0,4.77,95.0,https://www.airbnb.es/rooms/1203553295610586880,1.203553295610587e+18,,4,1.0,0.99,1.0,1.0,1.0,Entire rental unit,Entire home/apt,2.0,10.0,,0.26666666666666666,0.43333333333333335,0.5888888888888889,0.2219178082191781,0
Valencia,Cuatre-Carreres,1338204307359076014,2026-06-01,Habitación en Valencia,106.0,,,1.0,,4.74,68.0,https://www.airbnb.es/rooms/1338204307359076014,1.338204307359076e+18,,4,1.0,1.0,1.0,1.0,1.0,Private room in rental unit,Private room,3.0,15.0,,0.4,0.65,0.7222222222222222,0.9178082191780822,0
Valencia,Cuatre-Carreres,1318365685388018256,2026-06-01,Apartamento en Valencia,88.0,2.0,1.0,2.0,1.0,4.91,141.0,https://www.airbnb.es/rooms/1318365685388018256,1.3183656853880182e+18,,4,1.0,1.0,1.0,1.0,1.0,Entire rental unit,Entire home/apt,2.0,10.0,ESFCTU000046061000771040000000000000000000VT-53913-V9,0.7,0.8166666666666667,0.8555555555555555,0.4575342465753425,1
Valencia,Cuatre-Carreres,1624614994524815730,2026-06-01,Apartamento en Valencia,188.0,2.0,1.0,1.0,1.0,5.0,10.0,https://www.airbnb.es/rooms/1624614994524815730,,,0,,,,,,,,,,,,,,,0
Valencia,Cuatre-Carreres,694640267906018231,2026-06-01,Habitación en Valencia,99.0,,,1.0,,4.7,172.0,https://www.airbnb.es/rooms/694640267906018231,6.946402679060182e+17,,3,1.0,0.99,0.0,1.0,1.0,Private room in rental unit,Private room,2.0,30.0,,0.3,0.45,0.5666666666666667,0.8849315068493151,0
Valencia,Cuatre-Carreres,1147155662773848811,2026-06-01,Apartahotel en Cuatre Carreres,133.0,4.0,1.0,1.0,1.0,4.64,14.0,https://www.airbnb.es/rooms/1147155662773848811,1.1471556627738488e+18,,4,0.96,0.98,0.0,1.0,0.0,Room in aparthotel,Private room,1.0,1125.0,VT-56129-V,0.7,0.75,0.7888888888888889,0.23013698630136986,1
Valencia,Cuatre-Carreres,1011606424955214444,2026-06-01,Apartamento en Valencia,201.0,5.0,1.0,1.0,1.0,4.86,56.0,https://www.airbnb.es/rooms/1011606424955214444,1.0116064249552145e+18,,4,1.0,0.99,1.0,1.0,1.0,Entire rental unit,Entire home/apt,1.0,1125.0,ESFCTU000046052000583023000000000000000000VT-53186-V9,0.4666666666666667,0.7,0.7444444444444445,0.36164383561643837,1
Valencia,Cuatre-Carreres,1010857390744112045,2026-06-01,Apartamento en Valencia,209.0,5.0,1.0,3.0,1.0,4.91,57.0,https://www.airbnb.es/rooms/1010857390744112045,1.010857390744112e+18,,4,1.0,0.99,1.0,1.0,1.0,Entire rental unit,Entire home/apt,1.0,1125.0,ESFCTU000046052000583009000000000000000000VT-53184-V9,0.7333333333333333,0.85,0.8666666666666667,0.38904109589041097,1
Valencia,Cuatre-Carreres,1082464564955838486,2026-06-01,Apartahotel en Valencia,147.0,4.0,1.0,1.0,1.0,5.0,5.0,https://www.airbnb.es/rooms/1082464564955838486,1.0824645649558385e+18,,4,0.96,0.98,0.0,1.0,0.0,Room in aparthotel,Private room,1.0,1125.0,VT-55160-V,0.7,0.75,0.8,0.2356164383561644,1
Valencia,Cuatre-Carreres,1012141094580303954,2026-06-01,Apartamento en Cuatre Carreres,168.0,3.0,,,1.0,4.71,58.0,https://www.airbnb.es/rooms/1012141094580303954,1.012141094580304e+18,,4,1.0,0.99,1.0,1.0,1.0,Entire rental unit,Entire home/apt,1.0,1125.0,ESFCTU000046052000583047000000000000000000VT-53188-V9,0.36666666666666664,0.6833333333333333,0.7444444444444445,0.3726027397260274,1
Valencia,Cuatre-Carreres,1011450367710328736,2026-06-01,Apartamento en Cuatre Carreres,209.0,5.0,1.0,1.0,1.0,4.91,86.0,https://www.airbnb.es/rooms/1011450367710328736,1.0114503677103287e+18,,4,1.0,0.99,1.0,1.0,1.0,Entire rental unit,Entire home/apt,1.0,1125.0,ESFCTU000046052000583016000000000000000000VT-53185-V4,0.5666666666666667,0.7333333333333333,0.7888888888888889,0.37534246575342467,1
Valencia,Cuatre-Carreres,1024658577759923197,2026-06-01,Apartamento en Valencia,156.0,2.0,,,1.0,4.59,49.0,https://www.airbnb.es/rooms/1024658577759923197,1.0246585777599232e+18,,4,1.0,0.99,1.0,1.0,1.0,Entire rental unit,Entire home/apt,1.0,1125.0,ESFCTU000046052000592117000000000000000000VT-55291-V2,0.43333333333333335,0.6666666666666666,0.7222222222222222,0.3561643835616438,1
Valencia,Cuatre-Carreres,831240764799452710,2026-06-01,Apartamento en Valencia,220.0,6.0,1.0,3.0,1.0,4.83,40.0,https://www.airbnb.es/rooms/831240764799452710,8.312407647994527e+17,,4,1.0,0.92,0.0,1.0,1.0,Entire rental unit,Entire home/apt,1.0,365.0,,0.9,0.9166666666666666,0.9222222222222223,0.2602739726027397,0
Valencia,Cuatre-Carreres,974747562795385100,2026-06-01,Apartamento en Valencia,188.0,4.0,1.0,2.0,1.0,4.9,60.0,https://www.airbnb.es/rooms/974747562795385100,9.747475627953851e+17,,4,1.0,0.99,1.0,1.0,1.0,Entire rental unit,Entire home/apt,1.0,1125.0,ESFCTU000046052000583092000000000000000000VT-53193-V3,0.4,0.65,0.7,0.36164383561643837,1
Valencia,Cuatre-Carreres,1461537161787637126,2026-06-01,Apartamento en Valencia,174.0,4.0,1.0,2.0,1.0,4.18,28.0,https://www.airbnb.es/rooms/1461537161787637126,1.4615371617876372e+18,,4,0.95,0.97,0.0,1.0,1.0,Entire rental unit,Entire home/apt,2.0,11.0,VT-57910-V,0.9333333333333333,0.7333333333333333,0.7666666666666667,0.9424657534246575,1
Valencia,Cuatre-Carreres,1309337745579167798,2026-06-01,Habitación compartida en Valencia,22.0,,,12.0,,,,https://www.airbnb.es/rooms/1309337745579167798,,,0,,,,,,,,,,,,,,,0
Valencia,Cuatre-Carreres,1025954031954023044,2026-06-01,Apartamento en Valencia,188.0,4.0,1.0,2.0,1.0,4.71,68.0,https://www.airbnb.es/rooms/1025954031954023044,1.025954031954023e+18,,4,1.0,0.99,1.0,1.0,1.0,Entire rental unit,Entire home/apt,1.0,1125.0,,0.3333333333333333,0.5833333333333334,0.6333333333333333,0.3287671232876712,0
Valencia,Cuatre-Carreres,6269594,2026-06-01,Habitación en Cuatre Carreres,106.0,,,1.0,,4.95,20.0,https://www.airbnb.es/rooms/6269594,6269594.0,,4,1.0,0.58,0.0,1.0,1.0,Private room in rental unit,Private room,1.0,7.0,,0.8,0.8333333333333334,0.8333333333333334,0.4547945205479452,0
Valencia,Cuatre-Carreres,973854286160519904,2026-06-01,Apartamento en Cuatre Carreres,188.0,4.0,1.0,2.0,0.0,4.8,10.0,https://www.airbnb.es/rooms/973854286160519904,9.7385428616052e+17,,4,1.0,0.99,1.0,1.0,1.0,Entire rental unit,Entire home/apt,1.0,1125.0,ESFCTU000046052000582996000000000000000000VT-53183-V6,0.6666666666666666,0.75,0.8,0.36164383561643837,1
Valencia,Cuatre-Carreres,979699991171299928,2026-06-01,Apartamento en Cuatre Carreres,168.0,3.0,1.0,2.0,1.0,4.79,19.0,https://www.airbnb.es/rooms/979699991171299928,9.796999911713e+17,,4,1.0,0.99,1.0,1.0,1.0,Entire rental unit,Entire home/apt,1.0,1125.0,ESFCTU000046052000583146000000000000000000VT-53198-V8,0.5666666666666667,0.75,0.8,0.3698630136986301,1
Valencia,Cuatre-Carreres,974525772124370582,2026-06-01,Apartamento en Cuatre Carreres,197.0,4.0,1.0,2.0,1.0,4.87,52.0,https://www.airbnb.es/rooms/974525772124370582,9.745257721243706e+17,,4,1.0,0.99,1.0,1.0,1.0,Entire rental unit,Entire home/apt,1.0,1125.0,ESFCTU000046052000583078000000000000000000VT-53191-V3,0.5666666666666667,0.7,0.7666666666666667,0.3780821917808219,1
Valencia,Cuatre-Carreres,1080239386683268074,2026-06-01,Apartamento en Camins al Grau,197.0,4.0,1.0,2.0,1.0,4.8,5.0,https://www.airbnb.es/rooms/1080239386683268074,1.0802393866832681e+18,,3,1.0,1.0,1.0,1.0,1.0,Entire rental unit,Entire home/apt,1.0,1125.0,ESFCTU000046061001020383000000000000000000VT-54132-V1,0.16666666666666666,0.35,0.5333333333333333,0.8082191780821918,1
Valencia,Cuatre-Carreres,973893645597750111,2026-06-01,Apartamento en Cuatre Carreres,197.0,4.0,1.0,2.0,1.0,4.94,68.0,https://www.airbnb.es/rooms/973893645597750111,9.738936455977501e+17,,4,1.0,0.99,1.0,1.0,1.0,Entire rental unit,Entire home/apt,1.0,1125.0,ESFCTU000046052000583061000000000000000000VT-53190-V8,0.6333333333333333,0.75,0.7888888888888889,0.3835616438356164,1
Valencia,Cuatre-Carreres,974769362902471188,2026-06-01,Apartamento en Cuatre Carreres,197.0,4.0,1.0,2.0,1.0,4.86,29.0,https://www.airbnb.es/rooms/974769362902471188,9.747693629024712e+17,,4,1.0,0.99,1.0,1.0,1.0,Entire rental unit,Entire home/apt,1.0,1125.0,ESFCTU000046052000583122000000000000000000VT-53196-V8,0.5666666666666667,0.75,0.7888888888888889,0.3726027397260274,1
Valencia,Cuatre-Carreres,948420285671931868,2026-06-01,Habitación en Cuatre Carreres,106.0,,,1.0,,4.3,33.0,https://www.airbnb.es/rooms/948420285671931868,,,0,,,,,,,,,,,,,,,0
Valencia,Cuatre-Carreres,917477453042604448,2026-06-01,Apartamento en Cuatre Carreres,188.0,3.0,1.0,1.0,1.0,,,https://www.airbnb.es/rooms/917477453042604448,9.174774530426044e+17,,4,1.0,0.95,0.0,1.0,1.0,Entire rental unit,Entire home/apt,4.0,365.0,ESFCTU000046052000129856000000000000000000VT-50826-V7,0.2,0.5,0.6222222222222222,0.23835616438356164,1
Valencia,Cuatre-Carreres,1512883230820404235,2026-06-01,Apartamento en Cuatre Carreres,226.0,7.0,3.0,4.0,1.0,4.71,14.0,https://www.airbnb.es/rooms/1512883230820404235,1.5128832308204042e+18,,4,1.0,1.0,1.0,1.0,1.0,Entire rental unit,Entire home/apt,3.0,365.0,ESFCTU000046052000029736000000000000000000VT-47130-V7,0.9666666666666667,0.8833333333333333,0.8444444444444444,0.20821917808219179,1
Valencia,Cuatre-Carreres,1299159197397310205,2026-06-01,Apartamento en Camins al Grau,180.0,4.0,1.0,2.0,1.0,4.6,5.0,https://www.airbnb.es/rooms/1299159197397310205,1.2991591973973102e+18,,4,1.0,1.0,0.0,1.0,1.0,Entire rental unit,Entire home/apt,1.0,1125.0,ESFCTU000046061001017444000000000000000000VT-55178-V2,0.06666666666666667,0.3333333333333333,0.5222222222222223,0.8191780821917808,1
Valencia,Cuatre-Carreres,881618884322354508,2026-06-01,Hotel en Valencia,194.0,12.0,,6.0,1.0,4.66,38.0,https://www.airbnb.es/rooms/881618884322354508,8.816188843223546e+17,,4,1.0,0.98,0.0,1.0,1.0,Room in hotel,Private room,1.0,365.0,,0.43333333333333335,0.5833333333333334,0.6888888888888889,0.42191780821917807,0
Valencia,Cuatre-Carreres,1091118012296645176,2026-06-01,Apartamento en Valencia,161.0,3.0,1.0,2.0,1.0,4.18,11.0,https://www.airbnb.es/rooms/1091118012296645176,1.0911180122966451e+18,,4,0.98,0.99,0.0,1.0,1.0,Entire rental unit,Entire home/apt,1.0,365.0,,0.7,0.8333333333333334,0.8555555555555555,0.9506849315068493,0
Valencia,Cuatre-Carreres,38689672,2026-06-01,Habitación de hotel en Valencia,62.0,1.0,1.0,1.0,1.0,4.75,8.0,https://www.airbnb.es/rooms/38689672,38689672.0,,4,1.0,0.97,1.0,1.0,1.0,Room in hostel,Hotel room,1.0,365.0,,0.9,0.9166666666666666,0.9333333333333333,0.4876712328767123,0
Valencia,Cuatre-Carreres,1309339182254085301,2026-06-01,Hostal en Valencia,146.0,6.0,1.0,4.0,4.0,4.61,36.0,https://www.airbnb.es/rooms/1309339182254085301,1.3093391822540854e+18,,4,1.0,0.99,0.0,1.0,1.0,Private room in hostel,Private room,1.0,1125.0,,0.7333333333333333,0.75,0.8,0.2219178082191781,0
Valencia,Cuatre-Carreres,1025371537193897211,2026-06-01,Apartamento en Valencia,164.0,2.0,,1.0,1.0,4.66,44.0,https://www.airbnb.es/rooms/1025371537193897211,1.0253715371938972e+18,,4,1.0,0.99,1.0,1.0,1.0,Entire rental unit,Entire home/apt,1.0,1125.0,ESECTU000046052000592094000000000000000000VT-55289-V3,0.4,0.7,0.7222222222222222,0.36712328767123287,1
Valencia,Cuatre-Carreres,51711458,2026-06-01,Apartamento en Valencia,202.0,4.0,,2.0,1.0,4.74,155.0,https://www.airbnb.es/rooms/51711458,51711458.0,,4,0.96,1.0,0.0,1.0,1.0,Entire rental unit,Entire home/apt,1.0,365.0,ESHFTU00004606100101150300500000000000000000000AV-129,0.26666666666666666,0.38333333333333336,0.4666666666666667,0.7726027397260274,1
Valencia,Cuatre-Carreres,1299159378120431921,2026-06-01,Apartamento en Valencia,198.0,4.0,1.0,2.0,1.0,,,https://www.airbnb.es/rooms/1299159378120431921,1.2991593781204319e+18,,4,1.0,1.0,0.0,1.0,1.0,Entire rental unit,Entire home/apt,1.0,1125.0,ESFCTU000046061000275401000000000000000000VT-55179-V7,0.23333333333333334,0.48333333333333334,0.6111111111111112,0.8410958904109589,1
Valencia,Cuatre-Carreres,1045650719477063994,2026-06-01,Apartamento en Valencia,319.0,4.0,2.0,3.0,1.0,4.73,62.0,https://www.airbnb.es/rooms/1045650719477063994,1.045650719477064e+18,,4,1.0,0.99,1.0,1.0,1.0,Entire rental unit,Entire home/apt,1.0,1125.0,VT-04107-V,0.3333333333333333,0.5166666666666667,0.6444444444444445,0.3315068493150685,1
Valencia,Cuatre-Carreres,13527624,2026-06-01,Apartamento en Valencia,246.0,5.0,3.0,4.0,2.0,4.8,59.0,https://www.airbnb.es/rooms/13527624,13527624.0,,0,,1.0,0.0,1.0,1.0,Entire rental unit,Entire home/apt,1.0,15.0,,0.5666666666666667,0.6833333333333333,0.7444444444444445,0.915068493150685,0
Valencia,Cuatre-Carreres,1075245717954704192,2026-06-01,Apartamento en Valencia,164.0,2.0,1.0,1.0,1.0,,,https://www.airbnb.es/rooms/1075245717954704192,1.0752457179547041e+18,,4,1.0,1.0,0.0,1.0,1.0,Entire rental unit,Entire home/apt,1.0,1125.0,ESFCTU000046061000898334000000000000000000VT-54135-V0,0.43333333333333335,0.7166666666666667,0.7444444444444445,0.873972602739726,1
Valencia,Cuatre-Carreres,983206362429460178,2026-06-01,Apartamento en Valencia,248.0,4.0,1.0,2.0,1.0,4.67,51.0,https://www.airbnb.es/rooms/983206362429460178,9.832063624294602e+17,,4,0.98,0.99,0.0,1.0,1.0,Entire rental unit,Entire home/apt,1.0,365.0,ESFCTU0000460590006803700000000000000000000000AV-3608,0.8333333333333334,0.9,0.9222222222222223,0.9808219178082191,1
Valencia,Cuatre-Carreres,861425415108835143,2026-06-01,Alojamiento en Valencia,159.0,4.0,1.0,4.0,1.0,4.95,21.0,https://www.airbnb.es/rooms/861425415108835143,8.614254151088352e+17,,4,0.98,0.96,1.0,1.0,1.0,Private room in rental unit,Private room,1.0,365.0,HV-1440,0.8,0.9,0.9,0.7342465753424657,1
Valencia,Cuatre-Carreres,1099312047348208431,2026-06-01,Apartamento en Valencia,229.0,5.0,1.0,3.0,1.0,4.89,35.0,https://www.airbnb.es/rooms/1099312047348208431,1.0993120473482084e+18,,4,1.0,0.62,1.0,1.0,1.0,Entire rental unit,Entire home/apt,1.0,365.0,,0.6666666666666666,0.8333333333333334,0.8888888888888888,0.24383561643835616,0
Valencia,Cuatre-Carreres,50487740,2026-06-01,Apartamento en Valencia,186.0,4.0,1.0,2.0,1.0,4.62,13.0,https://www.airbnb.es/rooms/50487740,50487740.0,,3,1.0,1.0,0.0,1.0,1.0,Entire serviced apartment,Entire home/apt,1.0,1125.0,ESFCTU000046061001017833000000000000000000VT-54159-V4,0.3,0.6,0.7333333333333333,0.8438356164383561,1
Valencia,Cuatre-Carreres,597543322052085982,2026-06-01,Apartamento en Valencia,196.0,4.0,,2.0,1.0,4.1,10.0,https://www.airbnb.es/rooms/597543322052085982,5.97543322052086e+17,,4,0.87,0.99,0.0,1.0,1.0,Entire rental unit,Entire home/apt,1.0,1125.0,VT-42024-V,0.16666666666666666,0.48333333333333334,0.6222222222222222,0.873972602739726,1
